date,checkpoint,checkpoint_day,dimension,category,export_usd,status,fetched_at
2016-01-01,10,10,product,전체,8453665000,잠정,2026-09-30T01:44:33.547476+00:00
2016-01-01,10,10,product,반도체,1108532000,잠정,2026-09-30T01:44:33.547476+00:00
2016-01-01,10,10,product,철강제품,699490000,잠정,2026-09-30T01:44:33.547476+00:00
2016-01-01,10,10,product,승용차,267042000,잠정,2026-09-30T01:44:33.547476+00:00
2016-01-01,10,10,product,석유제품,421461000,잠정,2026-09-30T01:44:33.547476+00:00
2016-01-01,10,10,product,무선통신기기,566581000,잠정,2026-09-30T01:44:33.547476+00:00
2016-01-01,10,10,product,선박,857006000,잠정,2026-09-30T01:44:33.547476+00:00
2016-01-01,10,10,product,자동차부품,404300000,잠정,2026-09-30T01:44:33.547476+00:00
2016-01-01,10,10,product,컴퓨터주변기기,139216000,잠정,2026-09-30T01:44:33.547476+00:00
2016-01-01,10,10,product,정밀기기,147506000,잠정,2026-09-30T01:44:33.547476+00:00
2016-01-01,10,10,product,가전제품,128526000,잠정,2026-09-30T01:44:33.547476+00:00
2016-01-01,20,20,product,전체,22081425000,잠정,2026-09-30T01:44:33.547476+00:00
2016-01-01,20,20,product,반도체,2798444000,잠정,2026-09-30T01:44:33.547476+00:00
2016-01-01,20,20,product,철강제품,1713597000,잠정,2026-09-30T01:44:33.547476+00:00
2016-01-01,20,20,product,승용차,1120283000,잠정,2026-09-30T01:44:33.547476+00:00
2016-01-01,20,20,product,석유제품,993571000,잠정,2026-09-30T01:44:33.547476+00:00
2016-01-01,20,20,product,무선통신기기,1197717000,잠정,2026-09-30T01:44:33.547476+00:00
2016-01-01,20,20,product,선박,2302532000,잠정,2026-09-30T01:44:33.547476+00:00
2016-01-01,20,20,product,자동차부품,1096189000,잠정,2026-09-30T01:44:33.547476+00:00
2016-01-01,20,20,product,컴퓨터주변기기,338288000,잠정,2026-09-30T01:44:33.547476+00:00
2016-01-01,20,20,product,정밀기기,376100000,잠정,2026-09-30T01:44:33.547476+00:00
2016-01-01,20,20,product,가전제품,430450000,잠정,2026-09-30T01:44:33.547476+00:00
2016-01-01,month_end,31,product,전체,36260420000,잠정,2026-09-30T01:44:33.547476+00:00
2016-01-01,month_end,31,product,반도체,4590675000,잠정,2026-09-30T01:44:33.547476+00:00
2016-01-01,month_end,31,product,철강제품,2963953000,잠정,2026-09-30T01:44:33.547476+00:00
2016-01-01,month_end,31,product,승용차,2773742000,잠정,2026-09-30T01:44:33.547476+00:00
2016-01-01,month_end,31,product,석유제품,1684516000,잠정,2026-09-30T01:44:33.547476+00:00
2016-01-01,month_end,31,product,무선통신기기,1964416000,잠정,2026-09-30T01:44:33.547476+00:00
2016-01-01,month_end,31,product,선박,2617192000,잠정,2026-09-30T01:44:33.547476+00:00
2016-01-01,month_end,31,product,자동차부품,1871217000,잠정,2026-09-30T01:44:33.547476+00:00
2016-01-01,month_end,31,product,컴퓨터주변기기,552120000,잠정,2026-09-30T01:44:33.547476+00:00
2016-01-01,month_end,31,product,정밀기기,597448000,잠정,2026-09-30T01:44:33.547476+00:00
2016-01-01,month_end,31,product,가전제품,696229000,잠정,2026-09-30T01:44:33.547476+00:00
2016-02-01,10,10,product,전체,8723002000,잠정,2026-09-30T01:44:33.547476+00:00
2016-02-01,10,10,product,반도체,1148994000,잠정,2026-09-30T01:44:33.547476+00:00
2016-02-01,10,10,product,철강제품,738513000,잠정,2026-09-30T01:44:33.547476+00:00
2016-02-01,10,10,product,승용차,330477000,잠정,2026-09-30T01:44:33.547476+00:00
2016-02-01,10,10,product,석유제품,483390000,잠정,2026-09-30T01:44:33.547476+00:00
2016-02-01,10,10,product,무선통신기기,427479000,잠정,2026-09-30T01:44:33.547476+00:00
2016-02-01,10,10,product,선박,360863000,잠정,2026-09-30T01:44:33.547476+00:00
2016-02-01,10,10,product,자동차부품,530185000,잠정,2026-09-30T01:44:33.547476+00:00
2016-02-01,10,10,product,컴퓨터주변기기,156696000,잠정,2026-09-30T01:44:33.547476+00:00
2016-02-01,10,10,product,정밀기기,154552000,잠정,2026-09-30T01:44:33.547476+00:00
2016-02-01,10,10,product,가전제품,210700000,잠정,2026-09-30T01:44:33.547476+00:00
2016-02-01,20,20,product,전체,21967139000,잠정,2026-09-30T01:44:33.547476+00:00
2016-02-01,20,20,product,반도체,2662160000,잠정,2026-09-30T01:44:33.547476+00:00
2016-02-01,20,20,product,철강제품,1777030000,잠정,2026-09-30T01:44:33.547476+00:00
2016-02-01,20,20,product,승용차,1234504000,잠정,2026-09-30T01:44:33.547476+00:00
2016-02-01,20,20,product,석유제품,1123759000,잠정,2026-09-30T01:44:33.547476+00:00
2016-02-01,20,20,product,무선통신기기,1301971000,잠정,2026-09-30T01:44:33.547476+00:00
2016-02-01,20,20,product,선박,1512134000,잠정,2026-09-30T01:44:33.547476+00:00
2016-02-01,20,20,product,자동차부품,1188557000,잠정,2026-09-30T01:44:33.547476+00:00
2016-02-01,20,20,product,컴퓨터주변기기,358157000,잠정,2026-09-30T01:44:33.547476+00:00
2016-02-01,20,20,product,정밀기기,368288000,잠정,2026-09-30T01:44:33.547476+00:00
2016-02-01,20,20,product,가전제품,451911000,잠정,2026-09-30T01:44:33.547476+00:00
2016-02-01,month_end,29,product,전체,35924541000,잠정,2026-09-30T01:44:33.547476+00:00
2016-02-01,month_end,29,product,반도체,4191505000,잠정,2026-09-30T01:44:33.547476+00:00
2016-02-01,month_end,29,product,철강제품,2973930000,잠정,2026-09-30T01:44:33.547476+00:00
2016-02-01,month_end,29,product,승용차,2724255000,잠정,2026-09-30T01:44:33.547476+00:00
2016-02-01,month_end,29,product,석유제품,1703253000,잠정,2026-09-30T01:44:33.547476+00:00
2016-02-01,month_end,29,product,무선통신기기,2071924000,잠정,2026-09-30T01:44:33.547476+00:00
2016-02-01,month_end,29,product,선박,2621257000,잠정,2026-09-30T01:44:33.547476+00:00
2016-02-01,month_end,29,product,자동차부품,1834848000,잠정,2026-09-30T01:44:33.547476+00:00
2016-02-01,month_end,29,product,컴퓨터주변기기,528011000,잠정,2026-09-30T01:44:33.547476+00:00
2016-02-01,month_end,29,product,정밀기기,558704000,잠정,2026-09-30T01:44:33.547476+00:00
2016-02-01,month_end,29,product,가전제품,715932000,잠정,2026-09-30T01:44:33.547476+00:00
2016-03-01,10,10,product,전체,11969107000,잠정,2026-09-30T01:44:33.547476+00:00
2016-03-01,10,10,product,반도체,1498350000,잠정,2026-09-30T01:44:33.547476+00:00
2016-03-01,10,10,product,철강제품,1218726000,잠정,2026-09-30T01:44:33.547476+00:00
2016-03-01,10,10,product,승용차,520020000,잠정,2026-09-30T01:44:33.547476+00:00
2016-03-01,10,10,product,석유제품,511333000,잠정,2026-09-30T01:44:33.547476+00:00
2016-03-01,10,10,product,무선통신기기,783072000,잠정,2026-09-30T01:44:33.547476+00:00
2016-03-01,10,10,product,선박,711249000,잠정,2026-09-30T01:44:33.547476+00:00
2016-03-01,10,10,product,자동차부품,685814000,잠정,2026-09-30T01:44:33.547476+00:00
2016-03-01,10,10,product,컴퓨터주변기기,182477000,잠정,2026-09-30T01:44:33.547476+00:00
2016-03-01,10,10,product,정밀기기,199171000,잠정,2026-09-30T01:44:33.547476+00:00
2016-03-01,10,10,product,가전제품,255414000,잠정,2026-09-30T01:44:33.547476+00:00
2016-03-01,20,20,product,전체,23797947000,잠정,2026-09-30T01:44:33.547476+00:00
2016-03-01,20,20,product,반도체,2845123000,잠정,2026-09-30T01:44:33.547476+00:00
2016-03-01,20,20,product,철강제품,2033916000,잠정,2026-09-30T01:44:33.547476+00:00
2016-03-01,20,20,product,승용차,1718030000,잠정,2026-09-30T01:44:33.547476+00:00
2016-03-01,20,20,product,석유제품,1149349000,잠정,2026-09-30T01:44:33.547476+00:00
2016-03-01,20,20,product,무선통신기기,1459542000,잠정,2026-09-30T01:44:33.547476+00:00
2016-03-01,20,20,product,선박,1380516000,잠정,2026-09-30T01:44:33.547476+00:00
2016-03-01,20,20,product,자동차부품,1321101000,잠정,2026-09-30T01:44:33.547476+00:00
2016-03-01,20,20,product,컴퓨터주변기기,367417000,잠정,2026-09-30T01:44:33.547476+00:00
2016-03-01,20,20,product,정밀기기,404833000,잠정,2026-09-30T01:44:33.547476+00:00
2016-03-01,20,20,product,가전제품,478388000,잠정,2026-09-30T01:44:33.547476+00:00
2016-03-01,month_end,31,product,전체,43002468000,잠정,2026-09-30T01:44:33.547476+00:00
2016-03-01,month_end,31,product,반도체,5328931000,잠정,2026-09-30T01:44:33.547476+00:00
2016-03-01,month_end,31,product,철강제품,3914314000,잠정,2026-09-30T01:44:33.547476+00:00
2016-03-01,month_end,31,product,승용차,3683674000,잠정,2026-09-30T01:44:33.547476+00:00
2016-03-01,month_end,31,product,석유제품,1915398000,잠정,2026-09-30T01:44:33.547476+00:00
2016-03-01,month_end,31,product,무선통신기기,2614236000,잠정,2026-09-30T01:44:33.547476+00:00
2016-03-01,month_end,31,product,선박,2516427000,잠정,2026-09-30T01:44:33.547476+00:00
2016-03-01,month_end,31,product,자동차부품,2179476000,잠정,2026-09-30T01:44:33.547476+00:00
2016-03-01,month_end,31,product,컴퓨터주변기기,609178000,잠정,2026-09-30T01:44:33.547476+00:00
2016-03-01,month_end,31,product,정밀기기,705732000,잠정,2026-09-30T01:44:33.547476+00:00
2016-03-01,month_end,31,product,가전제품,862126000,잠정,2026-09-30T01:44:33.547476+00:00
2016-04-01,10,10,product,전체,10525943000,잠정,2026-09-30T01:44:33.547476+00:00
2016-04-01,10,10,product,반도체,1182806000,잠정,2026-09-30T01:44:33.547476+00:00
2016-04-01,10,10,product,철강제품,973800000,잠정,2026-09-30T01:44:33.547476+00:00
2016-04-01,10,10,product,승용차,470934000,잠정,2026-09-30T01:44:33.547476+00:00
2016-04-01,10,10,product,석유제품,711169000,잠정,2026-09-30T01:44:33.547476+00:00
2016-04-01,10,10,product,무선통신기기,577894000,잠정,2026-09-30T01:44:33.547476+00:00
2016-04-01,10,10,product,선박,716900000,잠정,2026-09-30T01:44:33.547476+00:00
2016-04-01,10,10,product,자동차부품,587023000,잠정,2026-09-30T01:44:33.547476+00:00
2016-04-01,10,10,product,컴퓨터주변기기,148237000,잠정,2026-09-30T01:44:33.547476+00:00
2016-04-01,10,10,product,정밀기기,166011000,잠정,2026-09-30T01:44:33.547476+00:00
2016-04-01,10,10,product,가전제품,194156000,잠정,2026-09-30T01:44:33.547476+00:00
2016-04-01,20,20,product,전체,23650865000,잠정,2026-09-30T01:44:33.547476+00:00
2016-04-01,20,20,product,반도체,2722433000,잠정,2026-09-30T01:44:33.547476+00:00
2016-04-01,20,20,product,철강제품,1973153000,잠정,2026-09-30T01:44:33.547476+00:00
2016-04-01,20,20,product,승용차,1480774000,잠정,2026-09-30T01:44:33.547476+00:00
2016-04-01,20,20,product,석유제품,1396874000,잠정,2026-09-30T01:44:33.547476+00:00
2016-04-01,20,20,product,무선통신기기,1372051000,잠정,2026-09-30T01:44:33.547476+00:00
2016-04-01,20,20,product,선박,1323642000,잠정,2026-09-30T01:44:33.547476+00:00
2016-04-01,20,20,product,자동차부품,1229623000,잠정,2026-09-30T01:44:33.547476+00:00
2016-04-01,20,20,product,컴퓨터주변기기,363994000,잠정,2026-09-30T01:44:33.547476+00:00
2016-04-01,20,20,product,정밀기기,383215000,잠정,2026-09-30T01:44:33.547476+00:00
2016-04-01,20,20,product,가전제품,480134000,잠정,2026-09-30T01:44:33.547476+00:00
2016-04-01,month_end,30,product,전체,41081553000,잠정,2026-09-30T01:44:33.547476+00:00
2016-04-01,month_end,30,product,반도체,4590248000,잠정,2026-09-30T01:44:33.547476+00:00
2016-04-01,month_end,30,product,철강제품,3265409000,잠정,2026-09-30T01:44:33.547476+00:00
2016-04-01,month_end,30,product,승용차,3231914000,잠정,2026-09-30T01:44:33.547476+00:00
2016-04-01,month_end,30,product,석유제품,2435747000,잠정,2026-09-30T01:44:33.547476+00:00
2016-04-01,month_end,30,product,무선통신기기,2306875000,잠정,2026-09-30T01:44:33.547476+00:00
2016-04-01,month_end,30,product,선박,3421545000,잠정,2026-09-30T01:44:33.547476+00:00
2016-04-01,month_end,30,product,자동차부품,2033711000,잠정,2026-09-30T01:44:33.547476+00:00
2016-04-01,month_end,30,product,컴퓨터주변기기,557562000,잠정,2026-09-30T01:44:33.547476+00:00
2016-04-01,month_end,30,product,정밀기기,621048000,잠정,2026-09-30T01:44:33.547476+00:00
2016-04-01,month_end,30,product,가전제품,757022000,잠정,2026-09-30T01:44:33.547476+00:00
2016-05-01,10,10,product,전체,9306549000,잠정,2026-09-30T01:44:33.547476+00:00
2016-05-01,10,10,product,반도체,1278394000,잠정,2026-09-30T01:44:33.547476+00:00
2016-05-01,10,10,product,철강제품,744731000,잠정,2026-09-30T01:44:33.547476+00:00
2016-05-01,10,10,product,승용차,246433000,잠정,2026-09-30T01:44:33.547476+00:00
2016-05-01,10,10,product,석유제품,402019000,잠정,2026-09-30T01:44:33.547476+00:00
2016-05-01,10,10,product,무선통신기기,641028000,잠정,2026-09-30T01:44:33.547476+00:00
2016-05-01,10,10,product,선박,540579000,잠정,2026-09-30T01:44:33.547476+00:00
2016-05-01,10,10,product,자동차부품,517236000,잠정,2026-09-30T01:44:33.547476+00:00
2016-05-01,10,10,product,컴퓨터주변기기,134199000,잠정,2026-09-30T01:44:33.547476+00:00
2016-05-01,10,10,product,정밀기기,172975000,잠정,2026-09-30T01:44:33.547476+00:00
2016-05-01,10,10,product,가전제품,206426000,잠정,2026-09-30T01:44:33.547476+00:00
2016-05-01,20,20,product,전체,24622413000,잠정,2026-09-30T01:44:33.547476+00:00
2016-05-01,20,20,product,반도체,3033433000,잠정,2026-09-30T01:44:33.547476+00:00
2016-05-01,20,20,product,철강제품,1951880000,잠정,2026-09-30T01:44:33.547476+00:00
2016-05-01,20,20,product,승용차,1442922000,잠정,2026-09-30T01:44:33.547476+00:00
2016-05-01,20,20,product,석유제품,1337099000,잠정,2026-09-30T01:44:33.547476+00:00
2016-05-01,20,20,product,무선통신기기,1435789000,잠정,2026-09-30T01:44:33.547476+00:00
2016-05-01,20,20,product,선박,1286785000,잠정,2026-09-30T01:44:33.547476+00:00
2016-05-01,20,20,product,자동차부품,1399514000,잠정,2026-09-30T01:44:33.547476+00:00
2016-05-01,20,20,product,컴퓨터주변기기,360237000,잠정,2026-09-30T01:44:33.547476+00:00
2016-05-01,20,20,product,정밀기기,426910000,잠정,2026-09-30T01:44:33.547476+00:00
2016-05-01,20,20,product,가전제품,516768000,잠정,2026-09-30T01:44:33.547476+00:00
2016-05-01,month_end,31,product,전체,39733794000,잠정,2026-09-30T01:44:33.547476+00:00
2016-05-01,month_end,31,product,반도체,4923303000,잠정,2026-09-30T01:44:33.547476+00:00
2016-05-01,month_end,31,product,철강제품,3149374000,잠정,2026-09-30T01:44:33.547476+00:00
2016-05-01,month_end,31,product,승용차,3166111000,잠정,2026-09-30T01:44:33.547476+00:00
2016-05-01,month_end,31,product,석유제품,2193445000,잠정,2026-09-30T01:44:33.547476+00:00
2016-05-01,month_end,31,product,무선통신기기,2390987000,잠정,2026-09-30T01:44:33.547476+00:00
2016-05-01,month_end,31,product,선박,1865317000,잠정,2026-09-30T01:44:33.547476+00:00
2016-05-01,month_end,31,product,자동차부품,2018372000,잠정,2026-09-30T01:44:33.547476+00:00
2016-05-01,month_end,31,product,컴퓨터주변기기,596228000,잠정,2026-09-30T01:44:33.547476+00:00
2016-05-01,month_end,31,product,정밀기기,652761000,잠정,2026-09-30T01:44:33.547476+00:00
2016-05-01,month_end,31,product,가전제품,815976000,잠정,2026-09-30T01:44:33.547476+00:00
2016-06-01,10,10,product,전체,13884003000,잠정,2026-09-30T01:44:33.547476+00:00
2016-06-01,10,10,product,반도체,1585169000,잠정,2026-09-30T01:44:33.547476+00:00
2016-06-01,10,10,product,철강제품,1021891000,잠정,2026-09-30T01:44:33.547476+00:00
2016-06-01,10,10,product,승용차,624133000,잠정,2026-09-30T01:44:33.547476+00:00
2016-06-01,10,10,product,석유제품,682990000,잠정,2026-09-30T01:44:33.547476+00:00
2016-06-01,10,10,product,무선통신기기,713973000,잠정,2026-09-30T01:44:33.547476+00:00
2016-06-01,10,10,product,선박,1942636000,잠정,2026-09-30T01:44:33.547476+00:00
2016-06-01,10,10,product,자동차부품,798907000,잠정,2026-09-30T01:44:33.547476+00:00
2016-06-01,10,10,product,컴퓨터주변기기,185368000,잠정,2026-09-30T01:44:33.547476+00:00
2016-06-01,10,10,product,정밀기기,215952000,잠정,2026-09-30T01:44:33.547476+00:00
2016-06-01,10,10,product,가전제품,235532000,잠정,2026-09-30T01:44:33.547476+00:00
2016-06-01,20,20,product,전체,25663146000,잠정,2026-09-30T01:44:33.547476+00:00
2016-06-01,20,20,product,반도체,3000373000,잠정,2026-09-30T01:44:33.547476+00:00
2016-06-01,20,20,product,철강제품,1823223000,잠정,2026-09-30T01:44:33.547476+00:00
2016-06-01,20,20,product,승용차,1514186000,잠정,2026-09-30T01:44:33.547476+00:00
2016-06-01,20,20,product,석유제품,1482503000,잠정,2026-09-30T01:44:33.547476+00:00
2016-06-01,20,20,product,무선통신기기,1256422000,잠정,2026-09-30T01:44:33.547476+00:00
2016-06-01,20,20,product,선박,3074736000,잠정,2026-09-30T01:44:33.547476+00:00
2016-06-01,20,20,product,자동차부품,1341291000,잠정,2026-09-30T01:44:33.547476+00:00
2016-06-01,20,20,product,컴퓨터주변기기,379820000,잠정,2026-09-30T01:44:33.547476+00:00
2016-06-01,20,20,product,정밀기기,410487000,잠정,2026-09-30T01:44:33.547476+00:00
2016-06-01,20,20,product,가전제품,465091000,잠정,2026-09-30T01:44:33.547476+00:00
2016-06-01,month_end,30,product,전체,45209071000,잠정,2026-09-30T01:44:33.547476+00:00
2016-06-01,month_end,30,product,반도체,5310312000,잠정,2026-09-30T01:44:33.547476+00:00
2016-06-01,month_end,30,product,철강제품,3844619000,잠정,2026-09-30T01:44:33.547476+00:00
2016-06-01,month_end,30,product,승용차,3508902000,잠정,2026-09-30T01:44:33.547476+00:00
2016-06-01,month_end,30,product,석유제품,2329539000,잠정,2026-09-30T01:44:33.547476+00:00
2016-06-01,month_end,30,product,무선통신기기,2174461000,잠정,2026-09-30T01:44:33.547476+00:00
2016-06-01,month_end,30,product,선박,5062497000,잠정,2026-09-30T01:44:33.547476+00:00
2016-06-01,month_end,30,product,자동차부품,2134502000,잠정,2026-09-30T01:44:33.547476+00:00
2016-06-01,month_end,30,product,컴퓨터주변기기,696076000,잠정,2026-09-30T01:44:33.547476+00:00
2016-06-01,month_end,30,product,정밀기기,691984000,잠정,2026-09-30T01:44:33.547476+00:00
2016-06-01,month_end,30,product,가전제품,826131000,잠정,2026-09-30T01:44:33.547476+00:00
2016-07-01,10,10,product,전체,10300925000,잠정,2026-09-30T01:44:33.547476+00:00
2016-07-01,10,10,product,반도체,1294568000,잠정,2026-09-30T01:44:33.547476+00:00
2016-07-01,10,10,product,철강제품,853006000,잠정,2026-09-30T01:44:33.547476+00:00
2016-07-01,10,10,product,승용차,541135000,잠정,2026-09-30T01:44:33.547476+00:00
2016-07-01,10,10,product,석유제품,690929000,잠정,2026-09-30T01:44:33.547476+00:00
2016-07-01,10,10,product,무선통신기기,438749000,잠정,2026-09-30T01:44:33.547476+00:00
2016-07-01,10,10,product,선박,618332000,잠정,2026-09-30T01:44:33.547476+00:00
2016-07-01,10,10,product,자동차부품,555549000,잠정,2026-09-30T01:44:33.547476+00:00
2016-07-01,10,10,product,컴퓨터주변기기,157799000,잠정,2026-09-30T01:44:33.547476+00:00
2016-07-01,10,10,product,정밀기기,177947000,잠정,2026-09-30T01:44:33.547476+00:00
2016-07-01,10,10,product,가전제품,204184000,잠정,2026-09-30T01:44:33.547476+00:00
2016-07-01,20,20,product,전체,24535848000,잠정,2026-09-30T01:44:33.547476+00:00
2016-07-01,20,20,product,반도체,3058461000,잠정,2026-09-30T01:44:33.547476+00:00
2016-07-01,20,20,product,철강제품,1884835000,잠정,2026-09-30T01:44:33.547476+00:00
2016-07-01,20,20,product,승용차,1623959000,잠정,2026-09-30T01:44:33.547476+00:00
2016-07-01,20,20,product,석유제품,1601650000,잠정,2026-09-30T01:44:33.547476+00:00
2016-07-01,20,20,product,무선통신기기,1130778000,잠정,2026-09-30T01:44:33.547476+00:00
2016-07-01,20,20,product,선박,1381135000,잠정,2026-09-30T01:44:33.547476+00:00
2016-07-01,20,20,product,자동차부품,1252781000,잠정,2026-09-30T01:44:33.547476+00:00
2016-07-01,20,20,product,컴퓨터주변기기,398717000,잠정,2026-09-30T01:44:33.547476+00:00
2016-07-01,20,20,product,정밀기기,430287000,잠정,2026-09-30T01:44:33.547476+00:00
2016-07-01,20,20,product,가전제품,527978000,잠정,2026-09-30T01:44:33.547476+00:00
2016-07-01,month_end,31,product,전체,40881700000,잠정,2026-09-30T01:44:33.547476+00:00
2016-07-01,month_end,31,product,반도체,5036541000,잠정,2026-09-30T01:44:33.547476+00:00
2016-07-01,month_end,31,product,철강제품,3334799000,잠정,2026-09-30T01:44:33.547476+00:00
2016-07-01,month_end,31,product,승용차,3171440000,잠정,2026-09-30T01:44:33.547476+00:00
2016-07-01,month_end,31,product,석유제품,2701275000,잠정,2026-09-30T01:44:33.547476+00:00
2016-07-01,month_end,31,product,무선통신기기,1836078000,잠정,2026-09-30T01:44:33.547476+00:00
2016-07-01,month_end,31,product,선박,1879096000,잠정,2026-09-30T01:44:33.547476+00:00
2016-07-01,month_end,31,product,자동차부품,2084696000,잠정,2026-09-30T01:44:33.547476+00:00
2016-07-01,month_end,31,product,컴퓨터주변기기,661255000,잠정,2026-09-30T01:44:33.547476+00:00
2016-07-01,month_end,31,product,정밀기기,697328000,잠정,2026-09-30T01:44:33.547476+00:00
2016-07-01,month_end,31,product,가전제품,860149000,잠정,2026-09-30T01:44:33.547476+00:00
2016-08-01,10,10,product,전체,9697883000,잠정,2026-09-30T01:44:33.547476+00:00
2016-08-01,10,10,product,반도체,1650194000,잠정,2026-09-30T01:44:33.547476+00:00
2016-08-01,10,10,product,철강제품,819020000,잠정,2026-09-30T01:44:33.547476+00:00
2016-08-01,10,10,product,승용차,74268000,잠정,2026-09-30T01:44:33.547476+00:00
2016-08-01,10,10,product,석유제품,563583000,잠정,2026-09-30T01:44:33.547476+00:00
2016-08-01,10,10,product,무선통신기기,588810000,잠정,2026-09-30T01:44:33.547476+00:00
2016-08-01,10,10,product,선박,376265000,잠정,2026-09-30T01:44:33.547476+00:00
2016-08-01,10,10,product,자동차부품,326272000,잠정,2026-09-30T01:44:33.547476+00:00
2016-08-01,10,10,product,컴퓨터주변기기,179234000,잠정,2026-09-30T01:44:33.547476+00:00
2016-08-01,10,10,product,정밀기기,199302000,잠정,2026-09-30T01:44:33.547476+00:00
2016-08-01,10,10,product,가전제품,179574000,잠정,2026-09-30T01:44:33.547476+00:00
2016-08-01,20,20,product,전체,22463718000,잠정,2026-09-30T01:44:33.547476+00:00
2016-08-01,20,20,product,반도체,3415694000,잠정,2026-09-30T01:44:33.547476+00:00
2016-08-01,20,20,product,철강제품,1765118000,잠정,2026-09-30T01:44:33.547476+00:00
2016-08-01,20,20,product,승용차,731982000,잠정,2026-09-30T01:44:33.547476+00:00
2016-08-01,20,20,product,석유제품,1287314000,잠정,2026-09-30T01:44:33.547476+00:00
2016-08-01,20,20,product,무선통신기기,1291824000,잠정,2026-09-30T01:44:33.547476+00:00
2016-08-01,20,20,product,선박,1394919000,잠정,2026-09-30T01:44:33.547476+00:00
2016-08-01,20,20,product,자동차부품,1012330000,잠정,2026-09-30T01:44:33.547476+00:00
2016-08-01,20,20,product,컴퓨터주변기기,375702000,잠정,2026-09-30T01:44:33.547476+00:00
2016-08-01,20,20,product,정밀기기,424455000,잠정,2026-09-30T01:44:33.547476+00:00
2016-08-01,20,20,product,가전제품,486542000,잠정,2026-09-30T01:44:33.547476+00:00
2016-08-01,month_end,31,product,전체,40124791000,잠정,2026-09-30T01:44:33.547476+00:00
2016-08-01,month_end,31,product,반도체,5613838000,잠정,2026-09-30T01:44:33.547476+00:00
2016-08-01,month_end,31,product,철강제품,3276519000,잠정,2026-09-30T01:44:33.547476+00:00
2016-08-01,month_end,31,product,승용차,2086868000,잠정,2026-09-30T01:44:33.547476+00:00
2016-08-01,month_end,31,product,석유제품,2102511000,잠정,2026-09-30T01:44:33.547476+00:00
2016-08-01,month_end,31,product,무선통신기기,2076029000,잠정,2026-09-30T01:44:33.547476+00:00
2016-08-01,month_end,31,product,선박,3199768000,잠정,2026-09-30T01:44:33.547476+00:00
2016-08-01,month_end,31,product,자동차부품,1776612000,잠정,2026-09-30T01:44:33.547476+00:00
2016-08-01,month_end,31,product,컴퓨터주변기기,674818000,잠정,2026-09-30T01:44:33.547476+00:00
2016-08-01,month_end,31,product,정밀기기,707365000,잠정,2026-09-30T01:44:33.547476+00:00
2016-08-01,month_end,31,product,가전제품,877193000,잠정,2026-09-30T01:44:33.547476+00:00
2016-09-01,10,10,product,전체,13492748000,잠정,2026-09-30T01:44:33.547476+00:00
2016-09-01,10,10,product,반도체,1752533000,잠정,2026-09-30T01:44:33.547476+00:00
2016-09-01,10,10,product,철강제품,1024127000,잠정,2026-09-30T01:44:33.547476+00:00
2016-09-01,10,10,product,승용차,482651000,잠정,2026-09-30T01:44:33.547476+00:00
2016-09-01,10,10,product,석유제품,753410000,잠정,2026-09-30T01:44:33.547476+00:00
2016-09-01,10,10,product,무선통신기기,730692000,잠정,2026-09-30T01:44:33.547476+00:00
2016-09-01,10,10,product,선박,947951000,잠정,2026-09-30T01:44:33.547476+00:00
2016-09-01,10,10,product,자동차부품,839676000,잠정,2026-09-30T01:44:33.547476+00:00
2016-09-01,10,10,product,컴퓨터주변기기,193610000,잠정,2026-09-30T01:44:33.547476+00:00
2016-09-01,10,10,product,정밀기기,250595000,잠정,2026-09-30T01:44:33.547476+00:00
2016-09-01,10,10,product,가전제품,332321000,잠정,2026-09-30T01:44:33.547476+00:00
2016-09-01,20,20,product,전체,22903863000,잠정,2026-09-30T01:44:33.547476+00:00
2016-09-01,20,20,product,반도체,3346806000,잠정,2026-09-30T01:44:33.547476+00:00
2016-09-01,20,20,product,철강제품,1680985000,잠정,2026-09-30T01:44:33.547476+00:00
2016-09-01,20,20,product,승용차,974757000,잠정,2026-09-30T01:44:33.547476+00:00
2016-09-01,20,20,product,석유제품,1528073000,잠정,2026-09-30T01:44:33.547476+00:00
2016-09-01,20,20,product,무선통신기기,1171888000,잠정,2026-09-30T01:44:33.547476+00:00
2016-09-01,20,20,product,선박,1203522000,잠정,2026-09-30T01:44:33.547476+00:00
2016-09-01,20,20,product,자동차부품,1265730000,잠정,2026-09-30T01:44:33.547476+00:00
2016-09-01,20,20,product,컴퓨터주변기기,363310000,잠정,2026-09-30T01:44:33.547476+00:00
2016-09-01,20,20,product,정밀기기,427903000,잠정,2026-09-30T01:44:33.547476+00:00
2016-09-01,20,20,product,가전제품,547414000,잠정,2026-09-30T01:44:33.547476+00:00
2016-09-01,month_end,30,product,전체,40846252000,잠정,2026-09-30T01:44:33.547476+00:00
2016-09-01,month_end,30,product,반도체,5733316000,잠정,2026-09-30T01:44:33.547476+00:00
2016-09-01,month_end,30,product,철강제품,3204443000,잠정,2026-09-30T01:44:33.547476+00:00
2016-09-01,month_end,30,product,승용차,2195324000,잠정,2026-09-30T01:44:33.547476+00:00
2016-09-01,month_end,30,product,석유제품,2409807000,잠정,2026-09-30T01:44:33.547476+00:00
2016-09-01,month_end,30,product,무선통신기기,1990340000,잠정,2026-09-30T01:44:33.547476+00:00
2016-09-01,month_end,30,product,선박,2169639000,잠정,2026-09-30T01:44:33.547476+00:00
2016-09-01,month_end,30,product,자동차부품,2184384000,잠정,2026-09-30T01:44:33.547476+00:00
2016-09-01,month_end,30,product,컴퓨터주변기기,705578000,잠정,2026-09-30T01:44:33.547476+00:00
2016-09-01,month_end,30,product,정밀기기,736471000,잠정,2026-09-30T01:44:33.547476+00:00
2016-09-01,month_end,30,product,가전제품,949605000,잠정,2026-09-30T01:44:33.547476+00:00
2016-10-01,10,10,product,전체,9451090000,잠정,2026-09-30T01:44:33.547476+00:00
2016-10-01,10,10,product,반도체,1341772000,잠정,2026-09-30T01:44:33.547476+00:00
2016-10-01,10,10,product,철강제품,686818000,잠정,2026-09-30T01:44:33.547476+00:00
2016-10-01,10,10,product,승용차,266323000,잠정,2026-09-30T01:44:33.547476+00:00
2016-10-01,10,10,product,석유제품,625414000,잠정,2026-09-30T01:44:33.547476+00:00
2016-10-01,10,10,product,무선통신기기,625166000,잠정,2026-09-30T01:44:33.547476+00:00
2016-10-01,10,10,product,선박,391550000,잠정,2026-09-30T01:44:33.547476+00:00
2016-10-01,10,10,product,자동차부품,534109000,잠정,2026-09-30T01:44:33.547476+00:00
2016-10-01,10,10,product,컴퓨터주변기기,179926000,잠정,2026-09-30T01:44:33.547476+00:00
2016-10-01,10,10,product,정밀기기,182185000,잠정,2026-09-30T01:44:33.547476+00:00
2016-10-01,10,10,product,가전제품,257989000,잠정,2026-09-30T01:44:33.547476+00:00
2016-10-01,20,20,product,전체,24969767000,잠정,2026-09-30T01:44:33.547476+00:00
2016-10-01,20,20,product,반도체,3273787000,잠정,2026-09-30T01:44:33.547476+00:00
2016-10-01,20,20,product,철강제품,1831808000,잠정,2026-09-30T01:44:33.547476+00:00
2016-10-01,20,20,product,승용차,1360026000,잠정,2026-09-30T01:44:33.547476+00:00
2016-10-01,20,20,product,석유제품,1445367000,잠정,2026-09-30T01:44:33.547476+00:00
2016-10-01,20,20,product,무선통신기기,1427349000,잠정,2026-09-30T01:44:33.547476+00:00
2016-10-01,20,20,product,선박,1463501000,잠정,2026-09-30T01:44:33.547476+00:00
2016-10-01,20,20,product,자동차부품,1390960000,잠정,2026-09-30T01:44:33.547476+00:00
2016-10-01,20,20,product,컴퓨터주변기기,434624000,잠정,2026-09-30T01:44:33.547476+00:00
2016-10-01,20,20,product,정밀기기,461634000,잠정,2026-09-30T01:44:33.547476+00:00
2016-10-01,20,20,product,가전제품,616489000,잠정,2026-09-30T01:44:33.547476+00:00
2016-10-01,month_end,31,product,전체,41983329000,잠정,2026-09-30T01:44:33.547476+00:00
2016-10-01,month_end,31,product,반도체,5619086000,잠정,2026-09-30T01:44:33.547476+00:00
2016-10-01,month_end,31,product,철강제품,3133644000,잠정,2026-09-30T01:44:33.547476+00:00
2016-10-01,month_end,31,product,승용차,3086277000,잠정,2026-09-30T01:44:33.547476+00:00
2016-10-01,month_end,31,product,석유제품,2321520000,잠정,2026-09-30T01:44:33.547476+00:00
2016-10-01,month_end,31,product,무선통신기기,2386606000,잠정,2026-09-30T01:44:33.547476+00:00
2016-10-01,month_end,31,product,선박,2509324000,잠정,2026-09-30T01:44:33.547476+00:00
2016-10-01,month_end,31,product,자동차부품,2112055000,잠정,2026-09-30T01:44:33.547476+00:00
2016-10-01,month_end,31,product,컴퓨터주변기기,737261000,잠정,2026-09-30T01:44:33.547476+00:00
2016-10-01,month_end,31,product,정밀기기,740922000,잠정,2026-09-30T01:44:33.547476+00:00
2016-10-01,month_end,31,product,가전제품,962826000,잠정,2026-09-30T01:44:33.547476+00:00
2016-11-01,10,10,product,전체,13865744000,잠정,2026-09-30T01:44:33.547476+00:00
2016-11-01,10,10,product,반도체,1917115000,잠정,2026-09-30T01:44:33.547476+00:00
2016-11-01,10,10,product,철강제품,1015643000,잠정,2026-09-30T01:44:33.547476+00:00
2016-11-01,10,10,product,승용차,669328000,잠정,2026-09-30T01:44:33.547476+00:00
2016-11-01,10,10,product,석유제품,767288000,잠정,2026-09-30T01:44:33.547476+00:00
2016-11-01,10,10,product,무선통신기기,863810000,잠정,2026-09-30T01:44:33.547476+00:00
2016-11-01,10,10,product,선박,604844000,잠정,2026-09-30T01:44:33.547476+00:00
2016-11-01,10,10,product,자동차부품,841988000,잠정,2026-09-30T01:44:33.547476+00:00
2016-11-01,10,10,product,컴퓨터주변기기,204329000,잠정,2026-09-30T01:44:33.547476+00:00
2016-11-01,10,10,product,정밀기기,262126000,잠정,2026-09-30T01:44:33.547476+00:00
2016-11-01,10,10,product,가전제품,298124000,잠정,2026-09-30T01:44:33.547476+00:00
2016-11-01,20,20,product,전체,27144176000,잠정,2026-09-30T01:44:33.547476+00:00
2016-11-01,20,20,product,반도체,3588581000,잠정,2026-09-30T01:44:33.547476+00:00
2016-11-01,20,20,product,철강제품,2016654000,잠정,2026-09-30T01:44:33.547476+00:00
2016-11-01,20,20,product,승용차,1729735000,잠정,2026-09-30T01:44:33.547476+00:00
2016-11-01,20,20,product,석유제품,1432777000,잠정,2026-09-30T01:44:33.547476+00:00
2016-11-01,20,20,product,무선통신기기,1503453000,잠정,2026-09-30T01:44:33.547476+00:00
2016-11-01,20,20,product,선박,2133594000,잠정,2026-09-30T01:44:33.547476+00:00
2016-11-01,20,20,product,자동차부품,1380521000,잠정,2026-09-30T01:44:33.547476+00:00
2016-11-01,20,20,product,컴퓨터주변기기,395451000,잠정,2026-09-30T01:44:33.547476+00:00
2016-11-01,20,20,product,정밀기기,490425000,잠정,2026-09-30T01:44:33.547476+00:00
2016-11-01,20,20,product,가전제품,528095000,잠정,2026-09-30T01:44:33.547476+00:00
2016-11-01,month_end,30,product,전체,45309141000,잠정,2026-09-30T01:44:33.547476+00:00
2016-11-01,month_end,30,product,반도체,5834147000,잠정,2026-09-30T01:44:33.547476+00:00
2016-11-01,month_end,30,product,철강제품,3474401000,잠정,2026-09-30T01:44:33.547476+00:00
2016-11-01,month_end,30,product,승용차,3662361000,잠정,2026-09-30T01:44:33.547476+00:00
2016-11-01,month_end,30,product,석유제품,2405414000,잠정,2026-09-30T01:44:33.547476+00:00
2016-11-01,month_end,30,product,무선통신기기,2303042000,잠정,2026-09-30T01:44:33.547476+00:00
2016-11-01,month_end,30,product,선박,3441052000,잠정,2026-09-30T01:44:33.547476+00:00
2016-11-01,month_end,30,product,자동차부품,2117177000,잠정,2026-09-30T01:44:33.547476+00:00
2016-11-01,month_end,30,product,컴퓨터주변기기,668976000,잠정,2026-09-30T01:44:33.547476+00:00
2016-11-01,month_end,30,product,정밀기기,809187000,잠정,2026-09-30T01:44:33.547476+00:00
2016-11-01,month_end,30,product,가전제품,791857000,잠정,2026-09-30T01:44:33.547476+00:00
2016-12-01,10,10,product,전체,12840228000,잠정,2026-09-30T01:44:33.547476+00:00
2016-12-01,10,10,product,반도체,1802378000,잠정,2026-09-30T01:44:33.547476+00:00
2016-12-01,10,10,product,철강제품,917405000,잠정,2026-09-30T01:44:33.547476+00:00
2016-12-01,10,10,product,승용차,822514000,잠정,2026-09-30T01:44:33.547476+00:00
2016-12-01,10,10,product,석유제품,676461000,잠정,2026-09-30T01:44:33.547476+00:00
2016-12-01,10,10,product,무선통신기기,706809000,잠정,2026-09-30T01:44:33.547476+00:00
2016-12-01,10,10,product,선박,437536000,잠정,2026-09-30T01:44:33.547476+00:00
2016-12-01,10,10,product,자동차부품,676404000,잠정,2026-09-30T01:44:33.547476+00:00
2016-12-01,10,10,product,컴퓨터주변기기,201896000,잠정,2026-09-30T01:44:33.547476+00:00
2016-12-01,10,10,product,정밀기기,274992000,잠정,2026-09-30T01:44:33.547476+00:00
2016-12-01,10,10,product,가전제품,228103000,잠정,2026-09-30T01:44:33.547476+00:00
2016-12-01,20,20,product,전체,27045242000,잠정,2026-09-30T01:44:33.547476+00:00
2016-12-01,20,20,product,반도체,3669861000,잠정,2026-09-30T01:44:33.547476+00:00
2016-12-01,20,20,product,철강제품,1894576000,잠정,2026-09-30T01:44:33.547476+00:00
2016-12-01,20,20,product,승용차,2071067000,잠정,2026-09-30T01:44:33.547476+00:00
2016-12-01,20,20,product,석유제품,1648740000,잠정,2026-09-30T01:44:33.547476+00:00
2016-12-01,20,20,product,무선통신기기,1394088000,잠정,2026-09-30T01:44:33.547476+00:00
2016-12-01,20,20,product,선박,1195757000,잠정,2026-09-30T01:44:33.547476+00:00
2016-12-01,20,20,product,자동차부품,1276964000,잠정,2026-09-30T01:44:33.547476+00:00
2016-12-01,20,20,product,컴퓨터주변기기,400480000,잠정,2026-09-30T01:44:33.547476+00:00
2016-12-01,20,20,product,정밀기기,567200000,잠정,2026-09-30T01:44:33.547476+00:00
2016-12-01,20,20,product,가전제품,468404000,잠정,2026-09-30T01:44:33.547476+00:00
2016-12-01,month_end,31,product,전체,45068880000,잠정,2026-09-30T01:44:33.547476+00:00
2016-12-01,month_end,31,product,반도체,5927970000,잠정,2026-09-30T01:44:33.547476+00:00
2016-12-01,month_end,31,product,철강제품,3409947000,잠정,2026-09-30T01:44:33.547476+00:00
2016-12-01,month_end,31,product,승용차,4205540000,잠정,2026-09-30T01:44:33.547476+00:00
2016-12-01,month_end,31,product,석유제품,2611049000,잠정,2026-09-30T01:44:33.547476+00:00
2016-12-01,month_end,31,product,무선통신기기,2086243000,잠정,2026-09-30T01:44:33.547476+00:00
2016-12-01,month_end,31,product,선박,2164170000,잠정,2026-09-30T01:44:33.547476+00:00
2016-12-01,month_end,31,product,자동차부품,2068151000,잠정,2026-09-30T01:44:33.547476+00:00
2016-12-01,month_end,31,product,컴퓨터주변기기,679223000,잠정,2026-09-30T01:44:33.547476+00:00
2016-12-01,month_end,31,product,정밀기기,912388000,잠정,2026-09-30T01:44:33.547476+00:00
2016-12-01,month_end,31,product,가전제품,696060000,잠정,2026-09-30T01:44:33.547476+00:00
2017-01-01,10,10,product,전체,11633553000,잠정,2026-09-30T01:44:33.734939+00:00
2017-01-01,10,10,product,반도체,1818217000,잠정,2026-09-30T01:44:33.734939+00:00
2017-01-01,10,10,product,철강제품,859784000,잠정,2026-09-30T01:44:33.734939+00:00
2017-01-01,10,10,product,승용차,342784000,잠정,2026-09-30T01:44:33.734939+00:00
2017-01-01,10,10,product,석유제품,939409000,잠정,2026-09-30T01:44:33.734939+00:00
2017-01-01,10,10,product,무선통신기기,422338000,잠정,2026-09-30T01:44:33.734939+00:00
2017-01-01,10,10,product,선박,853194000,잠정,2026-09-30T01:44:33.734939+00:00
2017-01-01,10,10,product,자동차부품,528040000,잠정,2026-09-30T01:44:33.734939+00:00
2017-01-01,10,10,product,컴퓨터주변기기,188426000,잠정,2026-09-30T01:44:33.734939+00:00
2017-01-01,10,10,product,정밀기기,239183000,잠정,2026-09-30T01:44:33.734939+00:00
2017-01-01,10,10,product,가전제품,181881000,잠정,2026-09-30T01:44:33.734939+00:00
2017-01-01,20,20,product,전체,27505852000,잠정,2026-09-30T01:44:33.734939+00:00
2017-01-01,20,20,product,반도체,4264801000,잠정,2026-09-30T01:44:33.734939+00:00
2017-01-01,20,20,product,철강제품,2042807000,잠정,2026-09-30T01:44:33.734939+00:00
2017-01-01,20,20,product,승용차,1463440000,잠정,2026-09-30T01:44:33.734939+00:00
2017-01-01,20,20,product,석유제품,1857226000,잠정,2026-09-30T01:44:33.734939+00:00
2017-01-01,20,20,product,무선통신기기,1093014000,잠정,2026-09-30T01:44:33.734939+00:00
2017-01-01,20,20,product,선박,1676773000,잠정,2026-09-30T01:44:33.734939+00:00
2017-01-01,20,20,product,자동차부품,1374942000,잠정,2026-09-30T01:44:33.734939+00:00
2017-01-01,20,20,product,컴퓨터주변기기,416182000,잠정,2026-09-30T01:44:33.734939+00:00
2017-01-01,20,20,product,정밀기기,546052000,잠정,2026-09-30T01:44:33.734939+00:00
2017-01-01,20,20,product,가전제품,450568000,잠정,2026-09-30T01:44:33.734939+00:00
2017-01-01,month_end,31,product,전체,40257000000,잠정,2026-09-30T01:44:33.734939+00:00
2017-01-01,month_end,31,product,반도체,6495478000,잠정,2026-09-30T01:44:33.734939+00:00
2017-01-01,month_end,31,product,철강제품,3212401000,잠정,2026-09-30T01:44:33.734939+00:00
2017-01-01,month_end,31,product,승용차,2677455000,잠정,2026-09-30T01:44:33.734939+00:00
2017-01-01,month_end,31,product,석유제품,2809525000,잠정,2026-09-30T01:44:33.734939+00:00
2017-01-01,month_end,31,product,무선통신기기,1437948000,잠정,2026-09-30T01:44:33.734939+00:00
2017-01-01,month_end,31,product,선박,2132070000,잠정,2026-09-30T01:44:33.734939+00:00
2017-01-01,month_end,31,product,자동차부품,1899980000,잠정,2026-09-30T01:44:33.734939+00:00
2017-01-01,month_end,31,product,컴퓨터주변기기,571305000,잠정,2026-09-30T01:44:33.734939+00:00
2017-01-01,month_end,31,product,정밀기기,737904000,잠정,2026-09-30T01:44:33.734939+00:00
2017-01-01,month_end,31,product,가전제품,628975000,잠정,2026-09-30T01:44:33.734939+00:00
2017-02-01,10,10,product,전체,15065631000,잠정,2026-09-30T01:44:33.734939+00:00
2017-02-01,10,10,product,반도체,2060913000,잠정,2026-09-30T01:44:33.734939+00:00
2017-02-01,10,10,product,철강제품,1695436000,잠정,2026-09-30T01:44:33.734939+00:00
2017-02-01,10,10,product,승용차,633151000,잠정,2026-09-30T01:44:33.734939+00:00
2017-02-01,10,10,product,석유제품,1161363000,잠정,2026-09-30T01:44:33.734939+00:00
2017-02-01,10,10,product,무선통신기기,571256000,잠정,2026-09-30T01:44:33.734939+00:00
2017-02-01,10,10,product,선박,688760000,잠정,2026-09-30T01:44:33.734939+00:00
2017-02-01,10,10,product,자동차부품,726700000,잠정,2026-09-30T01:44:33.734939+00:00
2017-02-01,10,10,product,컴퓨터주변기기,208348000,잠정,2026-09-30T01:44:33.734939+00:00
2017-02-01,10,10,product,정밀기기,286744000,잠정,2026-09-30T01:44:33.734939+00:00
2017-02-01,10,10,product,가전제품,226047000,잠정,2026-09-30T01:44:33.734939+00:00
2017-02-01,20,20,product,전체,27681438000,잠정,2026-09-30T01:44:33.734939+00:00
2017-02-01,20,20,product,반도체,4030348000,잠정,2026-09-30T01:44:33.734939+00:00
2017-02-01,20,20,product,철강제품,2615464000,잠정,2026-09-30T01:44:33.734939+00:00
2017-02-01,20,20,product,승용차,1609549000,잠정,2026-09-30T01:44:33.734939+00:00
2017-02-01,20,20,product,석유제품,1860136000,잠정,2026-09-30T01:44:33.734939+00:00
2017-02-01,20,20,product,무선통신기기,1047840000,잠정,2026-09-30T01:44:33.734939+00:00
2017-02-01,20,20,product,선박,1488641000,잠정,2026-09-30T01:44:33.734939+00:00
2017-02-01,20,20,product,자동차부품,1310424000,잠정,2026-09-30T01:44:33.734939+00:00
2017-02-01,20,20,product,컴퓨터주변기기,364741000,잠정,2026-09-30T01:44:33.734939+00:00
2017-02-01,20,20,product,정밀기기,509104000,잠정,2026-09-30T01:44:33.734939+00:00
2017-02-01,20,20,product,가전제품,436007000,잠정,2026-09-30T01:44:33.734939+00:00
2017-02-01,month_end,28,product,전체,43166536000,잠정,2026-09-30T01:44:33.734939+00:00
2017-02-01,month_end,28,product,반도체,6564146000,잠정,2026-09-30T01:44:33.734939+00:00
2017-02-01,month_end,28,product,철강제품,3981783000,잠정,2026-09-30T01:44:33.734939+00:00
2017-02-01,month_end,28,product,승용차,3064965000,잠정,2026-09-30T01:44:33.734939+00:00
2017-02-01,month_end,28,product,석유제품,2948804000,잠정,2026-09-30T01:44:33.734939+00:00
2017-02-01,month_end,28,product,무선통신기기,1513173000,잠정,2026-09-30T01:44:33.734939+00:00
2017-02-01,month_end,28,product,선박,1813956000,잠정,2026-09-30T01:44:33.734939+00:00
2017-02-01,month_end,28,product,자동차부품,2000229000,잠정,2026-09-30T01:44:33.734939+00:00
2017-02-01,month_end,28,product,컴퓨터주변기기,597857000,잠정,2026-09-30T01:44:33.734939+00:00
2017-02-01,month_end,28,product,정밀기기,783502000,잠정,2026-09-30T01:44:33.734939+00:00
2017-02-01,month_end,28,product,가전제품,658441000,잠정,2026-09-30T01:44:33.734939+00:00
2017-03-01,10,10,product,전체,14157054000,잠정,2026-09-30T01:44:33.734939+00:00
2017-03-01,10,10,product,반도체,1981469000,잠정,2026-09-30T01:44:33.734939+00:00
2017-03-01,10,10,product,철강제품,1075128000,잠정,2026-09-30T01:44:33.734939+00:00
2017-03-01,10,10,product,승용차,783448000,잠정,2026-09-30T01:44:33.734939+00:00
2017-03-01,10,10,product,석유제품,1038705000,잠정,2026-09-30T01:44:33.734939+00:00
2017-03-01,10,10,product,무선통신기기,513143000,잠정,2026-09-30T01:44:33.734939+00:00
2017-03-01,10,10,product,선박,983397000,잠정,2026-09-30T01:44:33.734939+00:00
2017-03-01,10,10,product,자동차부품,680130000,잠정,2026-09-30T01:44:33.734939+00:00
2017-03-01,10,10,product,컴퓨터주변기기,148910000,잠정,2026-09-30T01:44:33.734939+00:00
2017-03-01,10,10,product,정밀기기,260546000,잠정,2026-09-30T01:44:33.734939+00:00
2017-03-01,10,10,product,가전제품,215820000,잠정,2026-09-30T01:44:33.734939+00:00
2017-03-01,20,20,product,전체,27135502000,잠정,2026-09-30T01:44:33.734939+00:00
2017-03-01,20,20,product,반도체,4052391000,잠정,2026-09-30T01:44:33.734939+00:00
2017-03-01,20,20,product,철강제품,1987736000,잠정,2026-09-30T01:44:33.734939+00:00
2017-03-01,20,20,product,승용차,1732306000,잠정,2026-09-30T01:44:33.734939+00:00
2017-03-01,20,20,product,석유제품,1805509000,잠정,2026-09-30T01:44:33.734939+00:00
2017-03-01,20,20,product,무선통신기기,1030672000,잠정,2026-09-30T01:44:33.734939+00:00
2017-03-01,20,20,product,선박,1785871000,잠정,2026-09-30T01:44:33.734939+00:00
2017-03-01,20,20,product,자동차부품,1216162000,잠정,2026-09-30T01:44:33.734939+00:00
2017-03-01,20,20,product,컴퓨터주변기기,291854000,잠정,2026-09-30T01:44:33.734939+00:00
2017-03-01,20,20,product,정밀기기,496371000,잠정,2026-09-30T01:44:33.734939+00:00
2017-03-01,20,20,product,가전제품,441557000,잠정,2026-09-30T01:44:33.734939+00:00
2017-03-01,month_end,31,product,전체,48637832000,잠정,2026-09-30T01:44:33.734939+00:00
2017-03-01,month_end,31,product,반도체,7680205000,잠정,2026-09-30T01:44:33.734939+00:00
2017-03-01,month_end,31,product,철강제품,3725382000,잠정,2026-09-30T01:44:33.734939+00:00
2017-03-01,month_end,31,product,승용차,3851265000,잠정,2026-09-30T01:44:33.734939+00:00
2017-03-01,month_end,31,product,석유제품,3037178000,잠정,2026-09-30T01:44:33.734939+00:00
2017-03-01,month_end,31,product,무선통신기기,1832826000,잠정,2026-09-30T01:44:33.734939+00:00
2017-03-01,month_end,31,product,선박,2832271000,잠정,2026-09-30T01:44:33.734939+00:00
2017-03-01,month_end,31,product,자동차부품,2123073000,잠정,2026-09-30T01:44:33.734939+00:00
2017-03-01,month_end,31,product,컴퓨터주변기기,588494000,잠정,2026-09-30T01:44:33.734939+00:00
2017-03-01,month_end,31,product,정밀기기,894955000,잠정,2026-09-30T01:44:33.734939+00:00
2017-03-01,month_end,31,product,가전제품,759856000,잠정,2026-09-30T01:44:33.734939+00:00
2017-04-01,10,10,product,전체,11155507000,잠정,2026-09-30T01:44:33.734939+00:00
2017-04-01,10,10,product,반도체,1795039000,잠정,2026-09-30T01:44:33.734939+00:00
2017-04-01,10,10,product,철강제품,860368000,잠정,2026-09-30T01:44:33.734939+00:00
2017-04-01,10,10,product,승용차,580596000,잠정,2026-09-30T01:44:33.734939+00:00
2017-04-01,10,10,product,석유제품,680866000,잠정,2026-09-30T01:44:33.734939+00:00
2017-04-01,10,10,product,무선통신기기,622659000,잠정,2026-09-30T01:44:33.734939+00:00
2017-04-01,10,10,product,선박,401211000,잠정,2026-09-30T01:44:33.734939+00:00
2017-04-01,10,10,product,자동차부품,463223000,잠정,2026-09-30T01:44:33.734939+00:00
2017-04-01,10,10,product,컴퓨터주변기기,143373000,잠정,2026-09-30T01:44:33.734939+00:00
2017-04-01,10,10,product,정밀기기,267377000,잠정,2026-09-30T01:44:33.734939+00:00
2017-04-01,10,10,product,가전제품,184658000,잠정,2026-09-30T01:44:33.734939+00:00
2017-04-01,20,20,product,전체,30304957000,잠정,2026-09-30T01:44:33.734939+00:00
2017-04-01,20,20,product,반도체,4152760000,잠정,2026-09-30T01:44:33.734939+00:00
2017-04-01,20,20,product,철강제품,2620789000,잠정,2026-09-30T01:44:33.734939+00:00
2017-04-01,20,20,product,승용차,1862295000,잠정,2026-09-30T01:44:33.734939+00:00
2017-04-01,20,20,product,석유제품,1678978000,잠정,2026-09-30T01:44:33.734939+00:00
2017-04-01,20,20,product,무선통신기기,1374277000,잠정,2026-09-30T01:44:33.734939+00:00
2017-04-01,20,20,product,선박,3062031000,잠정,2026-09-30T01:44:33.734939+00:00
2017-04-01,20,20,product,자동차부품,1226577000,잠정,2026-09-30T01:44:33.734939+00:00
2017-04-01,20,20,product,컴퓨터주변기기,370378000,잠정,2026-09-30T01:44:33.734939+00:00
2017-04-01,20,20,product,정밀기기,598058000,잠정,2026-09-30T01:44:33.734939+00:00
2017-04-01,20,20,product,가전제품,472946000,잠정,2026-09-30T01:44:33.734939+00:00
2017-04-01,month_end,30,product,전체,50843799000,잠정,2026-09-30T01:44:33.734939+00:00
2017-04-01,month_end,30,product,반도체,7301692000,잠정,2026-09-30T01:44:33.734939+00:00
2017-04-01,month_end,30,product,철강제품,4173793000,잠정,2026-09-30T01:44:33.734939+00:00
2017-04-01,month_end,30,product,승용차,3646542000,잠정,2026-09-30T01:44:33.734939+00:00
2017-04-01,month_end,30,product,석유제품,2529863000,잠정,2026-09-30T01:44:33.734939+00:00
2017-04-01,month_end,30,product,무선통신기기,1965145000,잠정,2026-09-30T01:44:33.734939+00:00
2017-04-01,month_end,30,product,선박,7049374000,잠정,2026-09-30T01:44:33.734939+00:00
2017-04-01,month_end,30,product,자동차부품,1850103000,잠정,2026-09-30T01:44:33.734939+00:00
2017-04-01,month_end,30,product,컴퓨터주변기기,610497000,잠정,2026-09-30T01:44:33.734939+00:00
2017-04-01,month_end,30,product,정밀기기,916945000,잠정,2026-09-30T01:44:33.734939+00:00
2017-04-01,month_end,30,product,가전제품,695416000,잠정,2026-09-30T01:44:33.734939+00:00
2017-05-01,10,10,product,전체,9652000000,잠정,2026-09-30T01:44:33.734939+00:00
2017-05-01,10,10,product,반도체,1827707000,잠정,2026-09-30T01:44:33.734939+00:00
2017-05-01,10,10,product,철강제품,707146000,잠정,2026-09-30T01:44:33.734939+00:00
2017-05-01,10,10,product,승용차,246673000,잠정,2026-09-30T01:44:33.734939+00:00
2017-05-01,10,10,product,석유제품,853404000,잠정,2026-09-30T01:44:33.734939+00:00
2017-05-01,10,10,product,무선통신기기,338938000,잠정,2026-09-30T01:44:33.734939+00:00
2017-05-01,10,10,product,선박,311969000,잠정,2026-09-30T01:44:33.734939+00:00
2017-05-01,10,10,product,자동차부품,415024000,잠정,2026-09-30T01:44:33.734939+00:00
2017-05-01,10,10,product,컴퓨터주변기기,159052000,잠정,2026-09-30T01:44:33.734939+00:00
2017-05-01,10,10,product,정밀기기,193917000,잠정,2026-09-30T01:44:33.734939+00:00
2017-05-01,10,10,product,가전제품,158450000,잠정,2026-09-30T01:44:33.734939+00:00
2017-05-01,20,20,product,전체,25341567000,잠정,2026-09-30T01:44:33.734939+00:00
2017-05-01,20,20,product,반도체,4267958000,잠정,2026-09-30T01:44:33.734939+00:00
2017-05-01,20,20,product,철강제품,2285799000,잠정,2026-09-30T01:44:33.734939+00:00
2017-05-01,20,20,product,승용차,1478593000,잠정,2026-09-30T01:44:33.734939+00:00
2017-05-01,20,20,product,석유제품,1779864000,잠정,2026-09-30T01:44:33.734939+00:00
2017-05-01,20,20,product,무선통신기기,863508000,잠정,2026-09-30T01:44:33.734939+00:00
2017-05-01,20,20,product,선박,839566000,잠정,2026-09-30T01:44:33.734939+00:00
2017-05-01,20,20,product,자동차부품,1111155000,잠정,2026-09-30T01:44:33.734939+00:00
2017-05-01,20,20,product,컴퓨터주변기기,411448000,잠정,2026-09-30T01:44:33.734939+00:00
2017-05-01,20,20,product,정밀기기,494124000,잠정,2026-09-30T01:44:33.734939+00:00
2017-05-01,20,20,product,가전제품,421531000,잠정,2026-09-30T01:44:33.734939+00:00
2017-05-01,month_end,31,product,전체,44926979000,잠정,2026-09-30T01:44:33.734939+00:00
2017-05-01,month_end,31,product,반도체,7682394000,잠정,2026-09-30T01:44:33.734939+00:00
2017-05-01,month_end,31,product,철강제품,3941196000,잠정,2026-09-30T01:44:33.734939+00:00
2017-05-01,month_end,31,product,승용차,3297943000,잠정,2026-09-30T01:44:33.734939+00:00
2017-05-01,month_end,31,product,석유제품,2809248000,잠정,2026-09-30T01:44:33.734939+00:00
2017-05-01,month_end,31,product,무선통신기기,1475450000,잠정,2026-09-30T01:44:33.734939+00:00
2017-05-01,month_end,31,product,선박,2353551000,잠정,2026-09-30T01:44:33.734939+00:00
2017-05-01,month_end,31,product,자동차부품,1787007000,잠정,2026-09-30T01:44:33.734939+00:00
2017-05-01,month_end,31,product,컴퓨터주변기기,651951000,잠정,2026-09-30T01:44:33.734939+00:00
2017-05-01,month_end,31,product,정밀기기,829077000,잠정,2026-09-30T01:44:33.734939+00:00
2017-05-01,month_end,31,product,가전제품,711136000,잠정,2026-09-30T01:44:33.734939+00:00
2017-06-01,10,10,product,전체,12131557000,잠정,2026-09-30T01:44:33.734939+00:00
2017-06-01,10,10,product,반도체,2091996000,잠정,2026-09-30T01:44:33.734939+00:00
2017-06-01,10,10,product,철강제품,1200469000,잠정,2026-09-30T01:44:33.734939+00:00
2017-06-01,10,10,product,승용차,462306000,잠정,2026-09-30T01:44:33.734939+00:00
2017-06-01,10,10,product,석유제품,727626000,잠정,2026-09-30T01:44:33.734939+00:00
2017-06-01,10,10,product,무선통신기기,529171000,잠정,2026-09-30T01:44:33.734939+00:00
2017-06-01,10,10,product,선박,431708000,잠정,2026-09-30T01:44:33.734939+00:00
2017-06-01,10,10,product,자동차부품,566700000,잠정,2026-09-30T01:44:33.734939+00:00
2017-06-01,10,10,product,컴퓨터주변기기,203542000,잠정,2026-09-30T01:44:33.734939+00:00
2017-06-01,10,10,product,정밀기기,268744000,잠정,2026-09-30T01:44:33.734939+00:00
2017-06-01,10,10,product,가전제품,176859000,잠정,2026-09-30T01:44:33.734939+00:00
2017-06-01,20,20,product,전체,31826331000,잠정,2026-09-30T01:44:33.734939+00:00
2017-06-01,20,20,product,반도체,4533329000,잠정,2026-09-30T01:44:33.734939+00:00
2017-06-01,20,20,product,철강제품,2243841000,잠정,2026-09-30T01:44:33.734939+00:00
2017-06-01,20,20,product,승용차,1454783000,잠정,2026-09-30T01:44:33.734939+00:00
2017-06-01,20,20,product,석유제품,1507664000,잠정,2026-09-30T01:44:33.734939+00:00
2017-06-01,20,20,product,무선통신기기,995862000,잠정,2026-09-30T01:44:33.734939+00:00
2017-06-01,20,20,product,선박,6494898000,잠정,2026-09-30T01:44:33.734939+00:00
2017-06-01,20,20,product,자동차부품,1140858000,잠정,2026-09-30T01:44:33.734939+00:00
2017-06-01,20,20,product,컴퓨터주변기기,396286000,잠정,2026-09-30T01:44:33.734939+00:00
2017-06-01,20,20,product,정밀기기,537489000,잠정,2026-09-30T01:44:33.734939+00:00
2017-06-01,20,20,product,가전제품,403248000,잠정,2026-09-30T01:44:33.734939+00:00
2017-06-01,month_end,30,product,전체,51272452000,잠정,2026-09-30T01:44:33.734939+00:00
2017-06-01,month_end,30,product,반도체,8247070000,잠정,2026-09-30T01:44:33.734939+00:00
2017-06-01,month_end,30,product,철강제품,3978824000,잠정,2026-09-30T01:44:33.734939+00:00
2017-06-01,month_end,30,product,승용차,3551669000,잠정,2026-09-30T01:44:33.734939+00:00
2017-06-01,month_end,30,product,석유제품,2446645000,잠정,2026-09-30T01:44:33.734939+00:00
2017-06-01,month_end,30,product,무선통신기기,1449643000,잠정,2026-09-30T01:44:33.734939+00:00
2017-06-01,month_end,30,product,선박,7310385000,잠정,2026-09-30T01:44:33.734939+00:00
2017-06-01,month_end,30,product,자동차부품,1890967000,잠정,2026-09-30T01:44:33.734939+00:00
2017-06-01,month_end,30,product,컴퓨터주변기기,713925000,잠정,2026-09-30T01:44:33.734939+00:00
2017-06-01,month_end,30,product,정밀기기,893326000,잠정,2026-09-30T01:44:33.734939+00:00
2017-06-01,month_end,30,product,가전제품,652833000,잠정,2026-09-30T01:44:33.734939+00:00
2017-07-01,10,10,product,전체,14238815000,잠정,2026-09-30T01:44:33.734939+00:00
2017-07-01,10,10,product,반도체,1947218000,잠정,2026-09-30T01:44:33.734939+00:00
2017-07-01,10,10,product,철강제품,764855000,잠정,2026-09-30T01:44:33.734939+00:00
2017-07-01,10,10,product,승용차,539759000,잠정,2026-09-30T01:44:33.734939+00:00
2017-07-01,10,10,product,석유제품,750848000,잠정,2026-09-30T01:44:33.734939+00:00
2017-07-01,10,10,product,무선통신기기,334787000,잠정,2026-09-30T01:44:33.734939+00:00
2017-07-01,10,10,product,선박,4169199000,잠정,2026-09-30T01:44:33.734939+00:00
2017-07-01,10,10,product,자동차부품,439846000,잠정,2026-09-30T01:44:33.734939+00:00
2017-07-01,10,10,product,컴퓨터주변기기,180557000,잠정,2026-09-30T01:44:33.734939+00:00
2017-07-01,10,10,product,정밀기기,217897000,잠정,2026-09-30T01:44:33.734939+00:00
2017-07-01,10,10,product,가전제품,164790000,잠정,2026-09-30T01:44:33.734939+00:00
2017-07-01,20,20,product,전체,30032724000,잠정,2026-09-30T01:44:33.734939+00:00
2017-07-01,20,20,product,반도체,4518214000,잠정,2026-09-30T01:44:33.734939+00:00
2017-07-01,20,20,product,철강제품,1994500000,잠정,2026-09-30T01:44:33.734939+00:00
2017-07-01,20,20,product,승용차,1815198000,잠정,2026-09-30T01:44:33.734939+00:00
2017-07-01,20,20,product,석유제품,1626061000,잠정,2026-09-30T01:44:33.734939+00:00
2017-07-01,20,20,product,무선통신기기,940539000,잠정,2026-09-30T01:44:33.734939+00:00
2017-07-01,20,20,product,선박,4772795000,잠정,2026-09-30T01:44:33.734939+00:00
2017-07-01,20,20,product,자동차부품,1187181000,잠정,2026-09-30T01:44:33.734939+00:00
2017-07-01,20,20,product,컴퓨터주변기기,423228000,잠정,2026-09-30T01:44:33.734939+00:00
2017-07-01,20,20,product,정밀기기,501044000,잠정,2026-09-30T01:44:33.734939+00:00
2017-07-01,20,20,product,가전제품,437518000,잠정,2026-09-30T01:44:33.734939+00:00
2017-07-01,month_end,31,product,전체,48830440000,잠정,2026-09-30T01:44:33.734939+00:00
2017-07-01,month_end,31,product,반도체,8103895000,잠정,2026-09-30T01:44:33.734939+00:00
2017-07-01,month_end,31,product,철강제품,3588936000,잠정,2026-09-30T01:44:33.734939+00:00
2017-07-01,month_end,31,product,승용차,3404373000,잠정,2026-09-30T01:44:33.734939+00:00
2017-07-01,month_end,31,product,석유제품,2742491000,잠정,2026-09-30T01:44:33.734939+00:00
2017-07-01,month_end,31,product,무선통신기기,1386105000,잠정,2026-09-30T01:44:33.734939+00:00
2017-07-01,month_end,31,product,선박,6006358000,잠정,2026-09-30T01:44:33.734939+00:00
2017-07-01,month_end,31,product,자동차부품,1828309000,잠정,2026-09-30T01:44:33.734939+00:00
2017-07-01,month_end,31,product,컴퓨터주변기기,753335000,잠정,2026-09-30T01:44:33.734939+00:00
2017-07-01,month_end,31,product,정밀기기,804420000,잠정,2026-09-30T01:44:33.734939+00:00
2017-07-01,month_end,31,product,가전제품,694355000,잠정,2026-09-30T01:44:33.734939+00:00
2017-08-01,10,10,product,전체,12442644000,잠정,2026-09-30T01:44:33.734939+00:00
2017-08-01,10,10,product,반도체,2522841000,잠정,2026-09-30T01:44:33.734939+00:00
2017-08-01,10,10,product,철강제품,987808000,잠정,2026-09-30T01:44:33.734939+00:00
2017-08-01,10,10,product,승용차,107478000,잠정,2026-09-30T01:44:33.734939+00:00
2017-08-01,10,10,product,석유제품,1011278000,잠정,2026-09-30T01:44:33.734939+00:00
2017-08-01,10,10,product,무선통신기기,487517000,잠정,2026-09-30T01:44:33.734939+00:00
2017-08-01,10,10,product,선박,439880000,잠정,2026-09-30T01:44:33.734939+00:00
2017-08-01,10,10,product,자동차부품,402851000,잠정,2026-09-30T01:44:33.734939+00:00
2017-08-01,10,10,product,컴퓨터주변기기,231782000,잠정,2026-09-30T01:44:33.734939+00:00
2017-08-01,10,10,product,정밀기기,244390000,잠정,2026-09-30T01:44:33.734939+00:00
2017-08-01,10,10,product,가전제품,195938000,잠정,2026-09-30T01:44:33.734939+00:00
2017-08-01,20,20,product,전체,25048052000,잠정,2026-09-30T01:44:33.734939+00:00
2017-08-01,20,20,product,반도체,4860739000,잠정,2026-09-30T01:44:33.734939+00:00
2017-08-01,20,20,product,철강제품,1867510000,잠정,2026-09-30T01:44:33.734939+00:00
2017-08-01,20,20,product,승용차,885423000,잠정,2026-09-30T01:44:33.734939+00:00
2017-08-01,20,20,product,석유제품,1857590000,잠정,2026-09-30T01:44:33.734939+00:00
2017-08-01,20,20,product,무선통신기기,1010733000,잠정,2026-09-30T01:44:33.734939+00:00
2017-08-01,20,20,product,선박,1039300000,잠정,2026-09-30T01:44:33.734939+00:00
2017-08-01,20,20,product,자동차부품,915226000,잠정,2026-09-30T01:44:33.734939+00:00
2017-08-01,20,20,product,컴퓨터주변기기,458747000,잠정,2026-09-30T01:44:33.734939+00:00
2017-08-01,20,20,product,정밀기기,459463000,잠정,2026-09-30T01:44:33.734939+00:00
2017-08-01,20,20,product,가전제품,402992000,잠정,2026-09-30T01:44:33.734939+00:00
2017-08-01,month_end,31,product,전체,47105569000,잠정,2026-09-30T01:44:33.734939+00:00
2017-08-01,month_end,31,product,반도체,8981580000,잠정,2026-09-30T01:44:33.734939+00:00
2017-08-01,month_end,31,product,철강제품,3722359000,잠정,2026-09-30T01:44:33.734939+00:00
2017-08-01,month_end,31,product,승용차,2627911000,잠정,2026-09-30T01:44:33.734939+00:00
2017-08-01,month_end,31,product,석유제품,2914007000,잠정,2026-09-30T01:44:33.734939+00:00
2017-08-01,month_end,31,product,무선통신기기,1726494000,잠정,2026-09-30T01:44:33.734939+00:00
2017-08-01,month_end,31,product,선박,2390667000,잠정,2026-09-30T01:44:33.734939+00:00
2017-08-01,month_end,31,product,자동차부품,1794245000,잠정,2026-09-30T01:44:33.734939+00:00
2017-08-01,month_end,31,product,컴퓨터주변기기,794567000,잠정,2026-09-30T01:44:33.734939+00:00
2017-08-01,month_end,31,product,정밀기기,810937000,잠정,2026-09-30T01:44:33.734939+00:00
2017-08-01,month_end,31,product,가전제품,770673000,잠정,2026-09-30T01:44:33.734939+00:00
2017-09-01,10,10,product,전체,12305209000,잠정,2026-09-30T01:44:33.734939+00:00
2017-09-01,10,10,product,반도체,2503428000,잠정,2026-09-30T01:44:33.734939+00:00
2017-09-01,10,10,product,철강제품,890820000,잠정,2026-09-30T01:44:33.734939+00:00
2017-09-01,10,10,product,승용차,548718000,잠정,2026-09-30T01:44:33.734939+00:00
2017-09-01,10,10,product,석유제품,889066000,잠정,2026-09-30T01:44:33.734939+00:00
2017-09-01,10,10,product,무선통신기기,593896000,잠정,2026-09-30T01:44:33.734939+00:00
2017-09-01,10,10,product,선박,252761000,잠정,2026-09-30T01:44:33.734939+00:00
2017-09-01,10,10,product,자동차부품,523396000,잠정,2026-09-30T01:44:33.734939+00:00
2017-09-01,10,10,product,컴퓨터주변기기,186394000,잠정,2026-09-30T01:44:33.734939+00:00
2017-09-01,10,10,product,정밀기기,237975000,잠정,2026-09-30T01:44:33.734939+00:00
2017-09-01,10,10,product,가전제품,208090000,잠정,2026-09-30T01:44:33.734939+00:00
2017-09-01,20,20,product,전체,30014154000,잠정,2026-09-30T01:44:33.734939+00:00
2017-09-01,20,20,product,반도체,6048725000,잠정,2026-09-30T01:44:33.734939+00:00
2017-09-01,20,20,product,철강제품,2158001000,잠정,2026-09-30T01:44:33.734939+00:00
2017-09-01,20,20,product,승용차,1713764000,잠정,2026-09-30T01:44:33.734939+00:00
2017-09-01,20,20,product,석유제품,1890030000,잠정,2026-09-30T01:44:33.734939+00:00
2017-09-01,20,20,product,무선통신기기,1229889000,잠정,2026-09-30T01:44:33.734939+00:00
2017-09-01,20,20,product,선박,1183385000,잠정,2026-09-30T01:44:33.734939+00:00
2017-09-01,20,20,product,자동차부품,1229766000,잠정,2026-09-30T01:44:33.734939+00:00
2017-09-01,20,20,product,컴퓨터주변기기,422453000,잠정,2026-09-30T01:44:33.734939+00:00
2017-09-01,20,20,product,정밀기기,577840000,잠정,2026-09-30T01:44:33.734939+00:00
2017-09-01,20,20,product,가전제품,550060000,잠정,2026-09-30T01:44:33.734939+00:00
2017-09-01,month_end,30,product,전체,55115240000,잠정,2026-09-30T01:44:33.734939+00:00
2017-09-01,month_end,30,product,반도체,9941741000,잠정,2026-09-30T01:44:33.734939+00:00
2017-09-01,month_end,30,product,철강제품,5829077000,잠정,2026-09-30T01:44:33.734939+00:00
2017-09-01,month_end,30,product,승용차,3548641000,잠정,2026-09-30T01:44:33.734939+00:00
2017-09-01,month_end,30,product,석유제품,3689671000,잠정,2026-09-30T01:44:33.734939+00:00
2017-09-01,month_end,30,product,무선통신기기,1923574000,잠정,2026-09-30T01:44:33.734939+00:00
2017-09-01,month_end,30,product,선박,3030310000,잠정,2026-09-30T01:44:33.734939+00:00
2017-09-01,month_end,30,product,자동차부품,2070316000,잠정,2026-09-30T01:44:33.734939+00:00
2017-09-01,month_end,30,product,컴퓨터주변기기,854009000,잠정,2026-09-30T01:44:33.734939+00:00
2017-09-01,month_end,30,product,정밀기기,975499000,잠정,2026-09-30T01:44:33.734939+00:00
2017-09-01,month_end,30,product,가전제품,874169000,잠정,2026-09-30T01:44:33.734939+00:00
2017-10-01,10,10,product,전체,6716871000,잠정,2026-09-30T01:44:33.734939+00:00
2017-10-01,10,10,product,반도체,2040192000,잠정,2026-09-30T01:44:33.734939+00:00
2017-10-01,10,10,product,철강제품,307293000,잠정,2026-09-30T01:44:33.734939+00:00
2017-10-01,10,10,product,승용차,37968000,잠정,2026-09-30T01:44:33.734939+00:00
2017-10-01,10,10,product,석유제품,406591000,잠정,2026-09-30T01:44:33.734939+00:00
2017-10-01,10,10,product,무선통신기기,319827000,잠정,2026-09-30T01:44:33.734939+00:00
2017-10-01,10,10,product,선박,1669823000,잠정,2026-09-30T01:44:33.734939+00:00
2017-10-01,10,10,product,자동차부품,86733000,잠정,2026-09-30T01:44:33.734939+00:00
2017-10-01,10,10,product,컴퓨터주변기기,70421000,잠정,2026-09-30T01:44:33.734939+00:00
2017-10-01,10,10,product,정밀기기,83633000,잠정,2026-09-30T01:44:33.734939+00:00
2017-10-01,10,10,product,가전제품,60329000,잠정,2026-09-30T01:44:33.734939+00:00
2017-10-01,20,20,product,전체,26494576000,잠정,2026-09-30T01:44:33.734939+00:00
2017-10-01,20,20,product,반도체,5918316000,잠정,2026-09-30T01:44:33.734939+00:00
2017-10-01,20,20,product,철강제품,1688621000,잠정,2026-09-30T01:44:33.734939+00:00
2017-10-01,20,20,product,승용차,1115453000,잠정,2026-09-30T01:44:33.734939+00:00
2017-10-01,20,20,product,석유제품,1484135000,잠정,2026-09-30T01:44:33.734939+00:00
2017-10-01,20,20,product,무선통신기기,1138766000,잠정,2026-09-30T01:44:33.734939+00:00
2017-10-01,20,20,product,선박,3013125000,잠정,2026-09-30T01:44:33.734939+00:00
2017-10-01,20,20,product,자동차부품,861520000,잠정,2026-09-30T01:44:33.734939+00:00
2017-10-01,20,20,product,컴퓨터주변기기,403397000,잠정,2026-09-30T01:44:33.734939+00:00
2017-10-01,20,20,product,정밀기기,442550000,잠정,2026-09-30T01:44:33.734939+00:00
2017-10-01,20,20,product,가전제품,370631000,잠정,2026-09-30T01:44:33.734939+00:00
2017-10-01,month_end,31,product,전체,44791239000,잠정,2026-09-30T01:44:33.734939+00:00
2017-10-01,month_end,31,product,반도체,9701470000,잠정,2026-09-30T01:44:33.734939+00:00
2017-10-01,month_end,31,product,철강제품,3252285000,잠정,2026-09-30T01:44:33.734939+00:00
2017-10-01,month_end,31,product,승용차,2680873000,잠정,2026-09-30T01:44:33.734939+00:00
2017-10-01,month_end,31,product,석유제품,2630547000,잠정,2026-09-30T01:44:33.734939+00:00
2017-10-01,month_end,31,product,무선통신기기,1951910000,잠정,2026-09-30T01:44:33.734939+00:00
2017-10-01,month_end,31,product,선박,3234131000,잠정,2026-09-30T01:44:33.734939+00:00
2017-10-01,month_end,31,product,자동차부품,1498036000,잠정,2026-09-30T01:44:33.734939+00:00
2017-10-01,month_end,31,product,컴퓨터주변기기,746278000,잠정,2026-09-30T01:44:33.734939+00:00
2017-10-01,month_end,31,product,정밀기기,803501000,잠정,2026-09-30T01:44:33.734939+00:00
2017-10-01,month_end,31,product,가전제품,651942000,잠정,2026-09-30T01:44:33.734939+00:00
2017-11-01,10,10,product,전체,16075304000,잠정,2026-09-30T01:44:33.734939+00:00
2017-11-01,10,10,product,반도체,3144983000,잠정,2026-09-30T01:44:33.734939+00:00
2017-11-01,10,10,product,철강제품,1141106000,잠정,2026-09-30T01:44:33.734939+00:00
2017-11-01,10,10,product,승용차,993464000,잠정,2026-09-30T01:44:33.734939+00:00
2017-11-01,10,10,product,석유제품,1184764000,잠정,2026-09-30T01:44:33.734939+00:00
2017-11-01,10,10,product,무선통신기기,778424000,잠정,2026-09-30T01:44:33.734939+00:00
2017-11-01,10,10,product,선박,147246000,잠정,2026-09-30T01:44:33.734939+00:00
2017-11-01,10,10,product,자동차부품,697342000,잠정,2026-09-30T01:44:33.734939+00:00
2017-11-01,10,10,product,컴퓨터주변기기,230914000,잠정,2026-09-30T01:44:33.734939+00:00
2017-11-01,10,10,product,정밀기기,355395000,잠정,2026-09-30T01:44:33.734939+00:00
2017-11-01,10,10,product,가전제품,217734000,잠정,2026-09-30T01:44:33.734939+00:00
2017-11-01,20,20,product,전체,29864929000,잠정,2026-09-30T01:44:33.734939+00:00
2017-11-01,20,20,product,반도체,5868387000,잠정,2026-09-30T01:44:33.734939+00:00
2017-11-01,20,20,product,철강제품,2112431000,잠정,2026-09-30T01:44:33.734939+00:00
2017-11-01,20,20,product,승용차,1825636000,잠정,2026-09-30T01:44:33.734939+00:00
2017-11-01,20,20,product,석유제품,2178708000,잠정,2026-09-30T01:44:33.734939+00:00
2017-11-01,20,20,product,무선통신기기,1354632000,잠정,2026-09-30T01:44:33.734939+00:00
2017-11-01,20,20,product,선박,688012000,잠정,2026-09-30T01:44:33.734939+00:00
2017-11-01,20,20,product,자동차부품,1144325000,잠정,2026-09-30T01:44:33.734939+00:00
2017-11-01,20,20,product,컴퓨터주변기기,463531000,잠정,2026-09-30T01:44:33.734939+00:00
2017-11-01,20,20,product,정밀기기,684624000,잠정,2026-09-30T01:44:33.734939+00:00
2017-11-01,20,20,product,가전제품,391862000,잠정,2026-09-30T01:44:33.734939+00:00
2017-11-01,month_end,30,product,전체,49707197000,잠정,2026-09-30T01:44:33.734939+00:00
2017-11-01,month_end,30,product,반도체,9827528000,잠정,2026-09-30T01:44:33.734939+00:00
2017-11-01,month_end,30,product,철강제품,3741361000,잠정,2026-09-30T01:44:33.734939+00:00
2017-11-01,month_end,30,product,승용차,3728428000,잠정,2026-09-30T01:44:33.734939+00:00
2017-11-01,month_end,30,product,석유제품,3462497000,잠정,2026-09-30T01:44:33.734939+00:00
2017-11-01,month_end,30,product,무선통신기기,2055615000,잠정,2026-09-30T01:44:33.734939+00:00
2017-11-01,month_end,30,product,선박,749677000,잠정,2026-09-30T01:44:33.734939+00:00
2017-11-01,month_end,30,product,자동차부품,1877152000,잠정,2026-09-30T01:44:33.734939+00:00
2017-11-01,month_end,30,product,컴퓨터주변기기,797631000,잠정,2026-09-30T01:44:33.734939+00:00
2017-11-01,month_end,30,product,정밀기기,1112046000,잠정,2026-09-30T01:44:33.734939+00:00
2017-11-01,month_end,30,product,가전제품,619319000,잠정,2026-09-30T01:44:33.734939+00:00
2017-12-01,10,10,product,전체,12559426000,잠정,2026-09-30T01:44:33.734939+00:00
2017-12-01,10,10,product,반도체,2564567000,잠정,2026-09-30T01:44:33.734939+00:00
2017-12-01,10,10,product,철강제품,869443000,잠정,2026-09-30T01:44:33.734939+00:00
2017-12-01,10,10,product,승용차,557653000,잠정,2026-09-30T01:44:33.734939+00:00
2017-12-01,10,10,product,석유제품,999854000,잠정,2026-09-30T01:44:33.734939+00:00
2017-12-01,10,10,product,무선통신기기,487717000,잠정,2026-09-30T01:44:33.734939+00:00
2017-12-01,10,10,product,선박,489743000,잠정,2026-09-30T01:44:33.734939+00:00
2017-12-01,10,10,product,자동차부품,485175000,잠정,2026-09-30T01:44:33.734939+00:00
2017-12-01,10,10,product,컴퓨터주변기기,202719000,잠정,2026-09-30T01:44:33.734939+00:00
2017-12-01,10,10,product,정밀기기,276307000,잠정,2026-09-30T01:44:33.734939+00:00
2017-12-01,10,10,product,가전제품,129338000,잠정,2026-09-30T01:44:33.734939+00:00
2017-12-01,20,20,product,전체,30948796000,잠정,2026-09-30T01:44:33.734939+00:00
2017-12-01,20,20,product,반도체,6094172000,잠정,2026-09-30T01:44:33.734939+00:00
2017-12-01,20,20,product,철강제품,2153307000,잠정,2026-09-30T01:44:33.734939+00:00
2017-12-01,20,20,product,승용차,1457317000,잠정,2026-09-30T01:44:33.734939+00:00
2017-12-01,20,20,product,석유제품,2171732000,잠정,2026-09-30T01:44:33.734939+00:00
2017-12-01,20,20,product,무선통신기기,1065412000,잠정,2026-09-30T01:44:33.734939+00:00
2017-12-01,20,20,product,선박,1778259000,잠정,2026-09-30T01:44:33.734939+00:00
2017-12-01,20,20,product,자동차부품,1100448000,잠정,2026-09-30T01:44:33.734939+00:00
2017-12-01,20,20,product,컴퓨터주변기기,515034000,잠정,2026-09-30T01:44:33.734939+00:00
2017-12-01,20,20,product,정밀기기,690574000,잠정,2026-09-30T01:44:33.734939+00:00
2017-12-01,20,20,product,가전제품,391339000,잠정,2026-09-30T01:44:33.734939+00:00
2017-12-01,month_end,31,product,전체,49040139000,잠정,2026-09-30T01:44:33.734939+00:00
2017-12-01,month_end,31,product,반도체,9938211000,잠정,2026-09-30T01:44:33.734939+00:00
2017-12-01,month_end,31,product,철강제품,3734046000,잠정,2026-09-30T01:44:33.734939+00:00
2017-12-01,month_end,31,product,승용차,2751007000,잠정,2026-09-30T01:44:33.734939+00:00
2017-12-01,month_end,31,product,석유제품,3426569000,잠정,2026-09-30T01:44:33.734939+00:00
2017-12-01,month_end,31,product,무선통신기기,1533064000,잠정,2026-09-30T01:44:33.734939+00:00
2017-12-01,month_end,31,product,선박,2460262000,잠정,2026-09-30T01:44:33.734939+00:00
2017-12-01,month_end,31,product,자동차부품,1727054000,잠정,2026-09-30T01:44:33.734939+00:00
2017-12-01,month_end,31,product,컴퓨터주변기기,776847000,잠정,2026-09-30T01:44:33.734939+00:00
2017-12-01,month_end,31,product,정밀기기,1077911000,잠정,2026-09-30T01:44:33.734939+00:00
2017-12-01,month_end,31,product,가전제품,541271000,잠정,2026-09-30T01:44:33.734939+00:00
2018-01-01,10,10,product,전체,13682888000,잠정,2026-09-30T01:44:33.920389+00:00
2018-01-01,10,10,product,반도체,2916282000,잠정,2026-09-30T01:44:33.920389+00:00
2018-01-01,10,10,product,철강제품,1009815000,잠정,2026-09-30T01:44:33.920389+00:00
2018-01-01,10,10,product,승용차,306697000,잠정,2026-09-30T01:44:33.920389+00:00
2018-01-01,10,10,product,석유제품,1120408000,잠정,2026-09-30T01:44:33.920389+00:00
2018-01-01,10,10,product,무선통신기기,482501000,잠정,2026-09-30T01:44:33.920389+00:00
2018-01-01,10,10,product,선박,825381000,잠정,2026-09-30T01:44:33.920389+00:00
2018-01-01,10,10,product,자동차부품,481146000,잠정,2026-09-30T01:44:33.920389+00:00
2018-01-01,10,10,product,컴퓨터주변기기,220032000,잠정,2026-09-30T01:44:33.920389+00:00
2018-01-01,10,10,product,정밀기기,282442000,잠정,2026-09-30T01:44:33.920389+00:00
2018-01-01,10,10,product,가전제품,171013000,잠정,2026-09-30T01:44:33.920389+00:00
2018-01-01,20,20,product,전체,30049491000,잠정,2026-09-30T01:44:33.920389+00:00
2018-01-01,20,20,product,반도체,6014651000,잠정,2026-09-30T01:44:33.920389+00:00
2018-01-01,20,20,product,철강제품,2200880000,잠정,2026-09-30T01:44:33.920389+00:00
2018-01-01,20,20,product,승용차,1366660000,잠정,2026-09-30T01:44:33.920389+00:00
2018-01-01,20,20,product,석유제품,2394477000,잠정,2026-09-30T01:44:33.920389+00:00
2018-01-01,20,20,product,무선통신기기,1025048000,잠정,2026-09-30T01:44:33.920389+00:00
2018-01-01,20,20,product,선박,1765240000,잠정,2026-09-30T01:44:33.920389+00:00
2018-01-01,20,20,product,자동차부품,1104897000,잠정,2026-09-30T01:44:33.920389+00:00
2018-01-01,20,20,product,컴퓨터주변기기,453214000,잠정,2026-09-30T01:44:33.920389+00:00
2018-01-01,20,20,product,정밀기기,580108000,잠정,2026-09-30T01:44:33.920389+00:00
2018-01-01,20,20,product,가전제품,381645000,잠정,2026-09-30T01:44:33.920389+00:00
2018-01-01,month_end,31,product,전체,49221291000,잠정,2026-09-30T01:44:33.920389+00:00
2018-01-01,month_end,31,product,반도체,9926733000,잠정,2026-09-30T01:44:33.920389+00:00
2018-01-01,month_end,31,product,철강제품,3921498000,잠정,2026-09-30T01:44:33.920389+00:00
2018-01-01,month_end,31,product,승용차,3059427000,잠정,2026-09-30T01:44:33.920389+00:00
2018-01-01,month_end,31,product,석유제품,3697613000,잠정,2026-09-30T01:44:33.920389+00:00
2018-01-01,month_end,31,product,무선통신기기,1516404000,잠정,2026-09-30T01:44:33.920389+00:00
2018-01-01,month_end,31,product,선박,2414473000,잠정,2026-09-30T01:44:33.920389+00:00
2018-01-01,month_end,31,product,자동차부품,1755364000,잠정,2026-09-30T01:44:33.920389+00:00
2018-01-01,month_end,31,product,컴퓨터주변기기,819620000,잠정,2026-09-30T01:44:33.920389+00:00
2018-01-01,month_end,31,product,정밀기기,910230000,잠정,2026-09-30T01:44:33.920389+00:00
2018-01-01,month_end,31,product,가전제품,611139000,잠정,2026-09-30T01:44:33.920389+00:00
2018-02-01,10,10,product,전체,14718264000,잠정,2026-09-30T01:44:33.920389+00:00
2018-02-01,10,10,product,반도체,2815160000,잠정,2026-09-30T01:44:33.920389+00:00
2018-02-01,10,10,product,철강제품,1107779000,잠정,2026-09-30T01:44:33.920389+00:00
2018-02-01,10,10,product,승용차,859118000,잠정,2026-09-30T01:44:33.920389+00:00
2018-02-01,10,10,product,석유제품,1211266000,잠정,2026-09-30T01:44:33.920389+00:00
2018-02-01,10,10,product,무선통신기기,402363000,잠정,2026-09-30T01:44:33.920389+00:00
2018-02-01,10,10,product,선박,827771000,잠정,2026-09-30T01:44:33.920389+00:00
2018-02-01,10,10,product,자동차부품,588903000,잠정,2026-09-30T01:44:33.920389+00:00
2018-02-01,10,10,product,컴퓨터주변기기,240898000,잠정,2026-09-30T01:44:33.920389+00:00
2018-02-01,10,10,product,정밀기기,251036000,잠정,2026-09-30T01:44:33.920389+00:00
2018-02-01,10,10,product,가전제품,188332000,잠정,2026-09-30T01:44:33.920389+00:00
2018-02-01,20,20,product,전체,26420095000,잠정,2026-09-30T01:44:33.920389+00:00
2018-02-01,20,20,product,반도체,5375776000,잠정,2026-09-30T01:44:33.920389+00:00
2018-02-01,20,20,product,철강제품,2146462000,잠정,2026-09-30T01:44:33.920389+00:00
2018-02-01,20,20,product,승용차,1350755000,잠정,2026-09-30T01:44:33.920389+00:00
2018-02-01,20,20,product,석유제품,2344344000,잠정,2026-09-30T01:44:33.920389+00:00
2018-02-01,20,20,product,무선통신기기,620607000,잠정,2026-09-30T01:44:33.920389+00:00
2018-02-01,20,20,product,선박,1184619000,잠정,2026-09-30T01:44:33.920389+00:00
2018-02-01,20,20,product,자동차부품,985515000,잠정,2026-09-30T01:44:33.920389+00:00
2018-02-01,20,20,product,컴퓨터주변기기,416202000,잠정,2026-09-30T01:44:33.920389+00:00
2018-02-01,20,20,product,정밀기기,420177000,잠정,2026-09-30T01:44:33.920389+00:00
2018-02-01,20,20,product,가전제품,375781000,잠정,2026-09-30T01:44:33.920389+00:00
2018-02-01,month_end,28,product,전체,44523530000,잠정,2026-09-30T01:44:33.920389+00:00
2018-02-01,month_end,28,product,반도체,9195027000,잠정,2026-09-30T01:44:33.920389+00:00
2018-02-01,month_end,28,product,철강제품,3697598000,잠정,2026-09-30T01:44:33.920389+00:00
2018-02-01,month_end,28,product,승용차,2630241000,잠정,2026-09-30T01:44:33.920389+00:00
2018-02-01,month_end,28,product,석유제품,3356720000,잠정,2026-09-30T01:44:33.920389+00:00
2018-02-01,month_end,28,product,무선통신기기,1093424000,잠정,2026-09-30T01:44:33.920389+00:00
2018-02-01,month_end,28,product,선박,2405854000,잠정,2026-09-30T01:44:33.920389+00:00
2018-02-01,month_end,28,product,자동차부품,1629334000,잠정,2026-09-30T01:44:33.920389+00:00
2018-02-01,month_end,28,product,컴퓨터주변기기,803969000,잠정,2026-09-30T01:44:33.920389+00:00
2018-02-01,month_end,28,product,정밀기기,722005000,잠정,2026-09-30T01:44:33.920389+00:00
2018-02-01,month_end,28,product,가전제품,562948000,잠정,2026-09-30T01:44:33.920389+00:00
2018-03-01,10,10,product,전체,13541635000,잠정,2026-09-30T01:44:33.920389+00:00
2018-03-01,10,10,product,반도체,2800998000,잠정,2026-09-30T01:44:33.920389+00:00
2018-03-01,10,10,product,철강제품,950124000,잠정,2026-09-30T01:44:33.920389+00:00
2018-03-01,10,10,product,승용차,699317000,잠정,2026-09-30T01:44:33.920389+00:00
2018-03-01,10,10,product,석유제품,1069638000,잠정,2026-09-30T01:44:33.920389+00:00
2018-03-01,10,10,product,무선통신기기,542800000,잠정,2026-09-30T01:44:33.920389+00:00
2018-03-01,10,10,product,선박,604434000,잠정,2026-09-30T01:44:33.920389+00:00
2018-03-01,10,10,product,자동차부품,520053000,잠정,2026-09-30T01:44:33.920389+00:00
2018-03-01,10,10,product,컴퓨터주변기기,216321000,잠정,2026-09-30T01:44:33.920389+00:00
2018-03-01,10,10,product,정밀기기,259372000,잠정,2026-09-30T01:44:33.920389+00:00
2018-03-01,10,10,product,가전제품,160294000,잠정,2026-09-30T01:44:33.920389+00:00
2018-03-01,20,20,product,전체,29476530000,잠정,2026-09-30T01:44:33.920389+00:00
2018-03-01,20,20,product,반도체,5838981000,잠정,2026-09-30T01:44:33.920389+00:00
2018-03-01,20,20,product,철강제품,2194413000,잠정,2026-09-30T01:44:33.920389+00:00
2018-03-01,20,20,product,승용차,1769297000,잠정,2026-09-30T01:44:33.920389+00:00
2018-03-01,20,20,product,석유제품,1936089000,잠정,2026-09-30T01:44:33.920389+00:00
2018-03-01,20,20,product,무선통신기기,1039691000,잠정,2026-09-30T01:44:33.920389+00:00
2018-03-01,20,20,product,선박,1618920000,잠정,2026-09-30T01:44:33.920389+00:00
2018-03-01,20,20,product,자동차부품,1094442000,잠정,2026-09-30T01:44:33.920389+00:00
2018-03-01,20,20,product,컴퓨터주변기기,483213000,잠정,2026-09-30T01:44:33.920389+00:00
2018-03-01,20,20,product,정밀기기,525895000,잠정,2026-09-30T01:44:33.920389+00:00
2018-03-01,20,20,product,가전제품,425469000,잠정,2026-09-30T01:44:33.920389+00:00
2018-03-01,month_end,31,product,전체,51309932000,잠정,2026-09-30T01:44:33.920389+00:00
2018-03-01,month_end,31,product,반도체,11045625000,잠정,2026-09-30T01:44:33.920389+00:00
2018-03-01,month_end,31,product,철강제품,3977208000,잠정,2026-09-30T01:44:33.920389+00:00
2018-03-01,month_end,31,product,승용차,3529774000,잠정,2026-09-30T01:44:33.920389+00:00
2018-03-01,month_end,31,product,석유제품,3095395000,잠정,2026-09-30T01:44:33.920389+00:00
2018-03-01,month_end,31,product,무선통신기기,1477315000,잠정,2026-09-30T01:44:33.920389+00:00
2018-03-01,month_end,31,product,선박,1955517000,잠정,2026-09-30T01:44:33.920389+00:00
2018-03-01,month_end,31,product,자동차부품,1869220000,잠정,2026-09-30T01:44:33.920389+00:00
2018-03-01,month_end,31,product,컴퓨터주변기기,978990000,잠정,2026-09-30T01:44:33.920389+00:00
2018-03-01,month_end,31,product,정밀기기,889445000,잠정,2026-09-30T01:44:33.920389+00:00
2018-03-01,month_end,31,product,가전제품,671654000,잠정,2026-09-30T01:44:33.920389+00:00
2018-04-01,10,10,product,전체,13814690000,잠정,2026-09-30T01:44:33.920389+00:00
2018-04-01,10,10,product,반도체,2611222000,잠정,2026-09-30T01:44:33.920389+00:00
2018-04-01,10,10,product,철강제품,1056467000,잠정,2026-09-30T01:44:33.920389+00:00
2018-04-01,10,10,product,승용차,731567000,잠정,2026-09-30T01:44:33.920389+00:00
2018-04-01,10,10,product,석유제품,1015946000,잠정,2026-09-30T01:44:33.920389+00:00
2018-04-01,10,10,product,무선통신기기,384770000,잠정,2026-09-30T01:44:33.920389+00:00
2018-04-01,10,10,product,선박,649293000,잠정,2026-09-30T01:44:33.920389+00:00
2018-04-01,10,10,product,자동차부품,574693000,잠정,2026-09-30T01:44:33.920389+00:00
2018-04-01,10,10,product,컴퓨터주변기기,186566000,잠정,2026-09-30T01:44:33.920389+00:00
2018-04-01,10,10,product,정밀기기,235359000,잠정,2026-09-30T01:44:33.920389+00:00
2018-04-01,10,10,product,가전제품,202602000,잠정,2026-09-30T01:44:33.920389+00:00
2018-04-01,20,20,product,전체,32566012000,잠정,2026-09-30T01:44:33.920389+00:00
2018-04-01,20,20,product,반도체,6194580000,잠정,2026-09-30T01:44:33.920389+00:00
2018-04-01,20,20,product,철강제품,2548043000,잠정,2026-09-30T01:44:33.920389+00:00
2018-04-01,20,20,product,승용차,1931752000,잠정,2026-09-30T01:44:33.920389+00:00
2018-04-01,20,20,product,석유제품,2373367000,잠정,2026-09-30T01:44:33.920389+00:00
2018-04-01,20,20,product,무선통신기기,851073000,잠정,2026-09-30T01:44:33.920389+00:00
2018-04-01,20,20,product,선박,1301439000,잠정,2026-09-30T01:44:33.920389+00:00
2018-04-01,20,20,product,자동차부품,1370130000,잠정,2026-09-30T01:44:33.920389+00:00
2018-04-01,20,20,product,컴퓨터주변기기,520287000,잠정,2026-09-30T01:44:33.920389+00:00
2018-04-01,20,20,product,정밀기기,576242000,잠정,2026-09-30T01:44:33.920389+00:00
2018-04-01,20,20,product,가전제품,453733000,잠정,2026-09-30T01:44:33.920389+00:00
2018-04-01,month_end,30,product,전체,49850235000,잠정,2026-09-30T01:44:33.920389+00:00
2018-04-01,month_end,30,product,반도체,9941528000,잠정,2026-09-30T01:44:33.920389+00:00
2018-04-01,month_end,30,product,철강제품,4123217000,잠정,2026-09-30T01:44:33.920389+00:00
2018-04-01,month_end,30,product,승용차,3324748000,잠정,2026-09-30T01:44:33.920389+00:00
2018-04-01,month_end,30,product,석유제품,3995324000,잠정,2026-09-30T01:44:33.920389+00:00
2018-04-01,month_end,30,product,무선통신기기,1160063000,잠정,2026-09-30T01:44:33.920389+00:00
2018-04-01,month_end,30,product,선박,1709321000,잠정,2026-09-30T01:44:33.920389+00:00
2018-04-01,month_end,30,product,자동차부품,1955866000,잠정,2026-09-30T01:44:33.920389+00:00
2018-04-01,month_end,30,product,컴퓨터주변기기,776331000,잠정,2026-09-30T01:44:33.920389+00:00
2018-04-01,month_end,30,product,정밀기기,912401000,잠정,2026-09-30T01:44:33.920389+00:00
2018-04-01,month_end,30,product,가전제품,630839000,잠정,2026-09-30T01:44:33.920389+00:00
2018-05-01,10,10,product,전체,13930367000,잠정,2026-09-30T01:44:33.920389+00:00
2018-05-01,10,10,product,반도체,2983514000,잠정,2026-09-30T01:44:33.920389+00:00
2018-05-01,10,10,product,철강제품,1182493000,잠정,2026-09-30T01:44:33.920389+00:00
2018-05-01,10,10,product,승용차,701611000,잠정,2026-09-30T01:44:33.920389+00:00
2018-05-01,10,10,product,석유제품,975526000,잠정,2026-09-30T01:44:33.920389+00:00
2018-05-01,10,10,product,무선통신기기,427725000,잠정,2026-09-30T01:44:33.920389+00:00
2018-05-01,10,10,product,선박,89013000,잠정,2026-09-30T01:44:33.920389+00:00
2018-05-01,10,10,product,자동차부품,663265000,잠정,2026-09-30T01:44:33.920389+00:00
2018-05-01,10,10,product,컴퓨터주변기기,240566000,잠정,2026-09-30T01:44:33.920389+00:00
2018-05-01,10,10,product,정밀기기,261117000,잠정,2026-09-30T01:44:33.920389+00:00
2018-05-01,10,10,product,가전제품,186457000,잠정,2026-09-30T01:44:33.920389+00:00
2018-05-01,20,20,product,전체,29116483000,잠정,2026-09-30T01:44:33.920389+00:00
2018-05-01,20,20,product,반도체,6091663000,잠정,2026-09-30T01:44:33.920389+00:00
2018-05-01,20,20,product,철강제품,2318187000,잠정,2026-09-30T01:44:33.920389+00:00
2018-05-01,20,20,product,승용차,1657139000,잠정,2026-09-30T01:44:33.920389+00:00
2018-05-01,20,20,product,석유제품,2215553000,잠정,2026-09-30T01:44:33.920389+00:00
2018-05-01,20,20,product,무선통신기기,866361000,잠정,2026-09-30T01:44:33.920389+00:00
2018-05-01,20,20,product,선박,577017000,잠정,2026-09-30T01:44:33.920389+00:00
2018-05-01,20,20,product,자동차부품,1226763000,잠정,2026-09-30T01:44:33.920389+00:00
2018-05-01,20,20,product,컴퓨터주변기기,540539000,잠정,2026-09-30T01:44:33.920389+00:00
2018-05-01,20,20,product,정밀기기,501739000,잠정,2026-09-30T01:44:33.920389+00:00
2018-05-01,20,20,product,가전제품,380367000,잠정,2026-09-30T01:44:33.920389+00:00
2018-05-01,month_end,31,product,전체,50687750000,잠정,2026-09-30T01:44:33.920389+00:00
2018-05-01,month_end,31,product,반도체,10997661000,잠정,2026-09-30T01:44:33.920389+00:00
2018-05-01,month_end,31,product,철강제품,4189803000,잠정,2026-09-30T01:44:33.920389+00:00
2018-05-01,month_end,31,product,승용차,3268920000,잠정,2026-09-30T01:44:33.920389+00:00
2018-05-01,month_end,31,product,석유제품,3982286000,잠정,2026-09-30T01:44:33.920389+00:00
2018-05-01,month_end,31,product,무선통신기기,1511657000,잠정,2026-09-30T01:44:33.920389+00:00
2018-05-01,month_end,31,product,선박,773824000,잠정,2026-09-30T01:44:33.920389+00:00
2018-05-01,month_end,31,product,자동차부품,2041462000,잠정,2026-09-30T01:44:33.920389+00:00
2018-05-01,month_end,31,product,컴퓨터주변기기,850566000,잠정,2026-09-30T01:44:33.920389+00:00
2018-05-01,month_end,31,product,정밀기기,872656000,잠정,2026-09-30T01:44:33.920389+00:00
2018-05-01,month_end,31,product,가전제품,646666000,잠정,2026-09-30T01:44:33.920389+00:00
2018-06-01,10,10,product,전체,12334956000,잠정,2026-09-30T01:44:33.920389+00:00
2018-06-01,10,10,product,반도체,2694356000,잠정,2026-09-30T01:44:33.920389+00:00
2018-06-01,10,10,product,철강제품,882703000,잠정,2026-09-30T01:44:33.920389+00:00
2018-06-01,10,10,product,승용차,655562000,잠정,2026-09-30T01:44:33.920389+00:00
2018-06-01,10,10,product,석유제품,1028149000,잠정,2026-09-30T01:44:33.920389+00:00
2018-06-01,10,10,product,무선통신기기,450259000,잠정,2026-09-30T01:44:33.920389+00:00
2018-06-01,10,10,product,선박,66411000,잠정,2026-09-30T01:44:33.920389+00:00
2018-06-01,10,10,product,자동차부품,508068000,잠정,2026-09-30T01:44:33.920389+00:00
2018-06-01,10,10,product,컴퓨터주변기기,228502000,잠정,2026-09-30T01:44:33.920389+00:00
2018-06-01,10,10,product,정밀기기,226030000,잠정,2026-09-30T01:44:33.920389+00:00
2018-06-01,10,10,product,가전제품,115846000,잠정,2026-09-30T01:44:33.920389+00:00
2018-06-01,20,20,product,전체,30243887000,잠정,2026-09-30T01:44:33.920389+00:00
2018-06-01,20,20,product,반도체,6246700000,잠정,2026-09-30T01:44:33.920389+00:00
2018-06-01,20,20,product,철강제품,2291581000,잠정,2026-09-30T01:44:33.920389+00:00
2018-06-01,20,20,product,승용차,1708073000,잠정,2026-09-30T01:44:33.920389+00:00
2018-06-01,20,20,product,석유제품,2477210000,잠정,2026-09-30T01:44:33.920389+00:00
2018-06-01,20,20,product,무선통신기기,904612000,잠정,2026-09-30T01:44:33.920389+00:00
2018-06-01,20,20,product,선박,756707000,잠정,2026-09-30T01:44:33.920389+00:00
2018-06-01,20,20,product,자동차부품,1195837000,잠정,2026-09-30T01:44:33.920389+00:00
2018-06-01,20,20,product,컴퓨터주변기기,573979000,잠정,2026-09-30T01:44:33.920389+00:00
2018-06-01,20,20,product,정밀기기,571390000,잠정,2026-09-30T01:44:33.920389+00:00
2018-06-01,20,20,product,가전제품,331832000,잠정,2026-09-30T01:44:33.920389+00:00
2018-06-01,month_end,30,product,전체,51079375000,잠정,2026-09-30T01:44:33.920389+00:00
2018-06-01,month_end,30,product,반도체,11321533000,잠정,2026-09-30T01:44:33.920389+00:00
2018-06-01,month_end,30,product,철강제품,4004036000,잠정,2026-09-30T01:44:33.920389+00:00
2018-06-01,month_end,30,product,승용차,3219928000,잠정,2026-09-30T01:44:33.920389+00:00
2018-06-01,month_end,30,product,석유제품,4126590000,잠정,2026-09-30T01:44:33.920389+00:00
2018-06-01,month_end,30,product,무선통신기기,1400797000,잠정,2026-09-30T01:44:33.920389+00:00
2018-06-01,month_end,30,product,선박,1271051000,잠정,2026-09-30T01:44:33.920389+00:00
2018-06-01,month_end,30,product,자동차부품,1913734000,잠정,2026-09-30T01:44:33.920389+00:00
2018-06-01,month_end,30,product,컴퓨터주변기기,1064582000,잠정,2026-09-30T01:44:33.920389+00:00
2018-06-01,month_end,30,product,정밀기기,960489000,잠정,2026-09-30T01:44:33.920389+00:00
2018-06-01,month_end,30,product,가전제품,538150000,잠정,2026-09-30T01:44:33.920389+00:00
2018-07-01,10,10,product,전체,13917063000,잠정,2026-09-30T01:44:33.920389+00:00
2018-07-01,10,10,product,반도체,2873528000,잠정,2026-09-30T01:44:33.920389+00:00
2018-07-01,10,10,product,철강제품,1129451000,잠정,2026-09-30T01:44:33.920389+00:00
2018-07-01,10,10,product,승용차,687716000,잠정,2026-09-30T01:44:33.920389+00:00
2018-07-01,10,10,product,석유제품,1220447000,잠정,2026-09-30T01:44:33.920389+00:00
2018-07-01,10,10,product,무선통신기기,467271000,잠정,2026-09-30T01:44:33.920389+00:00
2018-07-01,10,10,product,선박,221323000,잠정,2026-09-30T01:44:33.920389+00:00
2018-07-01,10,10,product,자동차부품,558205000,잠정,2026-09-30T01:44:33.920389+00:00
2018-07-01,10,10,product,컴퓨터주변기기,170016000,잠정,2026-09-30T01:44:33.920389+00:00
2018-07-01,10,10,product,정밀기기,258184000,잠정,2026-09-30T01:44:33.920389+00:00
2018-07-01,10,10,product,가전제품,168117000,잠정,2026-09-30T01:44:33.920389+00:00
2018-07-01,20,20,product,전체,32757062000,잠정,2026-09-30T01:44:33.920389+00:00
2018-07-01,20,20,product,반도체,6424137000,잠정,2026-09-30T01:44:33.920389+00:00
2018-07-01,20,20,product,철강제품,2754422000,잠정,2026-09-30T01:44:33.920389+00:00
2018-07-01,20,20,product,승용차,1782707000,잠정,2026-09-30T01:44:33.920389+00:00
2018-07-01,20,20,product,석유제품,2629725000,잠정,2026-09-30T01:44:33.920389+00:00
2018-07-01,20,20,product,무선통신기기,1053955000,잠정,2026-09-30T01:44:33.920389+00:00
2018-07-01,20,20,product,선박,1163626000,잠정,2026-09-30T01:44:33.920389+00:00
2018-07-01,20,20,product,자동차부품,1306186000,잠정,2026-09-30T01:44:33.920389+00:00
2018-07-01,20,20,product,컴퓨터주변기기,480093000,잠정,2026-09-30T01:44:33.920389+00:00
2018-07-01,20,20,product,정밀기기,557258000,잠정,2026-09-30T01:44:33.920389+00:00
2018-07-01,20,20,product,가전제품,374690000,잠정,2026-09-30T01:44:33.920389+00:00
2018-07-01,month_end,31,product,전체,51810255000,잠정,2026-09-30T01:44:33.920389+00:00
2018-07-01,month_end,31,product,반도체,10622705000,잠정,2026-09-30T01:44:33.920389+00:00
2018-07-01,month_end,31,product,철강제품,4756506000,잠정,2026-09-30T01:44:33.920389+00:00
2018-07-01,month_end,31,product,승용차,2934066000,잠정,2026-09-30T01:44:33.920389+00:00
2018-07-01,month_end,31,product,석유제품,3973162000,잠정,2026-09-30T01:44:33.920389+00:00
2018-07-01,month_end,31,product,무선통신기기,1459739000,잠정,2026-09-30T01:44:33.920389+00:00
2018-07-01,month_end,31,product,선박,1590482000,잠정,2026-09-30T01:44:33.920389+00:00
2018-07-01,month_end,31,product,자동차부품,1947068000,잠정,2026-09-30T01:44:33.920389+00:00
2018-07-01,month_end,31,product,컴퓨터주변기기,819184000,잠정,2026-09-30T01:44:33.920389+00:00
2018-07-01,month_end,31,product,정밀기기,881877000,잠정,2026-09-30T01:44:33.920389+00:00
2018-07-01,month_end,31,product,가전제품,581648000,잠정,2026-09-30T01:44:33.920389+00:00
2018-08-01,10,10,product,전체,14802110000,잠정,2026-09-30T01:44:33.920389+00:00
2018-08-01,10,10,product,반도체,3556668000,잠정,2026-09-30T01:44:33.920389+00:00
2018-08-01,10,10,product,철강제품,1069896000,잠정,2026-09-30T01:44:33.920389+00:00
2018-08-01,10,10,product,승용차,331488000,잠정,2026-09-30T01:44:33.920389+00:00
2018-08-01,10,10,product,석유제품,1598670000,잠정,2026-09-30T01:44:33.920389+00:00
2018-08-01,10,10,product,무선통신기기,488195000,잠정,2026-09-30T01:44:33.920389+00:00
2018-08-01,10,10,product,선박,9910000,잠정,2026-09-30T01:44:33.920389+00:00
2018-08-01,10,10,product,자동차부품,448557000,잠정,2026-09-30T01:44:33.920389+00:00
2018-08-01,10,10,product,컴퓨터주변기기,234912000,잠정,2026-09-30T01:44:33.920389+00:00
2018-08-01,10,10,product,정밀기기,324406000,잠정,2026-09-30T01:44:33.920389+00:00
2018-08-01,10,10,product,가전제품,153482000,잠정,2026-09-30T01:44:33.920389+00:00
2018-08-01,20,20,product,전체,28785487000,잠정,2026-09-30T01:44:33.920389+00:00
2018-08-01,20,20,product,반도체,6755741000,잠정,2026-09-30T01:44:33.920389+00:00
2018-08-01,20,20,product,철강제품,2336616000,잠정,2026-09-30T01:44:33.920389+00:00
2018-08-01,20,20,product,승용차,1088588000,잠정,2026-09-30T01:44:33.920389+00:00
2018-08-01,20,20,product,석유제품,2863453000,잠정,2026-09-30T01:44:33.920389+00:00
2018-08-01,20,20,product,무선통신기기,875669000,잠정,2026-09-30T01:44:33.920389+00:00
2018-08-01,20,20,product,선박,402602000,잠정,2026-09-30T01:44:33.920389+00:00
2018-08-01,20,20,product,자동차부품,910184000,잠정,2026-09-30T01:44:33.920389+00:00
2018-08-01,20,20,product,컴퓨터주변기기,449857000,잠정,2026-09-30T01:44:33.920389+00:00
2018-08-01,20,20,product,정밀기기,606371000,잠정,2026-09-30T01:44:33.920389+00:00
2018-08-01,20,20,product,가전제품,311855000,잠정,2026-09-30T01:44:33.920389+00:00
2018-08-01,month_end,31,product,전체,51180449000,잠정,2026-09-30T01:44:33.920389+00:00
2018-08-01,month_end,31,product,반도체,11820645000,잠정,2026-09-30T01:44:33.920389+00:00
2018-08-01,month_end,31,product,철강제품,4314235000,잠정,2026-09-30T01:44:33.920389+00:00
2018-08-01,month_end,31,product,승용차,2630553000,잠정,2026-09-30T01:44:33.920389+00:00
2018-08-01,month_end,31,product,석유제품,4303110000,잠정,2026-09-30T01:44:33.920389+00:00
2018-08-01,month_end,31,product,무선통신기기,1431373000,잠정,2026-09-30T01:44:33.920389+00:00
2018-08-01,month_end,31,product,선박,617569000,잠정,2026-09-30T01:44:33.920389+00:00
2018-08-01,month_end,31,product,자동차부품,1791212000,잠정,2026-09-30T01:44:33.920389+00:00
2018-08-01,month_end,31,product,컴퓨터주변기기,868191000,잠정,2026-09-30T01:44:33.920389+00:00
2018-08-01,month_end,31,product,정밀기기,1102808000,잠정,2026-09-30T01:44:33.920389+00:00
2018-08-01,month_end,31,product,가전제품,568515000,잠정,2026-09-30T01:44:33.920389+00:00
2018-09-01,10,10,product,전체,13997269000,잠정,2026-09-30T01:44:33.920389+00:00
2018-09-01,10,10,product,반도체,3450432000,잠정,2026-09-30T01:44:33.920389+00:00
2018-09-01,10,10,product,철강제품,944026000,잠정,2026-09-30T01:44:33.920389+00:00
2018-09-01,10,10,product,승용차,677566000,잠정,2026-09-30T01:44:33.920389+00:00
2018-09-01,10,10,product,석유제품,1290159000,잠정,2026-09-30T01:44:33.920389+00:00
2018-09-01,10,10,product,무선통신기기,399055000,잠정,2026-09-30T01:44:33.920389+00:00
2018-09-01,10,10,product,선박,174698000,잠정,2026-09-30T01:44:33.920389+00:00
2018-09-01,10,10,product,자동차부품,517315000,잠정,2026-09-30T01:44:33.920389+00:00
2018-09-01,10,10,product,컴퓨터주변기기,231555000,잠정,2026-09-30T01:44:33.920389+00:00
2018-09-01,10,10,product,정밀기기,316795000,잠정,2026-09-30T01:44:33.920389+00:00
2018-09-01,10,10,product,가전제품,176577000,잠정,2026-09-30T01:44:33.920389+00:00
2018-09-01,20,20,product,전체,36519939000,잠정,2026-09-30T01:44:33.920389+00:00
2018-09-01,20,20,product,반도체,8205860000,잠정,2026-09-30T01:44:33.920389+00:00
2018-09-01,20,20,product,철강제품,2582959000,잠정,2026-09-30T01:44:33.920389+00:00
2018-09-01,20,20,product,승용차,1876999000,잠정,2026-09-30T01:44:33.920389+00:00
2018-09-01,20,20,product,석유제품,2897585000,잠정,2026-09-30T01:44:33.920389+00:00
2018-09-01,20,20,product,무선통신기기,968802000,잠정,2026-09-30T01:44:33.920389+00:00
2018-09-01,20,20,product,선박,1076299000,잠정,2026-09-30T01:44:33.920389+00:00
2018-09-01,20,20,product,자동차부품,1404483000,잠정,2026-09-30T01:44:33.920389+00:00
2018-09-01,20,20,product,컴퓨터주변기기,567229000,잠정,2026-09-30T01:44:33.920389+00:00
2018-09-01,20,20,product,정밀기기,811818000,잠정,2026-09-30T01:44:33.920389+00:00
2018-09-01,20,20,product,가전제품,470547000,잠정,2026-09-30T01:44:33.920389+00:00
2018-09-01,month_end,30,product,전체,50650208000,잠정,2026-09-30T01:44:33.920389+00:00
2018-09-01,month_end,30,product,반도체,12694128000,잠정,2026-09-30T01:44:33.920389+00:00
2018-09-01,month_end,30,product,철강제품,3681585000,잠정,2026-09-30T01:44:33.920389+00:00
2018-09-01,month_end,30,product,승용차,2763577000,잠정,2026-09-30T01:44:33.920389+00:00
2018-09-01,month_end,30,product,석유제품,4299997000,잠정,2026-09-30T01:44:33.920389+00:00
2018-09-01,month_end,30,product,무선통신기기,1272605000,잠정,2026-09-30T01:44:33.920389+00:00
2018-09-01,month_end,30,product,선박,1356806000,잠정,2026-09-30T01:44:33.920389+00:00
2018-09-01,month_end,30,product,자동차부품,1681150000,잠정,2026-09-30T01:44:33.920389+00:00
2018-09-01,month_end,30,product,컴퓨터주변기기,893758000,잠정,2026-09-30T01:44:33.920389+00:00
2018-09-01,month_end,30,product,정밀기기,1043625000,잠정,2026-09-30T01:44:33.920389+00:00
2018-09-01,month_end,30,product,가전제품,595365000,잠정,2026-09-30T01:44:33.920389+00:00
2018-10-01,10,10,product,전체,14356256000,잠정,2026-09-30T01:44:33.920389+00:00
2018-10-01,10,10,product,반도체,2837005000,잠정,2026-09-30T01:44:33.920389+00:00
2018-10-01,10,10,product,철강제품,978719000,잠정,2026-09-30T01:44:33.920389+00:00
2018-10-01,10,10,product,승용차,797856000,잠정,2026-09-30T01:44:33.920389+00:00
2018-10-01,10,10,product,석유제품,1251514000,잠정,2026-09-30T01:44:33.920389+00:00
2018-10-01,10,10,product,무선통신기기,521959000,잠정,2026-09-30T01:44:33.920389+00:00
2018-10-01,10,10,product,선박,302729000,잠정,2026-09-30T01:44:33.920389+00:00
2018-10-01,10,10,product,자동차부품,632717000,잠정,2026-09-30T01:44:33.920389+00:00
2018-10-01,10,10,product,컴퓨터주변기기,167182000,잠정,2026-09-30T01:44:33.920389+00:00
2018-10-01,10,10,product,정밀기기,366346000,잠정,2026-09-30T01:44:33.920389+00:00
2018-10-01,10,10,product,가전제품,200323000,잠정,2026-09-30T01:44:33.920389+00:00
2018-10-01,20,20,product,전체,33335175000,잠정,2026-09-30T01:44:33.920389+00:00
2018-10-01,20,20,product,반도체,6469703000,잠정,2026-09-30T01:44:33.920389+00:00
2018-10-01,20,20,product,철강제품,2277269000,잠정,2026-09-30T01:44:33.920389+00:00
2018-10-01,20,20,product,승용차,2104784000,잠정,2026-09-30T01:44:33.920389+00:00
2018-10-01,20,20,product,석유제품,3102654000,잠정,2026-09-30T01:44:33.920389+00:00
2018-10-01,20,20,product,무선통신기기,1045816000,잠정,2026-09-30T01:44:33.920389+00:00
2018-10-01,20,20,product,선박,1155110000,잠정,2026-09-30T01:44:33.920389+00:00
2018-10-01,20,20,product,자동차부품,1340503000,잠정,2026-09-30T01:44:33.920389+00:00
2018-10-01,20,20,product,컴퓨터주변기기,353172000,잠정,2026-09-30T01:44:33.920389+00:00
2018-10-01,20,20,product,정밀기기,770189000,잠정,2026-09-30T01:44:33.920389+00:00
2018-10-01,20,20,product,가전제품,404630000,잠정,2026-09-30T01:44:33.920389+00:00
2018-10-01,month_end,31,product,전체,54860310000,잠정,2026-09-30T01:44:33.920389+00:00
2018-10-01,month_end,31,product,반도체,11874119000,잠정,2026-09-30T01:44:33.920389+00:00
2018-10-01,month_end,31,product,철강제품,3989610000,잠정,2026-09-30T01:44:33.920389+00:00
2018-10-01,month_end,31,product,승용차,3666651000,잠정,2026-09-30T01:44:33.920389+00:00
2018-10-01,month_end,31,product,석유제품,4600992000,잠정,2026-09-30T01:44:33.920389+00:00
2018-10-01,month_end,31,product,무선통신기기,1727279000,잠정,2026-09-30T01:44:33.920389+00:00
2018-10-01,month_end,31,product,선박,1436237000,잠정,2026-09-30T01:44:33.920389+00:00
2018-10-01,month_end,31,product,자동차부품,2055564000,잠정,2026-09-30T01:44:33.920389+00:00
2018-10-01,month_end,31,product,컴퓨터주변기기,732997000,잠정,2026-09-30T01:44:33.920389+00:00
2018-10-01,month_end,31,product,정밀기기,1227835000,잠정,2026-09-30T01:44:33.920389+00:00
2018-10-01,month_end,31,product,가전제품,645948000,잠정,2026-09-30T01:44:33.920389+00:00
2018-11-01,10,10,product,전체,15011001000,잠정,2026-09-30T01:44:33.920389+00:00
2018-11-01,10,10,product,반도체,2973535000,잠정,2026-09-30T01:44:33.920389+00:00
2018-11-01,10,10,product,철강제품,988342000,잠정,2026-09-30T01:44:33.920389+00:00
2018-11-01,10,10,product,승용차,1001180000,잠정,2026-09-30T01:44:33.920389+00:00
2018-11-01,10,10,product,석유제품,1181323000,잠정,2026-09-30T01:44:33.920389+00:00
2018-11-01,10,10,product,무선통신기기,713108000,잠정,2026-09-30T01:44:33.920389+00:00
2018-11-01,10,10,product,선박,585168000,잠정,2026-09-30T01:44:33.920389+00:00
2018-11-01,10,10,product,자동차부품,624978000,잠정,2026-09-30T01:44:33.920389+00:00
2018-11-01,10,10,product,컴퓨터주변기기,177031000,잠정,2026-09-30T01:44:33.920389+00:00
2018-11-01,10,10,product,정밀기기,343914000,잠정,2026-09-30T01:44:33.920389+00:00
2018-11-01,10,10,product,가전제품,186095000,잠정,2026-09-30T01:44:33.920389+00:00
2018-11-01,20,20,product,전체,31200636000,잠정,2026-09-30T01:44:33.920389+00:00
2018-11-01,20,20,product,반도체,6071637000,잠정,2026-09-30T01:44:33.920389+00:00
2018-11-01,20,20,product,철강제품,2106108000,잠정,2026-09-30T01:44:33.920389+00:00
2018-11-01,20,20,product,승용차,2084781000,잠정,2026-09-30T01:44:33.920389+00:00
2018-11-01,20,20,product,석유제품,2455302000,잠정,2026-09-30T01:44:33.920389+00:00
2018-11-01,20,20,product,무선통신기기,1364561000,잠정,2026-09-30T01:44:33.920389+00:00
2018-11-01,20,20,product,선박,1696788000,잠정,2026-09-30T01:44:33.920389+00:00
2018-11-01,20,20,product,자동차부품,1162254000,잠정,2026-09-30T01:44:33.920389+00:00
2018-11-01,20,20,product,컴퓨터주변기기,420232000,잠정,2026-09-30T01:44:33.920389+00:00
2018-11-01,20,20,product,정밀기기,660442000,잠정,2026-09-30T01:44:33.920389+00:00
2018-11-01,20,20,product,가전제품,398293000,잠정,2026-09-30T01:44:33.920389+00:00
2018-11-01,month_end,30,product,전체,51479530000,잠정,2026-09-30T01:44:33.920389+00:00
2018-11-01,month_end,30,product,반도체,10974481000,잠정,2026-09-30T01:44:33.920389+00:00
2018-11-01,month_end,30,product,철강제품,3807459000,잠정,2026-09-30T01:44:33.920389+00:00
2018-11-01,month_end,30,product,승용차,3697749000,잠정,2026-09-30T01:44:33.920389+00:00
2018-11-01,month_end,30,product,석유제품,3976879000,잠정,2026-09-30T01:44:33.920389+00:00
2018-11-01,month_end,30,product,무선통신기기,1991663000,잠정,2026-09-30T01:44:33.920389+00:00
2018-11-01,month_end,30,product,선박,2000901000,잠정,2026-09-30T01:44:33.920389+00:00
2018-11-01,month_end,30,product,자동차부품,1877575000,잠정,2026-09-30T01:44:33.920389+00:00
2018-11-01,month_end,30,product,컴퓨터주변기기,714720000,잠정,2026-09-30T01:44:33.920389+00:00
2018-11-01,month_end,30,product,정밀기기,1034978000,잠정,2026-09-30T01:44:33.920389+00:00
2018-11-01,month_end,30,product,가전제품,617945000,잠정,2026-09-30T01:44:33.920389+00:00
2018-12-01,10,10,product,전체,11941663000,잠정,2026-09-30T01:44:33.920389+00:00
2018-12-01,10,10,product,반도체,2469996000,잠정,2026-09-30T01:44:33.920389+00:00
2018-12-01,10,10,product,철강제품,878625000,잠정,2026-09-30T01:44:33.920389+00:00
2018-12-01,10,10,product,승용차,778585000,잠정,2026-09-30T01:44:33.920389+00:00
2018-12-01,10,10,product,석유제품,1078471000,잠정,2026-09-30T01:44:33.920389+00:00
2018-12-01,10,10,product,무선통신기기,526977000,잠정,2026-09-30T01:44:33.920389+00:00
2018-12-01,10,10,product,선박,24971000,잠정,2026-09-30T01:44:33.920389+00:00
2018-12-01,10,10,product,자동차부품,447950000,잠정,2026-09-30T01:44:33.920389+00:00
2018-12-01,10,10,product,컴퓨터주변기기,185984000,잠정,2026-09-30T01:44:33.920389+00:00
2018-12-01,10,10,product,정밀기기,290725000,잠정,2026-09-30T01:44:33.920389+00:00
2018-12-01,10,10,product,가전제품,180301000,잠정,2026-09-30T01:44:33.920389+00:00
2018-12-01,20,20,product,전체,31060666000,잠정,2026-09-30T01:44:33.920389+00:00
2018-12-01,20,20,product,반도체,5495689000,잠정,2026-09-30T01:44:33.920389+00:00
2018-12-01,20,20,product,철강제품,2140332000,잠정,2026-09-30T01:44:33.920389+00:00
2018-12-01,20,20,product,승용차,2133789000,잠정,2026-09-30T01:44:33.920389+00:00
2018-12-01,20,20,product,석유제품,2300850000,잠정,2026-09-30T01:44:33.920389+00:00
2018-12-01,20,20,product,무선통신기기,1304850000,잠정,2026-09-30T01:44:33.920389+00:00
2018-12-01,20,20,product,선박,1838387000,잠정,2026-09-30T01:44:33.920389+00:00
2018-12-01,20,20,product,자동차부품,1163768000,잠정,2026-09-30T01:44:33.920389+00:00
2018-12-01,20,20,product,컴퓨터주변기기,444164000,잠정,2026-09-30T01:44:33.920389+00:00
2018-12-01,20,20,product,정밀기기,671140000,잠정,2026-09-30T01:44:33.920389+00:00
2018-12-01,20,20,product,가전제품,447133000,잠정,2026-09-30T01:44:33.920389+00:00
2018-12-01,month_end,31,product,전체,48206793000,잠정,2026-09-30T01:44:33.920389+00:00
2018-12-01,month_end,31,product,반도체,9108586000,잠정,2026-09-30T01:44:33.920389+00:00
2018-12-01,month_end,31,product,철강제품,3597869000,잠정,2026-09-30T01:44:33.920389+00:00
2018-12-01,month_end,31,product,승용차,3522414000,잠정,2026-09-30T01:44:33.920389+00:00
2018-12-01,month_end,31,product,석유제품,3543209000,잠정,2026-09-30T01:44:33.920389+00:00
2018-12-01,month_end,31,product,무선통신기기,1699461000,잠정,2026-09-30T01:44:33.920389+00:00
2018-12-01,month_end,31,product,선박,3177851000,잠정,2026-09-30T01:44:33.920389+00:00
2018-12-01,month_end,31,product,자동차부품,1728826000,잠정,2026-09-30T01:44:33.920389+00:00
2018-12-01,month_end,31,product,컴퓨터주변기기,681649000,잠정,2026-09-30T01:44:33.920389+00:00
2018-12-01,month_end,31,product,정밀기기,966371000,잠정,2026-09-30T01:44:33.920389+00:00
2018-12-01,month_end,31,product,가전제품,614675000,잠정,2026-09-30T01:44:33.920389+00:00
2019-01-01,10,10,product,전체,12636635000,잠정,2026-09-30T01:44:34.105884+00:00
2019-01-01,10,10,product,반도체,2119744000,잠정,2026-09-30T01:44:34.105884+00:00
2019-01-01,10,10,product,철강제품,994225000,잠정,2026-09-30T01:44:34.105884+00:00
2019-01-01,10,10,product,승용차,697648000,잠정,2026-09-30T01:44:34.105884+00:00
2019-01-01,10,10,product,석유제품,839889000,잠정,2026-09-30T01:44:34.105884+00:00
2019-01-01,10,10,product,무선통신기기,585447000,잠정,2026-09-30T01:44:34.105884+00:00
2019-01-01,10,10,product,선박,577799000,잠정,2026-09-30T01:44:34.105884+00:00
2019-01-01,10,10,product,자동차부품,576753000,잠정,2026-09-30T01:44:34.105884+00:00
2019-01-01,10,10,product,컴퓨터주변기기,206025000,잠정,2026-09-30T01:44:34.105884+00:00
2019-01-01,10,10,product,정밀기기,284892000,잠정,2026-09-30T01:44:34.105884+00:00
2019-01-01,10,10,product,가전제품,199679000,잠정,2026-09-30T01:44:34.105884+00:00
2019-01-01,20,20,product,전체,25704243000,잠정,2026-09-30T01:44:34.105884+00:00
2019-01-01,20,20,product,반도체,4283922000,잠정,2026-09-30T01:44:34.105884+00:00
2019-01-01,20,20,product,철강제품,2038095000,잠정,2026-09-30T01:44:34.105884+00:00
2019-01-01,20,20,product,승용차,1763740000,잠정,2026-09-30T01:44:34.105884+00:00
2019-01-01,20,20,product,석유제품,1876394000,잠정,2026-09-30T01:44:34.105884+00:00
2019-01-01,20,20,product,무선통신기기,1096943000,잠정,2026-09-30T01:44:34.105884+00:00
2019-01-01,20,20,product,선박,1048468000,잠정,2026-09-30T01:44:34.105884+00:00
2019-01-01,20,20,product,자동차부품,1104037000,잠정,2026-09-30T01:44:34.105884+00:00
2019-01-01,20,20,product,컴퓨터주변기기,392286000,잠정,2026-09-30T01:44:34.105884+00:00
2019-01-01,20,20,product,정밀기기,518240000,잠정,2026-09-30T01:44:34.105884+00:00
2019-01-01,20,20,product,가전제품,408464000,잠정,2026-09-30T01:44:34.105884+00:00
2019-01-01,month_end,31,product,전체,46168934000,잠정,2026-09-30T01:44:34.105884+00:00
2019-01-01,month_end,31,product,반도체,7679253000,잠정,2026-09-30T01:44:34.105884+00:00
2019-01-01,month_end,31,product,철강제품,3932243000,잠정,2026-09-30T01:44:34.105884+00:00
2019-01-01,month_end,31,product,승용차,3429000000,잠정,2026-09-30T01:44:34.105884+00:00
2019-01-01,month_end,31,product,석유제품,3647294000,잠정,2026-09-30T01:44:34.105884+00:00
2019-01-01,month_end,31,product,무선통신기기,1693378000,잠정,2026-09-30T01:44:34.105884+00:00
2019-01-01,month_end,31,product,선박,1735818000,잠정,2026-09-30T01:44:34.105884+00:00
2019-01-01,month_end,31,product,자동차부품,1982501000,잠정,2026-09-30T01:44:34.105884+00:00
2019-01-01,month_end,31,product,컴퓨터주변기기,640964000,잠정,2026-09-30T01:44:34.105884+00:00
2019-01-01,month_end,31,product,정밀기기,874538000,잠정,2026-09-30T01:44:34.105884+00:00
2019-01-01,month_end,31,product,가전제품,741358000,잠정,2026-09-30T01:44:34.105884+00:00
2019-02-01,10,10,product,전체,6315804000,잠정,2026-09-30T01:44:34.105884+00:00
2019-02-01,10,10,product,반도체,1415212000,잠정,2026-09-30T01:44:34.105884+00:00
2019-02-01,10,10,product,철강제품,519999000,잠정,2026-09-30T01:44:34.105884+00:00
2019-02-01,10,10,product,승용차,286521000,잠정,2026-09-30T01:44:34.105884+00:00
2019-02-01,10,10,product,석유제품,610387000,잠정,2026-09-30T01:44:34.105884+00:00
2019-02-01,10,10,product,무선통신기기,334673000,잠정,2026-09-30T01:44:34.105884+00:00
2019-02-01,10,10,product,선박,87026000,잠정,2026-09-30T01:44:34.105884+00:00
2019-02-01,10,10,product,자동차부품,210701000,잠정,2026-09-30T01:44:34.105884+00:00
2019-02-01,10,10,product,컴퓨터주변기기,89228000,잠정,2026-09-30T01:44:34.105884+00:00
2019-02-01,10,10,product,정밀기기,116217000,잠정,2026-09-30T01:44:34.105884+00:00
2019-02-01,10,10,product,가전제품,92875000,잠정,2026-09-30T01:44:34.105884+00:00
2019-02-01,20,20,product,전체,23344607000,잠정,2026-09-30T01:44:34.105884+00:00
2019-02-01,20,20,product,반도체,3913637000,잠정,2026-09-30T01:44:34.105884+00:00
2019-02-01,20,20,product,철강제품,1888392000,잠정,2026-09-30T01:44:34.105884+00:00
2019-02-01,20,20,product,승용차,1331753000,잠정,2026-09-30T01:44:34.105884+00:00
2019-02-01,20,20,product,석유제품,1850375000,잠정,2026-09-30T01:44:34.105884+00:00
2019-02-01,20,20,product,무선통신기기,956780000,잠정,2026-09-30T01:44:34.105884+00:00
2019-02-01,20,20,product,선박,1104472000,잠정,2026-09-30T01:44:34.105884+00:00
2019-02-01,20,20,product,자동차부품,882426000,잠정,2026-09-30T01:44:34.105884+00:00
2019-02-01,20,20,product,컴퓨터주변기기,349215000,잠정,2026-09-30T01:44:34.105884+00:00
2019-02-01,20,20,product,정밀기기,429951000,잠정,2026-09-30T01:44:34.105884+00:00
2019-02-01,20,20,product,가전제품,406653000,잠정,2026-09-30T01:44:34.105884+00:00
2019-02-01,month_end,28,product,전체,39481803000,잠정,2026-09-30T01:44:34.105884+00:00
2019-02-01,month_end,28,product,반도체,6989661000,잠정,2026-09-30T01:44:34.105884+00:00
2019-02-01,month_end,28,product,철강제품,3539508000,잠정,2026-09-30T01:44:34.105884+00:00
2019-02-01,month_end,28,product,승용차,2693787000,잠정,2026-09-30T01:44:34.105884+00:00
2019-02-01,month_end,28,product,석유제품,3023824000,잠정,2026-09-30T01:44:34.105884+00:00
2019-02-01,month_end,28,product,무선통신기기,1403921000,잠정,2026-09-30T01:44:34.105884+00:00
2019-02-01,month_end,28,product,선박,1287317000,잠정,2026-09-30T01:44:34.105884+00:00
2019-02-01,month_end,28,product,자동차부품,1581202000,잠정,2026-09-30T01:44:34.105884+00:00
2019-02-01,month_end,28,product,컴퓨터주변기기,582232000,잠정,2026-09-30T01:44:34.105884+00:00
2019-02-01,month_end,28,product,정밀기기,729051000,잠정,2026-09-30T01:44:34.105884+00:00
2019-02-01,month_end,28,product,가전제품,658975000,잠정,2026-09-30T01:44:34.105884+00:00
2019-03-01,10,10,product,전체,10940309000,잠정,2026-09-30T01:44:34.105884+00:00
2019-03-01,10,10,product,반도체,1967268000,잠정,2026-09-30T01:44:34.105884+00:00
2019-03-01,10,10,product,철강제품,810113000,잠정,2026-09-30T01:44:34.105884+00:00
2019-03-01,10,10,product,승용차,735724000,잠정,2026-09-30T01:44:34.105884+00:00
2019-03-01,10,10,product,석유제품,665999000,잠정,2026-09-30T01:44:34.105884+00:00
2019-03-01,10,10,product,무선통신기기,520807000,잠정,2026-09-30T01:44:34.105884+00:00
2019-03-01,10,10,product,선박,546715000,잠정,2026-09-30T01:44:34.105884+00:00
2019-03-01,10,10,product,자동차부품,444491000,잠정,2026-09-30T01:44:34.105884+00:00
2019-03-01,10,10,product,컴퓨터주변기기,151922000,잠정,2026-09-30T01:44:34.105884+00:00
2019-03-01,10,10,product,정밀기기,216802000,잠정,2026-09-30T01:44:34.105884+00:00
2019-03-01,10,10,product,가전제품,171880000,잠정,2026-09-30T01:44:34.105884+00:00
2019-03-01,20,20,product,전체,27918416000,잠정,2026-09-30T01:44:34.105884+00:00
2019-03-01,20,20,product,반도체,4376935000,잠정,2026-09-30T01:44:34.105884+00:00
2019-03-01,20,20,product,철강제품,2102300000,잠정,2026-09-30T01:44:34.105884+00:00
2019-03-01,20,20,product,승용차,1938118000,잠정,2026-09-30T01:44:34.105884+00:00
2019-03-01,20,20,product,석유제품,1733272000,잠정,2026-09-30T01:44:34.105884+00:00
2019-03-01,20,20,product,무선통신기기,995782000,잠정,2026-09-30T01:44:34.105884+00:00
2019-03-01,20,20,product,선박,1980285000,잠정,2026-09-30T01:44:34.105884+00:00
2019-03-01,20,20,product,자동차부품,1150534000,잠정,2026-09-30T01:44:34.105884+00:00
2019-03-01,20,20,product,컴퓨터주변기기,394227000,잠정,2026-09-30T01:44:34.105884+00:00
2019-03-01,20,20,product,정밀기기,543050000,잠정,2026-09-30T01:44:34.105884+00:00
2019-03-01,20,20,product,가전제품,459571000,잠정,2026-09-30T01:44:34.105884+00:00
2019-03-01,month_end,31,product,전체,47003206000,잠정,2026-09-30T01:44:34.105884+00:00
2019-03-01,month_end,31,product,반도체,9253635000,잠정,2026-09-30T01:44:34.105884+00:00
2019-03-01,month_end,31,product,철강제품,3766481000,잠정,2026-09-30T01:44:34.105884+00:00
2019-03-01,month_end,31,product,승용차,3418177000,잠정,2026-09-30T01:44:34.105884+00:00
2019-03-01,month_end,31,product,석유제품,3066322000,잠정,2026-09-30T01:44:34.105884+00:00
2019-03-01,month_end,31,product,무선통신기기,1532257000,잠정,2026-09-30T01:44:34.105884+00:00
2019-03-01,month_end,31,product,선박,2061369000,잠정,2026-09-30T01:44:34.105884+00:00
2019-03-01,month_end,31,product,자동차부품,1855079000,잠정,2026-09-30T01:44:34.105884+00:00
2019-03-01,month_end,31,product,컴퓨터주변기기,660947000,잠정,2026-09-30T01:44:34.105884+00:00
2019-03-01,month_end,31,product,정밀기기,935578000,잠정,2026-09-30T01:44:34.105884+00:00
2019-03-01,month_end,31,product,가전제품,769806000,잠정,2026-09-30T01:44:34.105884+00:00
2019-04-01,10,10,product,전체,15011948000,잠정,2026-09-30T01:44:34.105884+00:00
2019-04-01,10,10,product,반도체,2095838000,잠정,2026-09-30T01:44:34.105884+00:00
2019-04-01,10,10,product,철강제품,1099638000,잠정,2026-09-30T01:44:34.105884+00:00
2019-04-01,10,10,product,승용차,879560000,잠정,2026-09-30T01:44:34.105884+00:00
2019-04-01,10,10,product,석유제품,1239677000,잠정,2026-09-30T01:44:34.105884+00:00
2019-04-01,10,10,product,무선통신기기,631831000,잠정,2026-09-30T01:44:34.105884+00:00
2019-04-01,10,10,product,선박,1131807000,잠정,2026-09-30T01:44:34.105884+00:00
2019-04-01,10,10,product,자동차부품,646076000,잠정,2026-09-30T01:44:34.105884+00:00
2019-04-01,10,10,product,컴퓨터주변기기,168188000,잠정,2026-09-30T01:44:34.105884+00:00
2019-04-01,10,10,product,정밀기기,291372000,잠정,2026-09-30T01:44:34.105884+00:00
2019-04-01,10,10,product,가전제품,263548000,잠정,2026-09-30T01:44:34.105884+00:00
2019-04-01,20,20,product,전체,29723614000,잠정,2026-09-30T01:44:34.105884+00:00
2019-04-01,20,20,product,반도체,4663188000,잠정,2026-09-30T01:44:34.105884+00:00
2019-04-01,20,20,product,철강제품,2241061000,잠정,2026-09-30T01:44:34.105884+00:00
2019-04-01,20,20,product,승용차,2009914000,잠정,2026-09-30T01:44:34.105884+00:00
2019-04-01,20,20,product,석유제품,2438299000,잠정,2026-09-30T01:44:34.105884+00:00
2019-04-01,20,20,product,무선통신기기,1186954000,잠정,2026-09-30T01:44:34.105884+00:00
2019-04-01,20,20,product,선박,1302077000,잠정,2026-09-30T01:44:34.105884+00:00
2019-04-01,20,20,product,자동차부품,1313780000,잠정,2026-09-30T01:44:34.105884+00:00
2019-04-01,20,20,product,컴퓨터주변기기,348727000,잠정,2026-09-30T01:44:34.105884+00:00
2019-04-01,20,20,product,정밀기기,587318000,잠정,2026-09-30T01:44:34.105884+00:00
2019-04-01,20,20,product,가전제품,533860000,잠정,2026-09-30T01:44:34.105884+00:00
2019-04-01,month_end,30,product,전체,48781156000,잠정,2026-09-30T01:44:34.105884+00:00
2019-04-01,month_end,30,product,반도체,8674532000,잠정,2026-09-30T01:44:34.105884+00:00
2019-04-01,month_end,30,product,철강제품,3785130000,잠정,2026-09-30T01:44:34.105884+00:00
2019-04-01,month_end,30,product,승용차,3524478000,잠정,2026-09-30T01:44:34.105884+00:00
2019-04-01,month_end,30,product,석유제품,3930909000,잠정,2026-09-30T01:44:34.105884+00:00
2019-04-01,month_end,30,product,무선통신기기,1698752000,잠정,2026-09-30T01:44:34.105884+00:00
2019-04-01,month_end,30,product,선박,2680616000,잠정,2026-09-30T01:44:34.105884+00:00
2019-04-01,month_end,30,product,자동차부품,1951969000,잠정,2026-09-30T01:44:34.105884+00:00
2019-04-01,month_end,30,product,컴퓨터주변기기,544105000,잠정,2026-09-30T01:44:34.105884+00:00
2019-04-01,month_end,30,product,정밀기기,887905000,잠정,2026-09-30T01:44:34.105884+00:00
2019-04-01,month_end,30,product,가전제품,785359000,잠정,2026-09-30T01:44:34.105884+00:00
2019-05-01,10,10,product,전체,12881459000,잠정,2026-09-30T01:44:34.105884+00:00
2019-05-01,10,10,product,반도체,2033022000,잠정,2026-09-30T01:44:34.105884+00:00
2019-05-01,10,10,product,철강제품,1032727000,잠정,2026-09-30T01:44:34.105884+00:00
2019-05-01,10,10,product,승용차,836947000,잠정,2026-09-30T01:44:34.105884+00:00
2019-05-01,10,10,product,석유제품,1073867000,잠정,2026-09-30T01:44:34.105884+00:00
2019-05-01,10,10,product,무선통신기기,501190000,잠정,2026-09-30T01:44:34.105884+00:00
2019-05-01,10,10,product,선박,217417000,잠정,2026-09-30T01:44:34.105884+00:00
2019-05-01,10,10,product,자동차부품,588071000,잠정,2026-09-30T01:44:34.105884+00:00
2019-05-01,10,10,product,컴퓨터주변기기,197069000,잠정,2026-09-30T01:44:34.105884+00:00
2019-05-01,10,10,product,정밀기기,275772000,잠정,2026-09-30T01:44:34.105884+00:00
2019-05-01,10,10,product,가전제품,225907000,잠정,2026-09-30T01:44:34.105884+00:00
2019-05-01,20,20,product,전체,25497936000,잠정,2026-09-30T01:44:34.105884+00:00
2019-05-01,20,20,product,반도체,4077324000,잠정,2026-09-30T01:44:34.105884+00:00
2019-05-01,20,20,product,철강제품,1980916000,잠정,2026-09-30T01:44:34.105884+00:00
2019-05-01,20,20,product,승용차,1865682000,잠정,2026-09-30T01:44:34.105884+00:00
2019-05-01,20,20,product,석유제품,2076792000,잠정,2026-09-30T01:44:34.105884+00:00
2019-05-01,20,20,product,무선통신기기,908538000,잠정,2026-09-30T01:44:34.105884+00:00
2019-05-01,20,20,product,선박,701900000,잠정,2026-09-30T01:44:34.105884+00:00
2019-05-01,20,20,product,자동차부품,1081219000,잠정,2026-09-30T01:44:34.105884+00:00
2019-05-01,20,20,product,컴퓨터주변기기,389490000,잠정,2026-09-30T01:44:34.105884+00:00
2019-05-01,20,20,product,정밀기기,545594000,잠정,2026-09-30T01:44:34.105884+00:00
2019-05-01,20,20,product,가전제품,487804000,잠정,2026-09-30T01:44:34.105884+00:00
2019-05-01,month_end,31,product,전체,45703948000,잠정,2026-09-30T01:44:34.105884+00:00
2019-05-01,month_end,31,product,반도체,7788508000,잠정,2026-09-30T01:44:34.105884+00:00
2019-05-01,month_end,31,product,철강제품,3895318000,잠정,2026-09-30T01:44:34.105884+00:00
2019-05-01,month_end,31,product,승용차,3695183000,잠정,2026-09-30T01:44:34.105884+00:00
2019-05-01,month_end,31,product,석유제품,3568497000,잠정,2026-09-30T01:44:34.105884+00:00
2019-05-01,month_end,31,product,무선통신기기,1487453000,잠정,2026-09-30T01:44:34.105884+00:00
2019-05-01,month_end,31,product,선박,1130382000,잠정,2026-09-30T01:44:34.105884+00:00
2019-05-01,month_end,31,product,자동차부품,1872118000,잠정,2026-09-30T01:44:34.105884+00:00
2019-05-01,month_end,31,product,컴퓨터주변기기,647351000,잠정,2026-09-30T01:44:34.105884+00:00
2019-05-01,month_end,31,product,정밀기기,961647000,잠정,2026-09-30T01:44:34.105884+00:00
2019-05-01,month_end,31,product,가전제품,802018000,잠정,2026-09-30T01:44:34.105884+00:00
2019-06-01,10,10,product,전체,10215689000,잠정,2026-09-30T01:44:34.105884+00:00
2019-06-01,10,10,product,반도체,1864831000,잠정,2026-09-30T01:44:34.105884+00:00
2019-06-01,10,10,product,철강제품,841745000,잠정,2026-09-30T01:44:34.105884+00:00
2019-06-01,10,10,product,승용차,650388000,잠정,2026-09-30T01:44:34.105884+00:00
2019-06-01,10,10,product,석유제품,784212000,잠정,2026-09-30T01:44:34.105884+00:00
2019-06-01,10,10,product,무선통신기기,423546000,잠정,2026-09-30T01:44:34.105884+00:00
2019-06-01,10,10,product,선박,179141000,잠정,2026-09-30T01:44:34.105884+00:00
2019-06-01,10,10,product,자동차부품,408714000,잠정,2026-09-30T01:44:34.105884+00:00
2019-06-01,10,10,product,컴퓨터주변기기,163973000,잠정,2026-09-30T01:44:34.105884+00:00
2019-06-01,10,10,product,정밀기기,237199000,잠정,2026-09-30T01:44:34.105884+00:00
2019-06-01,10,10,product,가전제품,194677000,잠정,2026-09-30T01:44:34.105884+00:00
2019-06-01,20,20,product,전체,27078707000,잠정,2026-09-30T01:44:34.105884+00:00
2019-06-01,20,20,product,반도체,4728841000,잠정,2026-09-30T01:44:34.105884+00:00
2019-06-01,20,20,product,철강제품,2206603000,잠정,2026-09-30T01:44:34.105884+00:00
2019-06-01,20,20,product,승용차,2040727000,잠정,2026-09-30T01:44:34.105884+00:00
2019-06-01,20,20,product,석유제품,1857571000,잠정,2026-09-30T01:44:34.105884+00:00
2019-06-01,20,20,product,무선통신기기,999454000,잠정,2026-09-30T01:44:34.105884+00:00
2019-06-01,20,20,product,선박,911962000,잠정,2026-09-30T01:44:34.105884+00:00
2019-06-01,20,20,product,자동차부품,1129830000,잠정,2026-09-30T01:44:34.105884+00:00
2019-06-01,20,20,product,컴퓨터주변기기,413587000,잠정,2026-09-30T01:44:34.105884+00:00
2019-06-01,20,20,product,정밀기기,585716000,잠정,2026-09-30T01:44:34.105884+00:00
2019-06-01,20,20,product,가전제품,548801000,잠정,2026-09-30T01:44:34.105884+00:00
2019-06-01,month_end,30,product,전체,44008404000,잠정,2026-09-30T01:44:34.105884+00:00
2019-06-01,month_end,30,product,반도체,8509573000,잠정,2026-09-30T01:44:34.105884+00:00
2019-06-01,month_end,30,product,철강제품,3626858000,잠정,2026-09-30T01:44:34.105884+00:00
2019-06-01,month_end,30,product,승용차,3532141000,잠정,2026-09-30T01:44:34.105884+00:00
2019-06-01,month_end,30,product,석유제품,3060435000,잠정,2026-09-30T01:44:34.105884+00:00
2019-06-01,month_end,30,product,무선통신기기,1507277000,잠정,2026-09-30T01:44:34.105884+00:00
2019-06-01,month_end,30,product,선박,1888921000,잠정,2026-09-30T01:44:34.105884+00:00
2019-06-01,month_end,30,product,자동차부품,1653017000,잠정,2026-09-30T01:44:34.105884+00:00
2019-06-01,month_end,30,product,컴퓨터주변기기,635527000,잠정,2026-09-30T01:44:34.105884+00:00
2019-06-01,month_end,30,product,정밀기기,891367000,잠정,2026-09-30T01:44:34.105884+00:00
2019-06-01,month_end,30,product,가전제품,805683000,잠정,2026-09-30T01:44:34.105884+00:00
2019-07-01,10,10,product,전체,13505147000,잠정,2026-09-30T01:44:34.105884+00:00
2019-07-01,10,10,product,반도체,2102733000,잠정,2026-09-30T01:44:34.105884+00:00
2019-07-01,10,10,product,철강제품,1060211000,잠정,2026-09-30T01:44:34.105884+00:00
2019-07-01,10,10,product,승용차,853907000,잠정,2026-09-30T01:44:34.105884+00:00
2019-07-01,10,10,product,석유제품,1212927000,잠정,2026-09-30T01:44:34.105884+00:00
2019-07-01,10,10,product,무선통신기기,540844000,잠정,2026-09-30T01:44:34.105884+00:00
2019-07-01,10,10,product,선박,183266000,잠정,2026-09-30T01:44:34.105884+00:00
2019-07-01,10,10,product,자동차부품,621810000,잠정,2026-09-30T01:44:34.105884+00:00
2019-07-01,10,10,product,컴퓨터주변기기,189925000,잠정,2026-09-30T01:44:34.105884+00:00
2019-07-01,10,10,product,정밀기기,303244000,잠정,2026-09-30T01:44:34.105884+00:00
2019-07-01,10,10,product,가전제품,259783000,잠정,2026-09-30T01:44:34.105884+00:00
2019-07-01,20,20,product,전체,28230370000,잠정,2026-09-30T01:44:34.105884+00:00
2019-07-01,20,20,product,반도체,4485921000,잠정,2026-09-30T01:44:34.105884+00:00
2019-07-01,20,20,product,철강제품,2192511000,잠정,2026-09-30T01:44:34.105884+00:00
2019-07-01,20,20,product,승용차,2126707000,잠정,2026-09-30T01:44:34.105884+00:00
2019-07-01,20,20,product,석유제품,2224994000,잠정,2026-09-30T01:44:34.105884+00:00
2019-07-01,20,20,product,무선통신기기,1114647000,잠정,2026-09-30T01:44:34.105884+00:00
2019-07-01,20,20,product,선박,873486000,잠정,2026-09-30T01:44:34.105884+00:00
2019-07-01,20,20,product,자동차부품,1260042000,잠정,2026-09-30T01:44:34.105884+00:00
2019-07-01,20,20,product,컴퓨터주변기기,405698000,잠정,2026-09-30T01:44:34.105884+00:00
2019-07-01,20,20,product,정밀기기,597233000,잠정,2026-09-30T01:44:34.105884+00:00
2019-07-01,20,20,product,가전제품,502954000,잠정,2026-09-30T01:44:34.105884+00:00
2019-07-01,month_end,31,product,전체,46078221000,잠정,2026-09-30T01:44:34.105884+00:00
2019-07-01,month_end,31,product,반도체,7692400000,잠정,2026-09-30T01:44:34.105884+00:00
2019-07-01,month_end,31,product,철강제품,3830585000,잠정,2026-09-30T01:44:34.105884+00:00
2019-07-01,month_end,31,product,승용차,3592648000,잠정,2026-09-30T01:44:34.105884+00:00
2019-07-01,month_end,31,product,석유제품,3590419000,잠정,2026-09-30T01:44:34.105884+00:00
2019-07-01,month_end,31,product,무선통신기기,1717063000,잠정,2026-09-30T01:44:34.105884+00:00
2019-07-01,month_end,31,product,선박,1452668000,잠정,2026-09-30T01:44:34.105884+00:00
2019-07-01,month_end,31,product,자동차부품,1955456000,잠정,2026-09-30T01:44:34.105884+00:00
2019-07-01,month_end,31,product,컴퓨터주변기기,664712000,잠정,2026-09-30T01:44:34.105884+00:00
2019-07-01,month_end,31,product,정밀기기,934216000,잠정,2026-09-30T01:44:34.105884+00:00
2019-07-01,month_end,31,product,가전제품,793394000,잠정,2026-09-30T01:44:34.105884+00:00
2019-08-01,10,10,product,전체,11414397000,잠정,2026-09-30T01:44:34.105884+00:00
2019-08-01,10,10,product,반도체,2339245000,잠정,2026-09-30T01:44:34.105884+00:00
2019-08-01,10,10,product,철강제품,835519000,잠정,2026-09-30T01:44:34.105884+00:00
2019-08-01,10,10,product,승용차,311293000,잠정,2026-09-30T01:44:34.105884+00:00
2019-08-01,10,10,product,석유제품,1141270000,잠정,2026-09-30T01:44:34.105884+00:00
2019-08-01,10,10,product,무선통신기기,690757000,잠정,2026-09-30T01:44:34.105884+00:00
2019-08-01,10,10,product,선박,313123000,잠정,2026-09-30T01:44:34.105884+00:00
2019-08-01,10,10,product,자동차부품,411020000,잠정,2026-09-30T01:44:34.105884+00:00
2019-08-01,10,10,product,컴퓨터주변기기,168126000,잠정,2026-09-30T01:44:34.105884+00:00
2019-08-01,10,10,product,정밀기기,302658000,잠정,2026-09-30T01:44:34.105884+00:00
2019-08-01,10,10,product,가전제품,192616000,잠정,2026-09-30T01:44:34.105884+00:00
2019-08-01,20,20,product,전체,24797946000,잠정,2026-09-30T01:44:34.105884+00:00
2019-08-01,20,20,product,반도체,4736027000,잠정,2026-09-30T01:44:34.105884+00:00
2019-08-01,20,20,product,철강제품,1838313000,잠정,2026-09-30T01:44:34.105884+00:00
2019-08-01,20,20,product,승용차,1175925000,잠정,2026-09-30T01:44:34.105884+00:00
2019-08-01,20,20,product,석유제품,2181654000,잠정,2026-09-30T01:44:34.105884+00:00
2019-08-01,20,20,product,무선통신기기,1378293000,잠정,2026-09-30T01:44:34.105884+00:00
2019-08-01,20,20,product,선박,1121747000,잠정,2026-09-30T01:44:34.105884+00:00
2019-08-01,20,20,product,자동차부품,895345000,잠정,2026-09-30T01:44:34.105884+00:00
2019-08-01,20,20,product,컴퓨터주변기기,335734000,잠정,2026-09-30T01:44:34.105884+00:00
2019-08-01,20,20,product,정밀기기,614570000,잠정,2026-09-30T01:44:34.105884+00:00
2019-08-01,20,20,product,가전제품,428303000,잠정,2026-09-30T01:44:34.105884+00:00
2019-08-01,month_end,31,product,전체,44020065000,잠정,2026-09-30T01:44:34.105884+00:00
2019-08-01,month_end,31,product,반도체,8190041000,잠정,2026-09-30T01:44:34.105884+00:00
2019-08-01,month_end,31,product,철강제품,3571175000,잠정,2026-09-30T01:44:34.105884+00:00
2019-08-01,month_end,31,product,승용차,2777454000,잠정,2026-09-30T01:44:34.105884+00:00
2019-08-01,month_end,31,product,석유제품,3612570000,잠정,2026-09-30T01:44:34.105884+00:00
2019-08-01,month_end,31,product,무선통신기기,2160921000,잠정,2026-09-30T01:44:34.105884+00:00
2019-08-01,month_end,31,product,선박,1760365000,잠정,2026-09-30T01:44:34.105884+00:00
2019-08-01,month_end,31,product,자동차부품,1697946000,잠정,2026-09-30T01:44:34.105884+00:00
2019-08-01,month_end,31,product,컴퓨터주변기기,658994000,잠정,2026-09-30T01:44:34.105884+00:00
2019-08-01,month_end,31,product,정밀기기,1035132000,잠정,2026-09-30T01:44:34.105884+00:00
2019-08-01,month_end,31,product,가전제품,705364000,잠정,2026-09-30T01:44:34.105884+00:00
2019-09-01,10,10,product,전체,15004914000,잠정,2026-09-30T01:44:34.105884+00:00
2019-09-01,10,10,product,반도체,2301629000,잠정,2026-09-30T01:44:34.105884+00:00
2019-09-01,10,10,product,철강제품,1052867000,잠정,2026-09-30T01:44:34.105884+00:00
2019-09-01,10,10,product,승용차,817529000,잠정,2026-09-30T01:44:34.105884+00:00
2019-09-01,10,10,product,석유제품,1272501000,잠정,2026-09-30T01:44:34.105884+00:00
2019-09-01,10,10,product,무선통신기기,819802000,잠정,2026-09-30T01:44:34.105884+00:00
2019-09-01,10,10,product,선박,911948000,잠정,2026-09-30T01:44:34.105884+00:00
2019-09-01,10,10,product,자동차부품,684105000,잠정,2026-09-30T01:44:34.105884+00:00
2019-09-01,10,10,product,컴퓨터주변기기,187851000,잠정,2026-09-30T01:44:34.105884+00:00
2019-09-01,10,10,product,정밀기기,364308000,잠정,2026-09-30T01:44:34.105884+00:00
2019-09-01,10,10,product,가전제품,265201000,잠정,2026-09-30T01:44:34.105884+00:00
2019-09-01,20,20,product,전체,28540067000,잠정,2026-09-30T01:44:34.105884+00:00
2019-09-01,20,20,product,반도체,4939170000,잠정,2026-09-30T01:44:34.105884+00:00
2019-09-01,20,20,product,철강제품,2135806000,잠정,2026-09-30T01:44:34.105884+00:00
2019-09-01,20,20,product,승용차,1565038000,잠정,2026-09-30T01:44:34.105884+00:00
2019-09-01,20,20,product,석유제품,2361977000,잠정,2026-09-30T01:44:34.105884+00:00
2019-09-01,20,20,product,무선통신기기,1528828000,잠정,2026-09-30T01:44:34.105884+00:00
2019-09-01,20,20,product,선박,1522511000,잠정,2026-09-30T01:44:34.105884+00:00
2019-09-01,20,20,product,자동차부품,1178476000,잠정,2026-09-30T01:44:34.105884+00:00
2019-09-01,20,20,product,컴퓨터주변기기,422907000,잠정,2026-09-30T01:44:34.105884+00:00
2019-09-01,20,20,product,정밀기기,659311000,잠정,2026-09-30T01:44:34.105884+00:00
2019-09-01,20,20,product,가전제품,489513000,잠정,2026-09-30T01:44:34.105884+00:00
2019-09-01,month_end,30,product,전체,44629053000,잠정,2026-09-30T01:44:34.105884+00:00
2019-09-01,month_end,30,product,반도체,8675503000,잠정,2026-09-30T01:44:34.105884+00:00
2019-09-01,month_end,30,product,철강제품,3407431000,잠정,2026-09-30T01:44:34.105884+00:00
2019-09-01,month_end,30,product,승용차,2898680000,잠정,2026-09-30T01:44:34.105884+00:00
2019-09-01,month_end,30,product,석유제품,3571166000,잠정,2026-09-30T01:44:34.105884+00:00
2019-09-01,month_end,30,product,무선통신기기,2307153000,잠정,2026-09-30T01:44:34.105884+00:00
2019-09-01,month_end,30,product,선박,1758719000,잠정,2026-09-30T01:44:34.105884+00:00
2019-09-01,month_end,30,product,자동차부품,1706165000,잠정,2026-09-30T01:44:34.105884+00:00
2019-09-01,month_end,30,product,컴퓨터주변기기,737206000,잠정,2026-09-30T01:44:34.105884+00:00
2019-09-01,month_end,30,product,정밀기기,975709000,잠정,2026-09-30T01:44:34.105884+00:00
2019-09-01,month_end,30,product,가전제품,688772000,잠정,2026-09-30T01:44:34.105884+00:00
2019-10-01,10,10,product,전체,13071445000,잠정,2026-09-30T01:44:34.105884+00:00
2019-10-01,10,10,product,반도체,2066177000,잠정,2026-09-30T01:44:34.105884+00:00
2019-10-01,10,10,product,철강제품,978755000,잠정,2026-09-30T01:44:34.105884+00:00
2019-10-01,10,10,product,승용차,924992000,잠정,2026-09-30T01:44:34.105884+00:00
2019-10-01,10,10,product,석유제품,991648000,잠정,2026-09-30T01:44:34.105884+00:00
2019-10-01,10,10,product,무선통신기기,797365000,잠정,2026-09-30T01:44:34.105884+00:00
2019-10-01,10,10,product,선박,230574000,잠정,2026-09-30T01:44:34.105884+00:00
2019-10-01,10,10,product,자동차부품,630728000,잠정,2026-09-30T01:44:34.105884+00:00
2019-10-01,10,10,product,컴퓨터주변기기,181882000,잠정,2026-09-30T01:44:34.105884+00:00
2019-10-01,10,10,product,정밀기기,288399000,잠정,2026-09-30T01:44:34.105884+00:00
2019-10-01,10,10,product,가전제품,238831000,잠정,2026-09-30T01:44:34.105884+00:00
2019-10-01,20,20,product,전체,26738387000,잠정,2026-09-30T01:44:34.105884+00:00
2019-10-01,20,20,product,반도체,4605313000,잠정,2026-09-30T01:44:34.105884+00:00
2019-10-01,20,20,product,철강제품,1933026000,잠정,2026-09-30T01:44:34.105884+00:00
2019-10-01,20,20,product,승용차,1968844000,잠정,2026-09-30T01:44:34.105884+00:00
2019-10-01,20,20,product,석유제품,1881901000,잠정,2026-09-30T01:44:34.105884+00:00
2019-10-01,20,20,product,무선통신기기,1514010000,잠정,2026-09-30T01:44:34.105884+00:00
2019-10-01,20,20,product,선박,1059637000,잠정,2026-09-30T01:44:34.105884+00:00
2019-10-01,20,20,product,자동차부품,1130114000,잠정,2026-09-30T01:44:34.105884+00:00
2019-10-01,20,20,product,컴퓨터주변기기,434583000,잠정,2026-09-30T01:44:34.105884+00:00
2019-10-01,20,20,product,정밀기기,580823000,잠정,2026-09-30T01:44:34.105884+00:00
2019-10-01,20,20,product,가전제품,450804000,잠정,2026-09-30T01:44:34.105884+00:00
2019-10-01,month_end,31,product,전체,46648756000,잠정,2026-09-30T01:44:34.105884+00:00
2019-10-01,month_end,31,product,반도체,8067974000,잠정,2026-09-30T01:44:34.105884+00:00
2019-10-01,month_end,31,product,철강제품,3589527000,잠정,2026-09-30T01:44:34.105884+00:00
2019-10-01,month_end,31,product,승용차,3594199000,잠정,2026-09-30T01:44:34.105884+00:00
2019-10-01,month_end,31,product,석유제품,3380328000,잠정,2026-09-30T01:44:34.105884+00:00
2019-10-01,month_end,31,product,무선통신기기,2335933000,잠정,2026-09-30T01:44:34.105884+00:00
2019-10-01,month_end,31,product,선박,1761556000,잠정,2026-09-30T01:44:34.105884+00:00
2019-10-01,month_end,31,product,자동차부품,1914345000,잠정,2026-09-30T01:44:34.105884+00:00
2019-10-01,month_end,31,product,컴퓨터주변기기,880420000,잠정,2026-09-30T01:44:34.105884+00:00
2019-10-01,month_end,31,product,정밀기기,995435000,잠정,2026-09-30T01:44:34.105884+00:00
2019-10-01,month_end,31,product,가전제품,720749000,잠정,2026-09-30T01:44:34.105884+00:00
2019-11-01,10,10,product,전체,11720034000,잠정,2026-09-30T01:44:34.105884+00:00
2019-11-01,10,10,product,반도체,1978283000,잠정,2026-09-30T01:44:34.105884+00:00
2019-11-01,10,10,product,철강제품,861212000,잠정,2026-09-30T01:44:34.105884+00:00
2019-11-01,10,10,product,승용차,963359000,잠정,2026-09-30T01:44:34.105884+00:00
2019-11-01,10,10,product,석유제품,850761000,잠정,2026-09-30T01:44:34.105884+00:00
2019-11-01,10,10,product,무선통신기기,672841000,잠정,2026-09-30T01:44:34.105884+00:00
2019-11-01,10,10,product,선박,208607000,잠정,2026-09-30T01:44:34.105884+00:00
2019-11-01,10,10,product,자동차부품,475726000,잠정,2026-09-30T01:44:34.105884+00:00
2019-11-01,10,10,product,컴퓨터주변기기,239105000,잠정,2026-09-30T01:44:34.105884+00:00
2019-11-01,10,10,product,정밀기기,276314000,잠정,2026-09-30T01:44:34.105884+00:00
2019-11-01,10,10,product,가전제품,176254000,잠정,2026-09-30T01:44:34.105884+00:00
2019-11-01,20,20,product,전체,28152456000,잠정,2026-09-30T01:44:34.105884+00:00
2019-11-01,20,20,product,반도체,4636690000,잠정,2026-09-30T01:44:34.105884+00:00
2019-11-01,20,20,product,철강제품,2056350000,잠정,2026-09-30T01:44:34.105884+00:00
2019-11-01,20,20,product,승용차,2233578000,잠정,2026-09-30T01:44:34.105884+00:00
2019-11-01,20,20,product,석유제품,2343672000,잠정,2026-09-30T01:44:34.105884+00:00
2019-11-01,20,20,product,무선통신기기,1337836000,잠정,2026-09-30T01:44:34.105884+00:00
2019-11-01,20,20,product,선박,590961000,잠정,2026-09-30T01:44:34.105884+00:00
2019-11-01,20,20,product,자동차부품,1094360000,잠정,2026-09-30T01:44:34.105884+00:00
2019-11-01,20,20,product,컴퓨터주변기기,567760000,잠정,2026-09-30T01:44:34.105884+00:00
2019-11-01,20,20,product,정밀기기,599402000,잠정,2026-09-30T01:44:34.105884+00:00
2019-11-01,20,20,product,가전제품,432633000,잠정,2026-09-30T01:44:34.105884+00:00
2019-11-01,month_end,30,product,전체,44040722000,잠정,2026-09-30T01:44:34.105884+00:00
2019-11-01,month_end,30,product,반도체,7584210000,잠정,2026-09-30T01:44:34.105884+00:00
2019-11-01,month_end,30,product,철강제품,3440329000,잠정,2026-09-30T01:44:34.105884+00:00
2019-11-01,month_end,30,product,승용차,3710585000,잠정,2026-09-30T01:44:34.105884+00:00
2019-11-01,month_end,30,product,석유제품,3493056000,잠정,2026-09-30T01:44:34.105884+00:00
2019-11-01,month_end,30,product,무선통신기기,1899463000,잠정,2026-09-30T01:44:34.105884+00:00
2019-11-01,month_end,30,product,선박,742466000,잠정,2026-09-30T01:44:34.105884+00:00
2019-11-01,month_end,30,product,자동차부품,1701482000,잠정,2026-09-30T01:44:34.105884+00:00
2019-11-01,month_end,30,product,컴퓨터주변기기,901474000,잠정,2026-09-30T01:44:34.105884+00:00
2019-11-01,month_end,30,product,정밀기기,947632000,잠정,2026-09-30T01:44:34.105884+00:00
2019-11-01,month_end,30,product,가전제품,644589000,잠정,2026-09-30T01:44:34.105884+00:00
2019-12-01,10,10,product,전체,12853793000,잠정,2026-09-30T01:44:34.105884+00:00
2019-12-01,10,10,product,반도체,1892971000,잠정,2026-09-30T01:44:34.105884+00:00
2019-12-01,10,10,product,철강제품,958505000,잠정,2026-09-30T01:44:34.105884+00:00
2019-12-01,10,10,product,승용차,863652000,잠정,2026-09-30T01:44:34.105884+00:00
2019-12-01,10,10,product,석유제품,985813000,잠정,2026-09-30T01:44:34.105884+00:00
2019-12-01,10,10,product,무선통신기기,621758000,잠정,2026-09-30T01:44:34.105884+00:00
2019-12-01,10,10,product,선박,298163000,잠정,2026-09-30T01:44:34.105884+00:00
2019-12-01,10,10,product,자동차부품,545677000,잠정,2026-09-30T01:44:34.105884+00:00
2019-12-01,10,10,product,컴퓨터주변기기,243474000,잠정,2026-09-30T01:44:34.105884+00:00
2019-12-01,10,10,product,정밀기기,294614000,잠정,2026-09-30T01:44:34.105884+00:00
2019-12-01,10,10,product,가전제품,187980000,잠정,2026-09-30T01:44:34.105884+00:00
2019-12-01,20,20,product,전체,30430219000,잠정,2026-09-30T01:44:34.105884+00:00
2019-12-01,20,20,product,반도체,4577022000,잠정,2026-09-30T01:44:34.105884+00:00
2019-12-01,20,20,product,철강제품,2346802000,잠정,2026-09-30T01:44:34.105884+00:00
2019-12-01,20,20,product,승용차,2191792000,잠정,2026-09-30T01:44:34.105884+00:00
2019-12-01,20,20,product,석유제품,2339875000,잠정,2026-09-30T01:44:34.105884+00:00
2019-12-01,20,20,product,무선통신기기,1344284000,잠정,2026-09-30T01:44:34.105884+00:00
2019-12-01,20,20,product,선박,897617000,잠정,2026-09-30T01:44:34.105884+00:00
2019-12-01,20,20,product,자동차부품,1230541000,잠정,2026-09-30T01:44:34.105884+00:00
2019-12-01,20,20,product,컴퓨터주변기기,605922000,잠정,2026-09-30T01:44:34.105884+00:00
2019-12-01,20,20,product,정밀기기,719229000,잠정,2026-09-30T01:44:34.105884+00:00
2019-12-01,20,20,product,가전제품,441213000,잠정,2026-09-30T01:44:34.105884+00:00
2019-12-01,month_end,31,product,전체,45668341000,잠정,2026-09-30T01:44:34.105884+00:00
2019-12-01,month_end,31,product,반도체,7482531000,잠정,2026-09-30T01:44:34.105884+00:00
2019-12-01,month_end,31,product,철강제품,3732016000,잠정,2026-09-30T01:44:34.105884+00:00
2019-12-01,month_end,31,product,승용차,3588385000,잠정,2026-09-30T01:44:34.105884+00:00
2019-12-01,month_end,31,product,석유제품,3354128000,잠정,2026-09-30T01:44:34.105884+00:00
2019-12-01,month_end,31,product,무선통신기기,1826730000,잠정,2026-09-30T01:44:34.105884+00:00
2019-12-01,month_end,31,product,선박,1280922000,잠정,2026-09-30T01:44:34.105884+00:00
2019-12-01,month_end,31,product,자동차부품,1793819000,잠정,2026-09-30T01:44:34.105884+00:00
2019-12-01,month_end,31,product,컴퓨터주변기기,927958000,잠정,2026-09-30T01:44:34.105884+00:00
2019-12-01,month_end,31,product,정밀기기,1018164000,잠정,2026-09-30T01:44:34.105884+00:00
2019-12-01,month_end,31,product,가전제품,616059000,잠정,2026-09-30T01:44:34.105884+00:00
2020-01-01,10,10,product,전체,13247930000,잠정,2026-09-30T01:44:34.298566+00:00
2020-01-01,10,10,product,반도체,2362644000,잠정,2026-09-30T01:44:34.298566+00:00
2020-01-01,10,10,product,철강제품,922964000,잠정,2026-09-30T01:44:34.298566+00:00
2020-01-01,10,10,product,승용차,665603000,잠정,2026-09-30T01:44:34.298566+00:00
2020-01-01,10,10,product,석유제품,1069551000,잠정,2026-09-30T01:44:34.298566+00:00
2020-01-01,10,10,product,무선통신기기,557307000,잠정,2026-09-30T01:44:34.298566+00:00
2020-01-01,10,10,product,선박,579210000,잠정,2026-09-30T01:44:34.298566+00:00
2020-01-01,10,10,product,자동차부품,519752000,잠정,2026-09-30T01:44:34.298566+00:00
2020-01-01,10,10,product,컴퓨터주변기기,235102000,잠정,2026-09-30T01:44:34.298566+00:00
2020-01-01,10,10,product,정밀기기,302740000,잠정,2026-09-30T01:44:34.298566+00:00
2020-01-01,10,10,product,가전제품,169677000,잠정,2026-09-30T01:44:34.298566+00:00
2020-01-01,20,20,product,전체,25532422000,잠정,2026-09-30T01:44:34.298566+00:00
2020-01-01,20,20,product,반도체,4656380000,잠정,2026-09-30T01:44:34.298566+00:00
2020-01-01,20,20,product,철강제품,1932256000,잠정,2026-09-30T01:44:34.298566+00:00
2020-01-01,20,20,product,승용차,1640219000,잠정,2026-09-30T01:44:34.298566+00:00
2020-01-01,20,20,product,석유제품,2150858000,잠정,2026-09-30T01:44:34.298566+00:00
2020-01-01,20,20,product,무선통신기기,1028357000,잠정,2026-09-30T01:44:34.298566+00:00
2020-01-01,20,20,product,선박,607326000,잠정,2026-09-30T01:44:34.298566+00:00
2020-01-01,20,20,product,자동차부품,1017949000,잠정,2026-09-30T01:44:34.298566+00:00
2020-01-01,20,20,product,컴퓨터주변기기,491412000,잠정,2026-09-30T01:44:34.298566+00:00
2020-01-01,20,20,product,정밀기기,565963000,잠정,2026-09-30T01:44:34.298566+00:00
2020-01-01,20,20,product,가전제품,359958000,잠정,2026-09-30T01:44:34.298566+00:00
2020-01-01,month_end,31,product,전체,43103061000,잠정,2026-09-30T01:44:34.298566+00:00
2020-01-01,month_end,31,product,반도체,7387405000,잠정,2026-09-30T01:44:34.298566+00:00
2020-01-01,month_end,31,product,철강제품,3381364000,잠정,2026-09-30T01:44:34.298566+00:00
2020-01-01,month_end,31,product,승용차,2672693000,잠정,2026-09-30T01:44:34.298566+00:00
2020-01-01,month_end,31,product,석유제품,3418842000,잠정,2026-09-30T01:44:34.298566+00:00
2020-01-01,month_end,31,product,무선통신기기,1461850000,잠정,2026-09-30T01:44:34.298566+00:00
2020-01-01,month_end,31,product,선박,2796385000,잠정,2026-09-30T01:44:34.298566+00:00
2020-01-01,month_end,31,product,자동차부품,1682918000,잠정,2026-09-30T01:44:34.298566+00:00
2020-01-01,month_end,31,product,컴퓨터주변기기,880893000,잠정,2026-09-30T01:44:34.298566+00:00
2020-01-01,month_end,31,product,정밀기기,851669000,잠정,2026-09-30T01:44:34.298566+00:00
2020-01-01,month_end,31,product,가전제품,541834000,잠정,2026-09-30T01:44:34.298566+00:00
2020-02-01,10,10,product,전체,10614006000,잠정,2026-09-30T01:44:34.298566+00:00
2020-02-01,10,10,product,반도체,1945946000,잠정,2026-09-30T01:44:34.298566+00:00
2020-02-01,10,10,product,철강제품,862987000,잠정,2026-09-30T01:44:34.298566+00:00
2020-02-01,10,10,product,승용차,614395000,잠정,2026-09-30T01:44:34.298566+00:00
2020-02-01,10,10,product,석유제품,715008000,잠정,2026-09-30T01:44:34.298566+00:00
2020-02-01,10,10,product,무선통신기기,450388000,잠정,2026-09-30T01:44:34.298566+00:00
2020-02-01,10,10,product,선박,207660000,잠정,2026-09-30T01:44:34.298566+00:00
2020-02-01,10,10,product,자동차부품,453712000,잠정,2026-09-30T01:44:34.298566+00:00
2020-02-01,10,10,product,컴퓨터주변기기,225504000,잠정,2026-09-30T01:44:34.298566+00:00
2020-02-01,10,10,product,정밀기기,232916000,잠정,2026-09-30T01:44:34.298566+00:00
2020-02-01,10,10,product,가전제품,169928000,잠정,2026-09-30T01:44:34.298566+00:00
2020-02-01,20,20,product,전체,26068110000,잠정,2026-09-30T01:44:34.298566+00:00
2020-02-01,20,20,product,반도체,4510441000,잠정,2026-09-30T01:44:34.298566+00:00
2020-02-01,20,20,product,철강제품,2179954000,잠정,2026-09-30T01:44:34.298566+00:00
2020-02-01,20,20,product,승용차,1327845000,잠정,2026-09-30T01:44:34.298566+00:00
2020-02-01,20,20,product,석유제품,1655460000,잠정,2026-09-30T01:44:34.298566+00:00
2020-02-01,20,20,product,무선통신기기,1033840000,잠정,2026-09-30T01:44:34.298566+00:00
2020-02-01,20,20,product,선박,808780000,잠정,2026-09-30T01:44:34.298566+00:00
2020-02-01,20,20,product,자동차부품,1241450000,잠정,2026-09-30T01:44:34.298566+00:00
2020-02-01,20,20,product,컴퓨터주변기기,622367000,잠정,2026-09-30T01:44:34.298566+00:00
2020-02-01,20,20,product,정밀기기,534249000,잠정,2026-09-30T01:44:34.298566+00:00
2020-02-01,20,20,product,가전제품,393670000,잠정,2026-09-30T01:44:34.298566+00:00
2020-02-01,month_end,29,product,전체,40911819000,잠정,2026-09-30T01:44:34.298566+00:00
2020-02-01,month_end,29,product,반도체,7599827000,잠정,2026-09-30T01:44:34.298566+00:00
2020-02-01,month_end,29,product,철강제품,3389532000,잠정,2026-09-30T01:44:34.298566+00:00
2020-02-01,month_end,29,product,승용차,2276355000,잠정,2026-09-30T01:44:34.298566+00:00
2020-02-01,month_end,29,product,석유제품,2768142000,잠정,2026-09-30T01:44:34.298566+00:00
2020-02-01,month_end,29,product,무선통신기기,1500072000,잠정,2026-09-30T01:44:34.298566+00:00
2020-02-01,month_end,29,product,선박,1389063000,잠정,2026-09-30T01:44:34.298566+00:00
2020-02-01,month_end,29,product,자동차부품,1744851000,잠정,2026-09-30T01:44:34.298566+00:00
2020-02-01,month_end,29,product,컴퓨터주변기기,1050303000,잠정,2026-09-30T01:44:34.298566+00:00
2020-02-01,month_end,29,product,정밀기기,842563000,잠정,2026-09-30T01:44:34.298566+00:00
2020-02-01,month_end,29,product,가전제품,540950000,잠정,2026-09-30T01:44:34.298566+00:00
2020-03-01,10,10,product,전체,13015395000,잠정,2026-09-30T01:44:34.298566+00:00
2020-03-01,10,10,product,반도체,2391102000,잠정,2026-09-30T01:44:34.298566+00:00
2020-03-01,10,10,product,철강제품,1002666000,잠정,2026-09-30T01:44:34.298566+00:00
2020-03-01,10,10,product,승용차,820909000,잠정,2026-09-30T01:44:34.298566+00:00
2020-03-01,10,10,product,석유제품,662173000,잠정,2026-09-30T01:44:34.298566+00:00
2020-03-01,10,10,product,무선통신기기,610461000,잠정,2026-09-30T01:44:34.298566+00:00
2020-03-01,10,10,product,선박,201508000,잠정,2026-09-30T01:44:34.298566+00:00
2020-03-01,10,10,product,자동차부품,595283000,잠정,2026-09-30T01:44:34.298566+00:00
2020-03-01,10,10,product,컴퓨터주변기기,271526000,잠정,2026-09-30T01:44:34.298566+00:00
2020-03-01,10,10,product,정밀기기,323303000,잠정,2026-09-30T01:44:34.298566+00:00
2020-03-01,10,10,product,가전제품,212827000,잠정,2026-09-30T01:44:34.298566+00:00
2020-03-01,20,20,product,전체,30115412000,잠정,2026-09-30T01:44:34.298566+00:00
2020-03-01,20,20,product,반도체,5260442000,잠정,2026-09-30T01:44:34.298566+00:00
2020-03-01,20,20,product,철강제품,2329149000,잠정,2026-09-30T01:44:34.298566+00:00
2020-03-01,20,20,product,승용차,2201676000,잠정,2026-09-30T01:44:34.298566+00:00
2020-03-01,20,20,product,석유제품,1499008000,잠정,2026-09-30T01:44:34.298566+00:00
2020-03-01,20,20,product,무선통신기기,1262224000,잠정,2026-09-30T01:44:34.298566+00:00
2020-03-01,20,20,product,선박,997865000,잠정,2026-09-30T01:44:34.298566+00:00
2020-03-01,20,20,product,자동차부품,1353862000,잠정,2026-09-30T01:44:34.298566+00:00
2020-03-01,20,20,product,컴퓨터주변기기,636362000,잠정,2026-09-30T01:44:34.298566+00:00
2020-03-01,20,20,product,정밀기기,680400000,잠정,2026-09-30T01:44:34.298566+00:00
2020-03-01,20,20,product,가전제품,483019000,잠정,2026-09-30T01:44:34.298566+00:00
2020-03-01,month_end,31,product,전체,46167204000,잠정,2026-09-30T01:44:34.298566+00:00
2020-03-01,month_end,31,product,반도체,8971711000,잠정,2026-09-30T01:44:34.298566+00:00
2020-03-01,month_end,31,product,철강제품,3649043000,잠정,2026-09-30T01:44:34.298566+00:00
2020-03-01,month_end,31,product,승용차,3662003000,잠정,2026-09-30T01:44:34.298566+00:00
2020-03-01,month_end,31,product,석유제품,2348471000,잠정,2026-09-30T01:44:34.298566+00:00
2020-03-01,month_end,31,product,무선통신기기,1763647000,잠정,2026-09-30T01:44:34.298566+00:00
2020-03-01,month_end,31,product,선박,1394685000,잠정,2026-09-30T01:44:34.298566+00:00
2020-03-01,month_end,31,product,자동차부품,1870487000,잠정,2026-09-30T01:44:34.298566+00:00
2020-03-01,month_end,31,product,컴퓨터주변기기,1118714000,잠정,2026-09-30T01:44:34.298566+00:00
2020-03-01,month_end,31,product,정밀기기,991222000,잠정,2026-09-30T01:44:34.298566+00:00
2020-03-01,month_end,31,product,가전제품,689925000,잠정,2026-09-30T01:44:34.298566+00:00
2020-04-01,10,10,product,전체,12048450000,잠정,2026-09-30T01:44:34.298566+00:00
2020-04-01,10,10,product,반도체,2063320000,잠정,2026-09-30T01:44:34.298566+00:00
2020-04-01,10,10,product,철강제품,927196000,잠정,2026-09-30T01:44:34.298566+00:00
2020-04-01,10,10,product,승용차,817095000,잠정,2026-09-30T01:44:34.298566+00:00
2020-04-01,10,10,product,석유제품,539322000,잠정,2026-09-30T01:44:34.298566+00:00
2020-04-01,10,10,product,무선통신기기,485119000,잠정,2026-09-30T01:44:34.298566+00:00
2020-04-01,10,10,product,선박,129604000,잠정,2026-09-30T01:44:34.298566+00:00
2020-04-01,10,10,product,자동차부품,440071000,잠정,2026-09-30T01:44:34.298566+00:00
2020-04-01,10,10,product,컴퓨터주변기기,263749000,잠정,2026-09-30T01:44:34.298566+00:00
2020-04-01,10,10,product,정밀기기,296065000,잠정,2026-09-30T01:44:34.298566+00:00
2020-04-01,10,10,product,가전제품,138259000,잠정,2026-09-30T01:44:34.298566+00:00
2020-04-01,20,20,product,전체,21308338000,잠정,2026-09-30T01:44:34.298566+00:00
2020-04-01,20,20,product,반도체,3968307000,잠정,2026-09-30T01:44:34.298566+00:00
2020-04-01,20,20,product,철강제품,1674257000,잠정,2026-09-30T01:44:34.298566+00:00
2020-04-01,20,20,product,승용차,1436877000,잠정,2026-09-30T01:44:34.298566+00:00
2020-04-01,20,20,product,석유제품,963162000,잠정,2026-09-30T01:44:34.298566+00:00
2020-04-01,20,20,product,무선통신기기,821896000,잠정,2026-09-30T01:44:34.298566+00:00
2020-04-01,20,20,product,선박,236162000,잠정,2026-09-30T01:44:34.298566+00:00
2020-04-01,20,20,product,자동차부품,659184000,잠정,2026-09-30T01:44:34.298566+00:00
2020-04-01,20,20,product,컴퓨터주변기기,525380000,잠정,2026-09-30T01:44:34.298566+00:00
2020-04-01,20,20,product,정밀기기,495234000,잠정,2026-09-30T01:44:34.298566+00:00
2020-04-01,20,20,product,가전제품,231982000,잠정,2026-09-30T01:44:34.298566+00:00
2020-04-01,month_end,30,product,전체,36270183000,잠정,2026-09-30T01:44:34.298566+00:00
2020-04-01,month_end,30,product,반도체,7377824000,잠정,2026-09-30T01:44:34.298566+00:00
2020-04-01,month_end,30,product,철강제품,2960105000,잠정,2026-09-30T01:44:34.298566+00:00
2020-04-01,month_end,30,product,승용차,2268579000,잠정,2026-09-30T01:44:34.298566+00:00
2020-04-01,month_end,30,product,석유제품,1515184000,잠정,2026-09-30T01:44:34.298566+00:00
2020-04-01,month_end,30,product,무선통신기기,1218726000,잠정,2026-09-30T01:44:34.298566+00:00
2020-04-01,month_end,30,product,선박,1011566000,잠정,2026-09-30T01:44:34.298566+00:00
2020-04-01,month_end,30,product,자동차부품,984872000,잠정,2026-09-30T01:44:34.298566+00:00
2020-04-01,month_end,30,product,컴퓨터주변기기,987095000,잠정,2026-09-30T01:44:34.298566+00:00
2020-04-01,month_end,30,product,정밀기기,788138000,잠정,2026-09-30T01:44:34.298566+00:00
2020-04-01,month_end,30,product,가전제품,383132000,잠정,2026-09-30T01:44:34.298566+00:00
2020-05-01,10,10,product,전체,6886388000,잠정,2026-09-30T01:44:34.298566+00:00
2020-05-01,10,10,product,반도체,1662651000,잠정,2026-09-30T01:44:34.298566+00:00
2020-05-01,10,10,product,철강제품,429107000,잠정,2026-09-30T01:44:34.298566+00:00
2020-05-01,10,10,product,승용차,164280000,잠정,2026-09-30T01:44:34.298566+00:00
2020-05-01,10,10,product,석유제품,284296000,잠정,2026-09-30T01:44:34.298566+00:00
2020-05-01,10,10,product,무선통신기기,321270000,잠정,2026-09-30T01:44:34.298566+00:00
2020-05-01,10,10,product,선박,337258000,잠정,2026-09-30T01:44:34.298566+00:00
2020-05-01,10,10,product,자동차부품,106601000,잠정,2026-09-30T01:44:34.298566+00:00
2020-05-01,10,10,product,컴퓨터주변기기,191987000,잠정,2026-09-30T01:44:34.298566+00:00
2020-05-01,10,10,product,정밀기기,156979000,잠정,2026-09-30T01:44:34.298566+00:00
2020-05-01,10,10,product,가전제품,66845000,잠정,2026-09-30T01:44:34.298566+00:00
2020-05-01,20,20,product,전체,20303243000,잠정,2026-09-30T01:44:34.298566+00:00
2020-05-01,20,20,product,반도체,4621117000,잠정,2026-09-30T01:44:34.298566+00:00
2020-05-01,20,20,product,철강제품,1449981000,잠정,2026-09-30T01:44:34.298566+00:00
2020-05-01,20,20,product,승용차,769822000,잠정,2026-09-30T01:44:34.298566+00:00
2020-05-01,20,20,product,석유제품,717907000,잠정,2026-09-30T01:44:34.298566+00:00
2020-05-01,20,20,product,무선통신기기,805943000,잠정,2026-09-30T01:44:34.298566+00:00
2020-05-01,20,20,product,선박,924868000,잠정,2026-09-30T01:44:34.298566+00:00
2020-05-01,20,20,product,자동차부품,361387000,잠정,2026-09-30T01:44:34.298566+00:00
2020-05-01,20,20,product,컴퓨터주변기기,527217000,잠정,2026-09-30T01:44:34.298566+00:00
2020-05-01,20,20,product,정밀기기,448385000,잠정,2026-09-30T01:44:34.298566+00:00
2020-05-01,20,20,product,가전제품,287304000,잠정,2026-09-30T01:44:34.298566+00:00
2020-05-01,month_end,31,product,전체,34854511000,잠정,2026-09-30T01:44:34.298566+00:00
2020-05-01,month_end,31,product,반도체,8293538000,잠정,2026-09-30T01:44:34.298566+00:00
2020-05-01,month_end,31,product,철강제품,2585971000,잠정,2026-09-30T01:44:34.298566+00:00
2020-05-01,month_end,31,product,승용차,1730321000,잠정,2026-09-30T01:44:34.298566+00:00
2020-05-01,month_end,31,product,석유제품,1189730000,잠정,2026-09-30T01:44:34.298566+00:00
2020-05-01,month_end,31,product,무선통신기기,1259813000,잠정,2026-09-30T01:44:34.298566+00:00
2020-05-01,month_end,31,product,선박,1546250000,잠정,2026-09-30T01:44:34.298566+00:00
2020-05-01,month_end,31,product,자동차부품,627494000,잠정,2026-09-30T01:44:34.298566+00:00
2020-05-01,month_end,31,product,컴퓨터주변기기,1111976000,잠정,2026-09-30T01:44:34.298566+00:00
2020-05-01,month_end,31,product,정밀기기,710590000,잠정,2026-09-30T01:44:34.298566+00:00
2020-05-01,month_end,31,product,가전제품,487614000,잠정,2026-09-30T01:44:34.298566+00:00
2020-06-01,10,10,product,전체,12258491000,잠정,2026-09-30T01:44:34.298566+00:00
2020-06-01,10,10,product,반도체,2285279000,잠정,2026-09-30T01:44:34.298566+00:00
2020-06-01,10,10,product,철강제품,829227000,잠정,2026-09-30T01:44:34.298566+00:00
2020-06-01,10,10,product,승용차,409241000,잠정,2026-09-30T01:44:34.298566+00:00
2020-06-01,10,10,product,석유제품,558484000,잠정,2026-09-30T01:44:34.298566+00:00
2020-06-01,10,10,product,무선통신기기,575325000,잠정,2026-09-30T01:44:34.298566+00:00
2020-06-01,10,10,product,선박,776477000,잠정,2026-09-30T01:44:34.298566+00:00
2020-06-01,10,10,product,자동차부품,283023000,잠정,2026-09-30T01:44:34.298566+00:00
2020-06-01,10,10,product,컴퓨터주변기기,289210000,잠정,2026-09-30T01:44:34.298566+00:00
2020-06-01,10,10,product,정밀기기,287755000,잠정,2026-09-30T01:44:34.298566+00:00
2020-06-01,10,10,product,가전제품,247804000,잠정,2026-09-30T01:44:34.298566+00:00
2020-06-01,20,20,product,전체,24978418000,잠정,2026-09-30T01:44:34.298566+00:00
2020-06-01,20,20,product,반도체,4852743000,잠정,2026-09-30T01:44:34.298566+00:00
2020-06-01,20,20,product,철강제품,1756668000,잠정,2026-09-30T01:44:34.298566+00:00
2020-06-01,20,20,product,승용차,1290717000,잠정,2026-09-30T01:44:34.298566+00:00
2020-06-01,20,20,product,석유제품,1154026000,잠정,2026-09-30T01:44:34.298566+00:00
2020-06-01,20,20,product,무선통신기기,1108186000,잠정,2026-09-30T01:44:34.298566+00:00
2020-06-01,20,20,product,선박,1189419000,잠정,2026-09-30T01:44:34.298566+00:00
2020-06-01,20,20,product,자동차부품,576924000,잠정,2026-09-30T01:44:34.298566+00:00
2020-06-01,20,20,product,컴퓨터주변기기,663772000,잠정,2026-09-30T01:44:34.298566+00:00
2020-06-01,20,20,product,정밀기기,574261000,잠정,2026-09-30T01:44:34.298566+00:00
2020-06-01,20,20,product,가전제품,467041000,잠정,2026-09-30T01:44:34.298566+00:00
2020-06-01,month_end,30,product,전체,39214071000,잠정,2026-09-30T01:44:34.298566+00:00
2020-06-01,month_end,30,product,반도체,8490845000,잠정,2026-09-30T01:44:34.298566+00:00
2020-06-01,month_end,30,product,철강제품,2938680000,잠정,2026-09-30T01:44:34.298566+00:00
2020-06-01,month_end,30,product,승용차,2374807000,잠정,2026-09-30T01:44:34.298566+00:00
2020-06-01,month_end,30,product,석유제품,1682787000,잠정,2026-09-30T01:44:34.298566+00:00
2020-06-01,month_end,30,product,무선통신기기,1499118000,잠정,2026-09-30T01:44:34.298566+00:00
2020-06-01,month_end,30,product,선박,1337308000,잠정,2026-09-30T01:44:34.298566+00:00
2020-06-01,month_end,30,product,자동차부품,911290000,잠정,2026-09-30T01:44:34.298566+00:00
2020-06-01,month_end,30,product,컴퓨터주변기기,1164664000,잠정,2026-09-30T01:44:34.298566+00:00
2020-06-01,month_end,30,product,정밀기기,859299000,잠정,2026-09-30T01:44:34.298566+00:00
2020-06-01,month_end,30,product,가전제품,669373000,잠정,2026-09-30T01:44:34.298566+00:00
2020-07-01,10,10,product,전체,13216226000,잠정,2026-09-30T01:44:34.298566+00:00
2020-07-01,10,10,product,반도체,2265636000,잠정,2026-09-30T01:44:34.298566+00:00
2020-07-01,10,10,product,철강제품,942106000,잠정,2026-09-30T01:44:34.298566+00:00
2020-07-01,10,10,product,승용차,915833000,잠정,2026-09-30T01:44:34.298566+00:00
2020-07-01,10,10,product,석유제품,710426000,잠정,2026-09-30T01:44:34.298566+00:00
2020-07-01,10,10,product,무선통신기기,487795000,잠정,2026-09-30T01:44:34.298566+00:00
2020-07-01,10,10,product,선박,743607000,잠정,2026-09-30T01:44:34.298566+00:00
2020-07-01,10,10,product,자동차부품,410258000,잠정,2026-09-30T01:44:34.298566+00:00
2020-07-01,10,10,product,컴퓨터주변기기,353181000,잠정,2026-09-30T01:44:34.298566+00:00
2020-07-01,10,10,product,정밀기기,302463000,잠정,2026-09-30T01:44:34.298566+00:00
2020-07-01,10,10,product,가전제품,250172000,잠정,2026-09-30T01:44:34.298566+00:00
2020-07-01,20,20,product,전체,24535992000,잠정,2026-09-30T01:44:34.298566+00:00
2020-07-01,20,20,product,반도체,4407373000,잠정,2026-09-30T01:44:34.298566+00:00
2020-07-01,20,20,product,철강제품,1795914000,잠정,2026-09-30T01:44:34.298566+00:00
2020-07-01,20,20,product,승용차,1822473000,잠정,2026-09-30T01:44:34.298566+00:00
2020-07-01,20,20,product,석유제품,1313954000,잠정,2026-09-30T01:44:34.298566+00:00
2020-07-01,20,20,product,무선통신기기,976045000,잠정,2026-09-30T01:44:34.298566+00:00
2020-07-01,20,20,product,선박,1294979000,잠정,2026-09-30T01:44:34.298566+00:00
2020-07-01,20,20,product,자동차부품,745132000,잠정,2026-09-30T01:44:34.298566+00:00
2020-07-01,20,20,product,컴퓨터주변기기,635950000,잠정,2026-09-30T01:44:34.298566+00:00
2020-07-01,20,20,product,정밀기기,566550000,잠정,2026-09-30T01:44:34.298566+00:00
2020-07-01,20,20,product,가전제품,460327000,잠정,2026-09-30T01:44:34.298566+00:00
2020-07-01,month_end,31,product,전체,42785144000,잠정,2026-09-30T01:44:34.298566+00:00
2020-07-01,month_end,31,product,반도체,8116298000,잠정,2026-09-30T01:44:34.298566+00:00
2020-07-01,month_end,31,product,철강제품,3296948000,잠정,2026-09-30T01:44:34.298566+00:00
2020-07-01,month_end,31,product,승용차,3519795000,잠정,2026-09-30T01:44:34.298566+00:00
2020-07-01,month_end,31,product,석유제품,2089149000,잠정,2026-09-30T01:44:34.298566+00:00
2020-07-01,month_end,31,product,무선통신기기,1561818000,잠정,2026-09-30T01:44:34.298566+00:00
2020-07-01,month_end,31,product,선박,1727015000,잠정,2026-09-30T01:44:34.298566+00:00
2020-07-01,month_end,31,product,자동차부품,1428793000,잠정,2026-09-30T01:44:34.298566+00:00
2020-07-01,month_end,31,product,컴퓨터주변기기,1085171000,잠정,2026-09-30T01:44:34.298566+00:00
2020-07-01,month_end,31,product,정밀기기,972368000,잠정,2026-09-30T01:44:34.298566+00:00
2020-07-01,month_end,31,product,가전제품,724026000,잠정,2026-09-30T01:44:34.298566+00:00
2020-08-01,10,10,product,전체,8694299000,잠정,2026-09-30T01:44:34.298566+00:00
2020-08-01,10,10,product,반도체,2179997000,잠정,2026-09-30T01:44:34.298566+00:00
2020-08-01,10,10,product,철강제품,626399000,잠정,2026-09-30T01:44:34.298566+00:00
2020-08-01,10,10,product,승용차,237226000,잠정,2026-09-30T01:44:34.298566+00:00
2020-08-01,10,10,product,석유제품,619262000,잠정,2026-09-30T01:44:34.298566+00:00
2020-08-01,10,10,product,무선통신기기,389581000,잠정,2026-09-30T01:44:34.298566+00:00
2020-08-01,10,10,product,선박,12802000,잠정,2026-09-30T01:44:34.298566+00:00
2020-08-01,10,10,product,자동차부품,156431000,잠정,2026-09-30T01:44:34.298566+00:00
2020-08-01,10,10,product,컴퓨터주변기기,272755000,잠정,2026-09-30T01:44:34.298566+00:00
2020-08-01,10,10,product,정밀기기,253994000,잠정,2026-09-30T01:44:34.298566+00:00
2020-08-01,10,10,product,가전제품,162502000,잠정,2026-09-30T01:44:34.298566+00:00
2020-08-01,20,20,product,전체,22886441000,잠정,2026-09-30T01:44:34.298566+00:00
2020-08-01,20,20,product,반도체,4872166000,잠정,2026-09-30T01:44:34.298566+00:00
2020-08-01,20,20,product,철강제품,1748478000,잠정,2026-09-30T01:44:34.298566+00:00
2020-08-01,20,20,product,승용차,1056783000,잠정,2026-09-30T01:44:34.298566+00:00
2020-08-01,20,20,product,석유제품,1320538000,잠정,2026-09-30T01:44:34.298566+00:00
2020-08-01,20,20,product,무선통신기기,969388000,잠정,2026-09-30T01:44:34.298566+00:00
2020-08-01,20,20,product,선박,339082000,잠정,2026-09-30T01:44:34.298566+00:00
2020-08-01,20,20,product,자동차부품,722418000,잠정,2026-09-30T01:44:34.298566+00:00
2020-08-01,20,20,product,컴퓨터주변기기,668516000,잠정,2026-09-30T01:44:34.298566+00:00
2020-08-01,20,20,product,정밀기기,602936000,잠정,2026-09-30T01:44:34.298566+00:00
2020-08-01,20,20,product,가전제품,415850000,잠정,2026-09-30T01:44:34.298566+00:00
2020-08-01,month_end,31,product,전체,39469231000,잠정,2026-09-30T01:44:34.298566+00:00
2020-08-01,month_end,31,product,반도체,8429925000,잠정,2026-09-30T01:44:34.298566+00:00
2020-08-01,month_end,31,product,철강제품,3013791000,잠정,2026-09-30T01:44:34.298566+00:00
2020-08-01,month_end,31,product,승용차,2459444000,잠정,2026-09-30T01:44:34.298566+00:00
2020-08-01,month_end,31,product,석유제품,2032643000,잠정,2026-09-30T01:44:34.298566+00:00
2020-08-01,month_end,31,product,무선통신기기,1594700000,잠정,2026-09-30T01:44:34.298566+00:00
2020-08-01,month_end,31,product,선박,1131152000,잠정,2026-09-30T01:44:34.298566+00:00
2020-08-01,month_end,31,product,자동차부품,1253139000,잠정,2026-09-30T01:44:34.298566+00:00
2020-08-01,month_end,31,product,컴퓨터주변기기,1242629000,잠정,2026-09-30T01:44:34.298566+00:00
2020-08-01,month_end,31,product,정밀기기,970031000,잠정,2026-09-30T01:44:34.298566+00:00
2020-08-01,month_end,31,product,가전제품,659251000,잠정,2026-09-30T01:44:34.298566+00:00
2020-09-01,10,10,product,전체,14918733000,잠정,2026-09-30T01:44:34.298566+00:00
2020-09-01,10,10,product,반도체,3296578000,잠정,2026-09-30T01:44:34.298566+00:00
2020-09-01,10,10,product,철강제품,1040348000,잠정,2026-09-30T01:44:34.298566+00:00
2020-09-01,10,10,product,승용차,886057000,잠정,2026-09-30T01:44:34.298566+00:00
2020-09-01,10,10,product,석유제품,650457000,잠정,2026-09-30T01:44:34.298566+00:00
2020-09-01,10,10,product,무선통신기기,693382000,잠정,2026-09-30T01:44:34.298566+00:00
2020-09-01,10,10,product,선박,327532000,잠정,2026-09-30T01:44:34.298566+00:00
2020-09-01,10,10,product,자동차부품,628851000,잠정,2026-09-30T01:44:34.298566+00:00
2020-09-01,10,10,product,컴퓨터주변기기,379490000,잠정,2026-09-30T01:44:34.298566+00:00
2020-09-01,10,10,product,정밀기기,415056000,잠정,2026-09-30T01:44:34.298566+00:00
2020-09-01,10,10,product,가전제품,248594000,잠정,2026-09-30T01:44:34.298566+00:00
2020-09-01,20,20,product,전체,29359555000,잠정,2026-09-30T01:44:34.298566+00:00
2020-09-01,20,20,product,반도체,6188315000,잠정,2026-09-30T01:44:34.298566+00:00
2020-09-01,20,20,product,철강제품,2073081000,잠정,2026-09-30T01:44:34.298566+00:00
2020-09-01,20,20,product,승용차,2170229000,잠정,2026-09-30T01:44:34.298566+00:00
2020-09-01,20,20,product,석유제품,1255882000,잠정,2026-09-30T01:44:34.298566+00:00
2020-09-01,20,20,product,무선통신기기,1373463000,잠정,2026-09-30T01:44:34.298566+00:00
2020-09-01,20,20,product,선박,1107522000,잠정,2026-09-30T01:44:34.298566+00:00
2020-09-01,20,20,product,자동차부품,1126856000,잠정,2026-09-30T01:44:34.298566+00:00
2020-09-01,20,20,product,컴퓨터주변기기,723670000,잠정,2026-09-30T01:44:34.298566+00:00
2020-09-01,20,20,product,정밀기기,748387000,잠정,2026-09-30T01:44:34.298566+00:00
2020-09-01,20,20,product,가전제품,469183000,잠정,2026-09-30T01:44:34.298566+00:00
2020-09-01,month_end,30,product,전체,47819948000,잠정,2026-09-30T01:44:34.298566+00:00
2020-09-01,month_end,30,product,반도체,9753555000,잠정,2026-09-30T01:44:34.298566+00:00
2020-09-01,month_end,30,product,철강제품,3593309000,잠정,2026-09-30T01:44:34.298566+00:00
2020-09-01,month_end,30,product,승용차,3598873000,잠정,2026-09-30T01:44:34.298566+00:00
2020-09-01,month_end,30,product,석유제품,1985270000,잠정,2026-09-30T01:44:34.298566+00:00
2020-09-01,month_end,30,product,무선통신기기,2201594000,잠정,2026-09-30T01:44:34.298566+00:00
2020-09-01,month_end,30,product,선박,1695185000,잠정,2026-09-30T01:44:34.298566+00:00
2020-09-01,month_end,30,product,자동차부품,1888020000,잠정,2026-09-30T01:44:34.298566+00:00
2020-09-01,month_end,30,product,컴퓨터주변기기,1175076000,잠정,2026-09-30T01:44:34.298566+00:00
2020-09-01,month_end,30,product,정밀기기,1182505000,잠정,2026-09-30T01:44:34.298566+00:00
2020-09-01,month_end,30,product,가전제품,734566000,잠정,2026-09-30T01:44:34.298566+00:00
2020-10-01,10,10,product,전체,9277053000,잠정,2026-09-30T01:44:34.298566+00:00
2020-10-01,10,10,product,반도체,2298206000,잠정,2026-09-30T01:44:34.298566+00:00
2020-10-01,10,10,product,철강제품,647812000,잠정,2026-09-30T01:44:34.298566+00:00
2020-10-01,10,10,product,승용차,592113000,잠정,2026-09-30T01:44:34.298566+00:00
2020-10-01,10,10,product,석유제품,409470000,잠정,2026-09-30T01:44:34.298566+00:00
2020-10-01,10,10,product,무선통신기기,664580000,잠정,2026-09-30T01:44:34.298566+00:00
2020-10-01,10,10,product,선박,42954000,잠정,2026-09-30T01:44:34.298566+00:00
2020-10-01,10,10,product,자동차부품,339340000,잠정,2026-09-30T01:44:34.298566+00:00
2020-10-01,10,10,product,컴퓨터주변기기,180714000,잠정,2026-09-30T01:44:34.298566+00:00
2020-10-01,10,10,product,정밀기기,222405000,잠정,2026-09-30T01:44:34.298566+00:00
2020-10-01,10,10,product,가전제품,129280000,잠정,2026-09-30T01:44:34.298566+00:00
2020-10-01,20,20,product,전체,25107953000,잠정,2026-09-30T01:44:34.298566+00:00
2020-10-01,20,20,product,반도체,5161602000,잠정,2026-09-30T01:44:34.298566+00:00
2020-10-01,20,20,product,철강제품,1914525000,잠정,2026-09-30T01:44:34.298566+00:00
2020-10-01,20,20,product,승용차,1817602000,잠정,2026-09-30T01:44:34.298566+00:00
2020-10-01,20,20,product,석유제품,1086008000,잠정,2026-09-30T01:44:34.298566+00:00
2020-10-01,20,20,product,무선통신기기,1487133000,잠정,2026-09-30T01:44:34.298566+00:00
2020-10-01,20,20,product,선박,727523000,잠정,2026-09-30T01:44:34.298566+00:00
2020-10-01,20,20,product,자동차부품,976080000,잠정,2026-09-30T01:44:34.298566+00:00
2020-10-01,20,20,product,컴퓨터주변기기,480212000,잠정,2026-09-30T01:44:34.298566+00:00
2020-10-01,20,20,product,정밀기기,589943000,잠정,2026-09-30T01:44:34.298566+00:00
2020-10-01,20,20,product,가전제품,373694000,잠정,2026-09-30T01:44:34.298566+00:00
2020-10-01,month_end,31,product,전체,44818534000,잠정,2026-09-30T01:44:34.298566+00:00
2020-10-01,month_end,31,product,반도체,8887797000,잠정,2026-09-30T01:44:34.298566+00:00
2020-10-01,month_end,31,product,철강제품,3413558000,잠정,2026-09-30T01:44:34.298566+00:00
2020-10-01,month_end,31,product,승용차,3850403000,잠정,2026-09-30T01:44:34.298566+00:00
2020-10-01,month_end,31,product,석유제품,1693213000,잠정,2026-09-30T01:44:34.298566+00:00
2020-10-01,month_end,31,product,무선통신기기,2454082000,잠정,2026-09-30T01:44:34.298566+00:00
2020-10-01,month_end,31,product,선박,1418611000,잠정,2026-09-30T01:44:34.298566+00:00
2020-10-01,month_end,31,product,자동차부품,1744560000,잠정,2026-09-30T01:44:34.298566+00:00
2020-10-01,month_end,31,product,컴퓨터주변기기,896232000,잠정,2026-09-30T01:44:34.298566+00:00
2020-10-01,month_end,31,product,정밀기기,1020844000,잠정,2026-09-30T01:44:34.298566+00:00
2020-10-01,month_end,31,product,가전제품,629757000,잠정,2026-09-30T01:44:34.298566+00:00
2020-11-01,10,10,product,전체,14113417000,잠정,2026-09-30T01:44:34.298566+00:00
2020-11-01,10,10,product,반도체,2600470000,잠정,2026-09-30T01:44:34.298566+00:00
2020-11-01,10,10,product,철강제품,1021728000,잠정,2026-09-30T01:44:34.298566+00:00
2020-11-01,10,10,product,승용차,1042019000,잠정,2026-09-30T01:44:34.298566+00:00
2020-11-01,10,10,product,석유제품,672025000,잠정,2026-09-30T01:44:34.298566+00:00
2020-11-01,10,10,product,무선통신기기,896640000,잠정,2026-09-30T01:44:34.298566+00:00
2020-11-01,10,10,product,선박,590920000,잠정,2026-09-30T01:44:34.298566+00:00
2020-11-01,10,10,product,자동차부품,540387000,잠정,2026-09-30T01:44:34.298566+00:00
2020-11-01,10,10,product,컴퓨터주변기기,231634000,잠정,2026-09-30T01:44:34.298566+00:00
2020-11-01,10,10,product,정밀기기,338838000,잠정,2026-09-30T01:44:34.298566+00:00
2020-11-01,10,10,product,가전제품,192795000,잠정,2026-09-30T01:44:34.298566+00:00
2020-11-01,20,20,product,전체,31252979000,잠정,2026-09-30T01:44:34.298566+00:00
2020-11-01,20,20,product,반도체,5648287000,잠정,2026-09-30T01:44:34.298566+00:00
2020-11-01,20,20,product,철강제품,2423813000,잠정,2026-09-30T01:44:34.298566+00:00
2020-11-01,20,20,product,승용차,2498275000,잠정,2026-09-30T01:44:34.298566+00:00
2020-11-01,20,20,product,석유제품,1260845000,잠정,2026-09-30T01:44:34.298566+00:00
2020-11-01,20,20,product,무선통신기기,1822165000,잠정,2026-09-30T01:44:34.298566+00:00
2020-11-01,20,20,product,선박,887510000,잠정,2026-09-30T01:44:34.298566+00:00
2020-11-01,20,20,product,자동차부품,1284706000,잠정,2026-09-30T01:44:34.298566+00:00
2020-11-01,20,20,product,컴퓨터주변기기,555862000,잠정,2026-09-30T01:44:34.298566+00:00
2020-11-01,20,20,product,정밀기기,766734000,잠정,2026-09-30T01:44:34.298566+00:00
2020-11-01,20,20,product,가전제품,418545000,잠정,2026-09-30T01:44:34.298566+00:00
2020-11-01,month_end,30,product,전체,45751883000,잠정,2026-09-30T01:44:34.298566+00:00
2020-11-01,month_end,30,product,반도체,8827529000,잠정,2026-09-30T01:44:34.298566+00:00
2020-11-01,month_end,30,product,철강제품,3538236000,잠정,2026-09-30T01:44:34.298566+00:00
2020-11-01,month_end,30,product,승용차,3801074000,잠정,2026-09-30T01:44:34.298566+00:00
2020-11-01,month_end,30,product,석유제품,1800933000,잠정,2026-09-30T01:44:34.298566+00:00
2020-11-01,month_end,30,product,무선통신기기,2597808000,잠정,2026-09-30T01:44:34.298566+00:00
2020-11-01,month_end,30,product,선박,978174000,잠정,2026-09-30T01:44:34.298566+00:00
2020-11-01,month_end,30,product,자동차부품,1820469000,잠정,2026-09-30T01:44:34.298566+00:00
2020-11-01,month_end,30,product,컴퓨터주변기기,907357000,잠정,2026-09-30T01:44:34.298566+00:00
2020-11-01,month_end,30,product,정밀기기,1105166000,잠정,2026-09-30T01:44:34.298566+00:00
2020-11-01,month_end,30,product,가전제품,593563000,잠정,2026-09-30T01:44:34.298566+00:00
2020-12-01,10,10,product,전체,16190161000,잠정,2026-09-30T01:44:34.298566+00:00
2020-12-01,10,10,product,반도체,2877605000,잠정,2026-09-30T01:44:34.298566+00:00
2020-12-01,10,10,product,철강제품,1188223000,잠정,2026-09-30T01:44:34.298566+00:00
2020-12-01,10,10,product,승용차,1054080000,잠정,2026-09-30T01:44:34.298566+00:00
2020-12-01,10,10,product,석유제품,648634000,잠정,2026-09-30T01:44:34.298566+00:00
2020-12-01,10,10,product,무선통신기기,981189000,잠정,2026-09-30T01:44:34.298566+00:00
2020-12-01,10,10,product,선박,588933000,잠정,2026-09-30T01:44:34.298566+00:00
2020-12-01,10,10,product,자동차부품,731131000,잠정,2026-09-30T01:44:34.298566+00:00
2020-12-01,10,10,product,컴퓨터주변기기,257269000,잠정,2026-09-30T01:44:34.298566+00:00
2020-12-01,10,10,product,정밀기기,410910000,잠정,2026-09-30T01:44:34.298566+00:00
2020-12-01,10,10,product,가전제품,215216000,잠정,2026-09-30T01:44:34.298566+00:00
2020-12-01,20,20,product,전체,30745327000,잠정,2026-09-30T01:44:34.298566+00:00
2020-12-01,20,20,product,반도체,5784582000,잠정,2026-09-30T01:44:34.298566+00:00
2020-12-01,20,20,product,철강제품,2255489000,잠정,2026-09-30T01:44:34.298566+00:00
2020-12-01,20,20,product,승용차,2111741000,잠정,2026-09-30T01:44:34.298566+00:00
2020-12-01,20,20,product,석유제품,1207927000,잠정,2026-09-30T01:44:34.298566+00:00
2020-12-01,20,20,product,무선통신기기,1847128000,잠정,2026-09-30T01:44:34.298566+00:00
2020-12-01,20,20,product,선박,1266606000,잠정,2026-09-30T01:44:34.298566+00:00
2020-12-01,20,20,product,자동차부품,1272713000,잠정,2026-09-30T01:44:34.298566+00:00
2020-12-01,20,20,product,컴퓨터주변기기,506919000,잠정,2026-09-30T01:44:34.298566+00:00
2020-12-01,20,20,product,정밀기기,737679000,잠정,2026-09-30T01:44:34.298566+00:00
2020-12-01,20,20,product,가전제품,393856000,잠정,2026-09-30T01:44:34.298566+00:00
2020-12-01,month_end,31,product,전체,51332449000,잠정,2026-09-30T01:44:34.298566+00:00
2020-12-01,month_end,31,product,반도체,9705310000,잠정,2026-09-30T01:44:34.298566+00:00
2020-12-01,month_end,31,product,철강제품,3821773000,잠정,2026-09-30T01:44:34.298566+00:00
2020-12-01,month_end,31,product,승용차,3419613000,잠정,2026-09-30T01:44:34.298566+00:00
2020-12-01,month_end,31,product,석유제품,2192977000,잠정,2026-09-30T01:44:34.298566+00:00
2020-12-01,month_end,31,product,무선통신기기,2728538000,잠정,2026-09-30T01:44:34.298566+00:00
2020-12-01,month_end,31,product,선박,2725530000,잠정,2026-09-30T01:44:34.298566+00:00
2020-12-01,month_end,31,product,자동차부품,2070125000,잠정,2026-09-30T01:44:34.298566+00:00
2020-12-01,month_end,31,product,컴퓨터주변기기,1025333000,잠정,2026-09-30T01:44:34.298566+00:00
2020-12-01,month_end,31,product,정밀기기,1174976000,잠정,2026-09-30T01:44:34.298566+00:00
2020-12-01,month_end,31,product,가전제품,601557000,잠정,2026-09-30T01:44:34.298566+00:00
2021-01-01,10,10,product,전체,11209293000,잠정,2026-09-30T01:44:34.480554+00:00
2021-01-01,10,10,product,반도체,2356315000,잠정,2026-09-30T01:44:34.480554+00:00
2021-01-01,10,10,product,철강제품,775039000,잠정,2026-09-30T01:44:34.480554+00:00
2021-01-01,10,10,product,승용차,665606000,잠정,2026-09-30T01:44:34.480554+00:00
2021-01-01,10,10,product,석유제품,410786000,잠정,2026-09-30T01:44:34.480554+00:00
2021-01-01,10,10,product,무선통신기기,798305000,잠정,2026-09-30T01:44:34.480554+00:00
2021-01-01,10,10,product,선박,830432000,잠정,2026-09-30T01:44:34.480554+00:00
2021-01-01,10,10,product,자동차부품,390473000,잠정,2026-09-30T01:44:34.480554+00:00
2021-01-01,10,10,product,컴퓨터주변기기,176985000,잠정,2026-09-30T01:44:34.480554+00:00
2021-01-01,10,10,product,정밀기기,262910000,잠정,2026-09-30T01:44:34.480554+00:00
2021-01-01,10,10,product,가전제품,125584000,잠정,2026-09-30T01:44:34.480554+00:00
2021-01-01,20,20,product,전체,28224491000,잠정,2026-09-30T01:44:34.480554+00:00
2021-01-01,20,20,product,반도체,5182780000,잠정,2026-09-30T01:44:34.480554+00:00
2021-01-01,20,20,product,철강제품,2171294000,잠정,2026-09-30T01:44:34.480554+00:00
2021-01-01,20,20,product,승용차,1898391000,잠정,2026-09-30T01:44:34.480554+00:00
2021-01-01,20,20,product,석유제품,1211792000,잠정,2026-09-30T01:44:34.480554+00:00
2021-01-01,20,20,product,무선통신기기,1649636000,잠정,2026-09-30T01:44:34.480554+00:00
2021-01-01,20,20,product,선박,1202698000,잠정,2026-09-30T01:44:34.480554+00:00
2021-01-01,20,20,product,자동차부품,1091263000,잠정,2026-09-30T01:44:34.480554+00:00
2021-01-01,20,20,product,컴퓨터주변기기,486041000,잠정,2026-09-30T01:44:34.480554+00:00
2021-01-01,20,20,product,정밀기기,673672000,잠정,2026-09-30T01:44:34.480554+00:00
2021-01-01,20,20,product,가전제품,369729000,잠정,2026-09-30T01:44:34.480554+00:00
2021-01-01,month_end,31,product,전체,48006974000,잠정,2026-09-30T01:44:34.480554+00:00
2021-01-01,month_end,31,product,반도체,8908101000,잠정,2026-09-30T01:44:34.480554+00:00
2021-01-01,month_end,31,product,철강제품,3635859000,잠정,2026-09-30T01:44:34.480554+00:00
2021-01-01,month_end,31,product,승용차,3815566000,잠정,2026-09-30T01:44:34.480554+00:00
2021-01-01,month_end,31,product,석유제품,1910154000,잠정,2026-09-30T01:44:34.480554+00:00
2021-01-01,month_end,31,product,무선통신기기,2384452000,잠정,2026-09-30T01:44:34.480554+00:00
2021-01-01,month_end,31,product,선박,3460434000,잠정,2026-09-30T01:44:34.480554+00:00
2021-01-01,month_end,31,product,자동차부품,1738840000,잠정,2026-09-30T01:44:34.480554+00:00
2021-01-01,month_end,31,product,컴퓨터주변기기,898908000,잠정,2026-09-30T01:44:34.480554+00:00
2021-01-01,month_end,31,product,정밀기기,1063384000,잠정,2026-09-30T01:44:34.480554+00:00
2021-01-01,month_end,31,product,가전제품,591156000,잠정,2026-09-30T01:44:34.480554+00:00
2021-02-01,10,10,product,전체,17967017000,잠정,2026-09-30T01:44:34.480554+00:00
2021-02-01,10,10,product,반도체,3073222000,잠정,2026-09-30T01:44:34.480554+00:00
2021-02-01,10,10,product,철강제품,1332212000,잠정,2026-09-30T01:44:34.480554+00:00
2021-02-01,10,10,product,승용차,1243780000,잠정,2026-09-30T01:44:34.480554+00:00
2021-02-01,10,10,product,석유제품,1023734000,잠정,2026-09-30T01:44:34.480554+00:00
2021-02-01,10,10,product,무선통신기기,846432000,잠정,2026-09-30T01:44:34.480554+00:00
2021-02-01,10,10,product,선박,702866000,잠정,2026-09-30T01:44:34.480554+00:00
2021-02-01,10,10,product,자동차부품,791837000,잠정,2026-09-30T01:44:34.480554+00:00
2021-02-01,10,10,product,컴퓨터주변기기,292985000,잠정,2026-09-30T01:44:34.480554+00:00
2021-02-01,10,10,product,정밀기기,427601000,잠정,2026-09-30T01:44:34.480554+00:00
2021-02-01,10,10,product,가전제품,254635000,잠정,2026-09-30T01:44:34.480554+00:00
2021-02-01,20,20,product,전체,30342975000,잠정,2026-09-30T01:44:34.480554+00:00
2021-02-01,20,20,product,반도체,5747254000,잠정,2026-09-30T01:44:34.480554+00:00
2021-02-01,20,20,product,철강제품,2329915000,잠정,2026-09-30T01:44:34.480554+00:00
2021-02-01,20,20,product,승용차,1934345000,잠정,2026-09-30T01:44:34.480554+00:00
2021-02-01,20,20,product,석유제품,1641150000,잠정,2026-09-30T01:44:34.480554+00:00
2021-02-01,20,20,product,무선통신기기,1380929000,잠정,2026-09-30T01:44:34.480554+00:00
2021-02-01,20,20,product,선박,1012462000,잠정,2026-09-30T01:44:34.480554+00:00
2021-02-01,20,20,product,자동차부품,1231535000,잠정,2026-09-30T01:44:34.480554+00:00
2021-02-01,20,20,product,컴퓨터주변기기,591852000,잠정,2026-09-30T01:44:34.480554+00:00
2021-02-01,20,20,product,정밀기기,723318000,잠정,2026-09-30T01:44:34.480554+00:00
2021-02-01,20,20,product,가전제품,401549000,잠정,2026-09-30T01:44:34.480554+00:00
2021-02-01,month_end,28,product,전체,44706907000,잠정,2026-09-30T01:44:34.480554+00:00
2021-02-01,month_end,28,product,반도체,8556779000,잠정,2026-09-30T01:44:34.480554+00:00
2021-02-01,month_end,28,product,철강제품,3539787000,잠정,2026-09-30T01:44:34.480554+00:00
2021-02-01,month_end,28,product,승용차,3373564000,잠정,2026-09-30T01:44:34.480554+00:00
2021-02-01,month_end,28,product,석유제품,2428358000,잠정,2026-09-30T01:44:34.480554+00:00
2021-02-01,month_end,28,product,무선통신기기,1845075000,잠정,2026-09-30T01:44:34.480554+00:00
2021-02-01,month_end,28,product,선박,1450678000,잠정,2026-09-30T01:44:34.480554+00:00
2021-02-01,month_end,28,product,자동차부품,1738988000,잠정,2026-09-30T01:44:34.480554+00:00
2021-02-01,month_end,28,product,컴퓨터주변기기,967756000,잠정,2026-09-30T01:44:34.480554+00:00
2021-02-01,month_end,28,product,정밀기기,1016984000,잠정,2026-09-30T01:44:34.480554+00:00
2021-02-01,month_end,28,product,가전제품,563550000,잠정,2026-09-30T01:44:34.480554+00:00
2021-03-01,10,10,product,전체,16303946000,잠정,2026-09-30T01:44:34.480554+00:00
2021-03-01,10,10,product,반도체,2993422000,잠정,2026-09-30T01:44:34.480554+00:00
2021-03-01,10,10,product,철강제품,1214781000,잠정,2026-09-30T01:44:34.480554+00:00
2021-03-01,10,10,product,승용차,1007727000,잠정,2026-09-30T01:44:34.480554+00:00
2021-03-01,10,10,product,석유제품,863493000,잠정,2026-09-30T01:44:34.480554+00:00
2021-03-01,10,10,product,무선통신기기,658774000,잠정,2026-09-30T01:44:34.480554+00:00
2021-03-01,10,10,product,선박,527614000,잠정,2026-09-30T01:44:34.480554+00:00
2021-03-01,10,10,product,자동차부품,687766000,잠정,2026-09-30T01:44:34.480554+00:00
2021-03-01,10,10,product,컴퓨터주변기기,305361000,잠정,2026-09-30T01:44:34.480554+00:00
2021-03-01,10,10,product,정밀기기,366949000,잠정,2026-09-30T01:44:34.480554+00:00
2021-03-01,10,10,product,가전제품,231574000,잠정,2026-09-30T01:44:34.480554+00:00
2021-03-01,20,20,product,전체,33843994000,잠정,2026-09-30T01:44:34.480554+00:00
2021-03-01,20,20,product,반도체,5977145000,잠정,2026-09-30T01:44:34.480554+00:00
2021-03-01,20,20,product,철강제품,2597277000,잠정,2026-09-30T01:44:34.480554+00:00
2021-03-01,20,20,product,승용차,2487603000,잠정,2026-09-30T01:44:34.480554+00:00
2021-03-01,20,20,product,석유제품,1710051000,잠정,2026-09-30T01:44:34.480554+00:00
2021-03-01,20,20,product,무선통신기기,1321320000,잠정,2026-09-30T01:44:34.480554+00:00
2021-03-01,20,20,product,선박,1516982000,잠정,2026-09-30T01:44:34.480554+00:00
2021-03-01,20,20,product,자동차부품,1379885000,잠정,2026-09-30T01:44:34.480554+00:00
2021-03-01,20,20,product,컴퓨터주변기기,629972000,잠정,2026-09-30T01:44:34.480554+00:00
2021-03-01,20,20,product,정밀기기,769600000,잠정,2026-09-30T01:44:34.480554+00:00
2021-03-01,20,20,product,가전제품,437957000,잠정,2026-09-30T01:44:34.480554+00:00
2021-03-01,month_end,31,product,전체,53690914000,잠정,2026-09-30T01:44:34.480554+00:00
2021-03-01,month_end,31,product,반도체,9711666000,잠정,2026-09-30T01:44:34.480554+00:00
2021-03-01,month_end,31,product,철강제품,4153911000,잠정,2026-09-30T01:44:34.480554+00:00
2021-03-01,month_end,31,product,승용차,4201058000,잠정,2026-09-30T01:44:34.480554+00:00
2021-03-01,month_end,31,product,석유제품,2783163000,잠정,2026-09-30T01:44:34.480554+00:00
2021-03-01,month_end,31,product,무선통신기기,1912330000,잠정,2026-09-30T01:44:34.480554+00:00
2021-03-01,month_end,31,product,선박,2312452000,잠정,2026-09-30T01:44:34.480554+00:00
2021-03-01,month_end,31,product,자동차부품,2095282000,잠정,2026-09-30T01:44:34.480554+00:00
2021-03-01,month_end,31,product,컴퓨터주변기기,1193894000,잠정,2026-09-30T01:44:34.480554+00:00
2021-03-01,month_end,31,product,정밀기기,1162624000,잠정,2026-09-30T01:44:34.480554+00:00
2021-03-01,month_end,31,product,가전제품,706532000,잠정,2026-09-30T01:44:34.480554+00:00
2021-04-01,10,10,product,전체,14896402000,잠정,2026-09-30T01:44:34.480554+00:00
2021-04-01,10,10,product,반도체,2574540000,잠정,2026-09-30T01:44:34.480554+00:00
2021-04-01,10,10,product,철강제품,1167799000,잠정,2026-09-30T01:44:34.480554+00:00
2021-04-01,10,10,product,승용차,1061151000,잠정,2026-09-30T01:44:34.480554+00:00
2021-04-01,10,10,product,석유제품,736992000,잠정,2026-09-30T01:44:34.480554+00:00
2021-04-01,10,10,product,무선통신기기,739550000,잠정,2026-09-30T01:44:34.480554+00:00
2021-04-01,10,10,product,선박,324956000,잠정,2026-09-30T01:44:34.480554+00:00
2021-04-01,10,10,product,자동차부품,625282000,잠정,2026-09-30T01:44:34.480554+00:00
2021-04-01,10,10,product,컴퓨터주변기기,249528000,잠정,2026-09-30T01:44:34.480554+00:00
2021-04-01,10,10,product,정밀기기,333221000,잠정,2026-09-30T01:44:34.480554+00:00
2021-04-01,10,10,product,가전제품,213984000,잠정,2026-09-30T01:44:34.480554+00:00
2021-04-01,20,20,product,전체,31026874000,잠정,2026-09-30T01:44:34.480554+00:00
2021-04-01,20,20,product,반도체,5485499000,잠정,2026-09-30T01:44:34.480554+00:00
2021-04-01,20,20,product,철강제품,2484108000,잠정,2026-09-30T01:44:34.480554+00:00
2021-04-01,20,20,product,승용차,2227183000,잠정,2026-09-30T01:44:34.480554+00:00
2021-04-01,20,20,product,석유제품,1777454000,잠정,2026-09-30T01:44:34.480554+00:00
2021-04-01,20,20,product,무선통신기기,1381318000,잠정,2026-09-30T01:44:34.480554+00:00
2021-04-01,20,20,product,선박,996645000,잠정,2026-09-30T01:44:34.480554+00:00
2021-04-01,20,20,product,자동차부품,1196512000,잠정,2026-09-30T01:44:34.480554+00:00
2021-04-01,20,20,product,컴퓨터주변기기,564693000,잠정,2026-09-30T01:44:34.480554+00:00
2021-04-01,20,20,product,정밀기기,666973000,잠정,2026-09-30T01:44:34.480554+00:00
2021-04-01,20,20,product,가전제품,451929000,잠정,2026-09-30T01:44:34.480554+00:00
2021-04-01,month_end,30,product,전체,51225991000,잠정,2026-09-30T01:44:34.480554+00:00
2021-04-01,month_end,30,product,반도체,9516174000,잠정,2026-09-30T01:44:34.480554+00:00
2021-04-01,month_end,30,product,철강제품,4184319000,잠정,2026-09-30T01:44:34.480554+00:00
2021-04-01,month_end,30,product,승용차,3975318000,잠정,2026-09-30T01:44:34.480554+00:00
2021-04-01,month_end,30,product,석유제품,2974647000,잠정,2026-09-30T01:44:34.480554+00:00
2021-04-01,month_end,30,product,무선통신기기,2062663000,잠정,2026-09-30T01:44:34.480554+00:00
2021-04-01,month_end,30,product,선박,1158623000,잠정,2026-09-30T01:44:34.480554+00:00
2021-04-01,month_end,30,product,자동차부품,1953874000,잠정,2026-09-30T01:44:34.480554+00:00
2021-04-01,month_end,30,product,컴퓨터주변기기,1050254000,잠정,2026-09-30T01:44:34.480554+00:00
2021-04-01,month_end,30,product,정밀기기,1077834000,잠정,2026-09-30T01:44:34.480554+00:00
2021-04-01,month_end,30,product,가전제품,730147000,잠정,2026-09-30T01:44:34.480554+00:00
2021-05-01,10,10,product,전체,12471926000,잠정,2026-09-30T01:44:34.480554+00:00
2021-05-01,10,10,product,반도체,2525855000,잠정,2026-09-30T01:44:34.480554+00:00
2021-05-01,10,10,product,철강제품,976568000,잠정,2026-09-30T01:44:34.480554+00:00
2021-05-01,10,10,product,승용차,753012000,잠정,2026-09-30T01:44:34.480554+00:00
2021-05-01,10,10,product,석유제품,660132000,잠정,2026-09-30T01:44:34.480554+00:00
2021-05-01,10,10,product,무선통신기기,633290000,잠정,2026-09-30T01:44:34.480554+00:00
2021-05-01,10,10,product,선박,411252000,잠정,2026-09-30T01:44:34.480554+00:00
2021-05-01,10,10,product,자동차부품,444524000,잠정,2026-09-30T01:44:34.480554+00:00
2021-05-01,10,10,product,컴퓨터주변기기,200658000,잠정,2026-09-30T01:44:34.480554+00:00
2021-05-01,10,10,product,정밀기기,256746000,잠정,2026-09-30T01:44:34.480554+00:00
2021-05-01,10,10,product,가전제품,213330000,잠정,2026-09-30T01:44:34.480554+00:00
2021-05-01,20,20,product,전체,31111855000,잠정,2026-09-30T01:44:34.480554+00:00
2021-05-01,20,20,product,반도체,5822198000,잠정,2026-09-30T01:44:34.480554+00:00
2021-05-01,20,20,product,철강제품,2572691000,잠정,2026-09-30T01:44:34.480554+00:00
2021-05-01,20,20,product,승용차,1893730000,잠정,2026-09-30T01:44:34.480554+00:00
2021-05-01,20,20,product,석유제품,1824014000,잠정,2026-09-30T01:44:34.480554+00:00
2021-05-01,20,20,product,무선통신기기,1321484000,잠정,2026-09-30T01:44:34.480554+00:00
2021-05-01,20,20,product,선박,926168000,잠정,2026-09-30T01:44:34.480554+00:00
2021-05-01,20,20,product,자동차부품,1162251000,잠정,2026-09-30T01:44:34.480554+00:00
2021-05-01,20,20,product,컴퓨터주변기기,665362000,잠정,2026-09-30T01:44:34.480554+00:00
2021-05-01,20,20,product,정밀기기,638021000,잠정,2026-09-30T01:44:34.480554+00:00
2021-05-01,20,20,product,가전제품,488115000,잠정,2026-09-30T01:44:34.480554+00:00
2021-05-01,month_end,31,product,전체,50725161000,잠정,2026-09-30T01:44:34.480554+00:00
2021-05-01,month_end,31,product,반도체,10260720000,잠정,2026-09-30T01:44:34.480554+00:00
2021-05-01,month_end,31,product,철강제품,4231339000,잠정,2026-09-30T01:44:34.480554+00:00
2021-05-01,month_end,31,product,승용차,3322196000,잠정,2026-09-30T01:44:34.480554+00:00
2021-05-01,month_end,31,product,석유제품,3127999000,잠정,2026-09-30T01:44:34.480554+00:00
2021-05-01,month_end,31,product,무선통신기기,1917326000,잠정,2026-09-30T01:44:34.480554+00:00
2021-05-01,month_end,31,product,선박,1314529000,잠정,2026-09-30T01:44:34.480554+00:00
2021-05-01,month_end,31,product,자동차부품,1755162000,잠정,2026-09-30T01:44:34.480554+00:00
2021-05-01,month_end,31,product,컴퓨터주변기기,1220535000,잠정,2026-09-30T01:44:34.480554+00:00
2021-05-01,month_end,31,product,정밀기기,1026777000,잠정,2026-09-30T01:44:34.480554+00:00
2021-05-01,month_end,31,product,가전제품,746839000,잠정,2026-09-30T01:44:34.480554+00:00
2021-06-01,10,10,product,전체,17261364000,잠정,2026-09-30T01:44:34.480554+00:00
2021-06-01,10,10,product,반도체,3140821000,잠정,2026-09-30T01:44:34.480554+00:00
2021-06-01,10,10,product,철강제품,1460734000,잠정,2026-09-30T01:44:34.480554+00:00
2021-06-01,10,10,product,승용차,968885000,잠정,2026-09-30T01:44:34.480554+00:00
2021-06-01,10,10,product,석유제품,965297000,잠정,2026-09-30T01:44:34.480554+00:00
2021-06-01,10,10,product,무선통신기기,683575000,잠정,2026-09-30T01:44:34.480554+00:00
2021-06-01,10,10,product,선박,547942000,잠정,2026-09-30T01:44:34.480554+00:00
2021-06-01,10,10,product,자동차부품,698710000,잠정,2026-09-30T01:44:34.480554+00:00
2021-06-01,10,10,product,컴퓨터주변기기,311507000,잠정,2026-09-30T01:44:34.480554+00:00
2021-06-01,10,10,product,정밀기기,378237000,잠정,2026-09-30T01:44:34.480554+00:00
2021-06-01,10,10,product,가전제품,261754000,잠정,2026-09-30T01:44:34.480554+00:00
2021-06-01,20,20,product,전체,32368528000,잠정,2026-09-30T01:44:34.480554+00:00
2021-06-01,20,20,product,반도체,6235696000,잠정,2026-09-30T01:44:34.480554+00:00
2021-06-01,20,20,product,철강제품,2746054000,잠정,2026-09-30T01:44:34.480554+00:00
2021-06-01,20,20,product,승용차,2092876000,잠정,2026-09-30T01:44:34.480554+00:00
2021-06-01,20,20,product,석유제품,1888880000,잠정,2026-09-30T01:44:34.480554+00:00
2021-06-01,20,20,product,무선통신기기,1282311000,잠정,2026-09-30T01:44:34.480554+00:00
2021-06-01,20,20,product,선박,858568000,잠정,2026-09-30T01:44:34.480554+00:00
2021-06-01,20,20,product,자동차부품,1211648000,잠정,2026-09-30T01:44:34.480554+00:00
2021-06-01,20,20,product,컴퓨터주변기기,635716000,잠정,2026-09-30T01:44:34.480554+00:00
2021-06-01,20,20,product,정밀기기,683993000,잠정,2026-09-30T01:44:34.480554+00:00
2021-06-01,20,20,product,가전제품,454139000,잠정,2026-09-30T01:44:34.480554+00:00
2021-06-01,month_end,30,product,전체,54778905000,잠정,2026-09-30T01:44:34.480554+00:00
2021-06-01,month_end,30,product,반도체,11359169000,잠정,2026-09-30T01:44:34.480554+00:00
2021-06-01,month_end,30,product,철강제품,4563557000,잠정,2026-09-30T01:44:34.480554+00:00
2021-06-01,month_end,30,product,승용차,3846118000,잠정,2026-09-30T01:44:34.480554+00:00
2021-06-01,month_end,30,product,석유제품,3066694000,잠정,2026-09-30T01:44:34.480554+00:00
2021-06-01,month_end,30,product,무선통신기기,1930454000,잠정,2026-09-30T01:44:34.480554+00:00
2021-06-01,month_end,30,product,선박,1896918000,잠정,2026-09-30T01:44:34.480554+00:00
2021-06-01,month_end,30,product,자동차부품,1886444000,잠정,2026-09-30T01:44:34.480554+00:00
2021-06-01,month_end,30,product,컴퓨터주변기기,1386692000,잠정,2026-09-30T01:44:34.480554+00:00
2021-06-01,month_end,30,product,정밀기기,1103699000,잠정,2026-09-30T01:44:34.480554+00:00
2021-06-01,month_end,30,product,가전제품,724713000,잠정,2026-09-30T01:44:34.480554+00:00
2021-07-01,10,10,product,전체,15067806000,잠정,2026-09-30T01:44:34.480554+00:00
2021-07-01,10,10,product,반도체,2619000000,잠정,2026-09-30T01:44:34.480554+00:00
2021-07-01,10,10,product,철강제품,1209648000,잠정,2026-09-30T01:44:34.480554+00:00
2021-07-01,10,10,product,승용차,1092703000,잠정,2026-09-30T01:44:34.480554+00:00
2021-07-01,10,10,product,석유제품,1099649000,잠정,2026-09-30T01:44:34.480554+00:00
2021-07-01,10,10,product,무선통신기기,639536000,잠정,2026-09-30T01:44:34.480554+00:00
2021-07-01,10,10,product,선박,267774000,잠정,2026-09-30T01:44:34.480554+00:00
2021-07-01,10,10,product,자동차부품,595577000,잠정,2026-09-30T01:44:34.480554+00:00
2021-07-01,10,10,product,컴퓨터주변기기,241785000,잠정,2026-09-30T01:44:34.480554+00:00
2021-07-01,10,10,product,정밀기기,322449000,잠정,2026-09-30T01:44:34.480554+00:00
2021-07-01,10,10,product,가전제품,269626000,잠정,2026-09-30T01:44:34.480554+00:00
2021-07-01,20,20,product,전체,32522073000,잠정,2026-09-30T01:44:34.480554+00:00
2021-07-01,20,20,product,반도체,5884166000,잠정,2026-09-30T01:44:34.480554+00:00
2021-07-01,20,20,product,철강제품,2741510000,잠정,2026-09-30T01:44:34.480554+00:00
2021-07-01,20,20,product,승용차,2338078000,잠정,2026-09-30T01:44:34.480554+00:00
2021-07-01,20,20,product,석유제품,2248605000,잠정,2026-09-30T01:44:34.480554+00:00
2021-07-01,20,20,product,무선통신기기,1305580000,잠정,2026-09-30T01:44:34.480554+00:00
2021-07-01,20,20,product,선박,1098560000,잠정,2026-09-30T01:44:34.480554+00:00
2021-07-01,20,20,product,자동차부품,1153996000,잠정,2026-09-30T01:44:34.480554+00:00
2021-07-01,20,20,product,컴퓨터주변기기,586447000,잠정,2026-09-30T01:44:34.480554+00:00
2021-07-01,20,20,product,정밀기기,651759000,잠정,2026-09-30T01:44:34.480554+00:00
2021-07-01,20,20,product,가전제품,498422000,잠정,2026-09-30T01:44:34.480554+00:00
2021-07-01,month_end,31,product,전체,55461518000,잠정,2026-09-30T01:44:34.480554+00:00
2021-07-01,month_end,31,product,반도체,11203191000,잠정,2026-09-30T01:44:34.480554+00:00
2021-07-01,month_end,31,product,철강제품,4620559000,잠정,2026-09-30T01:44:34.480554+00:00
2021-07-01,month_end,31,product,승용차,3888586000,잠정,2026-09-30T01:44:34.480554+00:00
2021-07-01,month_end,31,product,석유제품,3670499000,잠정,2026-09-30T01:44:34.480554+00:00
2021-07-01,month_end,31,product,무선통신기기,2009290000,잠정,2026-09-30T01:44:34.480554+00:00
2021-07-01,month_end,31,product,선박,1908411000,잠정,2026-09-30T01:44:34.480554+00:00
2021-07-01,month_end,31,product,자동차부품,1927077000,잠정,2026-09-30T01:44:34.480554+00:00
2021-07-01,month_end,31,product,컴퓨터주변기기,1415236000,잠정,2026-09-30T01:44:34.480554+00:00
2021-07-01,month_end,31,product,정밀기기,1073653000,잠정,2026-09-30T01:44:34.480554+00:00
2021-07-01,month_end,31,product,가전제품,788392000,잠정,2026-09-30T01:44:34.480554+00:00
2021-08-01,10,10,product,전체,12734452000,잠정,2026-09-30T01:44:34.480554+00:00
2021-08-01,10,10,product,반도체,3151710000,잠정,2026-09-30T01:44:34.480554+00:00
2021-08-01,10,10,product,철강제품,984594000,잠정,2026-09-30T01:44:34.480554+00:00
2021-08-01,10,10,product,승용차,144604000,잠정,2026-09-30T01:44:34.480554+00:00
2021-08-01,10,10,product,석유제품,812227000,잠정,2026-09-30T01:44:34.480554+00:00
2021-08-01,10,10,product,무선통신기기,685101000,잠정,2026-09-30T01:44:34.480554+00:00
2021-08-01,10,10,product,선박,38861000,잠정,2026-09-30T01:44:34.480554+00:00
2021-08-01,10,10,product,자동차부품,311841000,잠정,2026-09-30T01:44:34.480554+00:00
2021-08-01,10,10,product,컴퓨터주변기기,293283000,잠정,2026-09-30T01:44:34.480554+00:00
2021-08-01,10,10,product,정밀기기,287014000,잠정,2026-09-30T01:44:34.480554+00:00
2021-08-01,10,10,product,가전제품,136581000,잠정,2026-09-30T01:44:34.480554+00:00
2021-08-01,20,20,product,전체,32173134000,잠정,2026-09-30T01:44:34.480554+00:00
2021-08-01,20,20,product,반도체,6779227000,잠정,2026-09-30T01:44:34.480554+00:00
2021-08-01,20,20,product,철강제품,2745588000,잠정,2026-09-30T01:44:34.480554+00:00
2021-08-01,20,20,product,승용차,1446639000,잠정,2026-09-30T01:44:34.480554+00:00
2021-08-01,20,20,product,석유제품,2022249000,잠정,2026-09-30T01:44:34.480554+00:00
2021-08-01,20,20,product,무선통신기기,1423565000,잠정,2026-09-30T01:44:34.480554+00:00
2021-08-01,20,20,product,선박,584756000,잠정,2026-09-30T01:44:34.480554+00:00
2021-08-01,20,20,product,자동차부품,949478000,잠정,2026-09-30T01:44:34.480554+00:00
2021-08-01,20,20,product,컴퓨터주변기기,757790000,잠정,2026-09-30T01:44:34.480554+00:00
2021-08-01,20,20,product,정밀기기,683943000,잠정,2026-09-30T01:44:34.480554+00:00
2021-08-01,20,20,product,가전제품,413760000,잠정,2026-09-30T01:44:34.480554+00:00
2021-08-01,month_end,31,product,전체,53165104000,잠정,2026-09-30T01:44:34.480554+00:00
2021-08-01,month_end,31,product,반도체,11898826000,잠정,2026-09-30T01:44:34.480554+00:00
2021-08-01,month_end,31,product,철강제품,4454150000,잠정,2026-09-30T01:44:34.480554+00:00
2021-08-01,month_end,31,product,승용차,2863877000,잠정,2026-09-30T01:44:34.480554+00:00
2021-08-01,month_end,31,product,석유제품,3122421000,잠정,2026-09-30T01:44:34.480554+00:00
2021-08-01,month_end,31,product,무선통신기기,2207421000,잠정,2026-09-30T01:44:34.480554+00:00
2021-08-01,month_end,31,product,선박,1600931000,잠정,2026-09-30T01:44:34.480554+00:00
2021-08-01,month_end,31,product,자동차부품,1518929000,잠정,2026-09-30T01:44:34.480554+00:00
2021-08-01,month_end,31,product,컴퓨터주변기기,1581329000,잠정,2026-09-30T01:44:34.480554+00:00
2021-08-01,month_end,31,product,정밀기기,1119960000,잠정,2026-09-30T01:44:34.480554+00:00
2021-08-01,month_end,31,product,가전제품,671436000,잠정,2026-09-30T01:44:34.480554+00:00
2021-09-01,10,10,product,전체,19481599000,잠정,2026-09-30T01:44:34.480554+00:00
2021-09-01,10,10,product,반도체,3226675000,잠정,2026-09-30T01:44:34.480554+00:00
2021-09-01,10,10,product,철강제품,1643375000,잠정,2026-09-30T01:44:34.480554+00:00
2021-09-01,10,10,product,승용차,1299853000,잠정,2026-09-30T01:44:34.480554+00:00
2021-09-01,10,10,product,석유제품,1508224000,잠정,2026-09-30T01:44:34.480554+00:00
2021-09-01,10,10,product,무선통신기기,807625000,잠정,2026-09-30T01:44:34.480554+00:00
2021-09-01,10,10,product,선박,402027000,잠정,2026-09-30T01:44:34.480554+00:00
2021-09-01,10,10,product,자동차부품,723777000,잠정,2026-09-30T01:44:34.480554+00:00
2021-09-01,10,10,product,컴퓨터주변기기,394277000,잠정,2026-09-30T01:44:34.480554+00:00
2021-09-01,10,10,product,정밀기기,485685000,잠정,2026-09-30T01:44:34.480554+00:00
2021-09-01,10,10,product,가전제품,275196000,잠정,2026-09-30T01:44:34.480554+00:00
2021-09-01,20,20,product,전체,36114119000,잠정,2026-09-30T01:44:34.480554+00:00
2021-09-01,20,20,product,반도체,6664492000,잠정,2026-09-30T01:44:34.480554+00:00
2021-09-01,20,20,product,철강제품,3082515000,잠정,2026-09-30T01:44:34.480554+00:00
2021-09-01,20,20,product,승용차,2373097000,잠정,2026-09-30T01:44:34.480554+00:00
2021-09-01,20,20,product,석유제품,2507533000,잠정,2026-09-30T01:44:34.480554+00:00
2021-09-01,20,20,product,무선통신기기,1642039000,잠정,2026-09-30T01:44:34.480554+00:00
2021-09-01,20,20,product,선박,508107000,잠정,2026-09-30T01:44:34.480554+00:00
2021-09-01,20,20,product,자동차부품,1273779000,잠정,2026-09-30T01:44:34.480554+00:00
2021-09-01,20,20,product,컴퓨터주변기기,838393000,잠정,2026-09-30T01:44:34.480554+00:00
2021-09-01,20,20,product,정밀기기,829258000,잠정,2026-09-30T01:44:34.480554+00:00
2021-09-01,20,20,product,가전제품,478374000,잠정,2026-09-30T01:44:34.480554+00:00
2021-09-01,month_end,30,product,전체,55913862000,잠정,2026-09-30T01:44:34.480554+00:00
2021-09-01,month_end,30,product,반도체,12375886000,잠정,2026-09-30T01:44:34.480554+00:00
2021-09-01,month_end,30,product,철강제품,4754873000,잠정,2026-09-30T01:44:34.480554+00:00
2021-09-01,month_end,30,product,승용차,3395841000,잠정,2026-09-30T01:44:34.480554+00:00
2021-09-01,month_end,30,product,석유제품,3627056000,잠정,2026-09-30T01:44:34.480554+00:00
2021-09-01,month_end,30,product,무선통신기기,2405181000,잠정,2026-09-30T01:44:34.480554+00:00
2021-09-01,month_end,30,product,선박,977972000,잠정,2026-09-30T01:44:34.480554+00:00
2021-09-01,month_end,30,product,자동차부품,1779617000,잠정,2026-09-30T01:44:34.480554+00:00
2021-09-01,month_end,30,product,컴퓨터주변기기,1797734000,잠정,2026-09-30T01:44:34.480554+00:00
2021-09-01,month_end,30,product,정밀기기,1238141000,잠정,2026-09-30T01:44:34.480554+00:00
2021-09-01,month_end,30,product,가전제품,683852000,잠정,2026-09-30T01:44:34.480554+00:00
2021-10-01,10,10,product,전체,14781281000,잠정,2026-09-30T01:44:34.480554+00:00
2021-10-01,10,10,product,반도체,2803547000,잠정,2026-09-30T01:44:34.480554+00:00
2021-10-01,10,10,product,철강제품,1256123000,잠정,2026-09-30T01:44:34.480554+00:00
2021-10-01,10,10,product,승용차,896794000,잠정,2026-09-30T01:44:34.480554+00:00
2021-10-01,10,10,product,석유제품,1323028000,잠정,2026-09-30T01:44:34.480554+00:00
2021-10-01,10,10,product,무선통신기기,753526000,잠정,2026-09-30T01:44:34.480554+00:00
2021-10-01,10,10,product,선박,287949000,잠정,2026-09-30T01:44:34.480554+00:00
2021-10-01,10,10,product,자동차부품,444218000,잠정,2026-09-30T01:44:34.480554+00:00
2021-10-01,10,10,product,컴퓨터주변기기,251934000,잠정,2026-09-30T01:44:34.480554+00:00
2021-10-01,10,10,product,정밀기기,323184000,잠정,2026-09-30T01:44:34.480554+00:00
2021-10-01,10,10,product,가전제품,203224000,잠정,2026-09-30T01:44:34.480554+00:00
2021-10-01,20,20,product,전체,34296898000,잠정,2026-09-30T01:44:34.480554+00:00
2021-10-01,20,20,product,반도체,6393621000,잠정,2026-09-30T01:44:34.480554+00:00
2021-10-01,20,20,product,철강제품,2900758000,잠정,2026-09-30T01:44:34.480554+00:00
2021-10-01,20,20,product,승용차,2007633000,잠정,2026-09-30T01:44:34.480554+00:00
2021-10-01,20,20,product,석유제품,2616675000,잠정,2026-09-30T01:44:34.480554+00:00
2021-10-01,20,20,product,무선통신기기,1525835000,잠정,2026-09-30T01:44:34.480554+00:00
2021-10-01,20,20,product,선박,1409225000,잠정,2026-09-30T01:44:34.480554+00:00
2021-10-01,20,20,product,자동차부품,1052915000,잠정,2026-09-30T01:44:34.480554+00:00
2021-10-01,20,20,product,컴퓨터주변기기,611389000,잠정,2026-09-30T01:44:34.480554+00:00
2021-10-01,20,20,product,정밀기기,746403000,잠정,2026-09-30T01:44:34.480554+00:00
2021-10-01,20,20,product,가전제품,468444000,잠정,2026-09-30T01:44:34.480554+00:00
2021-10-01,month_end,31,product,전체,55660373000,잠정,2026-09-30T01:44:34.480554+00:00
2021-10-01,month_end,31,product,반도체,11387012000,잠정,2026-09-30T01:44:34.480554+00:00
2021-10-01,month_end,31,product,철강제품,4612785000,잠정,2026-09-30T01:44:34.480554+00:00
2021-10-01,month_end,31,product,승용차,3655070000,잠정,2026-09-30T01:44:34.480554+00:00
2021-10-01,month_end,31,product,석유제품,4143569000,잠정,2026-09-30T01:44:34.480554+00:00
2021-10-01,month_end,31,product,무선통신기기,2248571000,잠정,2026-09-30T01:44:34.480554+00:00
2021-10-01,month_end,31,product,선박,1485588000,잠정,2026-09-30T01:44:34.480554+00:00
2021-10-01,month_end,31,product,자동차부품,1726050000,잠정,2026-09-30T01:44:34.480554+00:00
2021-10-01,month_end,31,product,컴퓨터주변기기,1385185000,잠정,2026-09-30T01:44:34.480554+00:00
2021-10-01,month_end,31,product,정밀기기,1188546000,잠정,2026-09-30T01:44:34.480554+00:00
2021-10-01,month_end,31,product,가전제품,727345000,잠정,2026-09-30T01:44:34.480554+00:00
2021-11-01,10,10,product,전체,18219156000,잠정,2026-09-30T01:44:34.480554+00:00
2021-11-01,10,10,product,반도체,3776683000,잠정,2026-09-30T01:44:34.480554+00:00
2021-11-01,10,10,product,철강제품,1424842000,잠정,2026-09-30T01:44:34.480554+00:00
2021-11-01,10,10,product,승용차,1106809000,잠정,2026-09-30T01:44:34.480554+00:00
2021-11-01,10,10,product,석유제품,1206221000,잠정,2026-09-30T01:44:34.480554+00:00
2021-11-01,10,10,product,무선통신기기,806806000,잠정,2026-09-30T01:44:34.480554+00:00
2021-11-01,10,10,product,선박,232072000,잠정,2026-09-30T01:44:34.480554+00:00
2021-11-01,10,10,product,자동차부품,578255000,잠정,2026-09-30T01:44:34.480554+00:00
2021-11-01,10,10,product,컴퓨터주변기기,386882000,잠정,2026-09-30T01:44:34.480554+00:00
2021-11-01,10,10,product,정밀기기,426606000,잠정,2026-09-30T01:44:34.480554+00:00
2021-11-01,10,10,product,가전제품,261800000,잠정,2026-09-30T01:44:34.480554+00:00
2021-11-01,20,20,product,전체,39801144000,잠정,2026-09-30T01:44:34.480554+00:00
2021-11-01,20,20,product,반도체,7480706000,잠정,2026-09-30T01:44:34.480554+00:00
2021-11-01,20,20,product,철강제품,3033013000,잠정,2026-09-30T01:44:34.480554+00:00
2021-11-01,20,20,product,승용차,2450609000,잠정,2026-09-30T01:44:34.480554+00:00
2021-11-01,20,20,product,석유제품,2647477000,잠정,2026-09-30T01:44:34.480554+00:00
2021-11-01,20,20,product,무선통신기기,1720707000,잠정,2026-09-30T01:44:34.480554+00:00
2021-11-01,20,20,product,선박,3127359000,잠정,2026-09-30T01:44:34.480554+00:00
2021-11-01,20,20,product,자동차부품,1199654000,잠정,2026-09-30T01:44:34.480554+00:00
2021-11-01,20,20,product,컴퓨터주변기기,840989000,잠정,2026-09-30T01:44:34.480554+00:00
2021-11-01,20,20,product,정밀기기,831894000,잠정,2026-09-30T01:44:34.480554+00:00
2021-11-01,20,20,product,가전제품,505503000,잠정,2026-09-30T01:44:34.480554+00:00
2021-11-01,month_end,30,product,전체,60330542000,잠정,2026-09-30T01:44:34.480554+00:00
2021-11-01,month_end,30,product,반도체,12251805000,잠정,2026-09-30T01:44:34.480554+00:00
2021-11-01,month_end,30,product,철강제품,4728572000,잠정,2026-09-30T01:44:34.480554+00:00
2021-11-01,month_end,30,product,승용차,3926337000,잠정,2026-09-30T01:44:34.480554+00:00
2021-11-01,month_end,30,product,석유제품,4033437000,잠정,2026-09-30T01:44:34.480554+00:00
2021-11-01,month_end,30,product,무선통신기기,2429169000,잠정,2026-09-30T01:44:34.480554+00:00
2021-11-01,month_end,30,product,선박,3477774000,잠정,2026-09-30T01:44:34.480554+00:00
2021-11-01,month_end,30,product,자동차부품,1770837000,잠정,2026-09-30T01:44:34.480554+00:00
2021-11-01,month_end,30,product,컴퓨터주변기기,1680779000,잠정,2026-09-30T01:44:34.480554+00:00
2021-11-01,month_end,30,product,정밀기기,1233398000,잠정,2026-09-30T01:44:34.480554+00:00
2021-11-01,month_end,30,product,가전제품,745999000,잠정,2026-09-30T01:44:34.480554+00:00
2021-12-01,10,10,product,전체,19462154000,잠정,2026-09-30T01:44:34.480554+00:00
2021-12-01,10,10,product,반도체,3638412000,잠정,2026-09-30T01:44:34.480554+00:00
2021-12-01,10,10,product,철강제품,1599332000,잠정,2026-09-30T01:44:34.480554+00:00
2021-12-01,10,10,product,승용차,988398000,잠정,2026-09-30T01:44:34.480554+00:00
2021-12-01,10,10,product,석유제품,1237783000,잠정,2026-09-30T01:44:34.480554+00:00
2021-12-01,10,10,product,무선통신기기,885480000,잠정,2026-09-30T01:44:34.480554+00:00
2021-12-01,10,10,product,선박,466928000,잠정,2026-09-30T01:44:34.480554+00:00
2021-12-01,10,10,product,자동차부품,715364000,잠정,2026-09-30T01:44:34.480554+00:00
2021-12-01,10,10,product,컴퓨터주변기기,397990000,잠정,2026-09-30T01:44:34.480554+00:00
2021-12-01,10,10,product,정밀기기,442283000,잠정,2026-09-30T01:44:34.480554+00:00
2021-12-01,10,10,product,가전제품,254172000,잠정,2026-09-30T01:44:34.480554+00:00
2021-12-01,20,20,product,전체,36887008000,잠정,2026-09-30T01:44:34.480554+00:00
2021-12-01,20,20,product,반도체,7371529000,잠정,2026-09-30T01:44:34.480554+00:00
2021-12-01,20,20,product,철강제품,3138526000,잠정,2026-09-30T01:44:34.480554+00:00
2021-12-01,20,20,product,승용차,2024498000,잠정,2026-09-30T01:44:34.480554+00:00
2021-12-01,20,20,product,석유제품,2294546000,잠정,2026-09-30T01:44:34.480554+00:00
2021-12-01,20,20,product,무선통신기기,1610635000,잠정,2026-09-30T01:44:34.480554+00:00
2021-12-01,20,20,product,선박,761347000,잠정,2026-09-30T01:44:34.480554+00:00
2021-12-01,20,20,product,자동차부품,1254424000,잠정,2026-09-30T01:44:34.480554+00:00
2021-12-01,20,20,product,컴퓨터주변기기,881446000,잠정,2026-09-30T01:44:34.480554+00:00
2021-12-01,20,20,product,정밀기기,812255000,잠정,2026-09-30T01:44:34.480554+00:00
2021-12-01,20,20,product,가전제품,467046000,잠정,2026-09-30T01:44:34.480554+00:00
2021-12-01,month_end,31,product,전체,60734117000,잠정,2026-09-30T01:44:34.480554+00:00
2021-12-01,month_end,31,product,반도체,13014460000,잠정,2026-09-30T01:44:34.480554+00:00
2021-12-01,month_end,31,product,철강제품,5138997000,잠정,2026-09-30T01:44:34.480554+00:00
2021-12-01,month_end,31,product,승용차,4053649000,잠정,2026-09-30T01:44:34.480554+00:00
2021-12-01,month_end,31,product,석유제품,3923110000,잠정,2026-09-30T01:44:34.480554+00:00
2021-12-01,month_end,31,product,무선통신기기,2303341000,잠정,2026-09-30T01:44:34.480554+00:00
2021-12-01,month_end,31,product,선박,1339967000,잠정,2026-09-30T01:44:34.480554+00:00
2021-12-01,month_end,31,product,자동차부품,2038539000,잠정,2026-09-30T01:44:34.480554+00:00
2021-12-01,month_end,31,product,컴퓨터주변기기,1543449000,잠정,2026-09-30T01:44:34.480554+00:00
2021-12-01,month_end,31,product,정밀기기,1242750000,잠정,2026-09-30T01:44:34.480554+00:00
2021-12-01,month_end,31,product,가전제품,735376000,잠정,2026-09-30T01:44:34.480554+00:00
2022-01-01,10,10,product,전체,13982440000,잠정,2026-09-30T01:44:34.666473+00:00
2022-01-01,10,10,product,반도체,2903640000,잠정,2026-09-30T01:44:34.666473+00:00
2022-01-01,10,10,product,철강제품,1149117000,잠정,2026-09-30T01:44:34.666473+00:00
2022-01-01,10,10,product,승용차,839781000,잠정,2026-09-30T01:44:34.666473+00:00
2022-01-01,10,10,product,석유제품,1010409000,잠정,2026-09-30T01:44:34.666473+00:00
2022-01-01,10,10,product,무선통신기기,390920000,잠정,2026-09-30T01:44:34.666473+00:00
2022-01-01,10,10,product,선박,320332000,잠정,2026-09-30T01:44:34.666473+00:00
2022-01-01,10,10,product,자동차부품,503068000,잠정,2026-09-30T01:44:34.666473+00:00
2022-01-01,10,10,product,컴퓨터주변기기,209528000,잠정,2026-09-30T01:44:34.666473+00:00
2022-01-01,10,10,product,정밀기기,339711000,잠정,2026-09-30T01:44:34.666473+00:00
2022-01-01,10,10,product,가전제품,318329000,잠정,2026-09-30T01:44:34.666473+00:00
2022-01-01,20,20,product,전체,34553673000,잠정,2026-09-30T01:44:34.666473+00:00
2022-01-01,20,20,product,반도체,6712707000,잠정,2026-09-30T01:44:34.666473+00:00
2022-01-01,20,20,product,철강제품,3021347000,잠정,2026-09-30T01:44:34.666473+00:00
2022-01-01,20,20,product,승용차,2327894000,잠정,2026-09-30T01:44:34.666473+00:00
2022-01-01,20,20,product,석유제품,2359567000,잠정,2026-09-30T01:44:34.666473+00:00
2022-01-01,20,20,product,무선통신기기,983621000,잠정,2026-09-30T01:44:34.666473+00:00
2022-01-01,20,20,product,선박,469446000,잠정,2026-09-30T01:44:34.666473+00:00
2022-01-01,20,20,product,자동차부품,1233100000,잠정,2026-09-30T01:44:34.666473+00:00
2022-01-01,20,20,product,컴퓨터주변기기,743590000,잠정,2026-09-30T01:44:34.666473+00:00
2022-01-01,20,20,product,정밀기기,755546000,잠정,2026-09-30T01:44:34.666473+00:00
2022-01-01,20,20,product,가전제품,754397000,잠정,2026-09-30T01:44:34.666473+00:00
2022-01-01,month_end,31,product,전체,55455376000,잠정,2026-09-30T01:44:34.666473+00:00
2022-01-01,month_end,31,product,반도체,11015776000,잠정,2026-09-30T01:44:34.666473+00:00
2022-01-01,month_end,31,product,철강제품,5059390000,잠정,2026-09-30T01:44:34.666473+00:00
2022-01-01,month_end,31,product,승용차,3924053000,잠정,2026-09-30T01:44:34.666473+00:00
2022-01-01,month_end,31,product,석유제품,3724347000,잠정,2026-09-30T01:44:34.666473+00:00
2022-01-01,month_end,31,product,무선통신기기,1663907000,잠정,2026-09-30T01:44:34.666473+00:00
2022-01-01,month_end,31,product,선박,724661000,잠정,2026-09-30T01:44:34.666473+00:00
2022-01-01,month_end,31,product,자동차부품,1974136000,잠정,2026-09-30T01:44:34.666473+00:00
2022-01-01,month_end,31,product,컴퓨터주변기기,1527729000,잠정,2026-09-30T01:44:34.666473+00:00
2022-01-01,month_end,31,product,정밀기기,1153749000,잠정,2026-09-30T01:44:34.666473+00:00
2022-01-01,month_end,31,product,가전제품,1176873000,잠정,2026-09-30T01:44:34.666473+00:00
2022-02-01,10,10,product,전체,15747782000,잠정,2026-09-30T01:44:34.666473+00:00
2022-02-01,10,10,product,반도체,3298815000,잠정,2026-09-30T01:44:34.666473+00:00
2022-02-01,10,10,product,철강제품,1262209000,잠정,2026-09-30T01:44:34.666473+00:00
2022-02-01,10,10,product,승용차,652796000,잠정,2026-09-30T01:44:34.666473+00:00
2022-02-01,10,10,product,석유제품,1358897000,잠정,2026-09-30T01:44:34.666473+00:00
2022-02-01,10,10,product,무선통신기기,472113000,잠정,2026-09-30T01:44:34.666473+00:00
2022-02-01,10,10,product,선박,457935000,잠정,2026-09-30T01:44:34.666473+00:00
2022-02-01,10,10,product,자동차부품,512231000,잠정,2026-09-30T01:44:34.666473+00:00
2022-02-01,10,10,product,컴퓨터주변기기,377410000,잠정,2026-09-30T01:44:34.666473+00:00
2022-02-01,10,10,product,정밀기기,347243000,잠정,2026-09-30T01:44:34.666473+00:00
2022-02-01,10,10,product,가전제품,332477000,잠정,2026-09-30T01:44:34.666473+00:00
2022-02-01,20,20,product,전체,34336310000,잠정,2026-09-30T01:44:34.666473+00:00
2022-02-01,20,20,product,반도체,6775940000,잠정,2026-09-30T01:44:34.666473+00:00
2022-02-01,20,20,product,철강제품,2707761000,잠정,2026-09-30T01:44:34.666473+00:00
2022-02-01,20,20,product,승용차,2144345000,잠정,2026-09-30T01:44:34.666473+00:00
2022-02-01,20,20,product,석유제품,2678587000,잠정,2026-09-30T01:44:34.666473+00:00
2022-02-01,20,20,product,무선통신기기,1136511000,잠정,2026-09-30T01:44:34.666473+00:00
2022-02-01,20,20,product,선박,1071617000,잠정,2026-09-30T01:44:34.666473+00:00
2022-02-01,20,20,product,자동차부품,1098310000,잠정,2026-09-30T01:44:34.666473+00:00
2022-02-01,20,20,product,컴퓨터주변기기,924084000,잠정,2026-09-30T01:44:34.666473+00:00
2022-02-01,20,20,product,정밀기기,749930000,잠정,2026-09-30T01:44:34.666473+00:00
2022-02-01,20,20,product,가전제품,693226000,잠정,2026-09-30T01:44:34.666473+00:00
2022-02-01,month_end,28,product,전체,54155835000,잠정,2026-09-30T01:44:34.666473+00:00
2022-02-01,month_end,28,product,반도체,10545025000,잠정,2026-09-30T01:44:34.666473+00:00
2022-02-01,month_end,28,product,철강제품,4664288000,잠정,2026-09-30T01:44:34.666473+00:00
2022-02-01,month_end,28,product,승용차,3631862000,잠정,2026-09-30T01:44:34.666473+00:00
2022-02-01,month_end,28,product,석유제품,4209060000,잠정,2026-09-30T01:44:34.666473+00:00
2022-02-01,month_end,28,product,무선통신기기,1664385000,잠정,2026-09-30T01:44:34.666473+00:00
2022-02-01,month_end,28,product,선박,1704024000,잠정,2026-09-30T01:44:34.666473+00:00
2022-02-01,month_end,28,product,자동차부품,1726005000,잠정,2026-09-30T01:44:34.666473+00:00
2022-02-01,month_end,28,product,컴퓨터주변기기,1628901000,잠정,2026-09-30T01:44:34.666473+00:00
2022-02-01,month_end,28,product,정밀기기,1145870000,잠정,2026-09-30T01:44:34.666473+00:00
2022-02-01,month_end,28,product,가전제품,1040601000,잠정,2026-09-30T01:44:34.666473+00:00
2022-03-01,10,10,product,전체,18838928000,잠정,2026-09-30T01:44:34.666473+00:00
2022-03-01,10,10,product,반도체,3846212000,잠정,2026-09-30T01:44:34.666473+00:00
2022-03-01,10,10,product,철강제품,1549276000,잠정,2026-09-30T01:44:34.666473+00:00
2022-03-01,10,10,product,승용차,725828000,잠정,2026-09-30T01:44:34.666473+00:00
2022-03-01,10,10,product,석유제품,1847642000,잠정,2026-09-30T01:44:34.666473+00:00
2022-03-01,10,10,product,무선통신기기,586415000,잠정,2026-09-30T01:44:34.666473+00:00
2022-03-01,10,10,product,선박,252389000,잠정,2026-09-30T01:44:34.666473+00:00
2022-03-01,10,10,product,자동차부품,711200000,잠정,2026-09-30T01:44:34.666473+00:00
2022-03-01,10,10,product,컴퓨터주변기기,466478000,잠정,2026-09-30T01:44:34.666473+00:00
2022-03-01,10,10,product,정밀기기,409512000,잠정,2026-09-30T01:44:34.666473+00:00
2022-03-01,10,10,product,가전제품,375851000,잠정,2026-09-30T01:44:34.666473+00:00
2022-03-01,20,20,product,전체,37467375000,잠정,2026-09-30T01:44:34.666473+00:00
2022-03-01,20,20,product,반도체,7819558000,잠정,2026-09-30T01:44:34.666473+00:00
2022-03-01,20,20,product,철강제품,3000057000,잠정,2026-09-30T01:44:34.666473+00:00
2022-03-01,20,20,product,승용차,2036335000,잠정,2026-09-30T01:44:34.666473+00:00
2022-03-01,20,20,product,석유제품,3283270000,잠정,2026-09-30T01:44:34.666473+00:00
2022-03-01,20,20,product,무선통신기기,1427183000,잠정,2026-09-30T01:44:34.666473+00:00
2022-03-01,20,20,product,선박,695294000,잠정,2026-09-30T01:44:34.666473+00:00
2022-03-01,20,20,product,자동차부품,1252943000,잠정,2026-09-30T01:44:34.666473+00:00
2022-03-01,20,20,product,컴퓨터주변기기,1029633000,잠정,2026-09-30T01:44:34.666473+00:00
2022-03-01,20,20,product,정밀기기,795453000,잠정,2026-09-30T01:44:34.666473+00:00
2022-03-01,20,20,product,가전제품,711120000,잠정,2026-09-30T01:44:34.666473+00:00
2022-03-01,month_end,31,product,전체,63786835000,잠정,2026-09-30T01:44:34.666473+00:00
2022-03-01,month_end,31,product,반도체,13297573000,잠정,2026-09-30T01:44:34.666473+00:00
2022-03-01,month_end,31,product,철강제품,5075646000,잠정,2026-09-30T01:44:34.666473+00:00
2022-03-01,month_end,31,product,승용차,3782908000,잠정,2026-09-30T01:44:34.666473+00:00
2022-03-01,month_end,31,product,석유제품,5552821000,잠정,2026-09-30T01:44:34.666473+00:00
2022-03-01,month_end,31,product,무선통신기기,2241883000,잠정,2026-09-30T01:44:34.666473+00:00
2022-03-01,month_end,31,product,선박,1454394000,잠정,2026-09-30T01:44:34.666473+00:00
2022-03-01,month_end,31,product,자동차부품,2111612000,잠정,2026-09-30T01:44:34.666473+00:00
2022-03-01,month_end,31,product,컴퓨터주변기기,1875292000,잠정,2026-09-30T01:44:34.666473+00:00
2022-03-01,month_end,31,product,정밀기기,1312612000,잠정,2026-09-30T01:44:34.666473+00:00
2022-03-01,month_end,31,product,가전제품,1176426000,잠정,2026-09-30T01:44:34.666473+00:00
2022-04-01,10,10,product,전체,15355040000,잠정,2026-09-30T01:44:34.666473+00:00
2022-04-01,10,10,product,반도체,2940567000,잠정,2026-09-30T01:44:34.666473+00:00
2022-04-01,10,10,product,철강제품,1221736000,잠정,2026-09-30T01:44:34.666473+00:00
2022-04-01,10,10,product,승용차,921303000,잠정,2026-09-30T01:44:34.666473+00:00
2022-04-01,10,10,product,석유제품,1495364000,잠정,2026-09-30T01:44:34.666473+00:00
2022-04-01,10,10,product,무선통신기기,663130000,잠정,2026-09-30T01:44:34.666473+00:00
2022-04-01,10,10,product,선박,260795000,잠정,2026-09-30T01:44:34.666473+00:00
2022-04-01,10,10,product,자동차부품,472646000,잠정,2026-09-30T01:44:34.666473+00:00
2022-04-01,10,10,product,컴퓨터주변기기,304931000,잠정,2026-09-30T01:44:34.666473+00:00
2022-04-01,10,10,product,정밀기기,308573000,잠정,2026-09-30T01:44:34.666473+00:00
2022-04-01,10,10,product,가전제품,298860000,잠정,2026-09-30T01:44:34.666473+00:00
2022-04-01,20,20,product,전체,36368152000,잠정,2026-09-30T01:44:34.666473+00:00
2022-04-01,20,20,product,반도체,6741747000,잠정,2026-09-30T01:44:34.666473+00:00
2022-04-01,20,20,product,철강제품,3128435000,잠정,2026-09-30T01:44:34.666473+00:00
2022-04-01,20,20,product,승용차,2203448000,잠정,2026-09-30T01:44:34.666473+00:00
2022-04-01,20,20,product,석유제품,3354034000,잠정,2026-09-30T01:44:34.666473+00:00
2022-04-01,20,20,product,무선통신기기,1233298000,잠정,2026-09-30T01:44:34.666473+00:00
2022-04-01,20,20,product,선박,661110000,잠정,2026-09-30T01:44:34.666473+00:00
2022-04-01,20,20,product,자동차부품,1241963000,잠정,2026-09-30T01:44:34.666473+00:00
2022-04-01,20,20,product,컴퓨터주변기기,754573000,잠정,2026-09-30T01:44:34.666473+00:00
2022-04-01,20,20,product,정밀기기,706232000,잠정,2026-09-30T01:44:34.666473+00:00
2022-04-01,20,20,product,가전제품,715695000,잠정,2026-09-30T01:44:34.666473+00:00
2022-04-01,month_end,30,product,전체,57842816000,잠정,2026-09-30T01:44:34.666473+00:00
2022-04-01,month_end,30,product,반도체,11000265000,잠정,2026-09-30T01:44:34.666473+00:00
2022-04-01,month_end,30,product,철강제품,5065473000,잠정,2026-09-30T01:44:34.666473+00:00
2022-04-01,month_end,30,product,승용차,4191342000,잠정,2026-09-30T01:44:34.666473+00:00
2022-04-01,month_end,30,product,석유제품,5201649000,잠정,2026-09-30T01:44:34.666473+00:00
2022-04-01,month_end,30,product,무선통신기기,1832280000,잠정,2026-09-30T01:44:34.666473+00:00
2022-04-01,month_end,30,product,선박,951101000,잠정,2026-09-30T01:44:34.666473+00:00
2022-04-01,month_end,30,product,자동차부품,1888966000,잠정,2026-09-30T01:44:34.666473+00:00
2022-04-01,month_end,30,product,컴퓨터주변기기,1804001000,잠정,2026-09-30T01:44:34.666473+00:00
2022-04-01,month_end,30,product,정밀기기,1077163000,잠정,2026-09-30T01:44:34.666473+00:00
2022-04-01,month_end,30,product,가전제품,1062869000,잠정,2026-09-30T01:44:34.666473+00:00
2022-05-01,10,10,product,전체,16107911000,잠정,2026-09-30T01:44:34.666473+00:00
2022-05-01,10,10,product,반도체,2798281000,잠정,2026-09-30T01:44:34.666473+00:00
2022-05-01,10,10,product,철강제품,1233404000,잠정,2026-09-30T01:44:34.666473+00:00
2022-05-01,10,10,product,승용차,596003000,잠정,2026-09-30T01:44:34.666473+00:00
2022-05-01,10,10,product,석유제품,2435632000,잠정,2026-09-30T01:44:34.666473+00:00
2022-05-01,10,10,product,무선통신기기,460916000,잠정,2026-09-30T01:44:34.666473+00:00
2022-05-01,10,10,product,선박,395873000,잠정,2026-09-30T01:44:34.666473+00:00
2022-05-01,10,10,product,자동차부품,505821000,잠정,2026-09-30T01:44:34.666473+00:00
2022-05-01,10,10,product,컴퓨터주변기기,337123000,잠정,2026-09-30T01:44:34.666473+00:00
2022-05-01,10,10,product,정밀기기,295649000,잠정,2026-09-30T01:44:34.666473+00:00
2022-05-01,10,10,product,가전제품,311456000,잠정,2026-09-30T01:44:34.666473+00:00
2022-05-01,20,20,product,전체,38645593000,잠정,2026-09-30T01:44:34.666473+00:00
2022-05-01,20,20,product,반도체,6607586000,잠정,2026-09-30T01:44:34.666473+00:00
2022-05-01,20,20,product,철강제품,3216328000,잠정,2026-09-30T01:44:34.666473+00:00
2022-05-01,20,20,product,승용차,2223613000,잠정,2026-09-30T01:44:34.666473+00:00
2022-05-01,20,20,product,석유제품,4541567000,잠정,2026-09-30T01:44:34.666473+00:00
2022-05-01,20,20,product,무선통신기기,1039777000,잠정,2026-09-30T01:44:34.666473+00:00
2022-05-01,20,20,product,선박,1189502000,잠정,2026-09-30T01:44:34.666473+00:00
2022-05-01,20,20,product,자동차부품,1258155000,잠정,2026-09-30T01:44:34.666473+00:00
2022-05-01,20,20,product,컴퓨터주변기기,976701000,잠정,2026-09-30T01:44:34.666473+00:00
2022-05-01,20,20,product,정밀기기,707851000,잠정,2026-09-30T01:44:34.666473+00:00
2022-05-01,20,20,product,가전제품,700474000,잠정,2026-09-30T01:44:34.666473+00:00
2022-05-01,month_end,31,product,전체,61591326000,잠정,2026-09-30T01:44:34.666473+00:00
2022-05-01,month_end,31,product,반도체,11716680000,잠정,2026-09-30T01:44:34.666473+00:00
2022-05-01,month_end,31,product,철강제품,5144964000,잠정,2026-09-30T01:44:34.666473+00:00
2022-05-01,month_end,31,product,승용차,3908749000,잠정,2026-09-30T01:44:34.666473+00:00
2022-05-01,month_end,31,product,석유제품,6560055000,잠정,2026-09-30T01:44:34.666473+00:00
2022-05-01,month_end,31,product,무선통신기기,1492113000,잠정,2026-09-30T01:44:34.666473+00:00
2022-05-01,month_end,31,product,선박,1924034000,잠정,2026-09-30T01:44:34.666473+00:00
2022-05-01,month_end,31,product,자동차부품,1894156000,잠정,2026-09-30T01:44:34.666473+00:00
2022-05-01,month_end,31,product,컴퓨터주변기기,1800048000,잠정,2026-09-30T01:44:34.666473+00:00
2022-05-01,month_end,31,product,정밀기기,1082068000,잠정,2026-09-30T01:44:34.666473+00:00
2022-05-01,month_end,31,product,가전제품,1065338000,잠정,2026-09-30T01:44:34.666473+00:00
2022-06-01,10,10,product,전체,15083505000,잠정,2026-09-30T01:44:34.666473+00:00
2022-06-01,10,10,product,반도체,3165137000,잠정,2026-09-30T01:44:34.666473+00:00
2022-06-01,10,10,product,철강제품,1213786000,잠정,2026-09-30T01:44:34.666473+00:00
2022-06-01,10,10,product,승용차,623559000,잠정,2026-09-30T01:44:34.666473+00:00
2022-06-01,10,10,product,석유제품,1920452000,잠정,2026-09-30T01:44:34.666473+00:00
2022-06-01,10,10,product,무선통신기기,495399000,잠정,2026-09-30T01:44:34.666473+00:00
2022-06-01,10,10,product,선박,388233000,잠정,2026-09-30T01:44:34.666473+00:00
2022-06-01,10,10,product,자동차부품,494981000,잠정,2026-09-30T01:44:34.666473+00:00
2022-06-01,10,10,product,컴퓨터주변기기,286224000,잠정,2026-09-30T01:44:34.666473+00:00
2022-06-01,10,10,product,정밀기기,271072000,잠정,2026-09-30T01:44:34.666473+00:00
2022-06-01,10,10,product,가전제품,214921000,잠정,2026-09-30T01:44:34.666473+00:00
2022-06-01,20,20,product,전체,31251473000,잠정,2026-09-30T01:44:34.666473+00:00
2022-06-01,20,20,product,반도체,6356781000,잠정,2026-09-30T01:44:34.666473+00:00
2022-06-01,20,20,product,철강제품,2574703000,잠정,2026-09-30T01:44:34.666473+00:00
2022-06-01,20,20,product,승용차,1600389000,잠정,2026-09-30T01:44:34.666473+00:00
2022-06-01,20,20,product,석유제품,3673718000,잠정,2026-09-30T01:44:34.666473+00:00
2022-06-01,20,20,product,무선통신기기,984612000,잠정,2026-09-30T01:44:34.666473+00:00
2022-06-01,20,20,product,선박,704234000,잠정,2026-09-30T01:44:34.666473+00:00
2022-06-01,20,20,product,자동차부품,1032905000,잠정,2026-09-30T01:44:34.666473+00:00
2022-06-01,20,20,product,컴퓨터주변기기,559901000,잠정,2026-09-30T01:44:34.666473+00:00
2022-06-01,20,20,product,정밀기기,572428000,잠정,2026-09-30T01:44:34.666473+00:00
2022-06-01,20,20,product,가전제품,462233000,잠정,2026-09-30T01:44:34.666473+00:00
2022-06-01,month_end,30,product,전체,57679934000,잠정,2026-09-30T01:44:34.666473+00:00
2022-06-01,month_end,30,product,반도체,12584790000,잠정,2026-09-30T01:44:34.666473+00:00
2022-06-01,month_end,30,product,철강제품,4794575000,잠정,2026-09-30T01:44:34.666473+00:00
2022-06-01,month_end,30,product,승용차,3726499000,잠정,2026-09-30T01:44:34.666473+00:00
2022-06-01,month_end,30,product,석유제품,5613644000,잠정,2026-09-30T01:44:34.666473+00:00
2022-06-01,month_end,30,product,무선통신기기,1658342000,잠정,2026-09-30T01:44:34.666473+00:00
2022-06-01,month_end,30,product,선박,1210207000,잠정,2026-09-30T01:44:34.666473+00:00
2022-06-01,month_end,30,product,자동차부품,1837424000,잠정,2026-09-30T01:44:34.666473+00:00
2022-06-01,month_end,30,product,컴퓨터주변기기,1694572000,잠정,2026-09-30T01:44:34.666473+00:00
2022-06-01,month_end,30,product,정밀기기,995090000,잠정,2026-09-30T01:44:34.666473+00:00
2022-06-01,month_end,30,product,가전제품,783308000,잠정,2026-09-30T01:44:34.666473+00:00
2022-07-01,10,10,product,전체,15568067000,잠정,2026-09-30T01:44:34.666473+00:00
2022-07-01,10,10,product,반도체,2891700000,잠정,2026-09-30T01:44:34.666473+00:00
2022-07-01,10,10,product,철강제품,1180478000,잠정,2026-09-30T01:44:34.666473+00:00
2022-07-01,10,10,product,승용차,1157183000,잠정,2026-09-30T01:44:34.666473+00:00
2022-07-01,10,10,product,석유제품,1991588000,잠정,2026-09-30T01:44:34.666473+00:00
2022-07-01,10,10,product,무선통신기기,609376000,잠정,2026-09-30T01:44:34.666473+00:00
2022-07-01,10,10,product,선박,379583000,잠정,2026-09-30T01:44:34.666473+00:00
2022-07-01,10,10,product,자동차부품,509770000,잠정,2026-09-30T01:44:34.666473+00:00
2022-07-01,10,10,product,컴퓨터주변기기,207073000,잠정,2026-09-30T01:44:34.666473+00:00
2022-07-01,10,10,product,정밀기기,256298000,잠정,2026-09-30T01:44:34.666473+00:00
2022-07-01,10,10,product,가전제품,196327000,잠정,2026-09-30T01:44:34.666473+00:00
2022-07-01,20,20,product,전체,36845479000,잠정,2026-09-30T01:44:34.666473+00:00
2022-07-01,20,20,product,반도체,6657292000,잠정,2026-09-30T01:44:34.666473+00:00
2022-07-01,20,20,product,철강제품,2870562000,잠정,2026-09-30T01:44:34.666473+00:00
2022-07-01,20,20,product,승용차,2684688000,잠정,2026-09-30T01:44:34.666473+00:00
2022-07-01,20,20,product,석유제품,4440259000,잠정,2026-09-30T01:44:34.666473+00:00
2022-07-01,20,20,product,무선통신기기,1145973000,잠정,2026-09-30T01:44:34.666473+00:00
2022-07-01,20,20,product,선박,1117396000,잠정,2026-09-30T01:44:34.666473+00:00
2022-07-01,20,20,product,자동차부품,1274750000,잠정,2026-09-30T01:44:34.666473+00:00
2022-07-01,20,20,product,컴퓨터주변기기,515256000,잠정,2026-09-30T01:44:34.666473+00:00
2022-07-01,20,20,product,정밀기기,634493000,잠정,2026-09-30T01:44:34.666473+00:00
2022-07-01,20,20,product,가전제품,458347000,잠정,2026-09-30T01:44:34.666473+00:00
2022-07-01,month_end,31,product,전체,60241774000,잠정,2026-09-30T01:44:34.666473+00:00
2022-07-01,month_end,31,product,반도체,11486116000,잠정,2026-09-30T01:44:34.666473+00:00
2022-07-01,month_end,31,product,철강제품,4687672000,잠정,2026-09-30T01:44:34.666473+00:00
2022-07-01,month_end,31,product,승용차,4907226000,잠정,2026-09-30T01:44:34.666473+00:00
2022-07-01,month_end,31,product,석유제품,6428872000,잠정,2026-09-30T01:44:34.666473+00:00
2022-07-01,month_end,31,product,무선통신기기,1687164000,잠정,2026-09-30T01:44:34.666473+00:00
2022-07-01,month_end,31,product,선박,2476499000,잠정,2026-09-30T01:44:34.666473+00:00
2022-07-01,month_end,31,product,자동차부품,1977865000,잠정,2026-09-30T01:44:34.666473+00:00
2022-07-01,month_end,31,product,컴퓨터주변기기,1203497000,잠정,2026-09-30T01:44:34.666473+00:00
2022-07-01,month_end,31,product,정밀기기,1008347000,잠정,2026-09-30T01:44:34.666473+00:00
2022-07-01,month_end,31,product,가전제품,709011000,잠정,2026-09-30T01:44:34.666473+00:00
2022-08-01,10,10,product,전체,15608383000,잠정,2026-09-30T01:44:34.666473+00:00
2022-08-01,10,10,product,반도체,2990284000,잠정,2026-09-30T01:44:34.666473+00:00
2022-08-01,10,10,product,철강제품,1245951000,잠정,2026-09-30T01:44:34.666473+00:00
2022-08-01,10,10,product,승용차,420925000,잠정,2026-09-30T01:44:34.666473+00:00
2022-08-01,10,10,product,석유제품,2213856000,잠정,2026-09-30T01:44:34.666473+00:00
2022-08-01,10,10,product,무선통신기기,563974000,잠정,2026-09-30T01:44:34.666473+00:00
2022-08-01,10,10,product,선박,76083000,잠정,2026-09-30T01:44:34.666473+00:00
2022-08-01,10,10,product,자동차부품,399339000,잠정,2026-09-30T01:44:34.666473+00:00
2022-08-01,10,10,product,컴퓨터주변기기,238223000,잠정,2026-09-30T01:44:34.666473+00:00
2022-08-01,10,10,product,정밀기기,314139000,잠정,2026-09-30T01:44:34.666473+00:00
2022-08-01,10,10,product,가전제품,255219000,잠정,2026-09-30T01:44:34.666473+00:00
2022-08-01,20,20,product,전체,33355057000,잠정,2026-09-30T01:44:34.666473+00:00
2022-08-01,20,20,product,반도체,6271259000,잠정,2026-09-30T01:44:34.666473+00:00
2022-08-01,20,20,product,철강제품,2725596000,잠정,2026-09-30T01:44:34.666473+00:00
2022-08-01,20,20,product,승용차,1763247000,잠정,2026-09-30T01:44:34.666473+00:00
2022-08-01,20,20,product,석유제품,4252366000,잠정,2026-09-30T01:44:34.666473+00:00
2022-08-01,20,20,product,무선통신기기,1073360000,잠정,2026-09-30T01:44:34.666473+00:00
2022-08-01,20,20,product,선박,668009000,잠정,2026-09-30T01:44:34.666473+00:00
2022-08-01,20,20,product,자동차부품,1028350000,잠정,2026-09-30T01:44:34.666473+00:00
2022-08-01,20,20,product,컴퓨터주변기기,510464000,잠정,2026-09-30T01:44:34.666473+00:00
2022-08-01,20,20,product,정밀기기,674654000,잠정,2026-09-30T01:44:34.666473+00:00
2022-08-01,20,20,product,가전제품,452180000,잠정,2026-09-30T01:44:34.666473+00:00
2022-08-01,month_end,31,product,전체,56605950000,잠정,2026-09-30T01:44:34.666473+00:00
2022-08-01,month_end,31,product,반도체,11067131000,잠정,2026-09-30T01:44:34.666473+00:00
2022-08-01,month_end,31,product,철강제품,4577755000,잠정,2026-09-30T01:44:34.666473+00:00
2022-08-01,month_end,31,product,승용차,3954946000,잠정,2026-09-30T01:44:34.666473+00:00
2022-08-01,month_end,31,product,석유제품,6671348000,잠정,2026-09-30T01:44:34.666473+00:00
2022-08-01,month_end,31,product,무선통신기기,1601817000,잠정,2026-09-30T01:44:34.666473+00:00
2022-08-01,month_end,31,product,선박,1134136000,잠정,2026-09-30T01:44:34.666473+00:00
2022-08-01,month_end,31,product,자동차부품,1747597000,잠정,2026-09-30T01:44:34.666473+00:00
2022-08-01,month_end,31,product,컴퓨터주변기기,1257613000,잠정,2026-09-30T01:44:34.666473+00:00
2022-08-01,month_end,31,product,정밀기기,1103321000,잠정,2026-09-30T01:44:34.666473+00:00
2022-08-01,month_end,31,product,가전제품,750592000,잠정,2026-09-30T01:44:34.666473+00:00
2022-09-01,10,10,product,전체,16130192000,잠정,2026-09-30T01:44:34.666473+00:00
2022-09-01,10,10,product,반도체,3481612000,잠정,2026-09-30T01:44:34.666473+00:00
2022-09-01,10,10,product,철강제품,1026160000,잠정,2026-09-30T01:44:34.666473+00:00
2022-09-01,10,10,product,승용차,1062287000,잠정,2026-09-30T01:44:34.666473+00:00
2022-09-01,10,10,product,석유제품,1616585000,잠정,2026-09-30T01:44:34.666473+00:00
2022-09-01,10,10,product,무선통신기기,615336000,잠정,2026-09-30T01:44:34.666473+00:00
2022-09-01,10,10,product,선박,142659000,잠정,2026-09-30T01:44:34.666473+00:00
2022-09-01,10,10,product,자동차부품,608979000,잠정,2026-09-30T01:44:34.666473+00:00
2022-09-01,10,10,product,컴퓨터주변기기,311354000,잠정,2026-09-30T01:44:34.666473+00:00
2022-09-01,10,10,product,정밀기기,352036000,잠정,2026-09-30T01:44:34.666473+00:00
2022-09-01,10,10,product,가전제품,175381000,잠정,2026-09-30T01:44:34.666473+00:00
2022-09-01,20,20,product,전체,32755635000,잠정,2026-09-30T01:44:34.666473+00:00
2022-09-01,20,20,product,반도체,6898313000,잠정,2026-09-30T01:44:34.666473+00:00
2022-09-01,20,20,product,철강제품,2100043000,잠정,2026-09-30T01:44:34.666473+00:00
2022-09-01,20,20,product,승용차,2189756000,잠정,2026-09-30T01:44:34.666473+00:00
2022-09-01,20,20,product,석유제품,3329216000,잠정,2026-09-30T01:44:34.666473+00:00
2022-09-01,20,20,product,무선통신기기,1216095000,잠정,2026-09-30T01:44:34.666473+00:00
2022-09-01,20,20,product,선박,667477000,잠정,2026-09-30T01:44:34.666473+00:00
2022-09-01,20,20,product,자동차부품,1116733000,잠정,2026-09-30T01:44:34.666473+00:00
2022-09-01,20,20,product,컴퓨터주변기기,624220000,잠정,2026-09-30T01:44:34.666473+00:00
2022-09-01,20,20,product,정밀기기,704912000,잠정,2026-09-30T01:44:34.666473+00:00
2022-09-01,20,20,product,가전제품,389021000,잠정,2026-09-30T01:44:34.666473+00:00
2022-09-01,month_end,30,product,전체,57176300000,잠정,2026-09-30T01:44:34.666473+00:00
2022-09-01,month_end,30,product,반도체,11772503000,잠정,2026-09-30T01:44:34.666473+00:00
2022-09-01,month_end,30,product,철강제품,3964009000,잠정,2026-09-30T01:44:34.666473+00:00
2022-09-01,month_end,30,product,승용차,4574495000,잠정,2026-09-30T01:44:34.666473+00:00
2022-09-01,month_end,30,product,석유제품,5292847000,잠정,2026-09-30T01:44:34.666473+00:00
2022-09-01,month_end,30,product,무선통신기기,1918478000,잠정,2026-09-30T01:44:34.666473+00:00
2022-09-01,month_end,30,product,선박,1158512000,잠정,2026-09-30T01:44:34.666473+00:00
2022-09-01,month_end,30,product,자동차부품,1955883000,잠정,2026-09-30T01:44:34.666473+00:00
2022-09-01,month_end,30,product,컴퓨터주변기기,1507736000,잠정,2026-09-30T01:44:34.666473+00:00
2022-09-01,month_end,30,product,정밀기기,1233422000,잠정,2026-09-30T01:44:34.666473+00:00
2022-09-01,month_end,30,product,가전제품,640647000,잠정,2026-09-30T01:44:34.666473+00:00
2022-10-01,10,10,product,전체,11784731000,잠정,2026-09-30T01:44:34.666473+00:00
2022-10-01,10,10,product,반도체,2226543000,잠정,2026-09-30T01:44:34.666473+00:00
2022-10-01,10,10,product,철강제품,795605000,잠정,2026-09-30T01:44:34.666473+00:00
2022-10-01,10,10,product,승용차,944714000,잠정,2026-09-30T01:44:34.666473+00:00
2022-10-01,10,10,product,석유제품,1049593000,잠정,2026-09-30T01:44:34.666473+00:00
2022-10-01,10,10,product,무선통신기기,595140000,잠정,2026-09-30T01:44:34.666473+00:00
2022-10-01,10,10,product,선박,508150000,잠정,2026-09-30T01:44:34.666473+00:00
2022-10-01,10,10,product,자동차부품,380814000,잠정,2026-09-30T01:44:34.666473+00:00
2022-10-01,10,10,product,컴퓨터주변기기,159490000,잠정,2026-09-30T01:44:34.666473+00:00
2022-10-01,10,10,product,정밀기기,289542000,잠정,2026-09-30T01:44:34.666473+00:00
2022-10-01,10,10,product,가전제품,142319000,잠정,2026-09-30T01:44:34.666473+00:00
2022-10-01,20,20,product,전체,32352884000,잠정,2026-09-30T01:44:34.666473+00:00
2022-10-01,20,20,product,반도체,5572560000,잠정,2026-09-30T01:44:34.666473+00:00
2022-10-01,20,20,product,철강제품,2388769000,잠정,2026-09-30T01:44:34.666473+00:00
2022-10-01,20,20,product,승용차,2647824000,잠정,2026-09-30T01:44:34.666473+00:00
2022-10-01,20,20,product,석유제품,3121861000,잠정,2026-09-30T01:44:34.666473+00:00
2022-10-01,20,20,product,무선통신기기,1287675000,잠정,2026-09-30T01:44:34.666473+00:00
2022-10-01,20,20,product,선박,990900000,잠정,2026-09-30T01:44:34.666473+00:00
2022-10-01,20,20,product,자동차부품,1155271000,잠정,2026-09-30T01:44:34.666473+00:00
2022-10-01,20,20,product,컴퓨터주변기기,426782000,잠정,2026-09-30T01:44:34.666473+00:00
2022-10-01,20,20,product,정밀기기,710984000,잠정,2026-09-30T01:44:34.666473+00:00
2022-10-01,20,20,product,가전제품,386425000,잠정,2026-09-30T01:44:34.666473+00:00
2022-10-01,month_end,31,product,전체,52428092000,잠정,2026-09-30T01:44:34.666473+00:00
2022-10-01,month_end,31,product,반도체,9515297000,잠정,2026-09-30T01:44:34.666473+00:00
2022-10-01,month_end,31,product,철강제품,4014704000,잠정,2026-09-30T01:44:34.666473+00:00
2022-10-01,month_end,31,product,승용차,4716609000,잠정,2026-09-30T01:44:34.666473+00:00
2022-10-01,month_end,31,product,석유제품,4500682000,잠정,2026-09-30T01:44:34.666473+00:00
2022-10-01,month_end,31,product,무선통신기기,1971231000,잠정,2026-09-30T01:44:34.666473+00:00
2022-10-01,month_end,31,product,선박,1343085000,잠정,2026-09-30T01:44:34.666473+00:00
2022-10-01,month_end,31,product,자동차부품,1793371000,잠정,2026-09-30T01:44:34.666473+00:00
2022-10-01,month_end,31,product,컴퓨터주변기기,1008583000,잠정,2026-09-30T01:44:34.666473+00:00
2022-10-01,month_end,31,product,정밀기기,1128689000,잠정,2026-09-30T01:44:34.666473+00:00
2022-10-01,month_end,31,product,가전제품,565207000,잠정,2026-09-30T01:44:34.666473+00:00
2022-11-01,10,10,product,전체,17673191000,잠정,2026-09-30T01:44:34.666473+00:00
2022-11-01,10,10,product,반도체,2760437000,잠정,2026-09-30T01:44:34.666473+00:00
2022-11-01,10,10,product,철강제품,1272157000,잠정,2026-09-30T01:44:34.666473+00:00
2022-11-01,10,10,product,승용차,1456382000,잠정,2026-09-30T01:44:34.666473+00:00
2022-11-01,10,10,product,석유제품,1964244000,잠정,2026-09-30T01:44:34.666473+00:00
2022-11-01,10,10,product,무선통신기기,700334000,잠정,2026-09-30T01:44:34.666473+00:00
2022-11-01,10,10,product,선박,384302000,잠정,2026-09-30T01:44:34.666473+00:00
2022-11-01,10,10,product,자동차부품,673774000,잠정,2026-09-30T01:44:34.666473+00:00
2022-11-01,10,10,product,컴퓨터주변기기,282976000,잠정,2026-09-30T01:44:34.666473+00:00
2022-11-01,10,10,product,정밀기기,355502000,잠정,2026-09-30T01:44:34.666473+00:00
2022-11-01,10,10,product,가전제품,197671000,잠정,2026-09-30T01:44:34.666473+00:00
2022-11-01,20,20,product,전체,33073391000,잠정,2026-09-30T01:44:34.666473+00:00
2022-11-01,20,20,product,반도체,5284029000,잠정,2026-09-30T01:44:34.666473+00:00
2022-11-01,20,20,product,철강제품,2467521000,잠정,2026-09-30T01:44:34.666473+00:00
2022-11-01,20,20,product,승용차,3131728000,잠정,2026-09-30T01:44:34.666473+00:00
2022-11-01,20,20,product,석유제품,3041060000,잠정,2026-09-30T01:44:34.666473+00:00
2022-11-01,20,20,product,무선통신기기,1365563000,잠정,2026-09-30T01:44:34.666473+00:00
2022-11-01,20,20,product,선박,895494000,잠정,2026-09-30T01:44:34.666473+00:00
2022-11-01,20,20,product,자동차부품,1184300000,잠정,2026-09-30T01:44:34.666473+00:00
2022-11-01,20,20,product,컴퓨터주변기기,485965000,잠정,2026-09-30T01:44:34.666473+00:00
2022-11-01,20,20,product,정밀기기,647964000,잠정,2026-09-30T01:44:34.666473+00:00
2022-11-01,20,20,product,가전제품,342231000,잠정,2026-09-30T01:44:34.666473+00:00
2022-11-01,month_end,30,product,전체,51771855000,잠정,2026-09-30T01:44:34.666473+00:00
2022-11-01,month_end,30,product,반도체,8743404000,잠정,2026-09-30T01:44:34.666473+00:00
2022-11-01,month_end,30,product,철강제품,4189712000,잠정,2026-09-30T01:44:34.666473+00:00
2022-11-01,month_end,30,product,승용차,5160253000,잠정,2026-09-30T01:44:34.666473+00:00
2022-11-01,month_end,30,product,석유제품,4854931000,잠정,2026-09-30T01:44:34.666473+00:00
2022-11-01,month_end,30,product,무선통신기기,1940223000,잠정,2026-09-30T01:44:34.666473+00:00
2022-11-01,month_end,30,product,선박,1059596000,잠정,2026-09-30T01:44:34.666473+00:00
2022-11-01,month_end,30,product,자동차부품,1788629000,잠정,2026-09-30T01:44:34.666473+00:00
2022-11-01,month_end,30,product,컴퓨터주변기기,951549000,잠정,2026-09-30T01:44:34.666473+00:00
2022-11-01,month_end,30,product,정밀기기,999407000,잠정,2026-09-30T01:44:34.666473+00:00
2022-11-01,month_end,30,product,가전제품,497155000,잠정,2026-09-30T01:44:34.666473+00:00
2022-12-01,10,10,product,전체,15292360000,잠정,2026-09-30T01:44:34.666473+00:00
2022-12-01,10,10,product,반도체,2633211000,잠정,2026-09-30T01:44:34.666473+00:00
2022-12-01,10,10,product,철강제품,989605000,잠정,2026-09-30T01:44:34.666473+00:00
2022-12-01,10,10,product,승용차,1398933000,잠정,2026-09-30T01:44:34.666473+00:00
2022-12-01,10,10,product,석유제품,1439234000,잠정,2026-09-30T01:44:34.666473+00:00
2022-12-01,10,10,product,무선통신기기,472928000,잠정,2026-09-30T01:44:34.666473+00:00
2022-12-01,10,10,product,선박,491887000,잠정,2026-09-30T01:44:34.666473+00:00
2022-12-01,10,10,product,자동차부품,548660000,잠정,2026-09-30T01:44:34.666473+00:00
2022-12-01,10,10,product,컴퓨터주변기기,219805000,잠정,2026-09-30T01:44:34.666473+00:00
2022-12-01,10,10,product,정밀기기,319847000,잠정,2026-09-30T01:44:34.666473+00:00
2022-12-01,10,10,product,가전제품,143440000,잠정,2026-09-30T01:44:34.666473+00:00
2022-12-01,20,20,product,전체,33526222000,잠정,2026-09-30T01:44:34.666473+00:00
2022-12-01,20,20,product,반도체,5585861000,잠정,2026-09-30T01:44:34.666473+00:00
2022-12-01,20,20,product,철강제품,2569383000,잠정,2026-09-30T01:44:34.666473+00:00
2022-12-01,20,20,product,승용차,2932268000,잠정,2026-09-30T01:44:34.666473+00:00
2022-12-01,20,20,product,석유제품,2854999000,잠정,2026-09-30T01:44:34.666473+00:00
2022-12-01,20,20,product,무선통신기기,905767000,잠정,2026-09-30T01:44:34.666473+00:00
2022-12-01,20,20,product,선박,983783000,잠정,2026-09-30T01:44:34.666473+00:00
2022-12-01,20,20,product,자동차부품,1210756000,잠정,2026-09-30T01:44:34.666473+00:00
2022-12-01,20,20,product,컴퓨터주변기기,498168000,잠정,2026-09-30T01:44:34.666473+00:00
2022-12-01,20,20,product,정밀기기,719023000,잠정,2026-09-30T01:44:34.666473+00:00
2022-12-01,20,20,product,가전제품,357131000,잠정,2026-09-30T01:44:34.666473+00:00
2022-12-01,month_end,31,product,전체,54848666000,잠정,2026-09-30T01:44:34.666473+00:00
2022-12-01,month_end,31,product,반도체,9401737000,잠정,2026-09-30T01:44:34.666473+00:00
2022-12-01,month_end,31,product,철강제품,4084832000,잠정,2026-09-30T01:44:34.666473+00:00
2022-12-01,month_end,31,product,승용차,5201391000,잠정,2026-09-30T01:44:34.666473+00:00
2022-12-01,month_end,31,product,석유제품,4708403000,잠정,2026-09-30T01:44:34.666473+00:00
2022-12-01,month_end,31,product,무선통신기기,1338272000,잠정,2026-09-30T01:44:34.666473+00:00
2022-12-01,month_end,31,product,선박,2448538000,잠정,2026-09-30T01:44:34.666473+00:00
2022-12-01,month_end,31,product,자동차부품,1920387000,잠정,2026-09-30T01:44:34.666473+00:00
2022-12-01,month_end,31,product,컴퓨터주변기기,1117778000,잠정,2026-09-30T01:44:34.666473+00:00
2022-12-01,month_end,31,product,정밀기기,1094999000,잠정,2026-09-30T01:44:34.666473+00:00
2022-12-01,month_end,31,product,가전제품,528852000,잠정,2026-09-30T01:44:34.666473+00:00
2023-01-01,10,10,product,전체,13886115000,잠정,2026-09-30T01:44:34.848599+00:00
2023-01-01,10,10,product,반도체,2047010000,잠정,2026-09-30T01:44:34.848599+00:00
2023-01-01,10,10,product,철강제품,1003783000,잠정,2026-09-30T01:44:34.848599+00:00
2023-01-01,10,10,product,승용차,1273254000,잠정,2026-09-30T01:44:34.848599+00:00
2023-01-01,10,10,product,석유제품,1308812000,잠정,2026-09-30T01:44:34.848599+00:00
2023-01-01,10,10,product,무선통신기기,560338000,잠정,2026-09-30T01:44:34.848599+00:00
2023-01-01,10,10,product,선박,353774000,잠정,2026-09-30T01:44:34.848599+00:00
2023-01-01,10,10,product,자동차부품,509294000,잠정,2026-09-30T01:44:34.848599+00:00
2023-01-01,10,10,product,컴퓨터주변기기,186809000,잠정,2026-09-30T01:44:34.848599+00:00
2023-01-01,10,10,product,정밀기기,299272000,잠정,2026-09-30T01:44:34.848599+00:00
2023-01-01,10,10,product,가전제품,158135000,잠정,2026-09-30T01:44:34.848599+00:00
2023-01-01,20,20,product,전체,33668056000,잠정,2026-09-30T01:44:34.848599+00:00
2023-01-01,20,20,product,반도체,4427339000,잠정,2026-09-30T01:44:34.848599+00:00
2023-01-01,20,20,product,철강제품,2665599000,잠정,2026-09-30T01:44:34.848599+00:00
2023-01-01,20,20,product,승용차,3389523000,잠정,2026-09-30T01:44:34.848599+00:00
2023-01-01,20,20,product,석유제품,2882038000,잠정,2026-09-30T01:44:34.848599+00:00
2023-01-01,20,20,product,무선통신기기,1150042000,잠정,2026-09-30T01:44:34.848599+00:00
2023-01-01,20,20,product,선박,1015508000,잠정,2026-09-30T01:44:34.848599+00:00
2023-01-01,20,20,product,자동차부품,1308750000,잠정,2026-09-30T01:44:34.848599+00:00
2023-01-01,20,20,product,컴퓨터주변기기,409780000,잠정,2026-09-30T01:44:34.848599+00:00
2023-01-01,20,20,product,정밀기기,679296000,잠정,2026-09-30T01:44:34.848599+00:00
2023-01-01,20,20,product,가전제품,395974000,잠정,2026-09-30T01:44:34.848599+00:00
2023-01-01,month_end,31,product,전체,46339145000,잠정,2026-09-30T01:44:34.848599+00:00
2023-01-01,month_end,31,product,반도체,6236188000,잠정,2026-09-30T01:44:34.848599+00:00
2023-01-01,month_end,31,product,철강제품,3844257000,잠정,2026-09-30T01:44:34.848599+00:00
2023-01-01,month_end,31,product,승용차,4796499000,잠정,2026-09-30T01:44:34.848599+00:00
2023-01-01,month_end,31,product,석유제품,4253006000,잠정,2026-09-30T01:44:34.848599+00:00
2023-01-01,month_end,31,product,무선통신기기,1479275000,잠정,2026-09-30T01:44:34.848599+00:00
2023-01-01,month_end,31,product,선박,1397147000,잠정,2026-09-30T01:44:34.848599+00:00
2023-01-01,month_end,31,product,자동차부품,1676651000,잠정,2026-09-30T01:44:34.848599+00:00
2023-01-01,month_end,31,product,컴퓨터주변기기,605545000,잠정,2026-09-30T01:44:34.848599+00:00
2023-01-01,month_end,31,product,정밀기기,892949000,잠정,2026-09-30T01:44:34.848599+00:00
2023-01-01,month_end,31,product,가전제품,540195000,잠정,2026-09-30T01:44:34.848599+00:00
2023-02-01,10,10,product,전체,17572590000,잠정,2026-09-30T01:44:34.848599+00:00
2023-02-01,10,10,product,반도체,1957190000,잠정,2026-09-30T01:44:34.848599+00:00
2023-02-01,10,10,product,철강제품,1367473000,잠정,2026-09-30T01:44:34.848599+00:00
2023-02-01,10,10,product,승용차,1739292000,잠정,2026-09-30T01:44:34.848599+00:00
2023-02-01,10,10,product,석유제품,1737184000,잠정,2026-09-30T01:44:34.848599+00:00
2023-02-01,10,10,product,무선통신기기,432332000,잠정,2026-09-30T01:44:34.848599+00:00
2023-02-01,10,10,product,선박,475796000,잠정,2026-09-30T01:44:34.848599+00:00
2023-02-01,10,10,product,자동차부품,725182000,잠정,2026-09-30T01:44:34.848599+00:00
2023-02-01,10,10,product,컴퓨터주변기기,205089000,잠정,2026-09-30T01:44:34.848599+00:00
2023-02-01,10,10,product,정밀기기,345676000,잠정,2026-09-30T01:44:34.848599+00:00
2023-02-01,10,10,product,가전제품,222948000,잠정,2026-09-30T01:44:34.848599+00:00
2023-02-01,20,20,product,전체,33332355000,잠정,2026-09-30T01:44:34.848599+00:00
2023-02-01,20,20,product,반도체,3803005000,잠정,2026-09-30T01:44:34.848599+00:00
2023-02-01,20,20,product,철강제품,2690650000,잠정,2026-09-30T01:44:34.848599+00:00
2023-02-01,20,20,product,승용차,3355625000,잠정,2026-09-30T01:44:34.848599+00:00
2023-02-01,20,20,product,석유제품,3073809000,잠정,2026-09-30T01:44:34.848599+00:00
2023-02-01,20,20,product,무선통신기기,851246000,잠정,2026-09-30T01:44:34.848599+00:00
2023-02-01,20,20,product,선박,1307243000,잠정,2026-09-30T01:44:34.848599+00:00
2023-02-01,20,20,product,자동차부품,1344975000,잠정,2026-09-30T01:44:34.848599+00:00
2023-02-01,20,20,product,컴퓨터주변기기,411062000,잠정,2026-09-30T01:44:34.848599+00:00
2023-02-01,20,20,product,정밀기기,630337000,잠정,2026-09-30T01:44:34.848599+00:00
2023-02-01,20,20,product,가전제품,429479000,잠정,2026-09-30T01:44:34.848599+00:00
2023-02-01,month_end,28,product,전체,49994593000,잠정,2026-09-30T01:44:34.848599+00:00
2023-02-01,month_end,28,product,반도체,6167225000,잠정,2026-09-30T01:44:34.848599+00:00
2023-02-01,month_end,28,product,철강제품,4228524000,잠정,2026-09-30T01:44:34.848599+00:00
2023-02-01,month_end,28,product,승용차,5369418000,잠정,2026-09-30T01:44:34.848599+00:00
2023-02-01,month_end,28,product,석유제품,4639290000,잠정,2026-09-30T01:44:34.848599+00:00
2023-02-01,month_end,28,product,무선통신기기,1144405000,잠정,2026-09-30T01:44:34.848599+00:00
2023-02-01,month_end,28,product,선박,1482106000,잠정,2026-09-30T01:44:34.848599+00:00
2023-02-01,month_end,28,product,자동차부품,1955291000,잠정,2026-09-30T01:44:34.848599+00:00
2023-02-01,month_end,28,product,컴퓨터주변기기,635158000,잠정,2026-09-30T01:44:34.848599+00:00
2023-02-01,month_end,28,product,정밀기기,934625000,잠정,2026-09-30T01:44:34.848599+00:00
2023-02-01,month_end,28,product,가전제품,632437000,잠정,2026-09-30T01:44:34.848599+00:00
2023-03-01,10,10,product,전체,15637051000,잠정,2026-09-30T01:44:34.848599+00:00
2023-03-01,10,10,product,반도체,2259206000,잠정,2026-09-30T01:44:34.848599+00:00
2023-03-01,10,10,product,철강제품,1323991000,잠정,2026-09-30T01:44:34.848599+00:00
2023-03-01,10,10,product,승용차,1694810000,잠정,2026-09-30T01:44:34.848599+00:00
2023-03-01,10,10,product,석유제품,1422304000,잠정,2026-09-30T01:44:34.848599+00:00
2023-03-01,10,10,product,무선통신기기,399369000,잠정,2026-09-30T01:44:34.848599+00:00
2023-03-01,10,10,product,선박,155911000,잠정,2026-09-30T01:44:34.848599+00:00
2023-03-01,10,10,product,자동차부품,626160000,잠정,2026-09-30T01:44:34.848599+00:00
2023-03-01,10,10,product,컴퓨터주변기기,192261000,잠정,2026-09-30T01:44:34.848599+00:00
2023-03-01,10,10,product,정밀기기,310940000,잠정,2026-09-30T01:44:34.848599+00:00
2023-03-01,10,10,product,가전제품,207223000,잠정,2026-09-30T01:44:34.848599+00:00
2023-03-01,20,20,product,전체,30696039000,잠정,2026-09-30T01:44:34.848599+00:00
2023-03-01,20,20,product,반도체,4323297000,잠정,2026-09-30T01:44:34.848599+00:00
2023-03-01,20,20,product,철강제품,2595414000,잠정,2026-09-30T01:44:34.848599+00:00
2023-03-01,20,20,product,승용차,3448594000,잠정,2026-09-30T01:44:34.848599+00:00
2023-03-01,20,20,product,석유제품,2856549000,잠정,2026-09-30T01:44:34.848599+00:00
2023-03-01,20,20,product,무선통신기기,844768000,잠정,2026-09-30T01:44:34.848599+00:00
2023-03-01,20,20,product,선박,270295000,잠정,2026-09-30T01:44:34.848599+00:00
2023-03-01,20,20,product,자동차부품,1194742000,잠정,2026-09-30T01:44:34.848599+00:00
2023-03-01,20,20,product,컴퓨터주변기기,402919000,잠정,2026-09-30T01:44:34.848599+00:00
2023-03-01,20,20,product,정밀기기,588485000,잠정,2026-09-30T01:44:34.848599+00:00
2023-03-01,20,20,product,가전제품,386664000,잠정,2026-09-30T01:44:34.848599+00:00
2023-03-01,month_end,31,product,전체,54882484000,잠정,2026-09-30T01:44:34.848599+00:00
2023-03-01,month_end,31,product,반도체,8796319000,잠정,2026-09-30T01:44:34.848599+00:00
2023-03-01,month_end,31,product,철강제품,4510763000,잠정,2026-09-30T01:44:34.848599+00:00
2023-03-01,month_end,31,product,승용차,6251042000,잠정,2026-09-30T01:44:34.848599+00:00
2023-03-01,month_end,31,product,석유제품,4523433000,잠정,2026-09-30T01:44:34.848599+00:00
2023-03-01,month_end,31,product,무선통신기기,1337645000,잠정,2026-09-30T01:44:34.848599+00:00
2023-03-01,month_end,31,product,선박,985497000,잠정,2026-09-30T01:44:34.848599+00:00
2023-03-01,month_end,31,product,자동차부품,1991874000,잠정,2026-09-30T01:44:34.848599+00:00
2023-03-01,month_end,31,product,컴퓨터주변기기,815049000,잠정,2026-09-30T01:44:34.848599+00:00
2023-03-01,month_end,31,product,정밀기기,1016612000,잠정,2026-09-30T01:44:34.848599+00:00
2023-03-01,month_end,31,product,가전제품,650394000,잠정,2026-09-30T01:44:34.848599+00:00
2023-04-01,10,10,product,전체,13521988000,잠정,2026-09-30T01:44:34.848599+00:00
2023-04-01,10,10,product,반도체,1769026000,잠정,2026-09-30T01:44:34.848599+00:00
2023-04-01,10,10,product,철강제품,1031292000,잠정,2026-09-30T01:44:34.848599+00:00
2023-04-01,10,10,product,승용차,1511785000,잠정,2026-09-30T01:44:34.848599+00:00
2023-04-01,10,10,product,석유제품,1192991000,잠정,2026-09-30T01:44:34.848599+00:00
2023-04-01,10,10,product,무선통신기기,405876000,잠정,2026-09-30T01:44:34.848599+00:00
2023-04-01,10,10,product,선박,631396000,잠정,2026-09-30T01:44:34.848599+00:00
2023-04-01,10,10,product,자동차부품,503252000,잠정,2026-09-30T01:44:34.848599+00:00
2023-04-01,10,10,product,컴퓨터주변기기,141998000,잠정,2026-09-30T01:44:34.848599+00:00
2023-04-01,10,10,product,정밀기기,226753000,잠정,2026-09-30T01:44:34.848599+00:00
2023-04-01,10,10,product,가전제품,161414000,잠정,2026-09-30T01:44:34.848599+00:00
2023-04-01,20,20,product,전체,32252925000,잠정,2026-09-30T01:44:34.848599+00:00
2023-04-01,20,20,product,반도체,4089065000,잠정,2026-09-30T01:44:34.848599+00:00
2023-04-01,20,20,product,철강제품,2711356000,잠정,2026-09-30T01:44:34.848599+00:00
2023-04-01,20,20,product,승용차,3481387000,잠정,2026-09-30T01:44:34.848599+00:00
2023-04-01,20,20,product,석유제품,2452238000,잠정,2026-09-30T01:44:34.848599+00:00
2023-04-01,20,20,product,무선통신기기,919598000,잠정,2026-09-30T01:44:34.848599+00:00
2023-04-01,20,20,product,선박,1335039000,잠정,2026-09-30T01:44:34.848599+00:00
2023-04-01,20,20,product,자동차부품,1238700000,잠정,2026-09-30T01:44:34.848599+00:00
2023-04-01,20,20,product,컴퓨터주변기기,359003000,잠정,2026-09-30T01:44:34.848599+00:00
2023-04-01,20,20,product,정밀기기,576752000,잠정,2026-09-30T01:44:34.848599+00:00
2023-04-01,20,20,product,가전제품,416482000,잠정,2026-09-30T01:44:34.848599+00:00
2023-04-01,month_end,30,product,전체,49430879000,잠정,2026-09-30T01:44:34.848599+00:00
2023-04-01,month_end,30,product,반도체,6537687000,잠정,2026-09-30T01:44:34.848599+00:00
2023-04-01,month_end,30,product,철강제품,4247108000,잠정,2026-09-30T01:44:34.848599+00:00
2023-04-01,month_end,30,product,승용차,5906031000,잠정,2026-09-30T01:44:34.848599+00:00
2023-04-01,month_end,30,product,석유제품,3703130000,잠정,2026-09-30T01:44:34.848599+00:00
2023-04-01,month_end,30,product,무선통신기기,1359188000,잠정,2026-09-30T01:44:34.848599+00:00
2023-04-01,month_end,30,product,선박,1546174000,잠정,2026-09-30T01:44:34.848599+00:00
2023-04-01,month_end,30,product,자동차부품,1856093000,잠정,2026-09-30T01:44:34.848599+00:00
2023-04-01,month_end,30,product,컴퓨터주변기기,559462000,잠정,2026-09-30T01:44:34.848599+00:00
2023-04-01,month_end,30,product,정밀기기,861199000,잠정,2026-09-30T01:44:34.848599+00:00
2023-04-01,month_end,30,product,가전제품,615905000,잠정,2026-09-30T01:44:34.848599+00:00
2023-05-01,10,10,product,전체,14433318000,잠정,2026-09-30T01:44:34.848599+00:00
2023-05-01,10,10,product,반도체,1974307000,잠정,2026-09-30T01:44:34.848599+00:00
2023-05-01,10,10,product,철강제품,1169887000,잠정,2026-09-30T01:44:34.848599+00:00
2023-05-01,10,10,product,승용차,1342220000,잠정,2026-09-30T01:44:34.848599+00:00
2023-05-01,10,10,product,석유제품,1418268000,잠정,2026-09-30T01:44:34.848599+00:00
2023-05-01,10,10,product,무선통신기기,466314000,잠정,2026-09-30T01:44:34.848599+00:00
2023-05-01,10,10,product,선박,200479000,잠정,2026-09-30T01:44:34.848599+00:00
2023-05-01,10,10,product,자동차부품,545220000,잠정,2026-09-30T01:44:34.848599+00:00
2023-05-01,10,10,product,컴퓨터주변기기,296587000,잠정,2026-09-30T01:44:34.848599+00:00
2023-05-01,10,10,product,정밀기기,265564000,잠정,2026-09-30T01:44:34.848599+00:00
2023-05-01,10,10,product,가전제품,201327000,잠정,2026-09-30T01:44:34.848599+00:00
2023-05-01,20,20,product,전체,32272483000,잠정,2026-09-30T01:44:34.848599+00:00
2023-05-01,20,20,product,반도체,4257659000,잠정,2026-09-30T01:44:34.848599+00:00
2023-05-01,20,20,product,철강제품,2961393000,잠정,2026-09-30T01:44:34.848599+00:00
2023-05-01,20,20,product,승용차,3431893000,잠정,2026-09-30T01:44:34.848599+00:00
2023-05-01,20,20,product,석유제품,2941973000,잠정,2026-09-30T01:44:34.848599+00:00
2023-05-01,20,20,product,무선통신기기,1031151000,잠정,2026-09-30T01:44:34.848599+00:00
2023-05-01,20,20,product,선박,461804000,잠정,2026-09-30T01:44:34.848599+00:00
2023-05-01,20,20,product,자동차부품,1220186000,잠정,2026-09-30T01:44:34.848599+00:00
2023-05-01,20,20,product,컴퓨터주변기기,514521000,잠정,2026-09-30T01:44:34.848599+00:00
2023-05-01,20,20,product,정밀기기,560059000,잠정,2026-09-30T01:44:34.848599+00:00
2023-05-01,20,20,product,가전제품,442653000,잠정,2026-09-30T01:44:34.848599+00:00
2023-05-01,month_end,31,product,전체,52054195000,잠정,2026-09-30T01:44:34.848599+00:00
2023-05-01,month_end,31,product,반도체,7550349000,잠정,2026-09-30T01:44:34.848599+00:00
2023-05-01,month_end,31,product,철강제품,4700526000,잠정,2026-09-30T01:44:34.848599+00:00
2023-05-01,month_end,31,product,승용차,5974136000,잠정,2026-09-30T01:44:34.848599+00:00
2023-05-01,month_end,31,product,석유제품,4285583000,잠정,2026-09-30T01:44:34.848599+00:00
2023-05-01,month_end,31,product,무선통신기기,1497770000,잠정,2026-09-30T01:44:34.848599+00:00
2023-05-01,month_end,31,product,선박,937981000,잠정,2026-09-30T01:44:34.848599+00:00
2023-05-01,month_end,31,product,자동차부품,1876797000,잠정,2026-09-30T01:44:34.848599+00:00
2023-05-01,month_end,31,product,컴퓨터주변기기,786864000,잠정,2026-09-30T01:44:34.848599+00:00
2023-05-01,month_end,31,product,정밀기기,881624000,잠정,2026-09-30T01:44:34.848599+00:00
2023-05-01,month_end,31,product,가전제품,656478000,잠정,2026-09-30T01:44:34.848599+00:00
2023-06-01,10,10,product,전체,15298064000,잠정,2026-09-30T01:44:34.848599+00:00
2023-06-01,10,10,product,반도체,2178188000,잠정,2026-09-30T01:44:34.848599+00:00
2023-06-01,10,10,product,철강제품,1113922000,잠정,2026-09-30T01:44:34.848599+00:00
2023-06-01,10,10,product,승용차,1478929000,잠정,2026-09-30T01:44:34.848599+00:00
2023-06-01,10,10,product,석유제품,1250739000,잠정,2026-09-30T01:44:34.848599+00:00
2023-06-01,10,10,product,무선통신기기,523711000,잠정,2026-09-30T01:44:34.848599+00:00
2023-06-01,10,10,product,선박,1064070000,잠정,2026-09-30T01:44:34.848599+00:00
2023-06-01,10,10,product,자동차부품,578387000,잠정,2026-09-30T01:44:34.848599+00:00
2023-06-01,10,10,product,컴퓨터주변기기,222252000,잠정,2026-09-30T01:44:34.848599+00:00
2023-06-01,10,10,product,정밀기기,264535000,잠정,2026-09-30T01:44:34.848599+00:00
2023-06-01,10,10,product,가전제품,169089000,잠정,2026-09-30T01:44:34.848599+00:00
2023-06-01,20,20,product,전체,32936268000,잠정,2026-09-30T01:44:34.848599+00:00
2023-06-01,20,20,product,반도체,4861976000,잠정,2026-09-30T01:44:34.848599+00:00
2023-06-01,20,20,product,철강제품,2579252000,잠정,2026-09-30T01:44:34.848599+00:00
2023-06-01,20,20,product,승용차,3363760000,잠정,2026-09-30T01:44:34.848599+00:00
2023-06-01,20,20,product,석유제품,2381625000,잠정,2026-09-30T01:44:34.848599+00:00
2023-06-01,20,20,product,무선통신기기,977568000,잠정,2026-09-30T01:44:34.848599+00:00
2023-06-01,20,20,product,선박,1800388000,잠정,2026-09-30T01:44:34.848599+00:00
2023-06-01,20,20,product,자동차부품,1186913000,잠정,2026-09-30T01:44:34.848599+00:00
2023-06-01,20,20,product,컴퓨터주변기기,478353000,잠정,2026-09-30T01:44:34.848599+00:00
2023-06-01,20,20,product,정밀기기,555330000,잠정,2026-09-30T01:44:34.848599+00:00
2023-06-01,20,20,product,가전제품,468620000,잠정,2026-09-30T01:44:34.848599+00:00
2023-06-01,month_end,30,product,전체,54297754000,잠정,2026-09-30T01:44:34.848599+00:00
2023-06-01,month_end,30,product,반도체,9057613000,잠정,2026-09-30T01:44:34.848599+00:00
2023-06-01,month_end,30,product,철강제품,4632836000,잠정,2026-09-30T01:44:34.848599+00:00
2023-06-01,month_end,30,product,승용차,5988307000,잠정,2026-09-30T01:44:34.848599+00:00
2023-06-01,month_end,30,product,석유제품,3380451000,잠정,2026-09-30T01:44:34.848599+00:00
2023-06-01,month_end,30,product,무선통신기기,1381129000,잠정,2026-09-30T01:44:34.848599+00:00
2023-06-01,month_end,30,product,선박,2431547000,잠정,2026-09-30T01:44:34.848599+00:00
2023-06-01,month_end,30,product,자동차부품,1916500000,잠정,2026-09-30T01:44:34.848599+00:00
2023-06-01,month_end,30,product,컴퓨터주변기기,825165000,잠정,2026-09-30T01:44:34.848599+00:00
2023-06-01,month_end,30,product,정밀기기,911013000,잠정,2026-09-30T01:44:34.848599+00:00
2023-06-01,month_end,30,product,가전제품,717105000,잠정,2026-09-30T01:44:34.848599+00:00
2023-07-01,10,10,product,전체,13258526000,잠정,2026-09-30T01:44:34.848599+00:00
2023-07-01,10,10,product,반도체,1827212000,잠정,2026-09-30T01:44:34.848599+00:00
2023-07-01,10,10,product,철강제품,1008140000,잠정,2026-09-30T01:44:34.848599+00:00
2023-07-01,10,10,product,승용차,1448399000,잠정,2026-09-30T01:44:34.848599+00:00
2023-07-01,10,10,product,석유제품,1020014000,잠정,2026-09-30T01:44:34.848599+00:00
2023-07-01,10,10,product,무선통신기기,444313000,잠정,2026-09-30T01:44:34.848599+00:00
2023-07-01,10,10,product,선박,605949000,잠정,2026-09-30T01:44:34.848599+00:00
2023-07-01,10,10,product,자동차부품,523564000,잠정,2026-09-30T01:44:34.848599+00:00
2023-07-01,10,10,product,컴퓨터주변기기,291553000,잠정,2026-09-30T01:44:34.848599+00:00
2023-07-01,10,10,product,정밀기기,240046000,잠정,2026-09-30T01:44:34.848599+00:00
2023-07-01,10,10,product,가전제품,171420000,잠정,2026-09-30T01:44:34.848599+00:00
2023-07-01,20,20,product,전체,31275665000,잠정,2026-09-30T01:44:34.848599+00:00
2023-07-01,20,20,product,반도체,4303084000,잠정,2026-09-30T01:44:34.848599+00:00
2023-07-01,20,20,product,철강제품,2426893000,잠정,2026-09-30T01:44:34.848599+00:00
2023-07-01,20,20,product,승용차,3430773000,잠정,2026-09-30T01:44:34.848599+00:00
2023-07-01,20,20,product,석유제품,2387796000,잠정,2026-09-30T01:44:34.848599+00:00
2023-07-01,20,20,product,무선통신기기,987246000,잠정,2026-09-30T01:44:34.848599+00:00
2023-07-01,20,20,product,선박,1036848000,잠정,2026-09-30T01:44:34.848599+00:00
2023-07-01,20,20,product,자동차부품,1258253000,잠정,2026-09-30T01:44:34.848599+00:00
2023-07-01,20,20,product,컴퓨터주변기기,601739000,잠정,2026-09-30T01:44:34.848599+00:00
2023-07-01,20,20,product,정밀기기,583609000,잠정,2026-09-30T01:44:34.848599+00:00
2023-07-01,20,20,product,가전제품,452156000,잠정,2026-09-30T01:44:34.848599+00:00
2023-07-01,month_end,31,product,전체,50457776000,잠정,2026-09-30T01:44:34.848599+00:00
2023-07-01,month_end,31,product,반도체,7603652000,잠정,2026-09-30T01:44:34.848599+00:00
2023-07-01,month_end,31,product,철강제품,4099313000,잠정,2026-09-30T01:44:34.848599+00:00
2023-07-01,month_end,31,product,승용차,5678889000,잠정,2026-09-30T01:44:34.848599+00:00
2023-07-01,month_end,31,product,석유제품,3908575000,잠정,2026-09-30T01:44:34.848599+00:00
2023-07-01,month_end,31,product,무선통신기기,1656773000,잠정,2026-09-30T01:44:34.848599+00:00
2023-07-01,month_end,31,product,선박,1601409000,잠정,2026-09-30T01:44:34.848599+00:00
2023-07-01,month_end,31,product,자동차부품,1974101000,잠정,2026-09-30T01:44:34.848599+00:00
2023-07-01,month_end,31,product,컴퓨터주변기기,821915000,잠정,2026-09-30T01:44:34.848599+00:00
2023-07-01,month_end,31,product,정밀기기,903234000,잠정,2026-09-30T01:44:34.848599+00:00
2023-07-01,month_end,31,product,가전제품,753441000,잠정,2026-09-30T01:44:34.848599+00:00
2023-08-01,10,10,product,전체,13259501000,잠정,2026-09-30T01:44:34.848599+00:00
2023-08-01,10,10,product,반도체,2449188000,잠정,2026-09-30T01:44:34.848599+00:00
2023-08-01,10,10,product,철강제품,963784000,잠정,2026-09-30T01:44:34.848599+00:00
2023-08-01,10,10,product,승용차,534281000,잠정,2026-09-30T01:44:34.848599+00:00
2023-08-01,10,10,product,석유제품,1463558000,잠정,2026-09-30T01:44:34.848599+00:00
2023-08-01,10,10,product,무선통신기기,540183000,잠정,2026-09-30T01:44:34.848599+00:00
2023-08-01,10,10,product,선박,177898000,잠정,2026-09-30T01:44:34.848599+00:00
2023-08-01,10,10,product,자동차부품,385180000,잠정,2026-09-30T01:44:34.848599+00:00
2023-08-01,10,10,product,컴퓨터주변기기,187765000,잠정,2026-09-30T01:44:34.848599+00:00
2023-08-01,10,10,product,정밀기기,274073000,잠정,2026-09-30T01:44:34.848599+00:00
2023-08-01,10,10,product,가전제품,206792000,잠정,2026-09-30T01:44:34.848599+00:00
2023-08-01,20,20,product,전체,27939623000,잠정,2026-09-30T01:44:34.848599+00:00
2023-08-01,20,20,product,반도체,4721096000,잠정,2026-09-30T01:44:34.848599+00:00
2023-08-01,20,20,product,철강제품,2162935000,잠정,2026-09-30T01:44:34.848599+00:00
2023-08-01,20,20,product,승용차,2117415000,잠정,2026-09-30T01:44:34.848599+00:00
2023-08-01,20,20,product,석유제품,2620608000,잠정,2026-09-30T01:44:34.848599+00:00
2023-08-01,20,20,product,무선통신기기,1136161000,잠정,2026-09-30T01:44:34.848599+00:00
2023-08-01,20,20,product,선박,997890000,잠정,2026-09-30T01:44:34.848599+00:00
2023-08-01,20,20,product,자동차부품,936922000,잠정,2026-09-30T01:44:34.848599+00:00
2023-08-01,20,20,product,컴퓨터주변기기,340080000,잠정,2026-09-30T01:44:34.848599+00:00
2023-08-01,20,20,product,정밀기기,515584000,잠정,2026-09-30T01:44:34.848599+00:00
2023-08-01,20,20,product,가전제품,389593000,잠정,2026-09-30T01:44:34.848599+00:00
2023-08-01,month_end,31,product,전체,51994074000,잠정,2026-09-30T01:44:34.848599+00:00
2023-08-01,month_end,31,product,반도체,8721670000,잠정,2026-09-30T01:44:34.848599+00:00
2023-08-01,month_end,31,product,철강제품,4052257000,잠정,2026-09-30T01:44:34.848599+00:00
2023-08-01,month_end,31,product,승용차,5066248000,잠정,2026-09-30T01:44:34.848599+00:00
2023-08-01,month_end,31,product,석유제품,4493760000,잠정,2026-09-30T01:44:34.848599+00:00
2023-08-01,month_end,31,product,무선통신기기,1814156000,잠정,2026-09-30T01:44:34.848599+00:00
2023-08-01,month_end,31,product,선박,1500919000,잠정,2026-09-30T01:44:34.848599+00:00
2023-08-01,month_end,31,product,자동차부품,1834908000,잠정,2026-09-30T01:44:34.848599+00:00
2023-08-01,month_end,31,product,컴퓨터주변기기,630401000,잠정,2026-09-30T01:44:34.848599+00:00
2023-08-01,month_end,31,product,정밀기기,969486000,잠정,2026-09-30T01:44:34.848599+00:00
2023-08-01,month_end,31,product,가전제품,726495000,잠정,2026-09-30T01:44:34.848599+00:00
2023-09-01,10,10,product,전체,14906293000,잠정,2026-09-30T01:44:34.848599+00:00
2023-09-01,10,10,product,반도체,2500647000,잠정,2026-09-30T01:44:34.848599+00:00
2023-09-01,10,10,product,철강제품,1063808000,잠정,2026-09-30T01:44:34.848599+00:00
2023-09-01,10,10,product,승용차,1403510000,잠정,2026-09-30T01:44:34.848599+00:00
2023-09-01,10,10,product,석유제품,1436560000,잠정,2026-09-30T01:44:34.848599+00:00
2023-09-01,10,10,product,무선통신기기,650003000,잠정,2026-09-30T01:44:34.848599+00:00
2023-09-01,10,10,product,선박,219946000,잠정,2026-09-30T01:44:34.848599+00:00
2023-09-01,10,10,product,자동차부품,516292000,잠정,2026-09-30T01:44:34.848599+00:00
2023-09-01,10,10,product,컴퓨터주변기기,166586000,잠정,2026-09-30T01:44:34.848599+00:00
2023-09-01,10,10,product,정밀기기,293633000,잠정,2026-09-30T01:44:34.848599+00:00
2023-09-01,10,10,product,가전제품,200920000,잠정,2026-09-30T01:44:34.848599+00:00
2023-09-01,20,20,product,전체,35968700000,잠정,2026-09-30T01:44:34.848599+00:00
2023-09-01,20,20,product,반도체,5928978000,잠정,2026-09-30T01:44:34.848599+00:00
2023-09-01,20,20,product,철강제품,2628876000,잠정,2026-09-30T01:44:34.848599+00:00
2023-09-01,20,20,product,승용차,3262194000,잠정,2026-09-30T01:44:34.848599+00:00
2023-09-01,20,20,product,석유제품,2997891000,잠정,2026-09-30T01:44:34.848599+00:00
2023-09-01,20,20,product,무선통신기기,1262291000,잠정,2026-09-30T01:44:34.848599+00:00
2023-09-01,20,20,product,선박,1152242000,잠정,2026-09-30T01:44:34.848599+00:00
2023-09-01,20,20,product,자동차부품,1301054000,잠정,2026-09-30T01:44:34.848599+00:00
2023-09-01,20,20,product,컴퓨터주변기기,435260000,잠정,2026-09-30T01:44:34.848599+00:00
2023-09-01,20,20,product,정밀기기,684846000,잠정,2026-09-30T01:44:34.848599+00:00
2023-09-01,20,20,product,가전제품,528487000,잠정,2026-09-30T01:44:34.848599+00:00
2023-09-01,month_end,30,product,전체,54650691000,잠정,2026-09-30T01:44:34.848599+00:00
2023-09-01,month_end,30,product,반도체,10058864000,잠정,2026-09-30T01:44:34.848599+00:00
2023-09-01,month_end,30,product,철강제품,3997324000,잠정,2026-09-30T01:44:34.848599+00:00
2023-09-01,month_end,30,product,승용차,4986770000,잠정,2026-09-30T01:44:34.848599+00:00
2023-09-01,month_end,30,product,석유제품,4948551000,잠정,2026-09-30T01:44:34.848599+00:00
2023-09-01,month_end,30,product,무선통신기기,1878436000,잠정,2026-09-30T01:44:34.848599+00:00
2023-09-01,month_end,30,product,선박,1276528000,잠정,2026-09-30T01:44:34.848599+00:00
2023-09-01,month_end,30,product,자동차부품,1880018000,잠정,2026-09-30T01:44:34.848599+00:00
2023-09-01,month_end,30,product,컴퓨터주변기기,741108000,잠정,2026-09-30T01:44:34.848599+00:00
2023-09-01,month_end,30,product,정밀기기,1021259000,잠정,2026-09-30T01:44:34.848599+00:00
2023-09-01,month_end,30,product,가전제품,754352000,잠정,2026-09-30T01:44:34.848599+00:00
2023-10-01,10,10,product,전체,11495533000,잠정,2026-09-30T01:44:34.848599+00:00
2023-10-01,10,10,product,반도체,2106581000,잠정,2026-09-30T01:44:34.848599+00:00
2023-10-01,10,10,product,철강제품,735482000,잠정,2026-09-30T01:44:34.848599+00:00
2023-10-01,10,10,product,승용차,1078963000,잠정,2026-09-30T01:44:34.848599+00:00
2023-10-01,10,10,product,석유제품,1480258000,잠정,2026-09-30T01:44:34.848599+00:00
2023-10-01,10,10,product,무선통신기기,570755000,잠정,2026-09-30T01:44:34.848599+00:00
2023-10-01,10,10,product,선박,247196000,잠정,2026-09-30T01:44:34.848599+00:00
2023-10-01,10,10,product,자동차부품,323670000,잠정,2026-09-30T01:44:34.848599+00:00
2023-10-01,10,10,product,컴퓨터주변기기,182058000,잠정,2026-09-30T01:44:34.848599+00:00
2023-10-01,10,10,product,정밀기기,217387000,잠정,2026-09-30T01:44:34.848599+00:00
2023-10-01,10,10,product,가전제품,153392000,잠정,2026-09-30T01:44:34.848599+00:00
2023-10-01,20,20,product,전체,33739771000,잠정,2026-09-30T01:44:34.848599+00:00
2023-10-01,20,20,product,반도체,5215242000,잠정,2026-09-30T01:44:34.848599+00:00
2023-10-01,20,20,product,철강제품,2372323000,잠정,2026-09-30T01:44:34.848599+00:00
2023-10-01,20,20,product,승용차,3298181000,잠정,2026-09-30T01:44:34.848599+00:00
2023-10-01,20,20,product,석유제품,3503786000,잠정,2026-09-30T01:44:34.848599+00:00
2023-10-01,20,20,product,무선통신기기,1366428000,잠정,2026-09-30T01:44:34.848599+00:00
2023-10-01,20,20,product,선박,1617219000,잠정,2026-09-30T01:44:34.848599+00:00
2023-10-01,20,20,product,자동차부품,1045964000,잠정,2026-09-30T01:44:34.848599+00:00
2023-10-01,20,20,product,컴퓨터주변기기,440823000,잠정,2026-09-30T01:44:34.848599+00:00
2023-10-01,20,20,product,정밀기기,622777000,잠정,2026-09-30T01:44:34.848599+00:00
2023-10-01,20,20,product,가전제품,447645000,잠정,2026-09-30T01:44:34.848599+00:00
2023-10-01,month_end,31,product,전체,54989950000,잠정,2026-09-30T01:44:34.848599+00:00
2023-10-01,month_end,31,product,반도체,9061404000,잠정,2026-09-30T01:44:34.848599+00:00
2023-10-01,month_end,31,product,철강제품,3809956000,잠정,2026-09-30T01:44:34.848599+00:00
2023-10-01,month_end,31,product,승용차,5705540000,잠정,2026-09-30T01:44:34.848599+00:00
2023-10-01,month_end,31,product,석유제품,5212322000,잠정,2026-09-30T01:44:34.848599+00:00
2023-10-01,month_end,31,product,무선통신기기,2148541000,잠정,2026-09-30T01:44:34.848599+00:00
2023-10-01,month_end,31,product,선박,2751456000,잠정,2026-09-30T01:44:34.848599+00:00
2023-10-01,month_end,31,product,자동차부품,1701366000,잠정,2026-09-30T01:44:34.848599+00:00
2023-10-01,month_end,31,product,컴퓨터주변기기,722284000,잠정,2026-09-30T01:44:34.848599+00:00
2023-10-01,month_end,31,product,정밀기기,985390000,잠정,2026-09-30T01:44:34.848599+00:00
2023-10-01,month_end,31,product,가전제품,696316000,잠정,2026-09-30T01:44:34.848599+00:00
2023-11-01,10,10,product,전체,18129507000,잠정,2026-09-30T01:44:34.848599+00:00
2023-11-01,10,10,product,반도체,2795594000,잠정,2026-09-30T01:44:34.848599+00:00
2023-11-01,10,10,product,철강제품,1198697000,잠정,2026-09-30T01:44:34.848599+00:00
2023-11-01,10,10,product,승용차,1997799000,잠정,2026-09-30T01:44:34.848599+00:00
2023-11-01,10,10,product,석유제품,1715690000,잠정,2026-09-30T01:44:34.848599+00:00
2023-11-01,10,10,product,무선통신기기,728765000,잠정,2026-09-30T01:44:34.848599+00:00
2023-11-01,10,10,product,선박,126280000,잠정,2026-09-30T01:44:34.848599+00:00
2023-11-01,10,10,product,자동차부품,629858000,잠정,2026-09-30T01:44:34.848599+00:00
2023-11-01,10,10,product,컴퓨터주변기기,233160000,잠정,2026-09-30T01:44:34.848599+00:00
2023-11-01,10,10,product,정밀기기,406379000,잠정,2026-09-30T01:44:34.848599+00:00
2023-11-01,10,10,product,가전제품,230047000,잠정,2026-09-30T01:44:34.848599+00:00
2023-11-01,20,20,product,전체,33647826000,잠정,2026-09-30T01:44:34.848599+00:00
2023-11-01,20,20,product,반도체,5410257000,잠정,2026-09-30T01:44:34.848599+00:00
2023-11-01,20,20,product,철강제품,2234803000,잠정,2026-09-30T01:44:34.848599+00:00
2023-11-01,20,20,product,승용차,3761958000,잠정,2026-09-30T01:44:34.848599+00:00
2023-11-01,20,20,product,석유제품,2959778000,잠정,2026-09-30T01:44:34.848599+00:00
2023-11-01,20,20,product,무선통신기기,1366981000,잠정,2026-09-30T01:44:34.848599+00:00
2023-11-01,20,20,product,선박,635189000,잠정,2026-09-30T01:44:34.848599+00:00
2023-11-01,20,20,product,자동차부품,1140622000,잠정,2026-09-30T01:44:34.848599+00:00
2023-11-01,20,20,product,컴퓨터주변기기,425130000,잠정,2026-09-30T01:44:34.848599+00:00
2023-11-01,20,20,product,정밀기기,684662000,잠정,2026-09-30T01:44:34.848599+00:00
2023-11-01,20,20,product,가전제품,428872000,잠정,2026-09-30T01:44:34.848599+00:00
2023-11-01,month_end,30,product,전체,55561090000,잠정,2026-09-30T01:44:34.848599+00:00
2023-11-01,month_end,30,product,반도체,9688869000,잠정,2026-09-30T01:44:34.848599+00:00
2023-11-01,month_end,30,product,철강제품,3845882000,잠정,2026-09-30T01:44:34.848599+00:00
2023-11-01,month_end,30,product,승용차,6341506000,잠정,2026-09-30T01:44:34.848599+00:00
2023-11-01,month_end,30,product,석유제품,4529005000,잠정,2026-09-30T01:44:34.848599+00:00
2023-11-01,month_end,30,product,무선통신기기,1970203000,잠정,2026-09-30T01:44:34.848599+00:00
2023-11-01,month_end,30,product,선박,1380822000,잠정,2026-09-30T01:44:34.848599+00:00
2023-11-01,month_end,30,product,자동차부품,1841477000,잠정,2026-09-30T01:44:34.848599+00:00
2023-11-01,month_end,30,product,컴퓨터주변기기,713520000,잠정,2026-09-30T01:44:34.848599+00:00
2023-11-01,month_end,30,product,정밀기기,1061265000,잠정,2026-09-30T01:44:34.848599+00:00
2023-11-01,month_end,30,product,가전제품,716326000,잠정,2026-09-30T01:44:34.848599+00:00
2023-12-01,10,10,product,전체,15633586000,잠정,2026-09-30T01:44:34.848599+00:00
2023-12-01,10,10,product,반도체,2527469000,잠정,2026-09-30T01:44:34.848599+00:00
2023-12-01,10,10,product,철강제품,986926000,잠정,2026-09-30T01:44:34.848599+00:00
2023-12-01,10,10,product,승용차,1583328000,잠정,2026-09-30T01:44:34.848599+00:00
2023-12-01,10,10,product,석유제품,1350959000,잠정,2026-09-30T01:44:34.848599+00:00
2023-12-01,10,10,product,무선통신기기,557667000,잠정,2026-09-30T01:44:34.848599+00:00
2023-12-01,10,10,product,선박,1105233000,잠정,2026-09-30T01:44:34.848599+00:00
2023-12-01,10,10,product,자동차부품,463633000,잠정,2026-09-30T01:44:34.848599+00:00
2023-12-01,10,10,product,컴퓨터주변기기,195464000,잠정,2026-09-30T01:44:34.848599+00:00
2023-12-01,10,10,product,정밀기기,308368000,잠정,2026-09-30T01:44:34.848599+00:00
2023-12-01,10,10,product,가전제품,171480000,잠정,2026-09-30T01:44:34.848599+00:00
2023-12-01,20,20,product,전체,37729966000,잠정,2026-09-30T01:44:34.848599+00:00
2023-12-01,20,20,product,반도체,6656218000,잠정,2026-09-30T01:44:34.848599+00:00
2023-12-01,20,20,product,철강제품,2498976000,잠정,2026-09-30T01:44:34.848599+00:00
2023-12-01,20,20,product,승용차,3739452000,잠정,2026-09-30T01:44:34.848599+00:00
2023-12-01,20,20,product,석유제품,3088796000,잠정,2026-09-30T01:44:34.848599+00:00
2023-12-01,20,20,product,무선통신기기,1009384000,잠정,2026-09-30T01:44:34.848599+00:00
2023-12-01,20,20,product,선박,2466779000,잠정,2026-09-30T01:44:34.848599+00:00
2023-12-01,20,20,product,자동차부품,1142842000,잠정,2026-09-30T01:44:34.848599+00:00
2023-12-01,20,20,product,컴퓨터주변기기,451133000,잠정,2026-09-30T01:44:34.848599+00:00
2023-12-01,20,20,product,정밀기기,706849000,잠정,2026-09-30T01:44:34.848599+00:00
2023-12-01,20,20,product,가전제품,469200000,잠정,2026-09-30T01:44:34.848599+00:00
2023-12-01,month_end,31,product,전체,57573193000,잠정,2026-09-30T01:44:34.848599+00:00
2023-12-01,month_end,31,product,반도체,11192340000,잠정,2026-09-30T01:44:34.848599+00:00
2023-12-01,month_end,31,product,철강제품,3861379000,잠정,2026-09-30T01:44:34.848599+00:00
2023-12-01,month_end,31,product,승용차,6196407000,잠정,2026-09-30T01:44:34.848599+00:00
2023-12-01,month_end,31,product,석유제품,4514938000,잠정,2026-09-30T01:44:34.848599+00:00
2023-12-01,month_end,31,product,무선통신기기,1325633000,잠정,2026-09-30T01:44:34.848599+00:00
2023-12-01,month_end,31,product,선박,3523654000,잠정,2026-09-30T01:44:34.848599+00:00
2023-12-01,month_end,31,product,자동차부품,1712154000,잠정,2026-09-30T01:44:34.848599+00:00
2023-12-01,month_end,31,product,컴퓨터주변기기,791998000,잠정,2026-09-30T01:44:34.848599+00:00
2023-12-01,month_end,31,product,정밀기기,1001780000,잠정,2026-09-30T01:44:34.848599+00:00
2023-12-01,month_end,31,product,가전제품,636298000,잠정,2026-09-30T01:44:34.848599+00:00
2024-01-01,10,10,product,전체,15422243000,잠정,2026-09-30T01:44:35.037576+00:00
2024-01-01,10,10,product,반도체,2571669000,잠정,2026-09-30T01:44:35.037576+00:00
2024-01-01,10,10,product,철강제품,1063288000,잠정,2026-09-30T01:44:35.037576+00:00
2024-01-01,10,10,product,승용차,1297173000,잠정,2026-09-30T01:44:35.037576+00:00
2024-01-01,10,10,product,석유제품,1604041000,잠정,2026-09-30T01:44:35.037576+00:00
2024-01-01,10,10,product,무선통신기기,437098000,잠정,2026-09-30T01:44:35.037576+00:00
2024-01-01,10,10,product,선박,993895000,잠정,2026-09-30T01:44:35.037576+00:00
2024-01-01,10,10,product,자동차부품,508896000,잠정,2026-09-30T01:44:35.037576+00:00
2024-01-01,10,10,product,컴퓨터주변기기,217458000,잠정,2026-09-30T01:44:35.037576+00:00
2024-01-01,10,10,product,정밀기기,292047000,잠정,2026-09-30T01:44:35.037576+00:00
2024-01-01,10,10,product,가전제품,161935000,잠정,2026-09-30T01:44:35.037576+00:00
2024-01-01,20,20,product,전체,33319854000,잠정,2026-09-30T01:44:35.037576+00:00
2024-01-01,20,20,product,반도체,5297202000,잠정,2026-09-30T01:44:35.037576+00:00
2024-01-01,20,20,product,철강제품,2467132000,잠정,2026-09-30T01:44:35.037576+00:00
2024-01-01,20,20,product,승용차,3472991000,잠정,2026-09-30T01:44:35.037576+00:00
2024-01-01,20,20,product,석유제품,2904876000,잠정,2026-09-30T01:44:35.037576+00:00
2024-01-01,20,20,product,무선통신기기,871535000,잠정,2026-09-30T01:44:35.037576+00:00
2024-01-01,20,20,product,선박,1919785000,잠정,2026-09-30T01:44:35.037576+00:00
2024-01-01,20,20,product,자동차부품,1099700000,잠정,2026-09-30T01:44:35.037576+00:00
2024-01-01,20,20,product,컴퓨터주변기기,509244000,잠정,2026-09-30T01:44:35.037576+00:00
2024-01-01,20,20,product,정밀기기,598458000,잠정,2026-09-30T01:44:35.037576+00:00
2024-01-01,20,20,product,가전제품,427317000,잠정,2026-09-30T01:44:35.037576+00:00
2024-01-01,month_end,31,product,전체,54709823000,잠정,2026-09-30T01:44:35.037576+00:00
2024-01-01,month_end,31,product,반도체,9529970000,잠정,2026-09-30T01:44:35.037576+00:00
2024-01-01,month_end,31,product,철강제품,4038358000,잠정,2026-09-30T01:44:35.037576+00:00
2024-01-01,month_end,31,product,승용차,5985821000,잠정,2026-09-30T01:44:35.037576+00:00
2024-01-01,month_end,31,product,석유제품,4835458000,잠정,2026-09-30T01:44:35.037576+00:00
2024-01-01,month_end,31,product,무선통신기기,1262803000,잠정,2026-09-30T01:44:35.037576+00:00
2024-01-01,month_end,31,product,선박,2457555000,잠정,2026-09-30T01:44:35.037576+00:00
2024-01-01,month_end,31,product,자동차부품,1830200000,잠정,2026-09-30T01:44:35.037576+00:00
2024-01-01,month_end,31,product,컴퓨터주변기기,804623000,잠정,2026-09-30T01:44:35.037576+00:00
2024-01-01,month_end,31,product,정밀기기,961706000,잠정,2026-09-30T01:44:35.037576+00:00
2024-01-01,month_end,31,product,가전제품,734908000,잠정,2026-09-30T01:44:35.037576+00:00
2024-02-01,10,10,product,전체,14757600000,잠정,2026-09-30T01:44:35.037576+00:00
2024-02-01,10,10,product,반도체,2782701000,잠정,2026-09-30T01:44:35.037576+00:00
2024-02-01,10,10,product,철강제품,1041104000,잠정,2026-09-30T01:44:35.037576+00:00
2024-02-01,10,10,product,승용차,1108032000,잠정,2026-09-30T01:44:35.037576+00:00
2024-02-01,10,10,product,석유제품,1398748000,잠정,2026-09-30T01:44:35.037576+00:00
2024-02-01,10,10,product,무선통신기기,374575000,잠정,2026-09-30T01:44:35.037576+00:00
2024-02-01,10,10,product,선박,58628000,잠정,2026-09-30T01:44:35.037576+00:00
2024-02-01,10,10,product,자동차부품,628455000,잠정,2026-09-30T01:44:35.037576+00:00
2024-02-01,10,10,product,컴퓨터주변기기,203335000,잠정,2026-09-30T01:44:35.037576+00:00
2024-02-01,10,10,product,정밀기기,260804000,잠정,2026-09-30T01:44:35.037576+00:00
2024-02-01,10,10,product,가전제품,224325000,잠정,2026-09-30T01:44:35.037576+00:00
2024-02-01,20,20,product,전체,30436349000,잠정,2026-09-30T01:44:35.037576+00:00
2024-02-01,20,20,product,반도체,5286142000,잠정,2026-09-30T01:44:35.037576+00:00
2024-02-01,20,20,product,철강제품,2233463000,잠정,2026-09-30T01:44:35.037576+00:00
2024-02-01,20,20,product,승용차,2570010000,잠정,2026-09-30T01:44:35.037576+00:00
2024-02-01,20,20,product,석유제품,2902843000,잠정,2026-09-30T01:44:35.037576+00:00
2024-02-01,20,20,product,무선통신기기,772717000,잠정,2026-09-30T01:44:35.037576+00:00
2024-02-01,20,20,product,선박,848631000,잠정,2026-09-30T01:44:35.037576+00:00
2024-02-01,20,20,product,자동차부품,1122644000,잠정,2026-09-30T01:44:35.037576+00:00
2024-02-01,20,20,product,컴퓨터주변기기,404455000,잠정,2026-09-30T01:44:35.037576+00:00
2024-02-01,20,20,product,정밀기기,513025000,잠정,2026-09-30T01:44:35.037576+00:00
2024-02-01,20,20,product,가전제품,456453000,잠정,2026-09-30T01:44:35.037576+00:00
2024-02-01,month_end,29,product,전체,52076390000,잠정,2026-09-30T01:44:35.037576+00:00
2024-02-01,month_end,29,product,반도체,10051003000,잠정,2026-09-30T01:44:35.037576+00:00
2024-02-01,month_end,29,product,철강제품,3855480000,잠정,2026-09-30T01:44:35.037576+00:00
2024-02-01,month_end,29,product,승용차,4926226000,잠정,2026-09-30T01:44:35.037576+00:00
2024-02-01,month_end,29,product,석유제품,4472387000,잠정,2026-09-30T01:44:35.037576+00:00
2024-02-01,month_end,29,product,무선통신기기,1252575000,잠정,2026-09-30T01:44:35.037576+00:00
2024-02-01,month_end,29,product,선박,1645263000,잠정,2026-09-30T01:44:35.037576+00:00
2024-02-01,month_end,29,product,자동차부품,1880966000,잠정,2026-09-30T01:44:35.037576+00:00
2024-02-01,month_end,29,product,컴퓨터주변기기,749509000,잠정,2026-09-30T01:44:35.037576+00:00
2024-02-01,month_end,29,product,정밀기기,865522000,잠정,2026-09-30T01:44:35.037576+00:00
2024-02-01,month_end,29,product,가전제품,716519000,잠정,2026-09-30T01:44:35.037576+00:00
2024-03-01,10,10,product,전체,13481826000,잠정,2026-09-30T01:44:35.037576+00:00
2024-03-01,10,10,product,반도체,2750362000,잠정,2026-09-30T01:44:35.037576+00:00
2024-03-01,10,10,product,철강제품,915141000,잠정,2026-09-30T01:44:35.037576+00:00
2024-03-01,10,10,product,승용차,1135906000,잠정,2026-09-30T01:44:35.037576+00:00
2024-03-01,10,10,product,석유제품,1010248000,잠정,2026-09-30T01:44:35.037576+00:00
2024-03-01,10,10,product,무선통신기기,387940000,잠정,2026-09-30T01:44:35.037576+00:00
2024-03-01,10,10,product,선박,787437000,잠정,2026-09-30T01:44:35.037576+00:00
2024-03-01,10,10,product,자동차부품,472652000,잠정,2026-09-30T01:44:35.037576+00:00
2024-03-01,10,10,product,컴퓨터주변기기,204456000,잠정,2026-09-30T01:44:35.037576+00:00
2024-03-01,10,10,product,정밀기기,233812000,잠정,2026-09-30T01:44:35.037576+00:00
2024-03-01,10,10,product,가전제품,179889000,잠정,2026-09-30T01:44:35.037576+00:00
2024-03-01,20,20,product,전체,34008930000,잠정,2026-09-30T01:44:35.037576+00:00
2024-03-01,20,20,product,반도체,6335694000,잠정,2026-09-30T01:44:35.037576+00:00
2024-03-01,20,20,product,철강제품,2556703000,잠정,2026-09-30T01:44:35.037576+00:00
2024-03-01,20,20,product,승용차,3181426000,잠정,2026-09-30T01:44:35.037576+00:00
2024-03-01,20,20,product,석유제품,2842956000,잠정,2026-09-30T01:44:35.037576+00:00
2024-03-01,20,20,product,무선통신기기,845137000,잠정,2026-09-30T01:44:35.037576+00:00
2024-03-01,20,20,product,선박,1237534000,잠정,2026-09-30T01:44:35.037576+00:00
2024-03-01,20,20,product,자동차부품,1257285000,잠정,2026-09-30T01:44:35.037576+00:00
2024-03-01,20,20,product,컴퓨터주변기기,535580000,잠정,2026-09-30T01:44:35.037576+00:00
2024-03-01,20,20,product,정밀기기,586117000,잠정,2026-09-30T01:44:35.037576+00:00
2024-03-01,20,20,product,가전제품,461653000,잠정,2026-09-30T01:44:35.037576+00:00
2024-03-01,month_end,31,product,전체,56518309000,잠정,2026-09-30T01:44:35.037576+00:00
2024-03-01,month_end,31,product,반도체,11828220000,잠정,2026-09-30T01:44:35.037576+00:00
2024-03-01,month_end,31,product,철강제품,4088495000,잠정,2026-09-30T01:44:35.037576+00:00
2024-03-01,month_end,31,product,승용차,5895260000,잠정,2026-09-30T01:44:35.037576+00:00
2024-03-01,month_end,31,product,석유제품,4684902000,잠정,2026-09-30T01:44:35.037576+00:00
2024-03-01,month_end,31,product,무선통신기기,1302894000,잠정,2026-09-30T01:44:35.037576+00:00
2024-03-01,month_end,31,product,선박,2010119000,잠정,2026-09-30T01:44:35.037576+00:00
2024-03-01,month_end,31,product,자동차부품,1843098000,잠정,2026-09-30T01:44:35.037576+00:00
2024-03-01,month_end,31,product,컴퓨터주변기기,1023607000,잠정,2026-09-30T01:44:35.037576+00:00
2024-03-01,month_end,31,product,정밀기기,913231000,잠정,2026-09-30T01:44:35.037576+00:00
2024-03-01,month_end,31,product,가전제품,737465000,잠정,2026-09-30T01:44:35.037576+00:00
2024-04-01,10,10,product,전체,16351815000,잠정,2026-09-30T01:44:35.037576+00:00
2024-04-01,10,10,product,반도체,2572297000,잠정,2026-09-30T01:44:35.037576+00:00
2024-04-01,10,10,product,철강제품,1247392000,잠정,2026-09-30T01:44:35.037576+00:00
2024-04-01,10,10,product,승용차,1640356000,잠정,2026-09-30T01:44:35.037576+00:00
2024-04-01,10,10,product,석유제품,1359830000,잠정,2026-09-30T01:44:35.037576+00:00
2024-04-01,10,10,product,무선통신기기,448641000,잠정,2026-09-30T01:44:35.037576+00:00
2024-04-01,10,10,product,선박,81586000,잠정,2026-09-30T01:44:35.037576+00:00
2024-04-01,10,10,product,자동차부품,640044000,잠정,2026-09-30T01:44:35.037576+00:00
2024-04-01,10,10,product,컴퓨터주변기기,259251000,잠정,2026-09-30T01:44:35.037576+00:00
2024-04-01,10,10,product,정밀기기,307619000,잠정,2026-09-30T01:44:35.037576+00:00
2024-04-01,10,10,product,가전제품,276639000,잠정,2026-09-30T01:44:35.037576+00:00
2024-04-01,20,20,product,전체,35745087000,잠정,2026-09-30T01:44:35.037576+00:00
2024-04-01,20,20,product,반도체,5845510000,잠정,2026-09-30T01:44:35.037576+00:00
2024-04-01,20,20,product,철강제품,2644750000,잠정,2026-09-30T01:44:35.037576+00:00
2024-04-01,20,20,product,승용차,3925128000,잠정,2026-09-30T01:44:35.037576+00:00
2024-04-01,20,20,product,석유제품,2825625000,잠정,2026-09-30T01:44:35.037576+00:00
2024-04-01,20,20,product,무선통신기기,919798000,잠정,2026-09-30T01:44:35.037576+00:00
2024-04-01,20,20,product,선박,1114562000,잠정,2026-09-30T01:44:35.037576+00:00
2024-04-01,20,20,product,자동차부품,1226422000,잠정,2026-09-30T01:44:35.037576+00:00
2024-04-01,20,20,product,컴퓨터주변기기,574259000,잠정,2026-09-30T01:44:35.037576+00:00
2024-04-01,20,20,product,정밀기기,609527000,잠정,2026-09-30T01:44:35.037576+00:00
2024-04-01,20,20,product,가전제품,534008000,잠정,2026-09-30T01:44:35.037576+00:00
2024-04-01,month_end,30,product,전체,56148299000,잠정,2026-09-30T01:44:35.037576+00:00
2024-04-01,month_end,30,product,반도체,10098828000,잠정,2026-09-30T01:44:35.037576+00:00
2024-04-01,month_end,30,product,철강제품,4043924000,잠정,2026-09-30T01:44:35.037576+00:00
2024-04-01,month_end,30,product,승용차,6571649000,잠정,2026-09-30T01:44:35.037576+00:00
2024-04-01,month_end,30,product,석유제품,4367812000,잠정,2026-09-30T01:44:35.037576+00:00
2024-04-01,month_end,30,product,무선통신기기,1319708000,잠정,2026-09-30T01:44:35.037576+00:00
2024-04-01,month_end,30,product,선박,1595345000,잠정,2026-09-30T01:44:35.037576+00:00
2024-04-01,month_end,30,product,자동차부품,1865845000,잠정,2026-09-30T01:44:35.037576+00:00
2024-04-01,month_end,30,product,컴퓨터주변기기,896911000,잠정,2026-09-30T01:44:35.037576+00:00
2024-04-01,month_end,30,product,정밀기기,942337000,잠정,2026-09-30T01:44:35.037576+00:00
2024-04-01,month_end,30,product,가전제품,807984000,잠정,2026-09-30T01:44:35.037576+00:00
2024-05-01,10,10,product,전체,16844225000,잠정,2026-09-30T01:44:35.037576+00:00
2024-05-01,10,10,product,반도체,3000345000,잠정,2026-09-30T01:44:35.037576+00:00
2024-05-01,10,10,product,철강제품,1297926000,잠정,2026-09-30T01:44:35.037576+00:00
2024-05-01,10,10,product,승용차,1461719000,잠정,2026-09-30T01:44:35.037576+00:00
2024-05-01,10,10,product,석유제품,1571089000,잠정,2026-09-30T01:44:35.037576+00:00
2024-05-01,10,10,product,무선통신기기,514744000,잠정,2026-09-30T01:44:35.037576+00:00
2024-05-01,10,10,product,선박,686723000,잠정,2026-09-30T01:44:35.037576+00:00
2024-05-01,10,10,product,자동차부품,531534000,잠정,2026-09-30T01:44:35.037576+00:00
2024-05-01,10,10,product,컴퓨터주변기기,362018000,잠정,2026-09-30T01:44:35.037576+00:00
2024-05-01,10,10,product,정밀기기,325464000,잠정,2026-09-30T01:44:35.037576+00:00
2024-05-01,10,10,product,가전제품,226564000,잠정,2026-09-30T01:44:35.037576+00:00
2024-05-01,20,20,product,전체,32744481000,잠정,2026-09-30T01:44:35.037576+00:00
2024-05-01,20,20,product,반도체,6194388000,잠정,2026-09-30T01:44:35.037576+00:00
2024-05-01,20,20,product,철강제품,2404996000,잠정,2026-09-30T01:44:35.037576+00:00
2024-05-01,20,20,product,승용차,3288392000,잠정,2026-09-30T01:44:35.037576+00:00
2024-05-01,20,20,product,석유제품,2924832000,잠정,2026-09-30T01:44:35.037576+00:00
2024-05-01,20,20,product,무선통신기기,937923000,잠정,2026-09-30T01:44:35.037576+00:00
2024-05-01,20,20,product,선박,1281921000,잠정,2026-09-30T01:44:35.037576+00:00
2024-05-01,20,20,product,자동차부품,1008812000,잠정,2026-09-30T01:44:35.037576+00:00
2024-05-01,20,20,product,컴퓨터주변기기,642059000,잠정,2026-09-30T01:44:35.037576+00:00
2024-05-01,20,20,product,정밀기기,535755000,잠정,2026-09-30T01:44:35.037576+00:00
2024-05-01,20,20,product,가전제품,441752000,잠정,2026-09-30T01:44:35.037576+00:00
2024-05-01,month_end,31,product,전체,58020557000,잠정,2026-09-30T01:44:35.037576+00:00
2024-05-01,month_end,31,product,반도체,11548564000,잠정,2026-09-30T01:44:35.037576+00:00
2024-05-01,month_end,31,product,철강제품,4187795000,잠정,2026-09-30T01:44:35.037576+00:00
2024-05-01,month_end,31,product,승용차,6292123000,잠정,2026-09-30T01:44:35.037576+00:00
2024-05-01,month_end,31,product,석유제품,4555694000,잠정,2026-09-30T01:44:35.037576+00:00
2024-05-01,month_end,31,product,무선통신기기,1557773000,잠정,2026-09-30T01:44:35.037576+00:00
2024-05-01,month_end,31,product,선박,2048236000,잠정,2026-09-30T01:44:35.037576+00:00
2024-05-01,month_end,31,product,자동차부품,1749614000,잠정,2026-09-30T01:44:35.037576+00:00
2024-05-01,month_end,31,product,컴퓨터주변기기,1183022000,잠정,2026-09-30T01:44:35.037576+00:00
2024-05-01,month_end,31,product,정밀기기,956457000,잠정,2026-09-30T01:44:35.037576+00:00
2024-05-01,month_end,31,product,가전제품,747199000,잠정,2026-09-30T01:44:35.037576+00:00
2024-06-01,10,10,product,전체,14683823000,잠정,2026-09-30T01:44:35.037576+00:00
2024-06-01,10,10,product,반도체,2974252000,잠정,2026-09-30T01:44:35.037576+00:00
2024-06-01,10,10,product,철강제품,980464000,잠정,2026-09-30T01:44:35.037576+00:00
2024-06-01,10,10,product,승용차,1199200000,잠정,2026-09-30T01:44:35.037576+00:00
2024-06-01,10,10,product,석유제품,1395778000,잠정,2026-09-30T01:44:35.037576+00:00
2024-06-01,10,10,product,무선통신기기,518259000,잠정,2026-09-30T01:44:35.037576+00:00
2024-06-01,10,10,product,선박,725916000,잠정,2026-09-30T01:44:35.037576+00:00
2024-06-01,10,10,product,자동차부품,432335000,잠정,2026-09-30T01:44:35.037576+00:00
2024-06-01,10,10,product,컴퓨터주변기기,186584000,잠정,2026-09-30T01:44:35.037576+00:00
2024-06-01,10,10,product,정밀기기,225111000,잠정,2026-09-30T01:44:35.037576+00:00
2024-06-01,10,10,product,가전제품,202936000,잠정,2026-09-30T01:44:35.037576+00:00
2024-06-01,20,20,product,전체,35696916000,잠정,2026-09-30T01:44:35.037576+00:00
2024-06-01,20,20,product,반도체,7274456000,잠정,2026-09-30T01:44:35.037576+00:00
2024-06-01,20,20,product,철강제품,2451977000,잠정,2026-09-30T01:44:35.037576+00:00
2024-06-01,20,20,product,승용차,3349374000,잠정,2026-09-30T01:44:35.037576+00:00
2024-06-01,20,20,product,석유제품,2567126000,잠정,2026-09-30T01:44:35.037576+00:00
2024-06-01,20,20,product,무선통신기기,1074610000,잠정,2026-09-30T01:44:35.037576+00:00
2024-06-01,20,20,product,선박,1066905000,잠정,2026-09-30T01:44:35.037576+00:00
2024-06-01,20,20,product,자동차부품,1160835000,잠정,2026-09-30T01:44:35.037576+00:00
2024-06-01,20,20,product,컴퓨터주변기기,588047000,잠정,2026-09-30T01:44:35.037576+00:00
2024-06-01,20,20,product,정밀기기,566999000,잠정,2026-09-30T01:44:35.037576+00:00
2024-06-01,20,20,product,가전제품,480657000,잠정,2026-09-30T01:44:35.037576+00:00
2024-06-01,month_end,30,product,전체,57341634000,잠정,2026-09-30T01:44:35.037576+00:00
2024-06-01,month_end,30,product,반도체,13617989000,잠정,2026-09-30T01:44:35.037576+00:00
2024-06-01,month_end,30,product,철강제품,3802935000,잠정,2026-09-30T01:44:35.037576+00:00
2024-06-01,month_end,30,product,승용차,6018509000,잠정,2026-09-30T01:44:35.037576+00:00
2024-06-01,month_end,30,product,석유제품,3721189000,잠정,2026-09-30T01:44:35.037576+00:00
2024-06-01,month_end,30,product,무선통신기기,1570229000,잠정,2026-09-30T01:44:35.037576+00:00
2024-06-01,month_end,30,product,선박,1412705000,잠정,2026-09-30T01:44:35.037576+00:00
2024-06-01,month_end,30,product,자동차부품,1685582000,잠정,2026-09-30T01:44:35.037576+00:00
2024-06-01,month_end,30,product,컴퓨터주변기기,1286149000,잠정,2026-09-30T01:44:35.037576+00:00
2024-06-01,month_end,30,product,정밀기기,865675000,잠정,2026-09-30T01:44:35.037576+00:00
2024-06-01,month_end,30,product,가전제품,717811000,잠정,2026-09-30T01:44:35.037576+00:00
2024-07-01,10,10,product,전체,17723084000,잠정,2026-09-30T01:44:35.037576+00:00
2024-07-01,10,10,product,반도체,3392657000,잠정,2026-09-30T01:44:35.037576+00:00
2024-07-01,10,10,product,철강제품,1245727000,잠정,2026-09-30T01:44:35.037576+00:00
2024-07-01,10,10,product,승용차,1589141000,잠정,2026-09-30T01:44:35.037576+00:00
2024-07-01,10,10,product,석유제품,1424865000,잠정,2026-09-30T01:44:35.037576+00:00
2024-07-01,10,10,product,무선통신기기,476568000,잠정,2026-09-30T01:44:35.037576+00:00
2024-07-01,10,10,product,선박,378636000,잠정,2026-09-30T01:44:35.037576+00:00
2024-07-01,10,10,product,자동차부품,686209000,잠정,2026-09-30T01:44:35.037576+00:00
2024-07-01,10,10,product,컴퓨터주변기기,250712000,잠정,2026-09-30T01:44:35.037576+00:00
2024-07-01,10,10,product,정밀기기,271316000,잠정,2026-09-30T01:44:35.037576+00:00
2024-07-01,10,10,product,가전제품,252465000,잠정,2026-09-30T01:44:35.037576+00:00
2024-07-01,20,20,product,전체,36881422000,잠정,2026-09-30T01:44:35.037576+00:00
2024-07-01,20,20,product,반도체,6774622000,잠정,2026-09-30T01:44:35.037576+00:00
2024-07-01,20,20,product,철강제품,2642261000,잠정,2026-09-30T01:44:35.037576+00:00
2024-07-01,20,20,product,승용차,3491826000,잠정,2026-09-30T01:44:35.037576+00:00
2024-07-01,20,20,product,석유제품,3050268000,잠정,2026-09-30T01:44:35.037576+00:00
2024-07-01,20,20,product,무선통신기기,973634000,잠정,2026-09-30T01:44:35.037576+00:00
2024-07-01,20,20,product,선박,527921000,잠정,2026-09-30T01:44:35.037576+00:00
2024-07-01,20,20,product,자동차부품,1271812000,잠정,2026-09-30T01:44:35.037576+00:00
2024-07-01,20,20,product,컴퓨터주변기기,667075000,잠정,2026-09-30T01:44:35.037576+00:00
2024-07-01,20,20,product,정밀기기,563224000,잠정,2026-09-30T01:44:35.037576+00:00
2024-07-01,20,20,product,가전제품,506242000,잠정,2026-09-30T01:44:35.037576+00:00
2024-07-01,month_end,31,product,전체,57458788000,잠정,2026-09-30T01:44:35.037576+00:00
2024-07-01,month_end,31,product,반도체,11413079000,잠정,2026-09-30T01:44:35.037576+00:00
2024-07-01,month_end,31,product,철강제품,4164877000,잠정,2026-09-30T01:44:35.037576+00:00
2024-07-01,month_end,31,product,승용차,5168203000,잠정,2026-09-30T01:44:35.037576+00:00
2024-07-01,month_end,31,product,석유제품,4521513000,잠정,2026-09-30T01:44:35.037576+00:00
2024-07-01,month_end,31,product,무선통신기기,1489947000,잠정,2026-09-30T01:44:35.037576+00:00
2024-07-01,month_end,31,product,선박,988217000,잠정,2026-09-30T01:44:35.037576+00:00
2024-07-01,month_end,31,product,자동차부품,1995921000,잠정,2026-09-30T01:44:35.037576+00:00
2024-07-01,month_end,31,product,컴퓨터주변기기,1340198000,잠정,2026-09-30T01:44:35.037576+00:00
2024-07-01,month_end,31,product,정밀기기,872338000,잠정,2026-09-30T01:44:35.037576+00:00
2024-07-01,month_end,31,product,가전제품,802783000,잠정,2026-09-30T01:44:35.037576+00:00
2024-08-01,10,10,product,전체,15369466000,잠정,2026-09-30T01:44:35.037576+00:00
2024-08-01,10,10,product,반도체,3478623000,잠정,2026-09-30T01:44:35.037576+00:00
2024-08-01,10,10,product,철강제품,1063847000,잠정,2026-09-30T01:44:35.037576+00:00
2024-08-01,10,10,product,승용차,875451000,잠정,2026-09-30T01:44:35.037576+00:00
2024-08-01,10,10,product,석유제품,1517540000,잠정,2026-09-30T01:44:35.037576+00:00
2024-08-01,10,10,product,무선통신기기,542079000,잠정,2026-09-30T01:44:35.037576+00:00
2024-08-01,10,10,product,선박,619461000,잠정,2026-09-30T01:44:35.037576+00:00
2024-08-01,10,10,product,자동차부품,403559000,잠정,2026-09-30T01:44:35.037576+00:00
2024-08-01,10,10,product,컴퓨터주변기기,300838000,잠정,2026-09-30T01:44:35.037576+00:00
2024-08-01,10,10,product,정밀기기,244633000,잠정,2026-09-30T01:44:35.037576+00:00
2024-08-01,10,10,product,가전제품,216615000,잠정,2026-09-30T01:44:35.037576+00:00
2024-08-01,20,20,product,전체,33003156000,잠정,2026-09-30T01:44:35.037576+00:00
2024-08-01,20,20,product,반도체,6726551000,잠정,2026-09-30T01:44:35.037576+00:00
2024-08-01,20,20,product,철강제품,2286044000,잠정,2026-09-30T01:44:35.037576+00:00
2024-08-01,20,20,product,승용차,2278060000,잠정,2026-09-30T01:44:35.037576+00:00
2024-08-01,20,20,product,석유제품,2863981000,잠정,2026-09-30T01:44:35.037576+00:00
2024-08-01,20,20,product,무선통신기기,1125303000,잠정,2026-09-30T01:44:35.037576+00:00
2024-08-01,20,20,product,선박,1790615000,잠정,2026-09-30T01:44:35.037576+00:00
2024-08-01,20,20,product,자동차부품,1029232000,잠정,2026-09-30T01:44:35.037576+00:00
2024-08-01,20,20,product,컴퓨터주변기기,670859000,잠정,2026-09-30T01:44:35.037576+00:00
2024-08-01,20,20,product,정밀기기,513996000,잠정,2026-09-30T01:44:35.037576+00:00
2024-08-01,20,20,product,가전제품,390489000,잠정,2026-09-30T01:44:35.037576+00:00
2024-08-01,month_end,31,product,전체,57642924000,잠정,2026-09-30T01:44:35.037576+00:00
2024-08-01,month_end,31,product,반도체,12061638000,잠정,2026-09-30T01:44:35.037576+00:00
2024-08-01,month_end,31,product,철강제품,4035867000,잠정,2026-09-30T01:44:35.037576+00:00
2024-08-01,month_end,31,product,승용차,4876018000,잠정,2026-09-30T01:44:35.037576+00:00
2024-08-01,month_end,31,product,석유제품,4416588000,잠정,2026-09-30T01:44:35.037576+00:00
2024-08-01,month_end,31,product,무선통신기기,1784600000,잠정,2026-09-30T01:44:35.037576+00:00
2024-08-01,month_end,31,product,선박,2730852000,잠정,2026-09-30T01:44:35.037576+00:00
2024-08-01,month_end,31,product,자동차부품,1775009000,잠정,2026-09-30T01:44:35.037576+00:00
2024-08-01,month_end,31,product,컴퓨터주변기기,1640029000,잠정,2026-09-30T01:44:35.037576+00:00
2024-08-01,month_end,31,product,정밀기기,914610000,잠정,2026-09-30T01:44:35.037576+00:00
2024-08-01,month_end,31,product,가전제품,675842000,잠정,2026-09-30T01:44:35.037576+00:00
2024-09-01,10,10,product,전체,18470294000,잠정,2026-09-30T01:44:35.037576+00:00
2024-09-01,10,10,product,반도체,3469509000,잠정,2026-09-30T01:44:35.037576+00:00
2024-09-01,10,10,product,철강제품,1271192000,잠정,2026-09-30T01:44:35.037576+00:00
2024-09-01,10,10,product,승용차,1582684000,잠정,2026-09-30T01:44:35.037576+00:00
2024-09-01,10,10,product,석유제품,1487601000,잠정,2026-09-30T01:44:35.037576+00:00
2024-09-01,10,10,product,무선통신기기,634417000,잠정,2026-09-30T01:44:35.037576+00:00
2024-09-01,10,10,product,선박,579392000,잠정,2026-09-30T01:44:35.037576+00:00
2024-09-01,10,10,product,자동차부품,643234000,잠정,2026-09-30T01:44:35.037576+00:00
2024-09-01,10,10,product,컴퓨터주변기기,314928000,잠정,2026-09-30T01:44:35.037576+00:00
2024-09-01,10,10,product,정밀기기,326225000,잠정,2026-09-30T01:44:35.037576+00:00
2024-09-01,10,10,product,가전제품,222775000,잠정,2026-09-30T01:44:35.037576+00:00
2024-09-01,20,20,product,전체,35354624000,잠정,2026-09-30T01:44:35.037576+00:00
2024-09-01,20,20,product,반도체,7472921000,잠정,2026-09-30T01:44:35.037576+00:00
2024-09-01,20,20,product,철강제품,2362523000,잠정,2026-09-30T01:44:35.037576+00:00
2024-09-01,20,20,product,승용차,2975256000,잠정,2026-09-30T01:44:35.037576+00:00
2024-09-01,20,20,product,석유제품,2804007000,잠정,2026-09-30T01:44:35.037576+00:00
2024-09-01,20,20,product,무선통신기기,1210188000,잠정,2026-09-30T01:44:35.037576+00:00
2024-09-01,20,20,product,선박,1029714000,잠정,2026-09-30T01:44:35.037576+00:00
2024-09-01,20,20,product,자동차부품,1127614000,잠정,2026-09-30T01:44:35.037576+00:00
2024-09-01,20,20,product,컴퓨터주변기기,763757000,잠정,2026-09-30T01:44:35.037576+00:00
2024-09-01,20,20,product,정밀기기,610698000,잠정,2026-09-30T01:44:35.037576+00:00
2024-09-01,20,20,product,가전제품,400679000,잠정,2026-09-30T01:44:35.037576+00:00
2024-09-01,month_end,30,product,전체,58544693000,잠정,2026-09-30T01:44:35.037576+00:00
2024-09-01,month_end,30,product,반도체,13751072000,잠정,2026-09-30T01:44:35.037576+00:00
2024-09-01,month_end,30,product,철강제품,3908378000,잠정,2026-09-30T01:44:35.037576+00:00
2024-09-01,month_end,30,product,승용차,5302123000,잠정,2026-09-30T01:44:35.037576+00:00
2024-09-01,month_end,30,product,석유제품,4038055000,잠정,2026-09-30T01:44:35.037576+00:00
2024-09-01,month_end,30,product,무선통신기기,1750910000,잠정,2026-09-30T01:44:35.037576+00:00
2024-09-01,month_end,30,product,선박,2237197000,잠정,2026-09-30T01:44:35.037576+00:00
2024-09-01,month_end,30,product,자동차부품,1742391000,잠정,2026-09-30T01:44:35.037576+00:00
2024-09-01,month_end,30,product,컴퓨터주변기기,1681512000,잠정,2026-09-30T01:44:35.037576+00:00
2024-09-01,month_end,30,product,정밀기기,988484000,잠정,2026-09-30T01:44:35.037576+00:00
2024-09-01,month_end,30,product,가전제품,601200000,잠정,2026-09-30T01:44:35.037576+00:00
2024-10-01,10,10,product,전체,15298567000,잠정,2026-09-30T01:44:35.037576+00:00
2024-10-01,10,10,product,반도체,3064714000,잠정,2026-09-30T01:44:35.037576+00:00
2024-10-01,10,10,product,철강제품,1070140000,잠정,2026-09-30T01:44:35.037576+00:00
2024-10-01,10,10,product,승용차,1380222000,잠정,2026-09-30T01:44:35.037576+00:00
2024-10-01,10,10,product,석유제품,1142189000,잠정,2026-09-30T01:44:35.037576+00:00
2024-10-01,10,10,product,무선통신기기,515318000,잠정,2026-09-30T01:44:35.037576+00:00
2024-10-01,10,10,product,선박,907010000,잠정,2026-09-30T01:44:35.037576+00:00
2024-10-01,10,10,product,자동차부품,512435000,잠정,2026-09-30T01:44:35.037576+00:00
2024-10-01,10,10,product,컴퓨터주변기기,197305000,잠정,2026-09-30T01:44:35.037576+00:00
2024-10-01,10,10,product,정밀기기,264330000,잠정,2026-09-30T01:44:35.037576+00:00
2024-10-01,10,10,product,가전제품,187531000,잠정,2026-09-30T01:44:35.037576+00:00
2024-10-01,20,20,product,전체,32711578000,잠정,2026-09-30T01:44:35.037576+00:00
2024-10-01,20,20,product,반도체,7097664000,잠정,2026-09-30T01:44:35.037576+00:00
2024-10-01,20,20,product,철강제품,2238009000,잠정,2026-09-30T01:44:35.037576+00:00
2024-10-01,20,20,product,승용차,3184806000,잠정,2026-09-30T01:44:35.037576+00:00
2024-10-01,20,20,product,석유제품,2112065000,잠정,2026-09-30T01:44:35.037576+00:00
2024-10-01,20,20,product,무선통신기기,1070089000,잠정,2026-09-30T01:44:35.037576+00:00
2024-10-01,20,20,product,선박,1359068000,잠정,2026-09-30T01:44:35.037576+00:00
2024-10-01,20,20,product,자동차부품,1024100000,잠정,2026-09-30T01:44:35.037576+00:00
2024-10-01,20,20,product,컴퓨터주변기기,509724000,잠정,2026-09-30T01:44:35.037576+00:00
2024-10-01,20,20,product,정밀기기,548267000,잠정,2026-09-30T01:44:35.037576+00:00
2024-10-01,20,20,product,가전제품,367237000,잠정,2026-09-30T01:44:35.037576+00:00
2024-10-01,month_end,31,product,전체,57500192000,잠정,2026-09-30T01:44:35.037576+00:00
2024-10-01,month_end,31,product,반도체,12670057000,잠정,2026-09-30T01:44:35.037576+00:00
2024-10-01,month_end,31,product,철강제품,4074297000,잠정,2026-09-30T01:44:35.037576+00:00
2024-10-01,month_end,31,product,승용차,6004017000,잠정,2026-09-30T01:44:35.037576+00:00
2024-10-01,month_end,31,product,석유제품,3434887000,잠정,2026-09-30T01:44:35.037576+00:00
2024-10-01,month_end,31,product,무선통신기기,1691457000,잠정,2026-09-30T01:44:35.037576+00:00
2024-10-01,month_end,31,product,선박,1958620000,잠정,2026-09-30T01:44:35.037576+00:00
2024-10-01,month_end,31,product,자동차부품,1814224000,잠정,2026-09-30T01:44:35.037576+00:00
2024-10-01,month_end,31,product,컴퓨터주변기기,1095272000,잠정,2026-09-30T01:44:35.037576+00:00
2024-10-01,month_end,31,product,정밀기기,981203000,잠정,2026-09-30T01:44:35.037576+00:00
2024-10-01,month_end,31,product,가전제품,653883000,잠정,2026-09-30T01:44:35.037576+00:00
2024-11-01,10,10,product,전체,14872900000,잠정,2026-09-30T01:44:35.037576+00:00
2024-11-01,10,10,product,반도체,3279955000,잠정,2026-09-30T01:44:35.037576+00:00
2024-11-01,10,10,product,철강제품,1009766000,잠정,2026-09-30T01:44:35.037576+00:00
2024-11-01,10,10,product,승용차,1326421000,잠정,2026-09-30T01:44:35.037576+00:00
2024-11-01,10,10,product,석유제품,1152318000,잠정,2026-09-30T01:44:35.037576+00:00
2024-11-01,10,10,product,무선통신기기,590161000,잠정,2026-09-30T01:44:35.037576+00:00
2024-11-01,10,10,product,선박,601506000,잠정,2026-09-30T01:44:35.037576+00:00
2024-11-01,10,10,product,자동차부품,454584000,잠정,2026-09-30T01:44:35.037576+00:00
2024-11-01,10,10,product,컴퓨터주변기기,253148000,잠정,2026-09-30T01:44:35.037576+00:00
2024-11-01,10,10,product,정밀기기,259190000,잠정,2026-09-30T01:44:35.037576+00:00
2024-11-01,10,10,product,가전제품,160786000,잠정,2026-09-30T01:44:35.037576+00:00
2024-11-01,20,20,product,전체,35559900000,잠정,2026-09-30T01:44:35.037576+00:00
2024-11-01,20,20,product,반도체,7711150000,잠정,2026-09-30T01:44:35.037576+00:00
2024-11-01,20,20,product,철강제품,2480112000,잠정,2026-09-30T01:44:35.037576+00:00
2024-11-01,20,20,product,승용차,3096549000,잠정,2026-09-30T01:44:35.037576+00:00
2024-11-01,20,20,product,석유제품,2656318000,잠정,2026-09-30T01:44:35.037576+00:00
2024-11-01,20,20,product,무선통신기기,1199964000,잠정,2026-09-30T01:44:35.037576+00:00
2024-11-01,20,20,product,선박,1128325000,잠정,2026-09-30T01:44:35.037576+00:00
2024-11-01,20,20,product,자동차부품,1136715000,잠정,2026-09-30T01:44:35.037576+00:00
2024-11-01,20,20,product,컴퓨터주변기기,737302000,잠정,2026-09-30T01:44:35.037576+00:00
2024-11-01,20,20,product,정밀기기,594781000,잠정,2026-09-30T01:44:35.037576+00:00
2024-11-01,20,20,product,가전제품,355286000,잠정,2026-09-30T01:44:35.037576+00:00
2024-11-01,month_end,30,product,전체,56288629000,잠정,2026-09-30T01:44:35.037576+00:00
2024-11-01,month_end,30,product,반도체,12578985000,잠정,2026-09-30T01:44:35.037576+00:00
2024-11-01,month_end,30,product,철강제품,3872988000,잠정,2026-09-30T01:44:35.037576+00:00
2024-11-01,month_end,30,product,승용차,5449951000,잠정,2026-09-30T01:44:35.037576+00:00
2024-11-01,month_end,30,product,석유제품,3694379000,잠정,2026-09-30T01:44:35.037576+00:00
2024-11-01,month_end,30,product,무선통신기기,1638511000,잠정,2026-09-30T01:44:35.037576+00:00
2024-11-01,month_end,30,product,선박,2435682000,잠정,2026-09-30T01:44:35.037576+00:00
2024-11-01,month_end,30,product,자동차부품,1694134000,잠정,2026-09-30T01:44:35.037576+00:00
2024-11-01,month_end,30,product,컴퓨터주변기기,1490034000,잠정,2026-09-30T01:44:35.037576+00:00
2024-11-01,month_end,30,product,정밀기기,932883000,잠정,2026-09-30T01:44:35.037576+00:00
2024-11-01,month_end,30,product,가전제품,566892000,잠정,2026-09-30T01:44:35.037576+00:00
2024-12-01,10,10,product,전체,17541285000,잠정,2026-09-30T01:44:35.037576+00:00
2024-12-01,10,10,product,반도체,3613270000,잠정,2026-09-30T01:44:35.037576+00:00
2024-12-01,10,10,product,철강제품,1175688000,잠정,2026-09-30T01:44:35.037576+00:00
2024-12-01,10,10,product,승용차,1444340000,잠정,2026-09-30T01:44:35.037576+00:00
2024-12-01,10,10,product,석유제품,1229316000,잠정,2026-09-30T01:44:35.037576+00:00
2024-12-01,10,10,product,무선통신기기,505990000,잠정,2026-09-30T01:44:35.037576+00:00
2024-12-01,10,10,product,선박,1083986000,잠정,2026-09-30T01:44:35.037576+00:00
2024-12-01,10,10,product,자동차부품,570762000,잠정,2026-09-30T01:44:35.037576+00:00
2024-12-01,10,10,product,컴퓨터주변기기,291192000,잠정,2026-09-30T01:44:35.037576+00:00
2024-12-01,10,10,product,정밀기기,296492000,잠정,2026-09-30T01:44:35.037576+00:00
2024-12-01,10,10,product,가전제품,196808000,잠정,2026-09-30T01:44:35.037576+00:00
2024-12-01,20,20,product,전체,40285842000,잠정,2026-09-30T01:44:35.037576+00:00
2024-12-01,20,20,product,반도체,8211201000,잠정,2026-09-30T01:44:35.037576+00:00
2024-12-01,20,20,product,철강제품,2787902000,잠정,2026-09-30T01:44:35.037576+00:00
2024-12-01,20,20,product,승용차,3726732000,잠정,2026-09-30T01:44:35.037576+00:00
2024-12-01,20,20,product,석유제품,2661446000,잠정,2026-09-30T01:44:35.037576+00:00
2024-12-01,20,20,product,무선통신기기,1028518000,잠정,2026-09-30T01:44:35.037576+00:00
2024-12-01,20,20,product,선박,1867912000,잠정,2026-09-30T01:44:35.037576+00:00
2024-12-01,20,20,product,자동차부품,1240474000,잠정,2026-09-30T01:44:35.037576+00:00
2024-12-01,20,20,product,컴퓨터주변기기,809087000,잠정,2026-09-30T01:44:35.037576+00:00
2024-12-01,20,20,product,정밀기기,700002000,잠정,2026-09-30T01:44:35.037576+00:00
2024-12-01,20,20,product,가전제품,477061000,잠정,2026-09-30T01:44:35.037576+00:00
2024-12-01,month_end,31,product,전체,61359250000,잠정,2026-09-30T01:44:35.037576+00:00
2024-12-01,month_end,31,product,반도체,14619210000,잠정,2026-09-30T01:44:35.037576+00:00
2024-12-01,month_end,31,product,철강제품,4093382000,잠정,2026-09-30T01:44:35.037576+00:00
2024-12-01,month_end,31,product,승용차,5833631000,잠정,2026-09-30T01:44:35.037576+00:00
2024-12-01,month_end,31,product,석유제품,4000311000,잠정,2026-09-30T01:44:35.037576+00:00
2024-12-01,month_end,31,product,무선통신기기,1319215000,잠정,2026-09-30T01:44:35.037576+00:00
2024-12-01,month_end,31,product,선박,2981019000,잠정,2026-09-30T01:44:35.037576+00:00
2024-12-01,month_end,31,product,자동차부품,1803834000,잠정,2026-09-30T01:44:35.037576+00:00
2024-12-01,month_end,31,product,컴퓨터주변기기,1639594000,잠정,2026-09-30T01:44:35.037576+00:00
2024-12-01,month_end,31,product,정밀기기,976061000,잠정,2026-09-30T01:44:35.037576+00:00
2024-12-01,month_end,31,product,가전제품,606962000,잠정,2026-09-30T01:44:35.037576+00:00
2025-01-01,10,10,product,전체,15918926000,잠정,2026-09-30T01:44:35.223965+00:00
2025-01-01,10,10,product,반도체,3183772000,잠정,2026-09-30T01:44:35.223965+00:00
2025-01-01,10,10,product,철강제품,1200349000,잠정,2026-09-30T01:44:35.223965+00:00
2025-01-01,10,10,product,승용차,1352570000,잠정,2026-09-30T01:44:35.223965+00:00
2025-01-01,10,10,product,석유제품,883329000,잠정,2026-09-30T01:44:35.223965+00:00
2025-01-01,10,10,product,무선통신기기,335369000,잠정,2026-09-30T01:44:35.223965+00:00
2025-01-01,10,10,product,선박,1056787000,잠정,2026-09-30T01:44:35.223965+00:00
2025-01-01,10,10,product,자동차부품,474471000,잠정,2026-09-30T01:44:35.223965+00:00
2025-01-01,10,10,product,컴퓨터주변기기,203270000,잠정,2026-09-30T01:44:35.223965+00:00
2025-01-01,10,10,product,정밀기기,272982000,잠정,2026-09-30T01:44:35.223965+00:00
2025-01-01,10,10,product,가전제품,200275000,잠정,2026-09-30T01:44:35.223965+00:00
2025-01-01,20,20,product,전체,31633210000,잠정,2026-09-30T01:44:35.223965+00:00
2025-01-01,20,20,product,반도체,6307186000,잠정,2026-09-30T01:44:35.223965+00:00
2025-01-01,20,20,product,철강제품,2388604000,잠정,2026-09-30T01:44:35.223965+00:00
2025-01-01,20,20,product,승용차,3213179000,잠정,2026-09-30T01:44:35.223965+00:00
2025-01-01,20,20,product,석유제품,2092175000,잠정,2026-09-30T01:44:35.223965+00:00
2025-01-01,20,20,product,무선통신기기,707985000,잠정,2026-09-30T01:44:35.223965+00:00
2025-01-01,20,20,product,선박,1621617000,잠정,2026-09-30T01:44:35.223965+00:00
2025-01-01,20,20,product,자동차부품,985609000,잠정,2026-09-30T01:44:35.223965+00:00
2025-01-01,20,20,product,컴퓨터주변기기,456252000,잠정,2026-09-30T01:44:35.223965+00:00
2025-01-01,20,20,product,정밀기기,518310000,잠정,2026-09-30T01:44:35.223965+00:00
2025-01-01,20,20,product,가전제품,404078000,잠정,2026-09-30T01:44:35.223965+00:00
2025-01-01,month_end,31,product,전체,49176984000,잠정,2026-09-30T01:44:35.223965+00:00
2025-01-01,month_end,31,product,반도체,10218918000,잠정,2026-09-30T01:44:35.223965+00:00
2025-01-01,month_end,31,product,철강제품,3731804000,잠정,2026-09-30T01:44:35.223965+00:00
2025-01-01,month_end,31,product,승용차,4828883000,잠정,2026-09-30T01:44:35.223965+00:00
2025-01-01,month_end,31,product,석유제품,3480879000,잠정,2026-09-30T01:44:35.223965+00:00
2025-01-01,month_end,31,product,무선통신기기,1008827000,잠정,2026-09-30T01:44:35.223965+00:00
2025-01-01,month_end,31,product,선박,2396385000,잠정,2026-09-30T01:44:35.223965+00:00
2025-01-01,month_end,31,product,자동차부품,1515262000,잠정,2026-09-30T01:44:35.223965+00:00
2025-01-01,month_end,31,product,컴퓨터주변기기,931936000,잠정,2026-09-30T01:44:35.223965+00:00
2025-01-01,month_end,31,product,정밀기기,756434000,잠정,2026-09-30T01:44:35.223965+00:00
2025-01-01,month_end,31,product,가전제품,564601000,잠정,2026-09-30T01:44:35.223965+00:00
2025-02-01,10,10,product,전체,14811188000,잠정,2026-09-30T01:44:35.223965+00:00
2025-02-01,10,10,product,반도체,2832428000,잠정,2026-09-30T01:44:35.223965+00:00
2025-02-01,10,10,product,철강제품,947107000,잠정,2026-09-30T01:44:35.223965+00:00
2025-02-01,10,10,product,승용차,1384207000,잠정,2026-09-30T01:44:35.223965+00:00
2025-02-01,10,10,product,석유제품,1086454000,잠정,2026-09-30T01:44:35.223965+00:00
2025-02-01,10,10,product,무선통신기기,446569000,잠정,2026-09-30T01:44:35.223965+00:00
2025-02-01,10,10,product,선박,934921000,잠정,2026-09-30T01:44:35.223965+00:00
2025-02-01,10,10,product,자동차부품,457219000,잠정,2026-09-30T01:44:35.223965+00:00
2025-02-01,10,10,product,컴퓨터주변기기,242978000,잠정,2026-09-30T01:44:35.223965+00:00
2025-02-01,10,10,product,정밀기기,270530000,잠정,2026-09-30T01:44:35.223965+00:00
2025-02-01,10,10,product,가전제품,149065000,잠정,2026-09-30T01:44:35.223965+00:00
2025-02-01,20,20,product,전체,35228231000,잠정,2026-09-30T01:44:35.223965+00:00
2025-02-01,20,20,product,반도체,6455746000,잠정,2026-09-30T01:44:35.223965+00:00
2025-02-01,20,20,product,철강제품,2486991000,잠정,2026-09-30T01:44:35.223965+00:00
2025-02-01,20,20,product,승용차,3604913000,잠정,2026-09-30T01:44:35.223965+00:00
2025-02-01,20,20,product,석유제품,2624725000,잠정,2026-09-30T01:44:35.223965+00:00
2025-02-01,20,20,product,무선통신기기,839548000,잠정,2026-09-30T01:44:35.223965+00:00
2025-02-01,20,20,product,선박,1058665000,잠정,2026-09-30T01:44:35.223965+00:00
2025-02-01,20,20,product,자동차부품,1223908000,잠정,2026-09-30T01:44:35.223965+00:00
2025-02-01,20,20,product,컴퓨터주변기기,585809000,잠정,2026-09-30T01:44:35.223965+00:00
2025-02-01,20,20,product,정밀기기,648037000,잠정,2026-09-30T01:44:35.223965+00:00
2025-02-01,20,20,product,가전제품,388397000,잠정,2026-09-30T01:44:35.223965+00:00
2025-02-01,month_end,28,product,전체,52292301000,잠정,2026-09-30T01:44:35.223965+00:00
2025-02-01,month_end,28,product,반도체,9795611000,잠정,2026-09-30T01:44:35.223965+00:00
2025-02-01,month_end,28,product,철강제품,3778184000,잠정,2026-09-30T01:44:35.223965+00:00
2025-02-01,month_end,28,product,승용차,5848945000,잠정,2026-09-30T01:44:35.223965+00:00
2025-02-01,month_end,28,product,석유제품,3908568000,잠정,2026-09-30T01:44:35.223965+00:00
2025-02-01,month_end,28,product,무선통신기기,1145297000,잠정,2026-09-30T01:44:35.223965+00:00
2025-02-01,month_end,28,product,선박,1472970000,잠정,2026-09-30T01:44:35.223965+00:00
2025-02-01,month_end,28,product,자동차부품,1808863000,잠정,2026-09-30T01:44:35.223965+00:00
2025-02-01,month_end,28,product,컴퓨터주변기기,963189000,잠정,2026-09-30T01:44:35.223965+00:00
2025-02-01,month_end,28,product,정밀기기,934408000,잠정,2026-09-30T01:44:35.223965+00:00
2025-02-01,month_end,28,product,가전제품,603499000,잠정,2026-09-30T01:44:35.223965+00:00
2025-03-01,10,10,product,전체,13798090000,잠정,2026-09-30T01:44:35.223965+00:00
2025-03-01,10,10,product,반도체,2750586000,잠정,2026-09-30T01:44:35.223965+00:00
2025-03-01,10,10,product,철강제품,833473000,잠정,2026-09-30T01:44:35.223965+00:00
2025-03-01,10,10,product,승용차,1205666000,잠정,2026-09-30T01:44:35.223965+00:00
2025-03-01,10,10,product,석유제품,987011000,잠정,2026-09-30T01:44:35.223965+00:00
2025-03-01,10,10,product,무선통신기기,451641000,잠정,2026-09-30T01:44:35.223965+00:00
2025-03-01,10,10,product,선박,1222229000,잠정,2026-09-30T01:44:35.223965+00:00
2025-03-01,10,10,product,자동차부품,436837000,잠정,2026-09-30T01:44:35.223965+00:00
2025-03-01,10,10,product,컴퓨터주변기기,173185000,잠정,2026-09-30T01:44:35.223965+00:00
2025-03-01,10,10,product,정밀기기,216006000,잠정,2026-09-30T01:44:35.223965+00:00
2025-03-01,10,10,product,가전제품,146652000,잠정,2026-09-30T01:44:35.223965+00:00
2025-03-01,20,20,product,전체,35436582000,잠정,2026-09-30T01:44:35.223965+00:00
2025-03-01,20,20,product,반도체,7070184000,잠정,2026-09-30T01:44:35.223965+00:00
2025-03-01,20,20,product,철강제품,2274120000,잠정,2026-09-30T01:44:35.223965+00:00
2025-03-01,20,20,product,승용차,3297757000,잠정,2026-09-30T01:44:35.223965+00:00
2025-03-01,20,20,product,석유제품,2114983000,잠정,2026-09-30T01:44:35.223965+00:00
2025-03-01,20,20,product,무선통신기기,946188000,잠정,2026-09-30T01:44:35.223965+00:00
2025-03-01,20,20,product,선박,2227638000,잠정,2026-09-30T01:44:35.223965+00:00
2025-03-01,20,20,product,자동차부품,1182877000,잠정,2026-09-30T01:44:35.223965+00:00
2025-03-01,20,20,product,컴퓨터주변기기,603470000,잠정,2026-09-30T01:44:35.223965+00:00
2025-03-01,20,20,product,정밀기기,583409000,잠정,2026-09-30T01:44:35.223965+00:00
2025-03-01,20,20,product,가전제품,355099000,잠정,2026-09-30T01:44:35.223965+00:00
2025-03-01,month_end,31,product,전체,58064562000,잠정,2026-09-30T01:44:35.223965+00:00
2025-03-01,month_end,31,product,반도체,13196760000,잠정,2026-09-30T01:44:35.223965+00:00
2025-03-01,month_end,31,product,철강제품,3874596000,잠정,2026-09-30T01:44:35.223965+00:00
2025-03-01,month_end,31,product,승용차,6011597000,잠정,2026-09-30T01:44:35.223965+00:00
2025-03-01,month_end,31,product,석유제품,3324448000,잠정,2026-09-30T01:44:35.223965+00:00
2025-03-01,month_end,31,product,무선통신기기,1392090000,잠정,2026-09-30T01:44:35.223965+00:00
2025-03-01,month_end,31,product,선박,3062292000,잠정,2026-09-30T01:44:35.223965+00:00
2025-03-01,month_end,31,product,자동차부품,1793278000,잠정,2026-09-30T01:44:35.223965+00:00
2025-03-01,month_end,31,product,컴퓨터주변기기,1348200000,잠정,2026-09-30T01:44:35.223965+00:00
2025-03-01,month_end,31,product,정밀기기,900999000,잠정,2026-09-30T01:44:35.223965+00:00
2025-03-01,month_end,31,product,가전제품,567422000,잠정,2026-09-30T01:44:35.223965+00:00
2025-04-01,10,10,product,전체,18444823000,잠정,2026-09-30T01:44:35.223965+00:00
2025-04-01,10,10,product,반도체,3394493000,잠정,2026-09-30T01:44:35.223965+00:00
2025-04-01,10,10,product,철강제품,1298966000,잠정,2026-09-30T01:44:35.223965+00:00
2025-04-01,10,10,product,승용차,1830140000,잠정,2026-09-30T01:44:35.223965+00:00
2025-04-01,10,10,product,석유제품,1264689000,잠정,2026-09-30T01:44:35.223965+00:00
2025-04-01,10,10,product,무선통신기기,490722000,잠정,2026-09-30T01:44:35.223965+00:00
2025-04-01,10,10,product,선박,643529000,잠정,2026-09-30T01:44:35.223965+00:00
2025-04-01,10,10,product,자동차부품,706082000,잠정,2026-09-30T01:44:35.223965+00:00
2025-04-01,10,10,product,컴퓨터주변기기,222733000,잠정,2026-09-30T01:44:35.223965+00:00
2025-04-01,10,10,product,정밀기기,323956000,잠정,2026-09-30T01:44:35.223965+00:00
2025-04-01,10,10,product,가전제품,214993000,잠정,2026-09-30T01:44:35.223965+00:00
2025-04-01,20,20,product,전체,33718845000,잠정,2026-09-30T01:44:35.223965+00:00
2025-04-01,20,20,product,반도체,6471961000,잠정,2026-09-30T01:44:35.223965+00:00
2025-04-01,20,20,product,철강제품,2404359000,잠정,2026-09-30T01:44:35.223965+00:00
2025-04-01,20,20,product,승용차,3662348000,잠정,2026-09-30T01:44:35.223965+00:00
2025-04-01,20,20,product,석유제품,2146809000,잠정,2026-09-30T01:44:35.223965+00:00
2025-04-01,20,20,product,무선통신기기,914781000,잠정,2026-09-30T01:44:35.223965+00:00
2025-04-01,20,20,product,선박,1008645000,잠정,2026-09-30T01:44:35.223965+00:00
2025-04-01,20,20,product,자동차부품,1203792000,잠정,2026-09-30T01:44:35.223965+00:00
2025-04-01,20,20,product,컴퓨터주변기기,440859000,잠정,2026-09-30T01:44:35.223965+00:00
2025-04-01,20,20,product,정밀기기,573607000,잠정,2026-09-30T01:44:35.223965+00:00
2025-04-01,20,20,product,가전제품,374316000,잠정,2026-09-30T01:44:35.223965+00:00
2025-04-01,month_end,30,product,전체,58035745000,잠정,2026-09-30T01:44:35.223965+00:00
2025-04-01,month_end,30,product,반도체,11803393000,잠정,2026-09-30T01:44:35.223965+00:00
2025-04-01,month_end,30,product,철강제품,4360393000,잠정,2026-09-30T01:44:35.223965+00:00
2025-04-01,month_end,30,product,승용차,6298092000,잠정,2026-09-30T01:44:35.223965+00:00
2025-04-01,month_end,30,product,석유제품,3696099000,잠정,2026-09-30T01:44:35.223965+00:00
2025-04-01,month_end,30,product,무선통신기기,1402528000,잠정,2026-09-30T01:44:35.223965+00:00
2025-04-01,month_end,30,product,선박,1845260000,잠정,2026-09-30T01:44:35.223965+00:00
2025-04-01,month_end,30,product,자동차부품,1963757000,잠정,2026-09-30T01:44:35.223965+00:00
2025-04-01,month_end,30,product,컴퓨터주변기기,829446000,잠정,2026-09-30T01:44:35.223965+00:00
2025-04-01,month_end,30,product,정밀기기,942102000,잠정,2026-09-30T01:44:35.223965+00:00
2025-04-01,month_end,30,product,가전제품,659422000,잠정,2026-09-30T01:44:35.223965+00:00
2025-05-01,10,10,product,전체,12824191000,잠정,2026-09-30T01:44:35.223965+00:00
2025-05-01,10,10,product,반도체,3417924000,잠정,2026-09-30T01:44:35.223965+00:00
2025-05-01,10,10,product,철강제품,761170000,잠정,2026-09-30T01:44:35.223965+00:00
2025-05-01,10,10,product,승용차,1121561000,잠정,2026-09-30T01:44:35.223965+00:00
2025-05-01,10,10,product,석유제품,995574000,잠정,2026-09-30T01:44:35.223965+00:00
2025-05-01,10,10,product,무선통신기기,396598000,잠정,2026-09-30T01:44:35.223965+00:00
2025-05-01,10,10,product,선박,632597000,잠정,2026-09-30T01:44:35.223965+00:00
2025-05-01,10,10,product,자동차부품,304651000,잠정,2026-09-30T01:44:35.223965+00:00
2025-05-01,10,10,product,컴퓨터주변기기,236742000,잠정,2026-09-30T01:44:35.223965+00:00
2025-05-01,10,10,product,정밀기기,198223000,잠정,2026-09-30T01:44:35.223965+00:00
2025-05-01,10,10,product,가전제품,119640000,잠정,2026-09-30T01:44:35.223965+00:00
2025-05-01,20,20,product,전체,31953120000,잠정,2026-09-30T01:44:35.223965+00:00
2025-05-01,20,20,product,반도체,7265549000,잠정,2026-09-30T01:44:35.223965+00:00
2025-05-01,20,20,product,철강제품,2115130000,잠정,2026-09-30T01:44:35.223965+00:00
2025-05-01,20,20,product,승용차,3077966000,잠정,2026-09-30T01:44:35.223965+00:00
2025-05-01,20,20,product,석유제품,2212067000,잠정,2026-09-30T01:44:35.223965+00:00
2025-05-01,20,20,product,무선통신기기,881997000,잠정,2026-09-30T01:44:35.223965+00:00
2025-05-01,20,20,product,선박,1289371000,잠정,2026-09-30T01:44:35.223965+00:00
2025-05-01,20,20,product,자동차부품,901198000,잠정,2026-09-30T01:44:35.223965+00:00
2025-05-01,20,20,product,컴퓨터주변기기,604528000,잠정,2026-09-30T01:44:35.223965+00:00
2025-05-01,20,20,product,정밀기기,520396000,잠정,2026-09-30T01:44:35.223965+00:00
2025-05-01,20,20,product,가전제품,353986000,잠정,2026-09-30T01:44:35.223965+00:00
2025-05-01,month_end,31,product,전체,57261063000,잠정,2026-09-30T01:44:35.223965+00:00
2025-05-01,month_end,31,product,반도체,13929723000,잠정,2026-09-30T01:44:35.223965+00:00
2025-05-01,month_end,31,product,철강제품,3789307000,잠정,2026-09-30T01:44:35.223965+00:00
2025-05-01,month_end,31,product,승용차,5939575000,잠정,2026-09-30T01:44:35.223965+00:00
2025-05-01,month_end,31,product,석유제품,3646694000,잠정,2026-09-30T01:44:35.223965+00:00
2025-05-01,month_end,31,product,무선통신기기,1388196000,잠정,2026-09-30T01:44:35.223965+00:00
2025-05-01,month_end,31,product,선박,2166226000,잠정,2026-09-30T01:44:35.223965+00:00
2025-05-01,month_end,31,product,자동차부품,1602541000,잠정,2026-09-30T01:44:35.223965+00:00
2025-05-01,month_end,31,product,컴퓨터주변기기,1244659000,잠정,2026-09-30T01:44:35.223965+00:00
2025-05-01,month_end,31,product,정밀기기,861826000,잠정,2026-09-30T01:44:35.223965+00:00
2025-05-01,month_end,31,product,가전제품,591566000,잠정,2026-09-30T01:44:35.223965+00:00
2025-06-01,10,10,product,전체,15400571000,잠정,2026-09-30T01:44:35.223965+00:00
2025-06-01,10,10,product,반도체,3619434000,잠정,2026-09-30T01:44:35.223965+00:00
2025-06-01,10,10,product,철강제품,945477000,잠정,2026-09-30T01:44:35.223965+00:00
2025-06-01,10,10,product,승용차,1294923000,잠정,2026-09-30T01:44:35.223965+00:00
2025-06-01,10,10,product,석유제품,1146079000,잠정,2026-09-30T01:44:35.223965+00:00
2025-06-01,10,10,product,무선통신기기,294700000,잠정,2026-09-30T01:44:35.223965+00:00
2025-06-01,10,10,product,선박,892638000,잠정,2026-09-30T01:44:35.223965+00:00
2025-06-01,10,10,product,자동차부품,484126000,잠정,2026-09-30T01:44:35.223965+00:00
2025-06-01,10,10,product,컴퓨터주변기기,258238000,잠정,2026-09-30T01:44:35.223965+00:00
2025-06-01,10,10,product,정밀기기,227935000,잠정,2026-09-30T01:44:35.223965+00:00
2025-06-01,10,10,product,가전제품,141520000,잠정,2026-09-30T01:44:35.223965+00:00
2025-06-01,20,20,product,전체,38659030000,잠정,2026-09-30T01:44:35.223965+00:00
2025-06-01,20,20,product,반도체,8846348000,잠정,2026-09-30T01:44:35.223965+00:00
2025-06-01,20,20,product,철강제품,2484227000,잠정,2026-09-30T01:44:35.223965+00:00
2025-06-01,20,20,product,승용차,3653575000,잠정,2026-09-30T01:44:35.223965+00:00
2025-06-01,20,20,product,석유제품,2644141000,잠정,2026-09-30T01:44:35.223965+00:00
2025-06-01,20,20,product,무선통신기기,718611000,잠정,2026-09-30T01:44:35.223965+00:00
2025-06-01,20,20,product,선박,1583188000,잠정,2026-09-30T01:44:35.223965+00:00
2025-06-01,20,20,product,자동차부품,1221088000,잠정,2026-09-30T01:44:35.223965+00:00
2025-06-01,20,20,product,컴퓨터주변기기,779684000,잠정,2026-09-30T01:44:35.223965+00:00
2025-06-01,20,20,product,정밀기기,586333000,잠정,2026-09-30T01:44:35.223965+00:00
2025-06-01,20,20,product,가전제품,354543000,잠정,2026-09-30T01:44:35.223965+00:00
2025-06-01,month_end,30,product,전체,59833797000,잠정,2026-09-30T01:44:35.223965+00:00
2025-06-01,month_end,30,product,반도체,15138595000,잠정,2026-09-30T01:44:35.223965+00:00
2025-06-01,month_end,30,product,철강제품,3694192000,잠정,2026-09-30T01:44:35.223965+00:00
2025-06-01,month_end,30,product,승용차,5995652000,잠정,2026-09-30T01:44:35.223965+00:00
2025-06-01,month_end,30,product,석유제품,3785438000,잠정,2026-09-30T01:44:35.223965+00:00
2025-06-01,month_end,30,product,무선통신기기,981636000,잠정,2026-09-30T01:44:35.223965+00:00
2025-06-01,month_end,30,product,선박,2332840000,잠정,2026-09-30T01:44:35.223965+00:00
2025-06-01,month_end,30,product,자동차부품,1715525000,잠정,2026-09-30T01:44:35.223965+00:00
2025-06-01,month_end,30,product,컴퓨터주변기기,1459274000,잠정,2026-09-30T01:44:35.223965+00:00
2025-06-01,month_end,30,product,정밀기기,889037000,잠정,2026-09-30T01:44:35.223965+00:00
2025-06-01,month_end,30,product,가전제품,544959000,잠정,2026-09-30T01:44:35.223965+00:00
2025-07-01,10,10,product,전체,19385119000,잠정,2026-09-30T01:44:35.223965+00:00
2025-07-01,10,10,product,반도체,3824839000,잠정,2026-09-30T01:44:35.223965+00:00
2025-07-01,10,10,product,철강제품,1296503000,잠정,2026-09-30T01:44:35.223965+00:00
2025-07-01,10,10,product,승용차,1796507000,잠정,2026-09-30T01:44:35.223965+00:00
2025-07-01,10,10,product,석유제품,1427336000,잠정,2026-09-30T01:44:35.223965+00:00
2025-07-01,10,10,product,무선통신기기,407667000,잠정,2026-09-30T01:44:35.223965+00:00
2025-07-01,10,10,product,선박,881731000,잠정,2026-09-30T01:44:35.223965+00:00
2025-07-01,10,10,product,자동차부품,699035000,잠정,2026-09-30T01:44:35.223965+00:00
2025-07-01,10,10,product,컴퓨터주변기기,283786000,잠정,2026-09-30T01:44:35.223965+00:00
2025-07-01,10,10,product,정밀기기,294732000,잠정,2026-09-30T01:44:35.223965+00:00
2025-07-01,10,10,product,가전제품,202251000,잠정,2026-09-30T01:44:35.223965+00:00
2025-07-01,20,20,product,전체,36058354000,잠정,2026-09-30T01:44:35.223965+00:00
2025-07-01,20,20,product,반도체,7880336000,잠정,2026-09-30T01:44:35.223965+00:00
2025-07-01,20,20,product,철강제품,2382438000,잠정,2026-09-30T01:44:35.223965+00:00
2025-07-01,20,20,product,승용차,3626578000,잠정,2026-09-30T01:44:35.223965+00:00
2025-07-01,20,20,product,석유제품,2557351000,잠정,2026-09-30T01:44:35.223965+00:00
2025-07-01,20,20,product,무선통신기기,805963000,잠정,2026-09-30T01:44:35.223965+00:00
2025-07-01,20,20,product,선박,1432700000,잠정,2026-09-30T01:44:35.223965+00:00
2025-07-01,20,20,product,자동차부품,1163635000,잠정,2026-09-30T01:44:35.223965+00:00
2025-07-01,20,20,product,컴퓨터주변기기,614378000,잠정,2026-09-30T01:44:35.223965+00:00
2025-07-01,20,20,product,정밀기기,527081000,잠정,2026-09-30T01:44:35.223965+00:00
2025-07-01,20,20,product,가전제품,400268000,잠정,2026-09-30T01:44:35.223965+00:00
2025-07-01,month_end,31,product,전체,60724322000,잠정,2026-09-30T01:44:35.223965+00:00
2025-07-01,month_end,31,product,반도체,14900808000,잠정,2026-09-30T01:44:35.223965+00:00
2025-07-01,month_end,31,product,철강제품,4188696000,잠정,2026-09-30T01:44:35.223965+00:00
2025-07-01,month_end,31,product,승용차,5492658000,잠정,2026-09-30T01:44:35.223965+00:00
2025-07-01,month_end,31,product,석유제품,4271110000,잠정,2026-09-30T01:44:35.223965+00:00
2025-07-01,month_end,31,product,무선통신기기,1356219000,잠정,2026-09-30T01:44:35.223965+00:00
2025-07-01,month_end,31,product,선박,2115617000,잠정,2026-09-30T01:44:35.223965+00:00
2025-07-01,month_end,31,product,자동차부품,1825083000,잠정,2026-09-30T01:44:35.223965+00:00
2025-07-01,month_end,31,product,컴퓨터주변기기,1112993000,잠정,2026-09-30T01:44:35.223965+00:00
2025-07-01,month_end,31,product,정밀기기,893140000,잠정,2026-09-30T01:44:35.223965+00:00
2025-07-01,month_end,31,product,가전제품,702744000,잠정,2026-09-30T01:44:35.223965+00:00
2025-08-01,10,10,product,전체,14646230000,잠정,2026-09-30T01:44:35.223965+00:00
2025-08-01,10,10,product,반도체,3896567000,잠정,2026-09-30T01:44:35.223965+00:00
2025-08-01,10,10,product,철강제품,863210000,잠정,2026-09-30T01:44:35.223965+00:00
2025-08-01,10,10,product,승용차,948921000,잠정,2026-09-30T01:44:35.223965+00:00
2025-08-01,10,10,product,석유제품,1208499000,잠정,2026-09-30T01:44:35.223965+00:00
2025-08-01,10,10,product,무선통신기기,517507000,잠정,2026-09-30T01:44:35.223965+00:00
2025-08-01,10,10,product,선박,1125793000,잠정,2026-09-30T01:44:35.223965+00:00
2025-08-01,10,10,product,자동차부품,350911000,잠정,2026-09-30T01:44:35.223965+00:00
2025-08-01,10,10,product,컴퓨터주변기기,245274000,잠정,2026-09-30T01:44:35.223965+00:00
2025-08-01,10,10,product,정밀기기,222673000,잠정,2026-09-30T01:44:35.223965+00:00
2025-08-01,10,10,product,가전제품,124222000,잠정,2026-09-30T01:44:35.223965+00:00
2025-08-01,20,20,product,전체,35394043000,잠정,2026-09-30T01:44:35.223965+00:00
2025-08-01,20,20,product,반도체,8712461000,잠정,2026-09-30T01:44:35.223965+00:00
2025-08-01,20,20,product,철강제품,2180914000,잠정,2026-09-30T01:44:35.223965+00:00
2025-08-01,20,20,product,승용차,2769818000,잠정,2026-09-30T01:44:35.223965+00:00
2025-08-01,20,20,product,석유제품,2710881000,잠정,2026-09-30T01:44:35.223965+00:00
2025-08-01,20,20,product,무선통신기기,995037000,잠정,2026-09-30T01:44:35.223965+00:00
2025-08-01,20,20,product,선박,2313910000,잠정,2026-09-30T01:44:35.223965+00:00
2025-08-01,20,20,product,자동차부품,996067000,잠정,2026-09-30T01:44:35.223965+00:00
2025-08-01,20,20,product,컴퓨터주변기기,665826000,잠정,2026-09-30T01:44:35.223965+00:00
2025-08-01,20,20,product,정밀기기,522878000,잠정,2026-09-30T01:44:35.223965+00:00
2025-08-01,20,20,product,가전제품,317711000,잠정,2026-09-30T01:44:35.223965+00:00
2025-08-01,month_end,31,product,전체,58259332000,잠정,2026-09-30T01:44:35.223965+00:00
2025-08-01,month_end,31,product,반도체,15299467000,잠정,2026-09-30T01:44:35.223965+00:00
2025-08-01,month_end,31,product,철강제품,3560149000,잠정,2026-09-30T01:44:35.223965+00:00
2025-08-01,month_end,31,product,승용차,5212759000,잠정,2026-09-30T01:44:35.223965+00:00
2025-08-01,month_end,31,product,석유제품,4173194000,잠정,2026-09-30T01:44:35.223965+00:00
2025-08-01,month_end,31,product,무선통신기기,1588463000,잠정,2026-09-30T01:44:35.223965+00:00
2025-08-01,month_end,31,product,선박,2978223000,잠정,2026-09-30T01:44:35.223965+00:00
2025-08-01,month_end,31,product,자동차부품,1582444000,잠정,2026-09-30T01:44:35.223965+00:00
2025-08-01,month_end,31,product,컴퓨터주변기기,1373278000,잠정,2026-09-30T01:44:35.223965+00:00
2025-08-01,month_end,31,product,정밀기기,874037000,잠정,2026-09-30T01:44:35.223965+00:00
2025-08-01,month_end,31,product,가전제품,514282000,잠정,2026-09-30T01:44:35.223965+00:00
2025-09-01,10,10,product,전체,19154390000,잠정,2026-09-30T01:44:35.223965+00:00
2025-09-01,10,10,product,반도체,4453532000,잠정,2026-09-30T01:44:35.223965+00:00
2025-09-01,10,10,product,철강제품,1235279000,잠정,2026-09-30T01:44:35.223965+00:00
2025-09-01,10,10,product,승용차,1552382000,잠정,2026-09-30T01:44:35.223965+00:00
2025-09-01,10,10,product,석유제품,1191055000,잠정,2026-09-30T01:44:35.223965+00:00
2025-09-01,10,10,product,무선통신기기,597549000,잠정,2026-09-30T01:44:35.223965+00:00
2025-09-01,10,10,product,선박,896530000,잠정,2026-09-30T01:44:35.223965+00:00
2025-09-01,10,10,product,자동차부품,655774000,잠정,2026-09-30T01:44:35.223965+00:00
2025-09-01,10,10,product,컴퓨터주변기기,328598000,잠정,2026-09-30T01:44:35.223965+00:00
2025-09-01,10,10,product,정밀기기,358328000,잠정,2026-09-30T01:44:35.223965+00:00
2025-09-01,10,10,product,가전제품,198831000,잠정,2026-09-30T01:44:35.223965+00:00
2025-09-01,20,20,product,전체,40050000000,잠정,2026-09-30T01:44:35.223965+00:00
2025-09-01,20,20,product,반도체,9495449000,잠정,2026-09-30T01:44:35.223965+00:00
2025-09-01,20,20,product,철강제품,2511412000,잠정,2026-09-30T01:44:35.223965+00:00
2025-09-01,20,20,product,승용차,3418359000,잠정,2026-09-30T01:44:35.223965+00:00
2025-09-01,20,20,product,석유제품,2714051000,잠정,2026-09-30T01:44:35.223965+00:00
2025-09-01,20,20,product,무선통신기기,1250165000,잠정,2026-09-30T01:44:35.223965+00:00
2025-09-01,20,20,product,선박,1501289000,잠정,2026-09-30T01:44:35.223965+00:00
2025-09-01,20,20,product,자동차부품,1209270000,잠정,2026-09-30T01:44:35.223965+00:00
2025-09-01,20,20,product,컴퓨터주변기기,810182000,잠정,2026-09-30T01:44:35.223965+00:00
2025-09-01,20,20,product,정밀기기,683501000,잠정,2026-09-30T01:44:35.223965+00:00
2025-09-01,20,20,product,가전제품,405054000,잠정,2026-09-30T01:44:35.223965+00:00
2025-09-01,month_end,30,product,전체,65904118000,잠정,2026-09-30T01:44:35.223965+00:00
2025-09-01,month_end,30,product,반도체,16793796000,잠정,2026-09-30T01:44:35.223965+00:00
2025-09-01,month_end,30,product,철강제품,4010790000,잠정,2026-09-30T01:44:35.223965+00:00
2025-09-01,month_end,30,product,승용차,6042273000,잠정,2026-09-30T01:44:35.223965+00:00
2025-09-01,month_end,30,product,석유제품,4241471000,잠정,2026-09-30T01:44:35.223965+00:00
2025-09-01,month_end,30,product,무선통신기기,1843236000,잠정,2026-09-30T01:44:35.223965+00:00
2025-09-01,month_end,30,product,선박,2770339000,잠정,2026-09-30T01:44:35.223965+00:00
2025-09-01,month_end,30,product,자동차부품,1826428000,잠정,2026-09-30T01:44:35.223965+00:00
2025-09-01,month_end,30,product,컴퓨터주변기기,1451348000,잠정,2026-09-30T01:44:35.223965+00:00
2025-09-01,month_end,30,product,정밀기기,1070757000,잠정,2026-09-30T01:44:35.223965+00:00
2025-09-01,month_end,30,product,가전제품,628772000,잠정,2026-09-30T01:44:35.223965+00:00
2025-10-01,10,10,product,전체,12925797000,잠정,2026-09-30T01:44:35.223965+00:00
2025-10-01,10,10,product,반도체,4502158000,잠정,2026-09-30T01:44:35.223965+00:00
2025-10-01,10,10,product,철강제품,726572000,잠정,2026-09-30T01:44:35.223965+00:00
2025-10-01,10,10,product,승용차,664405000,잠정,2026-09-30T01:44:35.223965+00:00
2025-10-01,10,10,product,석유제품,1207142000,잠정,2026-09-30T01:44:35.223965+00:00
2025-10-01,10,10,product,무선통신기기,366146000,잠정,2026-09-30T01:44:35.223965+00:00
2025-10-01,10,10,product,선박,787768000,잠정,2026-09-30T01:44:35.223965+00:00
2025-10-01,10,10,product,자동차부품,260805000,잠정,2026-09-30T01:44:35.223965+00:00
2025-10-01,10,10,product,컴퓨터주변기기,163100000,잠정,2026-09-30T01:44:35.223965+00:00
2025-10-01,10,10,product,정밀기기,152855000,잠정,2026-09-30T01:44:35.223965+00:00
2025-10-01,10,10,product,가전제품,89146000,잠정,2026-09-30T01:44:35.223965+00:00
2025-10-01,20,20,product,전체,30003320000,잠정,2026-09-30T01:44:35.223965+00:00
2025-10-01,20,20,product,반도체,8532873000,잠정,2026-09-30T01:44:35.223965+00:00
2025-10-01,20,20,product,철강제품,1814795000,잠정,2026-09-30T01:44:35.223965+00:00
2025-10-01,20,20,product,승용차,2383057000,잠정,2026-09-30T01:44:35.223965+00:00
2025-10-01,20,20,product,석유제품,2346221000,잠정,2026-09-30T01:44:35.223965+00:00
2025-10-01,20,20,product,무선통신기기,880195000,잠정,2026-09-30T01:44:35.223965+00:00
2025-10-01,20,20,product,선박,1516205000,잠정,2026-09-30T01:44:35.223965+00:00
2025-10-01,20,20,product,자동차부품,701779000,잠정,2026-09-30T01:44:35.223965+00:00
2025-10-01,20,20,product,컴퓨터주변기기,464097000,잠정,2026-09-30T01:44:35.223965+00:00
2025-10-01,20,20,product,정밀기기,416475000,잠정,2026-09-30T01:44:35.223965+00:00
2025-10-01,20,20,product,가전제품,267555000,잠정,2026-09-30T01:44:35.223965+00:00
2025-10-01,month_end,31,product,전체,59511578000,잠정,2026-09-30T01:44:35.223965+00:00
2025-10-01,month_end,31,product,반도체,15861970000,잠정,2026-09-30T01:44:35.223965+00:00
2025-10-01,month_end,31,product,철강제품,3497302000,잠정,2026-09-30T01:44:35.223965+00:00
2025-10-01,month_end,31,product,승용차,5246367000,잠정,2026-09-30T01:44:35.223965+00:00
2025-10-01,month_end,31,product,석유제품,3871514000,잠정,2026-09-30T01:44:35.223965+00:00
2025-10-01,month_end,31,product,무선통신기기,1544872000,잠정,2026-09-30T01:44:35.223965+00:00
2025-10-01,month_end,31,product,선박,4621065000,잠정,2026-09-30T01:44:35.223965+00:00
2025-10-01,month_end,31,product,자동차부품,1432872000,잠정,2026-09-30T01:44:35.223965+00:00
2025-10-01,month_end,31,product,컴퓨터주변기기,1133567000,잠정,2026-09-30T01:44:35.223965+00:00
2025-10-01,month_end,31,product,정밀기기,845434000,잠정,2026-09-30T01:44:35.223965+00:00
2025-10-01,month_end,31,product,가전제품,511663000,잠정,2026-09-30T01:44:35.223965+00:00
2025-11-01,10,10,product,전체,15794269000,잠정,2026-09-30T01:44:35.223965+00:00
2025-11-01,10,10,product,반도체,3857254000,잠정,2026-09-30T01:44:35.223965+00:00
2025-11-01,10,10,product,철강제품,863811000,잠정,2026-09-30T01:44:35.223965+00:00
2025-11-01,10,10,product,승용차,1541069000,잠정,2026-09-30T01:44:35.223965+00:00
2025-11-01,10,10,product,석유제품,1002173000,잠정,2026-09-30T01:44:35.223965+00:00
2025-11-01,10,10,product,무선통신기기,465312000,잠정,2026-09-30T01:44:35.223965+00:00
2025-11-01,10,10,product,선박,655543000,잠정,2026-09-30T01:44:35.223965+00:00
2025-11-01,10,10,product,자동차부품,421667000,잠정,2026-09-30T01:44:35.223965+00:00
2025-11-01,10,10,product,컴퓨터주변기기,309735000,잠정,2026-09-30T01:44:35.223965+00:00
2025-11-01,10,10,product,정밀기기,245204000,잠정,2026-09-30T01:44:35.223965+00:00
2025-11-01,10,10,product,가전제품,147176000,잠정,2026-09-30T01:44:35.223965+00:00
2025-11-01,20,20,product,전체,38419340000,잠정,2026-09-30T01:44:35.223965+00:00
2025-11-01,20,20,product,반도체,9752081000,잠정,2026-09-30T01:44:35.223965+00:00
2025-11-01,20,20,product,철강제품,2249573000,잠정,2026-09-30T01:44:35.223965+00:00
2025-11-01,20,20,product,승용차,3803397000,잠정,2026-09-30T01:44:35.223965+00:00
2025-11-01,20,20,product,석유제품,2150055000,잠정,2026-09-30T01:44:35.223965+00:00
2025-11-01,20,20,product,무선통신기기,1022831000,잠정,2026-09-30T01:44:35.223965+00:00
2025-11-01,20,20,product,선박,1158010000,잠정,2026-09-30T01:44:35.223965+00:00
2025-11-01,20,20,product,자동차부품,1043984000,잠정,2026-09-30T01:44:35.223965+00:00
2025-11-01,20,20,product,컴퓨터주변기기,851386000,잠정,2026-09-30T01:44:35.223965+00:00
2025-11-01,20,20,product,정밀기기,614705000,잠정,2026-09-30T01:44:35.223965+00:00
2025-11-01,20,20,product,가전제품,338673000,잠정,2026-09-30T01:44:35.223965+00:00
2025-11-01,month_end,30,product,전체,60752618000,잠정,2026-09-30T01:44:35.223965+00:00
2025-11-01,month_end,30,product,반도체,17442597000,잠정,2026-09-30T01:44:35.223965+00:00
2025-11-01,month_end,30,product,철강제품,3480452000,잠정,2026-09-30T01:44:35.223965+00:00
2025-11-01,month_end,30,product,승용차,6043663000,잠정,2026-09-30T01:44:35.223965+00:00
2025-11-01,month_end,30,product,석유제품,3313953000,잠정,2026-09-30T01:44:35.223965+00:00
2025-11-01,month_end,30,product,무선통신기기,1538658000,잠정,2026-09-30T01:44:35.223965+00:00
2025-11-01,month_end,30,product,선박,1726991000,잠정,2026-09-30T01:44:35.223965+00:00
2025-11-01,month_end,30,product,자동차부품,1477229000,잠정,2026-09-30T01:44:35.223965+00:00
2025-11-01,month_end,30,product,컴퓨터주변기기,1530127000,잠정,2026-09-30T01:44:35.223965+00:00
2025-11-01,month_end,30,product,정밀기기,925587000,잠정,2026-09-30T01:44:35.223965+00:00
2025-11-01,month_end,30,product,가전제품,495173000,잠정,2026-09-30T01:44:35.223965+00:00
2025-12-01,10,10,product,전체,20539795000,잠정,2026-09-30T01:44:35.223965+00:00
2025-12-01,10,10,product,반도체,5271795000,잠정,2026-09-30T01:44:35.223965+00:00
2025-12-01,10,10,product,철강제품,1198581000,잠정,2026-09-30T01:44:35.223965+00:00
2025-12-01,10,10,product,승용차,1358660000,잠정,2026-09-30T01:44:35.223965+00:00
2025-12-01,10,10,product,석유제품,1489405000,잠정,2026-09-30T01:44:35.223965+00:00
2025-12-01,10,10,product,무선통신기기,632941000,잠정,2026-09-30T01:44:35.223965+00:00
2025-12-01,10,10,product,선박,562190000,잠정,2026-09-30T01:44:35.223965+00:00
2025-12-01,10,10,product,자동차부품,575305000,잠정,2026-09-30T01:44:35.223965+00:00
2025-12-01,10,10,product,컴퓨터주변기기,481667000,잠정,2026-09-30T01:44:35.223965+00:00
2025-12-01,10,10,product,정밀기기,361743000,잠정,2026-09-30T01:44:35.223965+00:00
2025-12-01,10,10,product,가전제품,184333000,잠정,2026-09-30T01:44:35.223965+00:00
2025-12-01,20,20,product,전체,42971602000,잠정,2026-09-30T01:44:35.223965+00:00
2025-12-01,20,20,product,반도체,11645487000,잠정,2026-09-30T01:44:35.223965+00:00
2025-12-01,20,20,product,철강제품,2572088000,잠정,2026-09-30T01:44:35.223965+00:00
2025-12-01,20,20,product,승용차,3250935000,잠정,2026-09-30T01:44:35.223965+00:00
2025-12-01,20,20,product,석유제품,2593436000,잠정,2026-09-30T01:44:35.223965+00:00
2025-12-01,20,20,product,무선통신기기,1211443000,잠정,2026-09-30T01:44:35.223965+00:00
2025-12-01,20,20,product,선박,1460197000,잠정,2026-09-30T01:44:35.223965+00:00
2025-12-01,20,20,product,자동차부품,1176743000,잠정,2026-09-30T01:44:35.223965+00:00
2025-12-01,20,20,product,컴퓨터주변기기,1203954000,잠정,2026-09-30T01:44:35.223965+00:00
2025-12-01,20,20,product,정밀기기,756296000,잠정,2026-09-30T01:44:35.223965+00:00
2025-12-01,20,20,product,가전제품,399382000,잠정,2026-09-30T01:44:35.223965+00:00
2025-12-01,month_end,31,product,전체,69513624000,잠정,2026-09-30T01:44:35.223965+00:00
2025-12-01,month_end,31,product,반도체,20917832000,잠정,2026-09-30T01:44:35.223965+00:00
2025-12-01,month_end,31,product,철강제품,4021349000,잠정,2026-09-30T01:44:35.223965+00:00
2025-12-01,month_end,31,product,승용차,5587815000,잠정,2026-09-30T01:44:35.223965+00:00
2025-12-01,month_end,31,product,석유제품,4216318000,잠정,2026-09-30T01:44:35.223965+00:00
2025-12-01,month_end,31,product,무선통신기기,1636225000,잠정,2026-09-30T01:44:35.223965+00:00
2025-12-01,month_end,31,product,선박,2890840000,잠정,2026-09-30T01:44:35.223965+00:00
2025-12-01,month_end,31,product,자동차부품,1730319000,잠정,2026-09-30T01:44:35.223965+00:00
2025-12-01,month_end,31,product,컴퓨터주변기기,2179775000,잠정,2026-09-30T01:44:35.223965+00:00
2025-12-01,month_end,31,product,정밀기기,1079049000,잠정,2026-09-30T01:44:35.223965+00:00
2025-12-01,month_end,31,product,가전제품,557783000,잠정,2026-09-30T01:44:35.223965+00:00
2026-01-01,10,10,product,전체,15573451000,잠정,2026-09-30T01:44:35.408057+00:00
2026-01-01,10,10,product,반도체,4636494000,잠정,2026-09-30T01:44:35.408057+00:00
2026-01-01,10,10,product,철강제품,977304000,잠정,2026-09-30T01:44:35.408057+00:00
2026-01-01,10,10,product,승용차,1017252000,잠정,2026-09-30T01:44:35.408057+00:00
2026-01-01,10,10,product,석유제품,1020393000,잠정,2026-09-30T01:44:35.408057+00:00
2026-01-01,10,10,product,무선통신기기,450083000,잠정,2026-09-30T01:44:35.408057+00:00
2026-01-01,10,10,product,선박,918516000,잠정,2026-09-30T01:44:35.408057+00:00
2026-01-01,10,10,product,자동차부품,381921000,잠정,2026-09-30T01:44:35.408057+00:00
2026-01-01,10,10,product,컴퓨터주변기기,256207000,잠정,2026-09-30T01:44:35.408057+00:00
2026-01-01,10,10,product,정밀기기,239476000,잠정,2026-09-30T01:44:35.408057+00:00
2026-01-01,10,10,product,가전제품,99953000,잠정,2026-09-30T01:44:35.408057+00:00
2026-01-01,20,20,product,전체,36347334000,잠정,2026-09-30T01:44:35.408057+00:00
2026-01-01,20,20,product,반도체,10731563000,잠정,2026-09-30T01:44:35.408057+00:00
2026-01-01,20,20,product,철강제품,2416424000,잠정,2026-09-30T01:44:35.408057+00:00
2026-01-01,20,20,product,승용차,2862929000,잠정,2026-09-30T01:44:35.408057+00:00
2026-01-01,20,20,product,석유제품,2486005000,잠정,2026-09-30T01:44:35.408057+00:00
2026-01-01,20,20,product,무선통신기기,1044513000,잠정,2026-09-30T01:44:35.408057+00:00
2026-01-01,20,20,product,선박,1324470000,잠정,2026-09-30T01:44:35.408057+00:00
2026-01-01,20,20,product,자동차부품,869108000,잠정,2026-09-30T01:44:35.408057+00:00
2026-01-01,20,20,product,컴퓨터주변기기,640814000,잠정,2026-09-30T01:44:35.408057+00:00
2026-01-01,20,20,product,정밀기기,524092000,잠정,2026-09-30T01:44:35.408057+00:00
2026-01-01,20,20,product,가전제품,277167000,잠정,2026-09-30T01:44:35.408057+00:00
2026-01-01,month_end,31,product,전체,65843637000,잠정,2026-09-30T01:44:35.408057+00:00
2026-01-01,month_end,31,product,반도체,20687770000,잠정,2026-09-30T01:44:35.408057+00:00
2026-01-01,month_end,31,product,철강제품,4072166000,잠정,2026-09-30T01:44:35.408057+00:00
2026-01-01,month_end,31,product,승용차,5743614000,잠정,2026-09-30T01:44:35.408057+00:00
2026-01-01,month_end,31,product,석유제품,3796655000,잠정,2026-09-30T01:44:35.408057+00:00
2026-01-01,month_end,31,product,무선통신기기,1913420000,잠정,2026-09-30T01:44:35.408057+00:00
2026-01-01,month_end,31,product,선박,2360600000,잠정,2026-09-30T01:44:35.408057+00:00
2026-01-01,month_end,31,product,자동차부품,1541595000,잠정,2026-09-30T01:44:35.408057+00:00
2026-01-01,month_end,31,product,컴퓨터주변기기,1696075000,잠정,2026-09-30T01:44:35.408057+00:00
2026-01-01,month_end,31,product,정밀기기,884600000,잠정,2026-09-30T01:44:35.408057+00:00
2026-01-01,month_end,31,product,가전제품,560989000,잠정,2026-09-30T01:44:35.408057+00:00
2026-02-01,10,10,product,전체,21405437000,잠정,2026-09-30T01:44:35.408057+00:00
2026-02-01,10,10,product,반도체,6728639000,잠정,2026-09-30T01:44:35.408057+00:00
2026-02-01,10,10,product,철강제품,1226133000,잠정,2026-09-30T01:44:35.408057+00:00
2026-02-01,10,10,product,승용차,1347331000,잠정,2026-09-30T01:44:35.408057+00:00
2026-02-01,10,10,product,석유제품,1562550000,잠정,2026-09-30T01:44:35.408057+00:00
2026-02-01,10,10,product,무선통신기기,570604000,잠정,2026-09-30T01:44:35.408057+00:00
2026-02-01,10,10,product,선박,665638000,잠정,2026-09-30T01:44:35.408057+00:00
2026-02-01,10,10,product,자동차부품,519797000,잠정,2026-09-30T01:44:35.408057+00:00
2026-02-01,10,10,product,컴퓨터주변기기,462055000,잠정,2026-09-30T01:44:35.408057+00:00
2026-02-01,10,10,product,정밀기기,293592000,잠정,2026-09-30T01:44:35.408057+00:00
2026-02-01,10,10,product,가전제품,202602000,잠정,2026-09-30T01:44:35.408057+00:00
2026-02-01,20,20,product,전체,43694567000,잠정,2026-09-30T01:44:35.408057+00:00
2026-02-01,20,20,product,반도체,15110747000,잠정,2026-09-30T01:44:35.408057+00:00
2026-02-01,20,20,product,철강제품,2532152000,잠정,2026-09-30T01:44:35.408057+00:00
2026-02-01,20,20,product,승용차,2643458000,잠정,2026-09-30T01:44:35.408057+00:00
2026-02-01,20,20,product,석유제품,3124380000,잠정,2026-09-30T01:44:35.408057+00:00
2026-02-01,20,20,product,무선통신기기,1030904000,잠정,2026-09-30T01:44:35.408057+00:00
2026-02-01,20,20,product,선박,1301485000,잠정,2026-09-30T01:44:35.408057+00:00
2026-02-01,20,20,product,자동차부품,971233000,잠정,2026-09-30T01:44:35.408057+00:00
2026-02-01,20,20,product,컴퓨터주변기기,1345285000,잠정,2026-09-30T01:44:35.408057+00:00
2026-02-01,20,20,product,정밀기기,525756000,잠정,2026-09-30T01:44:35.408057+00:00
2026-02-01,20,20,product,가전제품,372661000,잠정,2026-09-30T01:44:35.408057+00:00
2026-02-01,month_end,28,product,전체,67644342000,잠정,2026-09-30T01:44:35.408057+00:00
2026-02-01,month_end,28,product,반도체,25254092000,잠정,2026-09-30T01:44:35.408057+00:00
2026-02-01,month_end,28,product,철강제품,3678573000,잠정,2026-09-30T01:44:35.408057+00:00
2026-02-01,month_end,28,product,승용차,4503105000,잠정,2026-09-30T01:44:35.408057+00:00
2026-02-01,month_end,28,product,석유제품,4134731000,잠정,2026-09-30T01:44:35.408057+00:00
2026-02-01,month_end,28,product,무선통신기기,1403770000,잠정,2026-09-30T01:44:35.408057+00:00
2026-02-01,month_end,28,product,선박,2145152000,잠정,2026-09-30T01:44:35.408057+00:00
2026-02-01,month_end,28,product,자동차부품,1368173000,잠정,2026-09-30T01:44:35.408057+00:00
2026-02-01,month_end,28,product,컴퓨터주변기기,2734202000,잠정,2026-09-30T01:44:35.408057+00:00
2026-02-01,month_end,28,product,정밀기기,774109000,잠정,2026-09-30T01:44:35.408057+00:00
2026-02-01,month_end,28,product,가전제품,526282000,잠정,2026-09-30T01:44:35.408057+00:00
2026-03-01,10,10,product,전체,22047961000,잠정,2026-09-30T01:44:35.408057+00:00
2026-03-01,10,10,product,반도체,7588184000,잠정,2026-09-30T01:44:35.408057+00:00
2026-03-01,10,10,product,철강제품,1088776000,잠정,2026-09-30T01:44:35.408057+00:00
2026-03-01,10,10,product,승용차,1371448000,잠정,2026-09-30T01:44:35.408057+00:00
2026-03-01,10,10,product,석유제품,1978728000,잠정,2026-09-30T01:44:35.408057+00:00
2026-03-01,10,10,product,무선통신기기,454119000,잠정,2026-09-30T01:44:35.408057+00:00
2026-03-01,10,10,product,선박,465459000,잠정,2026-09-30T01:44:35.408057+00:00
2026-03-01,10,10,product,자동차부품,489319000,잠정,2026-09-30T01:44:35.408057+00:00
2026-03-01,10,10,product,컴퓨터주변기기,815068000,잠정,2026-09-30T01:44:35.408057+00:00
2026-03-01,10,10,product,정밀기기,266983000,잠정,2026-09-30T01:44:35.408057+00:00
2026-03-01,10,10,product,가전제품,167437000,잠정,2026-09-30T01:44:35.408057+00:00
2026-03-01,20,20,product,전체,54305608000,잠정,2026-09-30T01:44:35.408057+00:00
2026-03-01,20,20,product,반도체,18657336000,잠정,2026-09-30T01:44:35.408057+00:00
2026-03-01,20,20,product,철강제품,2765817000,잠정,2026-09-30T01:44:35.408057+00:00
2026-03-01,20,20,product,승용차,3658783000,잠정,2026-09-30T01:44:35.408057+00:00
2026-03-01,20,20,product,석유제품,4148076000,잠정,2026-09-30T01:44:35.408057+00:00
2026-03-01,20,20,product,무선통신기기,1068235000,잠정,2026-09-30T01:44:35.408057+00:00
2026-03-01,20,20,product,선박,2143259000,잠정,2026-09-30T01:44:35.408057+00:00
2026-03-01,20,20,product,자동차부품,1182974000,잠정,2026-09-30T01:44:35.408057+00:00
2026-03-01,20,20,product,컴퓨터주변기기,2226086000,잠정,2026-09-30T01:44:35.408057+00:00
2026-03-01,20,20,product,정밀기기,613171000,잠정,2026-09-30T01:44:35.408057+00:00
2026-03-01,20,20,product,가전제품,397359000,잠정,2026-09-30T01:44:35.408057+00:00
2026-03-01,month_end,31,product,전체,87363746000,잠정,2026-09-30T01:44:35.408057+00:00
2026-03-01,month_end,31,product,반도체,32972552000,잠정,2026-09-30T01:44:35.408057+00:00
2026-03-01,month_end,31,product,철강제품,4108175000,잠정,2026-09-30T01:44:35.408057+00:00
2026-03-01,month_end,31,product,승용차,6077570000,잠정,2026-09-30T01:44:35.408057+00:00
2026-03-01,month_end,31,product,석유제품,6315001000,잠정,2026-09-30T01:44:35.408057+00:00
2026-03-01,month_end,31,product,무선통신기기,1573396000,잠정,2026-09-30T01:44:35.408057+00:00
2026-03-01,month_end,31,product,선박,3413486000,잠정,2026-09-30T01:44:35.408057+00:00
2026-03-01,month_end,31,product,자동차부품,1695108000,잠정,2026-09-30T01:44:35.408057+00:00
2026-03-01,month_end,31,product,컴퓨터주변기기,3602148000,잠정,2026-09-30T01:44:35.408057+00:00
2026-03-01,month_end,31,product,정밀기기,942021000,잠정,2026-09-30T01:44:35.408057+00:00
2026-03-01,month_end,31,product,가전제품,620067000,잠정,2026-09-30T01:44:35.408057+00:00
2026-04-01,10,10,product,전체,25126248000,잠정,2026-09-30T01:44:35.408057+00:00
2026-04-01,10,10,product,반도체,8572668000,잠정,2026-09-30T01:44:35.408057+00:00
2026-04-01,10,10,product,철강제품,1423814000,잠정,2026-09-30T01:44:35.408057+00:00
2026-04-01,10,10,product,승용차,1706645000,잠정,2026-09-30T01:44:35.408057+00:00
2026-04-01,10,10,product,석유제품,1705644000,잠정,2026-09-30T01:44:35.408057+00:00
2026-04-01,10,10,product,무선통신기기,568770000,잠정,2026-09-30T01:44:35.408057+00:00
2026-04-01,10,10,product,선박,815043000,잠정,2026-09-30T01:44:35.408057+00:00
2026-04-01,10,10,product,자동차부품,651737000,잠정,2026-09-30T01:44:35.408057+00:00
2026-04-01,10,10,product,컴퓨터주변기기,522973000,잠정,2026-09-30T01:44:35.408057+00:00
2026-04-01,10,10,product,정밀기기,317628000,잠정,2026-09-30T01:44:35.408057+00:00
2026-04-01,10,10,product,가전제품,160339000,잠정,2026-09-30T01:44:35.408057+00:00
2026-04-01,20,20,product,전체,50268009000,잠정,2026-09-30T01:44:35.408057+00:00
2026-04-01,20,20,product,반도체,18285235000,잠정,2026-09-30T01:44:35.408057+00:00
2026-04-01,20,20,product,철강제품,2587075000,잠정,2026-09-30T01:44:35.408057+00:00
2026-04-01,20,20,product,승용차,3142554000,잠정,2026-09-30T01:44:35.408057+00:00
2026-04-01,20,20,product,석유제품,3121570000,잠정,2026-09-30T01:44:35.408057+00:00
2026-04-01,20,20,product,무선통신기기,1024610000,잠정,2026-09-30T01:44:35.408057+00:00
2026-04-01,20,20,product,선박,1773569000,잠정,2026-09-30T01:44:35.408057+00:00
2026-04-01,20,20,product,자동차부품,1094792000,잠정,2026-09-30T01:44:35.408057+00:00
2026-04-01,20,20,product,컴퓨터주변기기,2197612000,잠정,2026-09-30T01:44:35.408057+00:00
2026-04-01,20,20,product,정밀기기,544884000,잠정,2026-09-30T01:44:35.408057+00:00
2026-04-01,20,20,product,가전제품,313221000,잠정,2026-09-30T01:44:35.408057+00:00
2026-04-01,month_end,30,product,전체,85750598000,잠정,2026-09-30T01:44:35.408057+00:00
2026-04-01,month_end,30,product,반도체,32037742000,잠정,2026-09-30T01:44:35.408057+00:00
2026-04-01,month_end,30,product,철강제품,4322468000,잠정,2026-09-30T01:44:35.408057+00:00
2026-04-01,month_end,30,product,승용차,5841651000,잠정,2026-09-30T01:44:35.408057+00:00
2026-04-01,month_end,30,product,석유제품,5054233000,잠정,2026-09-30T01:44:35.408057+00:00
2026-04-01,month_end,30,product,무선통신기기,1479328000,잠정,2026-09-30T01:44:35.408057+00:00
2026-04-01,month_end,30,product,선박,2772718000,잠정,2026-09-30T01:44:35.408057+00:00
2026-04-01,month_end,30,product,자동차부품,1793020000,잠정,2026-09-30T01:44:35.408057+00:00
2026-04-01,month_end,30,product,컴퓨터주변기기,4238499000,잠정,2026-09-30T01:44:35.408057+00:00
2026-04-01,month_end,30,product,정밀기기,920998000,잠정,2026-09-30T01:44:35.408057+00:00
2026-04-01,month_end,30,product,가전제품,539173000,잠정,2026-09-30T01:44:35.408057+00:00
2026-05-01,10,10,product,전체,17939291000,잠정,2026-09-30T01:44:35.408057+00:00
2026-05-01,10,10,product,반도체,8538611000,잠정,2026-09-30T01:44:35.408057+00:00
2026-05-01,10,10,product,철강제품,744879000,잠정,2026-09-30T01:44:35.408057+00:00
2026-05-01,10,10,product,승용차,828405000,잠정,2026-09-30T01:44:35.408057+00:00
2026-05-01,10,10,product,석유제품,1043907000,잠정,2026-09-30T01:44:35.408057+00:00
2026-05-01,10,10,product,무선통신기기,421847000,잠정,2026-09-30T01:44:35.408057+00:00
2026-05-01,10,10,product,선박,261824000,잠정,2026-09-30T01:44:35.408057+00:00
2026-05-01,10,10,product,자동차부품,291705000,잠정,2026-09-30T01:44:35.408057+00:00
2026-05-01,10,10,product,컴퓨터주변기기,627104000,잠정,2026-09-30T01:44:35.408057+00:00
2026-05-01,10,10,product,정밀기기,170361000,잠정,2026-09-30T01:44:35.408057+00:00
2026-05-01,10,10,product,가전제품,107909000,잠정,2026-09-30T01:44:35.408057+00:00
2026-05-01,20,20,product,전체,52497683000,잠정,2026-09-30T01:44:35.408057+00:00
2026-05-01,20,20,product,반도체,21950844000,잠정,2026-09-30T01:44:35.408057+00:00
2026-05-01,20,20,product,철강제품,2417313000,잠정,2026-09-30T01:44:35.408057+00:00
2026-05-01,20,20,product,승용차,2762606000,잠정,2026-09-30T01:44:35.408057+00:00
2026-05-01,20,20,product,석유제품,3267858000,잠정,2026-09-30T01:44:35.408057+00:00
2026-05-01,20,20,product,무선통신기기,982520000,잠정,2026-09-30T01:44:35.408057+00:00
2026-05-01,20,20,product,선박,1414852000,잠정,2026-09-30T01:44:35.408057+00:00
2026-05-01,20,20,product,자동차부품,950944000,잠정,2026-09-30T01:44:35.408057+00:00
2026-05-01,20,20,product,컴퓨터주변기기,2449292000,잠정,2026-09-30T01:44:35.408057+00:00
2026-05-01,20,20,product,정밀기기,532856000,잠정,2026-09-30T01:44:35.408057+00:00
2026-05-01,20,20,product,가전제품,331809000,잠정,2026-09-30T01:44:35.408057+00:00
2026-05-01,month_end,31,product,전체,87552620000,잠정,2026-09-30T01:44:35.408057+00:00
2026-05-01,month_end,31,product,반도체,37286222000,잠정,2026-09-30T01:44:35.408057+00:00
2026-05-01,month_end,31,product,철강제품,4040830000,잠정,2026-09-30T01:44:35.408057+00:00
2026-05-01,month_end,31,product,승용차,5480514000,잠정,2026-09-30T01:44:35.408057+00:00
2026-05-01,month_end,31,product,석유제품,5236115000,잠정,2026-09-30T01:44:35.408057+00:00
2026-05-01,month_end,31,product,무선통신기기,1502309000,잠정,2026-09-30T01:44:35.408057+00:00
2026-05-01,month_end,31,product,선박,2503537000,잠정,2026-09-30T01:44:35.408057+00:00
2026-05-01,month_end,31,product,자동차부품,1477127000,잠정,2026-09-30T01:44:35.408057+00:00
2026-05-01,month_end,31,product,컴퓨터주변기기,4337680000,잠정,2026-09-30T01:44:35.408057+00:00
2026-05-01,month_end,31,product,정밀기기,838614000,잠정,2026-09-30T01:44:35.408057+00:00
2026-05-01,month_end,31,product,가전제품,580187000,잠정,2026-09-30T01:44:35.408057+00:00
2026-06-01,10,10,product,전체,28480871000,잠정,2026-09-30T01:44:35.408057+00:00
2026-06-01,10,10,product,반도체,11066419000,잠정,2026-09-30T01:44:35.408057+00:00
2026-06-01,10,10,product,철강제품,1309259000,잠정,2026-09-30T01:44:35.408057+00:00
2026-06-01,10,10,product,승용차,1620205000,잠정,2026-09-30T01:44:35.408057+00:00
2026-06-01,10,10,product,석유제품,1851977000,잠정,2026-09-30T01:44:35.408057+00:00
2026-06-01,10,10,product,무선통신기기,448340000,잠정,2026-09-30T01:44:35.408057+00:00
2026-06-01,10,10,product,선박,1353827000,잠정,2026-09-30T01:44:35.408057+00:00
2026-06-01,10,10,product,자동차부품,566293000,잠정,2026-09-30T01:44:35.408057+00:00
2026-06-01,10,10,product,컴퓨터주변기기,928331000,잠정,2026-09-30T01:44:35.408057+00:00
2026-06-01,10,10,product,정밀기기,312282000,잠정,2026-09-30T01:44:35.408057+00:00
2026-06-01,10,10,product,가전제품,187697000,잠정,2026-09-30T01:44:35.408057+00:00
2026-06-01,20,20,product,전체,61728993000,잠정,2026-09-30T01:44:35.408057+00:00
2026-06-01,20,20,product,반도체,25503658000,잠정,2026-09-30T01:44:35.408057+00:00
2026-06-01,20,20,product,철강제품,2799840000,잠정,2026-09-30T01:44:35.408057+00:00
2026-06-01,20,20,product,승용차,3731563000,잠정,2026-09-30T01:44:35.408057+00:00
2026-06-01,20,20,product,석유제품,3517134000,잠정,2026-09-30T01:44:35.408057+00:00
2026-06-01,20,20,product,무선통신기기,1049249000,잠정,2026-09-30T01:44:35.408057+00:00
2026-06-01,20,20,product,선박,2211475000,잠정,2026-09-30T01:44:35.408057+00:00
2026-06-01,20,20,product,자동차부품,1102771000,잠정,2026-09-30T01:44:35.408057+00:00
2026-06-01,20,20,product,컴퓨터주변기기,3065561000,잠정,2026-09-30T01:44:35.408057+00:00
2026-06-01,20,20,product,정밀기기,622054000,잠정,2026-09-30T01:44:35.408057+00:00
2026-06-01,20,20,product,가전제품,411351000,잠정,2026-09-30T01:44:35.408057+00:00
2026-06-01,month_end,30,product,전체,101959795000,잠정,2026-09-30T01:44:35.408057+00:00
2026-06-01,month_end,30,product,반도체,44942586000,잠정,2026-09-30T01:44:35.408057+00:00
2026-06-01,month_end,30,product,철강제품,4350841000,잠정,2026-09-30T01:44:35.408057+00:00
2026-06-01,month_end,30,product,승용차,6356020000,잠정,2026-09-30T01:44:35.408057+00:00
2026-06-01,month_end,30,product,석유제품,5444650000,잠정,2026-09-30T01:44:35.408057+00:00
2026-06-01,month_end,30,product,무선통신기기,1576270000,잠정,2026-09-30T01:44:35.408057+00:00
2026-06-01,month_end,30,product,선박,2714944000,잠정,2026-09-30T01:44:35.408057+00:00
2026-06-01,month_end,30,product,자동차부품,1653180000,잠정,2026-09-30T01:44:35.408057+00:00
2026-06-01,month_end,30,product,컴퓨터주변기기,5584322000,잠정,2026-09-30T01:44:35.408057+00:00
2026-06-01,month_end,30,product,정밀기기,981939000,잠정,2026-09-30T01:44:35.408057+00:00
2026-06-01,month_end,30,product,가전제품,660503000,잠정,2026-09-30T01:44:35.408057+00:00
2026-07-01,10,10,product,전체,29954981000,잠정,2026-09-30T01:44:35.408057+00:00
2026-07-01,10,10,product,반도체,11210210000,잠정,2026-09-30T01:44:35.408057+00:00
2026-07-01,10,10,product,철강제품,1463419000,잠정,2026-09-30T01:44:35.408057+00:00
2026-07-01,10,10,product,승용차,1892511000,잠정,2026-09-30T01:44:35.408057+00:00
2026-07-01,10,10,product,석유제품,1904764000,잠정,2026-09-30T01:44:35.408057+00:00
2026-07-01,10,10,product,무선통신기기,784320000,잠정,2026-09-30T01:44:35.408057+00:00
2026-07-01,10,10,product,선박,1542354000,잠정,2026-09-30T01:44:35.408057+00:00
2026-07-01,10,10,product,자동차부품,613343000,잠정,2026-09-30T01:44:35.408057+00:00
2026-07-01,10,10,product,컴퓨터주변기기,866247000,잠정,2026-09-30T01:44:35.408057+00:00
2026-07-01,10,10,product,정밀기기,333130000,잠정,2026-09-30T01:44:35.408057+00:00
2026-07-01,10,10,product,가전제품,229864000,잠정,2026-09-30T01:44:35.408057+00:00
2026-07-01,20,20,product,전체,55208200000,잠정,2026-09-30T01:44:35.408057+00:00
2026-07-01,20,20,product,반도체,22120084000,잠정,2026-09-30T01:44:35.408057+00:00
2026-07-01,20,20,product,철강제품,2647351000,잠정,2026-09-30T01:44:35.408057+00:00
2026-07-01,20,20,product,승용차,3227998000,잠정,2026-09-30T01:44:35.408057+00:00
2026-07-01,20,20,product,석유제품,3721844000,잠정,2026-09-30T01:44:35.408057+00:00
2026-07-01,20,20,product,무선통신기기,1336736000,잠정,2026-09-30T01:44:35.408057+00:00
2026-07-01,20,20,product,선박,2448114000,잠정,2026-09-30T01:44:35.408057+00:00
2026-07-01,20,20,product,자동차부품,1047691000,잠정,2026-09-30T01:44:35.408057+00:00
2026-07-01,20,20,product,컴퓨터주변기기,2031298000,잠정,2026-09-30T01:44:35.408057+00:00
2026-07-01,20,20,product,정밀기기,554102000,잠정,2026-09-30T01:44:35.408057+00:00
2026-07-01,20,20,product,가전제품,424007000,잠정,2026-09-30T01:44:35.408057+00:00
2026-07-01,month_end,31,product,전체,99190335000,잠정,2026-09-30T01:44:35.408057+00:00
2026-07-01,month_end,31,product,반도체,41173418000,잠정,2026-09-30T01:44:35.408057+00:00
2026-07-01,month_end,31,product,철강제품,4670407000,잠정,2026-09-30T01:44:35.408057+00:00
2026-07-01,month_end,31,product,승용차,5939277000,잠정,2026-09-30T01:44:35.408057+00:00
2026-07-01,month_end,31,product,석유제품,6121005000,잠정,2026-09-30T01:44:35.408057+00:00
2026-07-01,month_end,31,product,무선통신기기,2051103000,잠정,2026-09-30T01:44:35.408057+00:00
2026-07-01,month_end,31,product,선박,3111752000,잠정,2026-09-30T01:44:35.408057+00:00
2026-07-01,month_end,31,product,자동차부품,1854520000,잠정,2026-09-30T01:44:35.408057+00:00
2026-07-01,month_end,31,product,컴퓨터주변기기,4938569000,잠정,2026-09-30T01:44:35.408057+00:00
2026-07-01,month_end,31,product,정밀기기,999196000,잠정,2026-09-30T01:44:35.408057+00:00
2026-07-01,month_end,31,product,가전제품,697492000,잠정,2026-09-30T01:44:35.408057+00:00
2026-08-01,10,10,product,전체,21263370000,잠정,2026-09-30T01:44:35.408057+00:00
2026-08-01,10,10,product,반도체,9951704000,잠정,2026-09-30T01:44:35.408057+00:00
2026-08-01,10,10,product,철강제품,888770000,잠정,2026-09-30T01:44:35.408057+00:00
2026-08-01,10,10,product,승용차,181405000,잠정,2026-09-30T01:44:35.408057+00:00
2026-08-01,10,10,product,석유제품,2003274000,잠정,2026-09-30T01:44:35.408057+00:00
2026-08-01,10,10,product,무선통신기기,470566000,잠정,2026-09-30T01:44:35.408057+00:00
2026-08-01,10,10,product,선박,470680000,잠정,2026-09-30T01:44:35.408057+00:00
2026-08-01,10,10,product,자동차부품,222029000,잠정,2026-09-30T01:44:35.408057+00:00
2026-08-01,10,10,product,컴퓨터주변기기,587424000,잠정,2026-09-30T01:44:35.408057+00:00
2026-08-01,10,10,product,정밀기기,206115000,잠정,2026-09-30T01:44:35.408057+00:00
2026-08-01,10,10,product,가전제품,113074000,잠정,2026-09-30T01:44:35.408057+00:00
2026-08-01,20,20,product,전체,55219260000,잠정,2026-09-30T01:44:35.408057+00:00
2026-08-01,20,20,product,반도체,26034569000,잠정,2026-09-30T01:44:35.408057+00:00
2026-08-01,20,20,product,철강제품,2391216000,잠정,2026-09-30T01:44:35.408057+00:00
2026-08-01,20,20,product,승용차,1520807000,잠정,2026-09-30T01:44:35.408057+00:00
2026-08-01,20,20,product,석유제품,4236194000,잠정,2026-09-30T01:44:35.408057+00:00
2026-08-01,20,20,product,무선통신기기,1040236000,잠정,2026-09-30T01:44:35.408057+00:00
2026-08-01,20,20,product,선박,913927000,잠정,2026-09-30T01:44:35.408057+00:00
2026-08-01,20,20,product,자동차부품,796871000,잠정,2026-09-30T01:44:35.408057+00:00
2026-08-01,20,20,product,컴퓨터주변기기,2278122000,잠정,2026-09-30T01:44:35.408057+00:00
2026-08-01,20,20,product,정밀기기,524137000,잠정,2026-09-30T01:44:35.408057+00:00
2026-08-01,20,20,product,가전제품,306820000,잠정,2026-09-30T01:44:35.408057+00:00
2026-08-01,month_end,31,product,전체,98282430000,잠정,2026-09-30T01:44:35.408057+00:00
2026-08-01,month_end,31,product,반도체,46829319000,잠정,2026-09-30T01:44:35.408057+00:00
2026-08-01,month_end,31,product,철강제품,4036002000,잠정,2026-09-30T01:44:35.408057+00:00
2026-08-01,month_end,31,product,승용차,3643315000,잠정,2026-09-30T01:44:35.408057+00:00
2026-08-01,month_end,31,product,석유제품,6882093000,잠정,2026-09-30T01:44:35.408057+00:00
2026-08-01,month_end,31,product,무선통신기기,1650086000,잠정,2026-09-30T01:44:35.408057+00:00
2026-08-01,month_end,31,product,선박,1631184000,잠정,2026-09-30T01:44:35.408057+00:00
2026-08-01,month_end,31,product,자동차부품,1415382000,잠정,2026-09-30T01:44:35.408057+00:00
2026-08-01,month_end,31,product,컴퓨터주변기기,6410080000,잠정,2026-09-30T01:44:35.408057+00:00
2026-08-01,month_end,31,product,정밀기기,861045000,잠정,2026-09-30T01:44:35.408057+00:00
2026-08-01,month_end,31,product,가전제품,509995000,잠정,2026-09-30T01:44:35.408057+00:00
2026-09-01,10,10,product,전체,34973081000,잠정,2026-09-30T01:44:35.408057+00:00
2026-09-01,10,10,product,반도체,16483056000,잠정,2026-09-30T01:44:35.408057+00:00
2026-09-01,10,10,product,철강제품,1362183000,잠정,2026-09-30T01:44:35.408057+00:00
2026-09-01,10,10,product,승용차,1707722000,잠정,2026-09-30T01:44:35.408057+00:00
2026-09-01,10,10,product,석유제품,1870248000,잠정,2026-09-30T01:44:35.408057+00:00
2026-09-01,10,10,product,무선통신기기,654257000,잠정,2026-09-30T01:44:35.408057+00:00
2026-09-01,10,10,product,선박,1495389000,잠정,2026-09-30T01:44:35.408057+00:00
2026-09-01,10,10,product,자동차부품,664559000,잠정,2026-09-30T01:44:35.408057+00:00
2026-09-01,10,10,product,컴퓨터주변기기,634522000,잠정,2026-09-30T01:44:35.408057+00:00
2026-09-01,10,10,product,정밀기기,341020000,잠정,2026-09-30T01:44:35.408057+00:00
2026-09-01,10,10,product,가전제품,199166000,잠정,2026-09-30T01:44:35.408057+00:00
2026-09-01,20,20,product,전체,71409349000,잠정,2026-09-30T01:44:35.408057+00:00
2026-09-01,20,20,product,반도체,34128119000,잠정,2026-09-30T01:44:35.408057+00:00
2026-09-01,20,20,product,철강제품,2712227000,잠정,2026-09-30T01:44:35.408057+00:00
2026-09-01,20,20,product,승용차,3734779000,잠정,2026-09-30T01:44:35.408057+00:00
2026-09-01,20,20,product,석유제품,4012147000,잠정,2026-09-30T01:44:35.408057+00:00
2026-09-01,20,20,product,무선통신기기,1245445000,잠정,2026-09-30T01:44:35.408057+00:00
2026-09-01,20,20,product,선박,2446453000,잠정,2026-09-30T01:44:35.408057+00:00
2026-09-01,20,20,product,자동차부품,1133439000,잠정,2026-09-30T01:44:35.408057+00:00
2026-09-01,20,20,product,컴퓨터주변기기,2330034000,잠정,2026-09-30T01:44:35.408057+00:00
2026-09-01,20,20,product,정밀기기,640533000,잠정,2026-09-30T01:44:35.408057+00:00
2026-09-01,20,20,product,가전제품,377984000,잠정,2026-09-30T01:44:35.408057+00:00
