date,checkpoint,checkpoint_day,dimension,category,export_usd,status,fetched_at
2016-01-01,10,10,country,대만,216069000,잠정,2026-09-30T01:48:16.770726+00:00
2016-01-01,10,10,country,말레이시아,115860000,잠정,2026-09-30T01:48:16.770726+00:00
2016-01-01,10,10,country,미국,1005958000,잠정,2026-09-30T01:48:16.770726+00:00
2016-01-01,10,10,country,베트남,457304000,잠정,2026-09-30T01:48:16.770726+00:00
2016-01-01,10,10,country,싱가포르,219912000,잠정,2026-09-30T01:48:16.770726+00:00
2016-01-01,10,10,country,유럽연합,694002000,잠정,2026-09-30T01:48:16.770726+00:00
2016-01-01,10,10,country,인도,160201000,잠정,2026-09-30T01:48:16.770726+00:00
2016-01-01,10,10,country,일본,463106000,잠정,2026-09-30T01:48:16.770726+00:00
2016-01-01,10,10,country,전체,8453665000,잠정,2026-09-30T01:48:16.770726+00:00
2016-01-01,10,10,country,중국,2484103000,잠정,2026-09-30T01:48:16.770726+00:00
2016-01-01,10,10,country,홍콩,535083000,잠정,2026-09-30T01:48:16.770726+00:00
2016-01-01,10,10,product,가전제품,128526000,잠정,2026-09-30T01:44:33.547476+00:00
2016-01-01,10,10,product,무선통신기기,566581000,잠정,2026-09-30T01:44:33.547476+00:00
2016-01-01,10,10,product,반도체,1108532000,잠정,2026-09-30T01:44:33.547476+00:00
2016-01-01,10,10,product,석유제품,421461000,잠정,2026-09-30T01:44:33.547476+00:00
2016-01-01,10,10,product,선박,857006000,잠정,2026-09-30T01:44:33.547476+00:00
2016-01-01,10,10,product,승용차,267042000,잠정,2026-09-30T01:44:33.547476+00:00
2016-01-01,10,10,product,자동차부품,404300000,잠정,2026-09-30T01:44:33.547476+00:00
2016-01-01,10,10,product,전체,8453665000,잠정,2026-09-30T01:44:33.547476+00:00
2016-01-01,10,10,product,정밀기기,147506000,잠정,2026-09-30T01:44:33.547476+00:00
2016-01-01,10,10,product,철강제품,699490000,잠정,2026-09-30T01:44:33.547476+00:00
2016-01-01,10,10,product,컴퓨터주변기기,139216000,잠정,2026-09-30T01:44:33.547476+00:00
2016-01-01,20,20,country,대만,521823000,잠정,2026-09-30T01:48:16.770726+00:00
2016-01-01,20,20,country,말레이시아,294254000,잠정,2026-09-30T01:48:16.770726+00:00
2016-01-01,20,20,country,미국,2794282000,잠정,2026-09-30T01:48:16.770726+00:00
2016-01-01,20,20,country,베트남,1191107000,잠정,2026-09-30T01:48:16.770726+00:00
2016-01-01,20,20,country,싱가포르,545745000,잠정,2026-09-30T01:48:16.770726+00:00
2016-01-01,20,20,country,유럽연합,2041723000,잠정,2026-09-30T01:48:16.770726+00:00
2016-01-01,20,20,country,인도,503328000,잠정,2026-09-30T01:48:16.770726+00:00
2016-01-01,20,20,country,일본,1077113000,잠정,2026-09-30T01:48:16.770726+00:00
2016-01-01,20,20,country,전체,22081425000,잠정,2026-09-30T01:48:16.770726+00:00
2016-01-01,20,20,country,중국,6183879000,잠정,2026-09-30T01:48:16.770726+00:00
2016-01-01,20,20,country,홍콩,1364862000,잠정,2026-09-30T01:48:16.770726+00:00
2016-01-01,20,20,product,가전제품,430450000,잠정,2026-09-30T01:44:33.547476+00:00
2016-01-01,20,20,product,무선통신기기,1197717000,잠정,2026-09-30T01:44:33.547476+00:00
2016-01-01,20,20,product,반도체,2798444000,잠정,2026-09-30T01:44:33.547476+00:00
2016-01-01,20,20,product,석유제품,993571000,잠정,2026-09-30T01:44:33.547476+00:00
2016-01-01,20,20,product,선박,2302532000,잠정,2026-09-30T01:44:33.547476+00:00
2016-01-01,20,20,product,승용차,1120283000,잠정,2026-09-30T01:44:33.547476+00:00
2016-01-01,20,20,product,자동차부품,1096189000,잠정,2026-09-30T01:44:33.547476+00:00
2016-01-01,20,20,product,전체,22081425000,잠정,2026-09-30T01:44:33.547476+00:00
2016-01-01,20,20,product,정밀기기,376100000,잠정,2026-09-30T01:44:33.547476+00:00
2016-01-01,20,20,product,철강제품,1713597000,잠정,2026-09-30T01:44:33.547476+00:00
2016-01-01,20,20,product,컴퓨터주변기기,338288000,잠정,2026-09-30T01:44:33.547476+00:00
2016-01-01,month_end,31,country,대만,819716000,잠정,2026-09-30T01:48:16.770726+00:00
2016-01-01,month_end,31,country,말레이시아,431855000,잠정,2026-09-30T01:48:16.770726+00:00
2016-01-01,month_end,31,country,미국,5040734000,잠정,2026-09-30T01:48:16.770726+00:00
2016-01-01,month_end,31,country,베트남,1984725000,잠정,2026-09-30T01:48:16.770726+00:00
2016-01-01,month_end,31,country,싱가포르,1014089000,잠정,2026-09-30T01:48:16.770726+00:00
2016-01-01,month_end,31,country,유럽연합,3596669000,잠정,2026-09-30T01:48:16.770726+00:00
2016-01-01,month_end,31,country,인도,876749000,잠정,2026-09-30T01:48:16.770726+00:00
2016-01-01,month_end,31,country,일본,1792002000,잠정,2026-09-30T01:48:16.770726+00:00
2016-01-01,month_end,31,country,전체,36260420000,잠정,2026-09-30T01:48:16.770726+00:00
2016-01-01,month_end,31,country,중국,9480540000,잠정,2026-09-30T01:48:16.770726+00:00
2016-01-01,month_end,31,country,홍콩,2113289000,잠정,2026-09-30T01:48:16.770726+00:00
2016-01-01,month_end,31,product,가전제품,696229000,잠정,2026-09-30T01:44:33.547476+00:00
2016-01-01,month_end,31,product,무선통신기기,1964416000,잠정,2026-09-30T01:44:33.547476+00:00
2016-01-01,month_end,31,product,반도체,4590675000,잠정,2026-09-30T01:44:33.547476+00:00
2016-01-01,month_end,31,product,석유제품,1684516000,잠정,2026-09-30T01:44:33.547476+00:00
2016-01-01,month_end,31,product,선박,2617192000,잠정,2026-09-30T01:44:33.547476+00:00
2016-01-01,month_end,31,product,승용차,2773742000,잠정,2026-09-30T01:44:33.547476+00:00
2016-01-01,month_end,31,product,자동차부품,1871217000,잠정,2026-09-30T01:44:33.547476+00:00
2016-01-01,month_end,31,product,전체,36260420000,잠정,2026-09-30T01:44:33.547476+00:00
2016-01-01,month_end,31,product,정밀기기,597448000,잠정,2026-09-30T01:44:33.547476+00:00
2016-01-01,month_end,31,product,철강제품,2963953000,잠정,2026-09-30T01:44:33.547476+00:00
2016-01-01,month_end,31,product,컴퓨터주변기기,552120000,잠정,2026-09-30T01:44:33.547476+00:00
2016-02-01,10,10,country,대만,191122000,잠정,2026-09-30T01:48:16.770726+00:00
2016-02-01,10,10,country,말레이시아,119446000,잠정,2026-09-30T01:48:16.770726+00:00
2016-02-01,10,10,country,미국,1283505000,잠정,2026-09-30T01:48:16.770726+00:00
2016-02-01,10,10,country,베트남,698553000,잠정,2026-09-30T01:48:16.770726+00:00
2016-02-01,10,10,country,싱가포르,312798000,잠정,2026-09-30T01:48:16.770726+00:00
2016-02-01,10,10,country,유럽연합,744813000,잠정,2026-09-30T01:48:16.770726+00:00
2016-02-01,10,10,country,인도,226819000,잠정,2026-09-30T01:48:16.770726+00:00
2016-02-01,10,10,country,일본,479607000,잠정,2026-09-30T01:48:16.770726+00:00
2016-02-01,10,10,country,전체,8723002000,잠정,2026-09-30T01:48:16.770726+00:00
2016-02-01,10,10,country,중국,2218187000,잠정,2026-09-30T01:48:16.770726+00:00
2016-02-01,10,10,country,홍콩,392609000,잠정,2026-09-30T01:48:16.770726+00:00
2016-02-01,10,10,product,가전제품,210700000,잠정,2026-09-30T01:44:33.547476+00:00
2016-02-01,10,10,product,무선통신기기,427479000,잠정,2026-09-30T01:44:33.547476+00:00
2016-02-01,10,10,product,반도체,1148994000,잠정,2026-09-30T01:44:33.547476+00:00
2016-02-01,10,10,product,석유제품,483390000,잠정,2026-09-30T01:44:33.547476+00:00
2016-02-01,10,10,product,선박,360863000,잠정,2026-09-30T01:44:33.547476+00:00
2016-02-01,10,10,product,승용차,330477000,잠정,2026-09-30T01:44:33.547476+00:00
2016-02-01,10,10,product,자동차부품,530185000,잠정,2026-09-30T01:44:33.547476+00:00
2016-02-01,10,10,product,전체,8723002000,잠정,2026-09-30T01:44:33.547476+00:00
2016-02-01,10,10,product,정밀기기,154552000,잠정,2026-09-30T01:44:33.547476+00:00
2016-02-01,10,10,product,철강제품,738513000,잠정,2026-09-30T01:44:33.547476+00:00
2016-02-01,10,10,product,컴퓨터주변기기,156696000,잠정,2026-09-30T01:44:33.547476+00:00
2016-02-01,20,20,country,대만,474323000,잠정,2026-09-30T01:48:16.770726+00:00
2016-02-01,20,20,country,말레이시아,288950000,잠정,2026-09-30T01:48:16.770726+00:00
2016-02-01,20,20,country,미국,3145227000,잠정,2026-09-30T01:48:16.770726+00:00
2016-02-01,20,20,country,베트남,1551833000,잠정,2026-09-30T01:48:16.770726+00:00
2016-02-01,20,20,country,싱가포르,729503000,잠정,2026-09-30T01:48:16.770726+00:00
2016-02-01,20,20,country,유럽연합,1932655000,잠정,2026-09-30T01:48:16.770726+00:00
2016-02-01,20,20,country,인도,576335000,잠정,2026-09-30T01:48:16.770726+00:00
2016-02-01,20,20,country,일본,1089418000,잠정,2026-09-30T01:48:16.770726+00:00
2016-02-01,20,20,country,전체,21967139000,잠정,2026-09-30T01:48:16.770726+00:00
2016-02-01,20,20,country,중국,5531674000,잠정,2026-09-30T01:48:16.770726+00:00
2016-02-01,20,20,country,홍콩,1223126000,잠정,2026-09-30T01:48:16.770726+00:00
2016-02-01,20,20,product,가전제품,451911000,잠정,2026-09-30T01:44:33.547476+00:00
2016-02-01,20,20,product,무선통신기기,1301971000,잠정,2026-09-30T01:44:33.547476+00:00
2016-02-01,20,20,product,반도체,2662160000,잠정,2026-09-30T01:44:33.547476+00:00
2016-02-01,20,20,product,석유제품,1123759000,잠정,2026-09-30T01:44:33.547476+00:00
2016-02-01,20,20,product,선박,1512134000,잠정,2026-09-30T01:44:33.547476+00:00
2016-02-01,20,20,product,승용차,1234504000,잠정,2026-09-30T01:44:33.547476+00:00
2016-02-01,20,20,product,자동차부품,1188557000,잠정,2026-09-30T01:44:33.547476+00:00
2016-02-01,20,20,product,전체,21967139000,잠정,2026-09-30T01:44:33.547476+00:00
2016-02-01,20,20,product,정밀기기,368288000,잠정,2026-09-30T01:44:33.547476+00:00
2016-02-01,20,20,product,철강제품,1777030000,잠정,2026-09-30T01:44:33.547476+00:00
2016-02-01,20,20,product,컴퓨터주변기기,358157000,잠정,2026-09-30T01:44:33.547476+00:00
2016-02-01,month_end,29,country,대만,766092000,잠정,2026-09-30T01:48:16.770726+00:00
2016-02-01,month_end,29,country,말레이시아,433496000,잠정,2026-09-30T01:48:16.770726+00:00
2016-02-01,month_end,29,country,미국,5222510000,잠정,2026-09-30T01:48:16.770726+00:00
2016-02-01,month_end,29,country,베트남,2318556000,잠정,2026-09-30T01:48:16.770726+00:00
2016-02-01,month_end,29,country,싱가포르,1200842000,잠정,2026-09-30T01:48:16.770726+00:00
2016-02-01,month_end,29,country,유럽연합,3086465000,잠정,2026-09-30T01:48:16.770726+00:00
2016-02-01,month_end,29,country,인도,961677000,잠정,2026-09-30T01:48:16.770726+00:00
2016-02-01,month_end,29,country,일본,1696097000,잠정,2026-09-30T01:48:16.770726+00:00
2016-02-01,month_end,29,country,전체,35924541000,잠정,2026-09-30T01:48:16.770726+00:00
2016-02-01,month_end,29,country,중국,8641815000,잠정,2026-09-30T01:48:16.770726+00:00
2016-02-01,month_end,29,country,홍콩,2170209000,잠정,2026-09-30T01:48:16.770726+00:00
2016-02-01,month_end,29,product,가전제품,715932000,잠정,2026-09-30T01:44:33.547476+00:00
2016-02-01,month_end,29,product,무선통신기기,2071924000,잠정,2026-09-30T01:44:33.547476+00:00
2016-02-01,month_end,29,product,반도체,4191505000,잠정,2026-09-30T01:44:33.547476+00:00
2016-02-01,month_end,29,product,석유제품,1703253000,잠정,2026-09-30T01:44:33.547476+00:00
2016-02-01,month_end,29,product,선박,2621257000,잠정,2026-09-30T01:44:33.547476+00:00
2016-02-01,month_end,29,product,승용차,2724255000,잠정,2026-09-30T01:44:33.547476+00:00
2016-02-01,month_end,29,product,자동차부품,1834848000,잠정,2026-09-30T01:44:33.547476+00:00
2016-02-01,month_end,29,product,전체,35924541000,잠정,2026-09-30T01:44:33.547476+00:00
2016-02-01,month_end,29,product,정밀기기,558704000,잠정,2026-09-30T01:44:33.547476+00:00
2016-02-01,month_end,29,product,철강제품,2973930000,잠정,2026-09-30T01:44:33.547476+00:00
2016-02-01,month_end,29,product,컴퓨터주변기기,528011000,잠정,2026-09-30T01:44:33.547476+00:00
2016-03-01,10,10,country,대만,266424000,잠정,2026-09-30T01:48:16.770726+00:00
2016-03-01,10,10,country,말레이시아,132844000,잠정,2026-09-30T01:48:16.770726+00:00
2016-03-01,10,10,country,미국,1752112000,잠정,2026-09-30T01:48:16.770726+00:00
2016-03-01,10,10,country,베트남,893286000,잠정,2026-09-30T01:48:16.770726+00:00
2016-03-01,10,10,country,싱가포르,216195000,잠정,2026-09-30T01:48:16.770726+00:00
2016-03-01,10,10,country,유럽연합,1314669000,잠정,2026-09-30T01:48:16.770726+00:00
2016-03-01,10,10,country,인도,279189000,잠정,2026-09-30T01:48:16.770726+00:00
2016-03-01,10,10,country,일본,616133000,잠정,2026-09-30T01:48:16.770726+00:00
2016-03-01,10,10,country,전체,11969107000,잠정,2026-09-30T01:48:16.770726+00:00
2016-03-01,10,10,country,중국,3073641000,잠정,2026-09-30T01:48:16.770726+00:00
2016-03-01,10,10,country,홍콩,573660000,잠정,2026-09-30T01:48:16.770726+00:00
2016-03-01,10,10,product,가전제품,255414000,잠정,2026-09-30T01:44:33.547476+00:00
2016-03-01,10,10,product,무선통신기기,783072000,잠정,2026-09-30T01:44:33.547476+00:00
2016-03-01,10,10,product,반도체,1498350000,잠정,2026-09-30T01:44:33.547476+00:00
2016-03-01,10,10,product,석유제품,511333000,잠정,2026-09-30T01:44:33.547476+00:00
2016-03-01,10,10,product,선박,711249000,잠정,2026-09-30T01:44:33.547476+00:00
2016-03-01,10,10,product,승용차,520020000,잠정,2026-09-30T01:44:33.547476+00:00
2016-03-01,10,10,product,자동차부품,685814000,잠정,2026-09-30T01:44:33.547476+00:00
2016-03-01,10,10,product,전체,11969107000,잠정,2026-09-30T01:44:33.547476+00:00
2016-03-01,10,10,product,정밀기기,199171000,잠정,2026-09-30T01:44:33.547476+00:00
2016-03-01,10,10,product,철강제품,1218726000,잠정,2026-09-30T01:44:33.547476+00:00
2016-03-01,10,10,product,컴퓨터주변기기,182477000,잠정,2026-09-30T01:44:33.547476+00:00
2016-03-01,20,20,country,대만,589676000,잠정,2026-09-30T01:48:16.770726+00:00
2016-03-01,20,20,country,말레이시아,272051000,잠정,2026-09-30T01:48:16.770726+00:00
2016-03-01,20,20,country,미국,3517627000,잠정,2026-09-30T01:48:16.770726+00:00
2016-03-01,20,20,country,베트남,1703638000,잠정,2026-09-30T01:48:16.770726+00:00
2016-03-01,20,20,country,싱가포르,389309000,잠정,2026-09-30T01:48:16.770726+00:00
2016-03-01,20,20,country,유럽연합,2556570000,잠정,2026-09-30T01:48:16.770726+00:00
2016-03-01,20,20,country,인도,665228000,잠정,2026-09-30T01:48:16.770726+00:00
2016-03-01,20,20,country,일본,1253283000,잠정,2026-09-30T01:48:16.770726+00:00
2016-03-01,20,20,country,전체,23797947000,잠정,2026-09-30T01:48:16.770726+00:00
2016-03-01,20,20,country,중국,6047838000,잠정,2026-09-30T01:48:16.770726+00:00
2016-03-01,20,20,country,홍콩,1157132000,잠정,2026-09-30T01:48:16.770726+00:00
2016-03-01,20,20,product,가전제품,478388000,잠정,2026-09-30T01:44:33.547476+00:00
2016-03-01,20,20,product,무선통신기기,1459542000,잠정,2026-09-30T01:44:33.547476+00:00
2016-03-01,20,20,product,반도체,2845123000,잠정,2026-09-30T01:44:33.547476+00:00
2016-03-01,20,20,product,석유제품,1149349000,잠정,2026-09-30T01:44:33.547476+00:00
2016-03-01,20,20,product,선박,1380516000,잠정,2026-09-30T01:44:33.547476+00:00
2016-03-01,20,20,product,승용차,1718030000,잠정,2026-09-30T01:44:33.547476+00:00
2016-03-01,20,20,product,자동차부품,1321101000,잠정,2026-09-30T01:44:33.547476+00:00
2016-03-01,20,20,product,전체,23797947000,잠정,2026-09-30T01:44:33.547476+00:00
2016-03-01,20,20,product,정밀기기,404833000,잠정,2026-09-30T01:44:33.547476+00:00
2016-03-01,20,20,product,철강제품,2033916000,잠정,2026-09-30T01:44:33.547476+00:00
2016-03-01,20,20,product,컴퓨터주변기기,367417000,잠정,2026-09-30T01:44:33.547476+00:00
2016-03-01,month_end,31,country,대만,1004232000,잠정,2026-09-30T01:48:16.770726+00:00
2016-03-01,month_end,31,country,말레이시아,475632000,잠정,2026-09-30T01:48:16.770726+00:00
2016-03-01,month_end,31,country,미국,6544965000,잠정,2026-09-30T01:48:16.770726+00:00
2016-03-01,month_end,31,country,베트남,2783409000,잠정,2026-09-30T01:48:16.770726+00:00
2016-03-01,month_end,31,country,싱가포르,841245000,잠정,2026-09-30T01:48:16.770726+00:00
2016-03-01,month_end,31,country,유럽연합,4683879000,잠정,2026-09-30T01:48:16.770726+00:00
2016-03-01,month_end,31,country,인도,1193619000,잠정,2026-09-30T01:48:16.770726+00:00
2016-03-01,month_end,31,country,일본,2050549000,잠정,2026-09-30T01:48:16.770726+00:00
2016-03-01,month_end,31,country,전체,43002468000,잠정,2026-09-30T01:48:16.770726+00:00
2016-03-01,month_end,31,country,중국,10420522000,잠정,2026-09-30T01:48:16.770726+00:00
2016-03-01,month_end,31,country,홍콩,2328129000,잠정,2026-09-30T01:48:16.770726+00:00
2016-03-01,month_end,31,product,가전제품,862126000,잠정,2026-09-30T01:44:33.547476+00:00
2016-03-01,month_end,31,product,무선통신기기,2614236000,잠정,2026-09-30T01:44:33.547476+00:00
2016-03-01,month_end,31,product,반도체,5328931000,잠정,2026-09-30T01:44:33.547476+00:00
2016-03-01,month_end,31,product,석유제품,1915398000,잠정,2026-09-30T01:44:33.547476+00:00
2016-03-01,month_end,31,product,선박,2516427000,잠정,2026-09-30T01:44:33.547476+00:00
2016-03-01,month_end,31,product,승용차,3683674000,잠정,2026-09-30T01:44:33.547476+00:00
2016-03-01,month_end,31,product,자동차부품,2179476000,잠정,2026-09-30T01:44:33.547476+00:00
2016-03-01,month_end,31,product,전체,43002468000,잠정,2026-09-30T01:44:33.547476+00:00
2016-03-01,month_end,31,product,정밀기기,705732000,잠정,2026-09-30T01:44:33.547476+00:00
2016-03-01,month_end,31,product,철강제품,3914314000,잠정,2026-09-30T01:44:33.547476+00:00
2016-03-01,month_end,31,product,컴퓨터주변기기,609178000,잠정,2026-09-30T01:44:33.547476+00:00
2016-04-01,10,10,country,대만,245757000,잠정,2026-09-30T01:48:16.770726+00:00
2016-04-01,10,10,country,말레이시아,134982000,잠정,2026-09-30T01:48:16.770726+00:00
2016-04-01,10,10,country,미국,1296755000,잠정,2026-09-30T01:48:16.770726+00:00
2016-04-01,10,10,country,베트남,773209000,잠정,2026-09-30T01:48:16.770726+00:00
2016-04-01,10,10,country,싱가포르,429764000,잠정,2026-09-30T01:48:16.770726+00:00
2016-04-01,10,10,country,유럽연합,1172506000,잠정,2026-09-30T01:48:16.770726+00:00
2016-04-01,10,10,country,인도,248283000,잠정,2026-09-30T01:48:16.770726+00:00
2016-04-01,10,10,country,일본,486695000,잠정,2026-09-30T01:48:16.770726+00:00
2016-04-01,10,10,country,전체,10525943000,잠정,2026-09-30T01:48:16.770726+00:00
2016-04-01,10,10,country,중국,2809410000,잠정,2026-09-30T01:48:16.770726+00:00
2016-04-01,10,10,country,홍콩,470753000,잠정,2026-09-30T01:48:16.770726+00:00
2016-04-01,10,10,product,가전제품,194156000,잠정,2026-09-30T01:44:33.547476+00:00
2016-04-01,10,10,product,무선통신기기,577894000,잠정,2026-09-30T01:44:33.547476+00:00
2016-04-01,10,10,product,반도체,1182806000,잠정,2026-09-30T01:44:33.547476+00:00
2016-04-01,10,10,product,석유제품,711169000,잠정,2026-09-30T01:44:33.547476+00:00
2016-04-01,10,10,product,선박,716900000,잠정,2026-09-30T01:44:33.547476+00:00
2016-04-01,10,10,product,승용차,470934000,잠정,2026-09-30T01:44:33.547476+00:00
2016-04-01,10,10,product,자동차부품,587023000,잠정,2026-09-30T01:44:33.547476+00:00
2016-04-01,10,10,product,전체,10525943000,잠정,2026-09-30T01:44:33.547476+00:00
2016-04-01,10,10,product,정밀기기,166011000,잠정,2026-09-30T01:44:33.547476+00:00
2016-04-01,10,10,product,철강제품,973800000,잠정,2026-09-30T01:44:33.547476+00:00
2016-04-01,10,10,product,컴퓨터주변기기,148237000,잠정,2026-09-30T01:44:33.547476+00:00
2016-04-01,20,20,country,대만,564241000,잠정,2026-09-30T01:48:16.770726+00:00
2016-04-01,20,20,country,말레이시아,288942000,잠정,2026-09-30T01:48:16.770726+00:00
2016-04-01,20,20,country,미국,3340004000,잠정,2026-09-30T01:48:16.770726+00:00
2016-04-01,20,20,country,베트남,1730658000,잠정,2026-09-30T01:48:16.770726+00:00
2016-04-01,20,20,country,싱가포르,774680000,잠정,2026-09-30T01:48:16.770726+00:00
2016-04-01,20,20,country,유럽연합,2352278000,잠정,2026-09-30T01:48:16.770726+00:00
2016-04-01,20,20,country,인도,554897000,잠정,2026-09-30T01:48:16.770726+00:00
2016-04-01,20,20,country,일본,1147777000,잠정,2026-09-30T01:48:16.770726+00:00
2016-04-01,20,20,country,전체,23650865000,잠정,2026-09-30T01:48:16.770726+00:00
2016-04-01,20,20,country,중국,6112333000,잠정,2026-09-30T01:48:16.770726+00:00
2016-04-01,20,20,country,홍콩,1203352000,잠정,2026-09-30T01:48:16.770726+00:00
2016-04-01,20,20,product,가전제품,480134000,잠정,2026-09-30T01:44:33.547476+00:00
2016-04-01,20,20,product,무선통신기기,1372051000,잠정,2026-09-30T01:44:33.547476+00:00
2016-04-01,20,20,product,반도체,2722433000,잠정,2026-09-30T01:44:33.547476+00:00
2016-04-01,20,20,product,석유제품,1396874000,잠정,2026-09-30T01:44:33.547476+00:00
2016-04-01,20,20,product,선박,1323642000,잠정,2026-09-30T01:44:33.547476+00:00
2016-04-01,20,20,product,승용차,1480774000,잠정,2026-09-30T01:44:33.547476+00:00
2016-04-01,20,20,product,자동차부품,1229623000,잠정,2026-09-30T01:44:33.547476+00:00
2016-04-01,20,20,product,전체,23650865000,잠정,2026-09-30T01:44:33.547476+00:00
2016-04-01,20,20,product,정밀기기,383215000,잠정,2026-09-30T01:44:33.547476+00:00
2016-04-01,20,20,product,철강제품,1973153000,잠정,2026-09-30T01:44:33.547476+00:00
2016-04-01,20,20,product,컴퓨터주변기기,363994000,잠정,2026-09-30T01:44:33.547476+00:00
2016-04-01,month_end,30,country,대만,926075000,잠정,2026-09-30T01:48:16.770726+00:00
2016-04-01,month_end,30,country,말레이시아,1240656000,잠정,2026-09-30T01:48:16.770726+00:00
2016-04-01,month_end,30,country,미국,5823758000,잠정,2026-09-30T01:48:16.770726+00:00
2016-04-01,month_end,30,country,베트남,2770463000,잠정,2026-09-30T01:48:16.770726+00:00
2016-04-01,month_end,30,country,싱가포르,1233522000,잠정,2026-09-30T01:48:16.770726+00:00
2016-04-01,month_end,30,country,유럽연합,3896011000,잠정,2026-09-30T01:48:16.770726+00:00
2016-04-01,month_end,30,country,인도,952081000,잠정,2026-09-30T01:48:16.770726+00:00
2016-04-01,month_end,30,country,일본,1776555000,잠정,2026-09-30T01:48:16.770726+00:00
2016-04-01,month_end,30,country,전체,41081553000,잠정,2026-09-30T01:48:16.770726+00:00
2016-04-01,month_end,30,country,중국,9613431000,잠정,2026-09-30T01:48:16.770726+00:00
2016-04-01,month_end,30,country,홍콩,2431257000,잠정,2026-09-30T01:48:16.770726+00:00
2016-04-01,month_end,30,product,가전제품,757022000,잠정,2026-09-30T01:44:33.547476+00:00
2016-04-01,month_end,30,product,무선통신기기,2306875000,잠정,2026-09-30T01:44:33.547476+00:00
2016-04-01,month_end,30,product,반도체,4590248000,잠정,2026-09-30T01:44:33.547476+00:00
2016-04-01,month_end,30,product,석유제품,2435747000,잠정,2026-09-30T01:44:33.547476+00:00
2016-04-01,month_end,30,product,선박,3421545000,잠정,2026-09-30T01:44:33.547476+00:00
2016-04-01,month_end,30,product,승용차,3231914000,잠정,2026-09-30T01:44:33.547476+00:00
2016-04-01,month_end,30,product,자동차부품,2033711000,잠정,2026-09-30T01:44:33.547476+00:00
2016-04-01,month_end,30,product,전체,41081553000,잠정,2026-09-30T01:44:33.547476+00:00
2016-04-01,month_end,30,product,정밀기기,621048000,잠정,2026-09-30T01:44:33.547476+00:00
2016-04-01,month_end,30,product,철강제품,3265409000,잠정,2026-09-30T01:44:33.547476+00:00
2016-04-01,month_end,30,product,컴퓨터주변기기,557562000,잠정,2026-09-30T01:44:33.547476+00:00
2016-05-01,10,10,country,대만,222740000,잠정,2026-09-30T01:48:16.770726+00:00
2016-05-01,10,10,country,말레이시아,142272000,잠정,2026-09-30T01:48:16.770726+00:00
2016-05-01,10,10,country,미국,1234883000,잠정,2026-09-30T01:48:16.770726+00:00
2016-05-01,10,10,country,베트남,672431000,잠정,2026-09-30T01:48:16.770726+00:00
2016-05-01,10,10,country,싱가포르,187365000,잠정,2026-09-30T01:48:16.770726+00:00
2016-05-01,10,10,country,유럽연합,683345000,잠정,2026-09-30T01:48:16.770726+00:00
2016-05-01,10,10,country,인도,229843000,잠정,2026-09-30T01:48:16.770726+00:00
2016-05-01,10,10,country,일본,497374000,잠정,2026-09-30T01:48:16.770726+00:00
2016-05-01,10,10,country,전체,9306549000,잠정,2026-09-30T01:48:16.770726+00:00
2016-05-01,10,10,country,중국,2717572000,잠정,2026-09-30T01:48:16.770726+00:00
2016-05-01,10,10,country,홍콩,541682000,잠정,2026-09-30T01:48:16.770726+00:00
2016-05-01,10,10,product,가전제품,206426000,잠정,2026-09-30T01:44:33.547476+00:00
2016-05-01,10,10,product,무선통신기기,641028000,잠정,2026-09-30T01:44:33.547476+00:00
2016-05-01,10,10,product,반도체,1278394000,잠정,2026-09-30T01:44:33.547476+00:00
2016-05-01,10,10,product,석유제품,402019000,잠정,2026-09-30T01:44:33.547476+00:00
2016-05-01,10,10,product,선박,540579000,잠정,2026-09-30T01:44:33.547476+00:00
2016-05-01,10,10,product,승용차,246433000,잠정,2026-09-30T01:44:33.547476+00:00
2016-05-01,10,10,product,자동차부품,517236000,잠정,2026-09-30T01:44:33.547476+00:00
2016-05-01,10,10,product,전체,9306549000,잠정,2026-09-30T01:44:33.547476+00:00
2016-05-01,10,10,product,정밀기기,172975000,잠정,2026-09-30T01:44:33.547476+00:00
2016-05-01,10,10,product,철강제품,744731000,잠정,2026-09-30T01:44:33.547476+00:00
2016-05-01,10,10,product,컴퓨터주변기기,134199000,잠정,2026-09-30T01:44:33.547476+00:00
2016-05-01,20,20,country,대만,562076000,잠정,2026-09-30T01:48:16.770726+00:00
2016-05-01,20,20,country,말레이시아,354882000,잠정,2026-09-30T01:48:16.770726+00:00
2016-05-01,20,20,country,미국,3466238000,잠정,2026-09-30T01:48:16.770726+00:00
2016-05-01,20,20,country,베트남,1743187000,잠정,2026-09-30T01:48:16.770726+00:00
2016-05-01,20,20,country,싱가포르,658386000,잠정,2026-09-30T01:48:16.770726+00:00
2016-05-01,20,20,country,유럽연합,2308791000,잠정,2026-09-30T01:48:16.770726+00:00
2016-05-01,20,20,country,인도,572278000,잠정,2026-09-30T01:48:16.770726+00:00
2016-05-01,20,20,country,일본,1294771000,잠정,2026-09-30T01:48:16.770726+00:00
2016-05-01,20,20,country,전체,24622413000,잠정,2026-09-30T01:48:16.770726+00:00
2016-05-01,20,20,country,중국,6393573000,잠정,2026-09-30T01:48:16.770726+00:00
2016-05-01,20,20,country,홍콩,1431692000,잠정,2026-09-30T01:48:16.770726+00:00
2016-05-01,20,20,product,가전제품,516768000,잠정,2026-09-30T01:44:33.547476+00:00
2016-05-01,20,20,product,무선통신기기,1435789000,잠정,2026-09-30T01:44:33.547476+00:00
2016-05-01,20,20,product,반도체,3033433000,잠정,2026-09-30T01:44:33.547476+00:00
2016-05-01,20,20,product,석유제품,1337099000,잠정,2026-09-30T01:44:33.547476+00:00
2016-05-01,20,20,product,선박,1286785000,잠정,2026-09-30T01:44:33.547476+00:00
2016-05-01,20,20,product,승용차,1442922000,잠정,2026-09-30T01:44:33.547476+00:00
2016-05-01,20,20,product,자동차부품,1399514000,잠정,2026-09-30T01:44:33.547476+00:00
2016-05-01,20,20,product,전체,24622413000,잠정,2026-09-30T01:44:33.547476+00:00
2016-05-01,20,20,product,정밀기기,426910000,잠정,2026-09-30T01:44:33.547476+00:00
2016-05-01,20,20,product,철강제품,1951880000,잠정,2026-09-30T01:44:33.547476+00:00
2016-05-01,20,20,product,컴퓨터주변기기,360237000,잠정,2026-09-30T01:44:33.547476+00:00
2016-05-01,month_end,31,country,대만,929800000,잠정,2026-09-30T01:48:16.770726+00:00
2016-05-01,month_end,31,country,말레이시아,549655000,잠정,2026-09-30T01:48:16.770726+00:00
2016-05-01,month_end,31,country,미국,5669350000,잠정,2026-09-30T01:48:16.770726+00:00
2016-05-01,month_end,31,country,베트남,2647732000,잠정,2026-09-30T01:48:16.770726+00:00
2016-05-01,month_end,31,country,싱가포르,961625000,잠정,2026-09-30T01:48:16.770726+00:00
2016-05-01,month_end,31,country,유럽연합,3955287000,잠정,2026-09-30T01:48:16.770726+00:00
2016-05-01,month_end,31,country,인도,891461000,잠정,2026-09-30T01:48:16.770726+00:00
2016-05-01,month_end,31,country,일본,2041331000,잠정,2026-09-30T01:48:16.770726+00:00
2016-05-01,month_end,31,country,전체,39733794000,잠정,2026-09-30T01:48:16.770726+00:00
2016-05-01,month_end,31,country,중국,9928386000,잠정,2026-09-30T01:48:16.770726+00:00
2016-05-01,month_end,31,country,홍콩,2657287000,잠정,2026-09-30T01:48:16.770726+00:00
2016-05-01,month_end,31,product,가전제품,815976000,잠정,2026-09-30T01:44:33.547476+00:00
2016-05-01,month_end,31,product,무선통신기기,2390987000,잠정,2026-09-30T01:44:33.547476+00:00
2016-05-01,month_end,31,product,반도체,4923303000,잠정,2026-09-30T01:44:33.547476+00:00
2016-05-01,month_end,31,product,석유제품,2193445000,잠정,2026-09-30T01:44:33.547476+00:00
2016-05-01,month_end,31,product,선박,1865317000,잠정,2026-09-30T01:44:33.547476+00:00
2016-05-01,month_end,31,product,승용차,3166111000,잠정,2026-09-30T01:44:33.547476+00:00
2016-05-01,month_end,31,product,자동차부품,2018372000,잠정,2026-09-30T01:44:33.547476+00:00
2016-05-01,month_end,31,product,전체,39733794000,잠정,2026-09-30T01:44:33.547476+00:00
2016-05-01,month_end,31,product,정밀기기,652761000,잠정,2026-09-30T01:44:33.547476+00:00
2016-05-01,month_end,31,product,철강제품,3149374000,잠정,2026-09-30T01:44:33.547476+00:00
2016-05-01,month_end,31,product,컴퓨터주변기기,596228000,잠정,2026-09-30T01:44:33.547476+00:00
2016-06-01,10,10,country,대만,322630000,잠정,2026-09-30T01:48:16.770726+00:00
2016-06-01,10,10,country,말레이시아,193737000,잠정,2026-09-30T01:48:16.770726+00:00
2016-06-01,10,10,country,미국,1991150000,잠정,2026-09-30T01:48:16.770726+00:00
2016-06-01,10,10,country,베트남,982088000,잠정,2026-09-30T01:48:16.770726+00:00
2016-06-01,10,10,country,싱가포르,289446000,잠정,2026-09-30T01:48:16.770726+00:00
2016-06-01,10,10,country,유럽연합,1032601000,잠정,2026-09-30T01:48:16.770726+00:00
2016-06-01,10,10,country,인도,289670000,잠정,2026-09-30T01:48:16.770726+00:00
2016-06-01,10,10,country,일본,652378000,잠정,2026-09-30T01:48:16.770726+00:00
2016-06-01,10,10,country,전체,13884003000,잠정,2026-09-30T01:48:16.770726+00:00
2016-06-01,10,10,country,중국,3206079000,잠정,2026-09-30T01:48:16.770726+00:00
2016-06-01,10,10,country,홍콩,915333000,잠정,2026-09-30T01:48:16.770726+00:00
2016-06-01,10,10,product,가전제품,235532000,잠정,2026-09-30T01:44:33.547476+00:00
2016-06-01,10,10,product,무선통신기기,713973000,잠정,2026-09-30T01:44:33.547476+00:00
2016-06-01,10,10,product,반도체,1585169000,잠정,2026-09-30T01:44:33.547476+00:00
2016-06-01,10,10,product,석유제품,682990000,잠정,2026-09-30T01:44:33.547476+00:00
2016-06-01,10,10,product,선박,1942636000,잠정,2026-09-30T01:44:33.547476+00:00
2016-06-01,10,10,product,승용차,624133000,잠정,2026-09-30T01:44:33.547476+00:00
2016-06-01,10,10,product,자동차부품,798907000,잠정,2026-09-30T01:44:33.547476+00:00
2016-06-01,10,10,product,전체,13884003000,잠정,2026-09-30T01:44:33.547476+00:00
2016-06-01,10,10,product,정밀기기,215952000,잠정,2026-09-30T01:44:33.547476+00:00
2016-06-01,10,10,product,철강제품,1021891000,잠정,2026-09-30T01:44:33.547476+00:00
2016-06-01,10,10,product,컴퓨터주변기기,185368000,잠정,2026-09-30T01:44:33.547476+00:00
2016-06-01,20,20,country,대만,590802000,잠정,2026-09-30T01:48:16.770726+00:00
2016-06-01,20,20,country,말레이시아,337120000,잠정,2026-09-30T01:48:16.770726+00:00
2016-06-01,20,20,country,미국,3579012000,잠정,2026-09-30T01:48:16.770726+00:00
2016-06-01,20,20,country,베트남,1721000000,잠정,2026-09-30T01:48:16.770726+00:00
2016-06-01,20,20,country,싱가포르,680009000,잠정,2026-09-30T01:48:16.770726+00:00
2016-06-01,20,20,country,유럽연합,2182097000,잠정,2026-09-30T01:48:16.770726+00:00
2016-06-01,20,20,country,인도,515444000,잠정,2026-09-30T01:48:16.770726+00:00
2016-06-01,20,20,country,일본,1202971000,잠정,2026-09-30T01:48:16.770726+00:00
2016-06-01,20,20,country,전체,25663146000,잠정,2026-09-30T01:48:16.770726+00:00
2016-06-01,20,20,country,중국,6159100000,잠정,2026-09-30T01:48:16.770726+00:00
2016-06-01,20,20,country,홍콩,1556767000,잠정,2026-09-30T01:48:16.770726+00:00
2016-06-01,20,20,product,가전제품,465091000,잠정,2026-09-30T01:44:33.547476+00:00
2016-06-01,20,20,product,무선통신기기,1256422000,잠정,2026-09-30T01:44:33.547476+00:00
2016-06-01,20,20,product,반도체,3000373000,잠정,2026-09-30T01:44:33.547476+00:00
2016-06-01,20,20,product,석유제품,1482503000,잠정,2026-09-30T01:44:33.547476+00:00
2016-06-01,20,20,product,선박,3074736000,잠정,2026-09-30T01:44:33.547476+00:00
2016-06-01,20,20,product,승용차,1514186000,잠정,2026-09-30T01:44:33.547476+00:00
2016-06-01,20,20,product,자동차부품,1341291000,잠정,2026-09-30T01:44:33.547476+00:00
2016-06-01,20,20,product,전체,25663146000,잠정,2026-09-30T01:44:33.547476+00:00
2016-06-01,20,20,product,정밀기기,410487000,잠정,2026-09-30T01:44:33.547476+00:00
2016-06-01,20,20,product,철강제품,1823223000,잠정,2026-09-30T01:44:33.547476+00:00
2016-06-01,20,20,product,컴퓨터주변기기,379820000,잠정,2026-09-30T01:44:33.547476+00:00
2016-06-01,month_end,30,country,대만,1026045000,잠정,2026-09-30T01:48:16.770726+00:00
2016-06-01,month_end,30,country,말레이시아,526364000,잠정,2026-09-30T01:48:16.770726+00:00
2016-06-01,month_end,30,country,미국,6053159000,잠정,2026-09-30T01:48:16.770726+00:00
2016-06-01,month_end,30,country,베트남,2668363000,잠정,2026-09-30T01:48:16.770726+00:00
2016-06-01,month_end,30,country,싱가포르,1143619000,잠정,2026-09-30T01:48:16.770726+00:00
2016-06-01,month_end,30,country,유럽연합,3653926000,잠정,2026-09-30T01:48:16.770726+00:00
2016-06-01,month_end,30,country,인도,936762000,잠정,2026-09-30T01:48:16.770726+00:00
2016-06-01,month_end,30,country,일본,2150804000,잠정,2026-09-30T01:48:16.770726+00:00
2016-06-01,month_end,30,country,전체,45209071000,잠정,2026-09-30T01:48:16.770726+00:00
2016-06-01,month_end,30,country,중국,10182598000,잠정,2026-09-30T01:48:16.770726+00:00
2016-06-01,month_end,30,country,홍콩,3031085000,잠정,2026-09-30T01:48:16.770726+00:00
2016-06-01,month_end,30,product,가전제품,826131000,잠정,2026-09-30T01:44:33.547476+00:00
2016-06-01,month_end,30,product,무선통신기기,2174461000,잠정,2026-09-30T01:44:33.547476+00:00
2016-06-01,month_end,30,product,반도체,5310312000,잠정,2026-09-30T01:44:33.547476+00:00
2016-06-01,month_end,30,product,석유제품,2329539000,잠정,2026-09-30T01:44:33.547476+00:00
2016-06-01,month_end,30,product,선박,5062497000,잠정,2026-09-30T01:44:33.547476+00:00
2016-06-01,month_end,30,product,승용차,3508902000,잠정,2026-09-30T01:44:33.547476+00:00
2016-06-01,month_end,30,product,자동차부품,2134502000,잠정,2026-09-30T01:44:33.547476+00:00
2016-06-01,month_end,30,product,전체,45209071000,잠정,2026-09-30T01:44:33.547476+00:00
2016-06-01,month_end,30,product,정밀기기,691984000,잠정,2026-09-30T01:44:33.547476+00:00
2016-06-01,month_end,30,product,철강제품,3844619000,잠정,2026-09-30T01:44:33.547476+00:00
2016-06-01,month_end,30,product,컴퓨터주변기기,696076000,잠정,2026-09-30T01:44:33.547476+00:00
2016-07-01,10,10,country,대만,263902000,잠정,2026-09-30T01:48:16.770726+00:00
2016-07-01,10,10,country,말레이시아,207421000,잠정,2026-09-30T01:48:16.770726+00:00
2016-07-01,10,10,country,미국,1292971000,잠정,2026-09-30T01:48:16.770726+00:00
2016-07-01,10,10,country,베트남,806145000,잠정,2026-09-30T01:48:16.770726+00:00
2016-07-01,10,10,country,싱가포르,204555000,잠정,2026-09-30T01:48:16.770726+00:00
2016-07-01,10,10,country,유럽연합,965062000,잠정,2026-09-30T01:48:16.770726+00:00
2016-07-01,10,10,country,인도,222093000,잠정,2026-09-30T01:48:16.770726+00:00
2016-07-01,10,10,country,일본,541099000,잠정,2026-09-30T01:48:16.770726+00:00
2016-07-01,10,10,country,전체,10300925000,잠정,2026-09-30T01:48:16.770726+00:00
2016-07-01,10,10,country,중국,2690854000,잠정,2026-09-30T01:48:16.770726+00:00
2016-07-01,10,10,country,홍콩,615075000,잠정,2026-09-30T01:48:16.770726+00:00
2016-07-01,10,10,product,가전제품,204184000,잠정,2026-09-30T01:44:33.547476+00:00
2016-07-01,10,10,product,무선통신기기,438749000,잠정,2026-09-30T01:44:33.547476+00:00
2016-07-01,10,10,product,반도체,1294568000,잠정,2026-09-30T01:44:33.547476+00:00
2016-07-01,10,10,product,석유제품,690929000,잠정,2026-09-30T01:44:33.547476+00:00
2016-07-01,10,10,product,선박,618332000,잠정,2026-09-30T01:44:33.547476+00:00
2016-07-01,10,10,product,승용차,541135000,잠정,2026-09-30T01:44:33.547476+00:00
2016-07-01,10,10,product,자동차부품,555549000,잠정,2026-09-30T01:44:33.547476+00:00
2016-07-01,10,10,product,전체,10300925000,잠정,2026-09-30T01:44:33.547476+00:00
2016-07-01,10,10,product,정밀기기,177947000,잠정,2026-09-30T01:44:33.547476+00:00
2016-07-01,10,10,product,철강제품,853006000,잠정,2026-09-30T01:44:33.547476+00:00
2016-07-01,10,10,product,컴퓨터주변기기,157799000,잠정,2026-09-30T01:44:33.547476+00:00
2016-07-01,20,20,country,대만,619924000,잠정,2026-09-30T01:48:16.770726+00:00
2016-07-01,20,20,country,말레이시아,375639000,잠정,2026-09-30T01:48:16.770726+00:00
2016-07-01,20,20,country,미국,3206962000,잠정,2026-09-30T01:48:16.770726+00:00
2016-07-01,20,20,country,베트남,1811662000,잠정,2026-09-30T01:48:16.770726+00:00
2016-07-01,20,20,country,싱가포르,610537000,잠정,2026-09-30T01:48:16.770726+00:00
2016-07-01,20,20,country,유럽연합,2336655000,잠정,2026-09-30T01:48:16.770726+00:00
2016-07-01,20,20,country,인도,525493000,잠정,2026-09-30T01:48:16.770726+00:00
2016-07-01,20,20,country,일본,1278335000,잠정,2026-09-30T01:48:16.770726+00:00
2016-07-01,20,20,country,전체,24535848000,잠정,2026-09-30T01:48:16.770726+00:00
2016-07-01,20,20,country,중국,6311764000,잠정,2026-09-30T01:48:16.770726+00:00
2016-07-01,20,20,country,홍콩,1589097000,잠정,2026-09-30T01:48:16.770726+00:00
2016-07-01,20,20,product,가전제품,527978000,잠정,2026-09-30T01:44:33.547476+00:00
2016-07-01,20,20,product,무선통신기기,1130778000,잠정,2026-09-30T01:44:33.547476+00:00
2016-07-01,20,20,product,반도체,3058461000,잠정,2026-09-30T01:44:33.547476+00:00
2016-07-01,20,20,product,석유제품,1601650000,잠정,2026-09-30T01:44:33.547476+00:00
2016-07-01,20,20,product,선박,1381135000,잠정,2026-09-30T01:44:33.547476+00:00
2016-07-01,20,20,product,승용차,1623959000,잠정,2026-09-30T01:44:33.547476+00:00
2016-07-01,20,20,product,자동차부품,1252781000,잠정,2026-09-30T01:44:33.547476+00:00
2016-07-01,20,20,product,전체,24535848000,잠정,2026-09-30T01:44:33.547476+00:00
2016-07-01,20,20,product,정밀기기,430287000,잠정,2026-09-30T01:44:33.547476+00:00
2016-07-01,20,20,product,철강제품,1884835000,잠정,2026-09-30T01:44:33.547476+00:00
2016-07-01,20,20,product,컴퓨터주변기기,398717000,잠정,2026-09-30T01:44:33.547476+00:00
2016-07-01,month_end,31,country,대만,973517000,잠정,2026-09-30T01:48:16.770726+00:00
2016-07-01,month_end,31,country,말레이시아,612236000,잠정,2026-09-30T01:48:16.770726+00:00
2016-07-01,month_end,31,country,미국,5290588000,잠정,2026-09-30T01:48:16.770726+00:00
2016-07-01,month_end,31,country,베트남,2817811000,잠정,2026-09-30T01:48:16.770726+00:00
2016-07-01,month_end,31,country,싱가포르,963683000,잠정,2026-09-30T01:48:16.770726+00:00
2016-07-01,month_end,31,country,유럽연합,3910326000,잠정,2026-09-30T01:48:16.770726+00:00
2016-07-01,month_end,31,country,인도,881135000,잠정,2026-09-30T01:48:16.770726+00:00
2016-07-01,month_end,31,country,일본,2067445000,잠정,2026-09-30T01:48:16.770726+00:00
2016-07-01,month_end,31,country,전체,40881700000,잠정,2026-09-30T01:48:16.770726+00:00
2016-07-01,month_end,31,country,중국,10133980000,잠정,2026-09-30T01:48:16.770726+00:00
2016-07-01,month_end,31,country,홍콩,2774939000,잠정,2026-09-30T01:48:16.770726+00:00
2016-07-01,month_end,31,product,가전제품,860149000,잠정,2026-09-30T01:44:33.547476+00:00
2016-07-01,month_end,31,product,무선통신기기,1836078000,잠정,2026-09-30T01:44:33.547476+00:00
2016-07-01,month_end,31,product,반도체,5036541000,잠정,2026-09-30T01:44:33.547476+00:00
2016-07-01,month_end,31,product,석유제품,2701275000,잠정,2026-09-30T01:44:33.547476+00:00
2016-07-01,month_end,31,product,선박,1879096000,잠정,2026-09-30T01:44:33.547476+00:00
2016-07-01,month_end,31,product,승용차,3171440000,잠정,2026-09-30T01:44:33.547476+00:00
2016-07-01,month_end,31,product,자동차부품,2084696000,잠정,2026-09-30T01:44:33.547476+00:00
2016-07-01,month_end,31,product,전체,40881700000,잠정,2026-09-30T01:44:33.547476+00:00
2016-07-01,month_end,31,product,정밀기기,697328000,잠정,2026-09-30T01:44:33.547476+00:00
2016-07-01,month_end,31,product,철강제품,3334799000,잠정,2026-09-30T01:44:33.547476+00:00
2016-07-01,month_end,31,product,컴퓨터주변기기,661255000,잠정,2026-09-30T01:44:33.547476+00:00
2016-08-01,10,10,country,대만,283036000,잠정,2026-09-30T01:48:16.770726+00:00
2016-08-01,10,10,country,말레이시아,221072000,잠정,2026-09-30T01:48:16.770726+00:00
2016-08-01,10,10,country,미국,1084928000,잠정,2026-09-30T01:48:16.770726+00:00
2016-08-01,10,10,country,베트남,783184000,잠정,2026-09-30T01:48:16.770726+00:00
2016-08-01,10,10,country,싱가포르,179775000,잠정,2026-09-30T01:48:16.770726+00:00
2016-08-01,10,10,country,유럽연합,804344000,잠정,2026-09-30T01:48:16.770726+00:00
2016-08-01,10,10,country,인도,189798000,잠정,2026-09-30T01:48:16.770726+00:00
2016-08-01,10,10,country,일본,532490000,잠정,2026-09-30T01:48:16.770726+00:00
2016-08-01,10,10,country,전체,9697883000,잠정,2026-09-30T01:48:16.770726+00:00
2016-08-01,10,10,country,중국,2883858000,잠정,2026-09-30T01:48:16.770726+00:00
2016-08-01,10,10,country,홍콩,789586000,잠정,2026-09-30T01:48:16.770726+00:00
2016-08-01,10,10,product,가전제품,179574000,잠정,2026-09-30T01:44:33.547476+00:00
2016-08-01,10,10,product,무선통신기기,588810000,잠정,2026-09-30T01:44:33.547476+00:00
2016-08-01,10,10,product,반도체,1650194000,잠정,2026-09-30T01:44:33.547476+00:00
2016-08-01,10,10,product,석유제품,563583000,잠정,2026-09-30T01:44:33.547476+00:00
2016-08-01,10,10,product,선박,376265000,잠정,2026-09-30T01:44:33.547476+00:00
2016-08-01,10,10,product,승용차,74268000,잠정,2026-09-30T01:44:33.547476+00:00
2016-08-01,10,10,product,자동차부품,326272000,잠정,2026-09-30T01:44:33.547476+00:00
2016-08-01,10,10,product,전체,9697883000,잠정,2026-09-30T01:44:33.547476+00:00
2016-08-01,10,10,product,정밀기기,199302000,잠정,2026-09-30T01:44:33.547476+00:00
2016-08-01,10,10,product,철강제품,819020000,잠정,2026-09-30T01:44:33.547476+00:00
2016-08-01,10,10,product,컴퓨터주변기기,179234000,잠정,2026-09-30T01:44:33.547476+00:00
2016-08-01,20,20,country,대만,601226000,잠정,2026-09-30T01:48:16.770726+00:00
2016-08-01,20,20,country,말레이시아,382681000,잠정,2026-09-30T01:48:16.770726+00:00
2016-08-01,20,20,country,미국,2752280000,잠정,2026-09-30T01:48:16.770726+00:00
2016-08-01,20,20,country,베트남,1739400000,잠정,2026-09-30T01:48:16.770726+00:00
2016-08-01,20,20,country,싱가포르,561833000,잠정,2026-09-30T01:48:16.770726+00:00
2016-08-01,20,20,country,유럽연합,1847232000,잠정,2026-09-30T01:48:16.770726+00:00
2016-08-01,20,20,country,인도,483200000,잠정,2026-09-30T01:48:16.770726+00:00
2016-08-01,20,20,country,일본,1140484000,잠정,2026-09-30T01:48:16.770726+00:00
2016-08-01,20,20,country,전체,22463718000,잠정,2026-09-30T01:48:16.770726+00:00
2016-08-01,20,20,country,중국,6305766000,잠정,2026-09-30T01:48:16.770726+00:00
2016-08-01,20,20,country,홍콩,1809316000,잠정,2026-09-30T01:48:16.770726+00:00
2016-08-01,20,20,product,가전제품,486542000,잠정,2026-09-30T01:44:33.547476+00:00
2016-08-01,20,20,product,무선통신기기,1291824000,잠정,2026-09-30T01:44:33.547476+00:00
2016-08-01,20,20,product,반도체,3415694000,잠정,2026-09-30T01:44:33.547476+00:00
2016-08-01,20,20,product,석유제품,1287314000,잠정,2026-09-30T01:44:33.547476+00:00
2016-08-01,20,20,product,선박,1394919000,잠정,2026-09-30T01:44:33.547476+00:00
2016-08-01,20,20,product,승용차,731982000,잠정,2026-09-30T01:44:33.547476+00:00
2016-08-01,20,20,product,자동차부품,1012330000,잠정,2026-09-30T01:44:33.547476+00:00
2016-08-01,20,20,product,전체,22463718000,잠정,2026-09-30T01:44:33.547476+00:00
2016-08-01,20,20,product,정밀기기,424455000,잠정,2026-09-30T01:44:33.547476+00:00
2016-08-01,20,20,product,철강제품,1765118000,잠정,2026-09-30T01:44:33.547476+00:00
2016-08-01,20,20,product,컴퓨터주변기기,375702000,잠정,2026-09-30T01:44:33.547476+00:00
2016-08-01,month_end,31,country,대만,1008757000,잠정,2026-09-30T01:48:16.770726+00:00
2016-08-01,month_end,31,country,말레이시아,649113000,잠정,2026-09-30T01:48:16.770726+00:00
2016-08-01,month_end,31,country,미국,4818513000,잠정,2026-09-30T01:48:16.770726+00:00
2016-08-01,month_end,31,country,베트남,2750600000,잠정,2026-09-30T01:48:16.770726+00:00
2016-08-01,month_end,31,country,싱가포르,960680000,잠정,2026-09-30T01:48:16.770726+00:00
2016-08-01,month_end,31,country,유럽연합,3253449000,잠정,2026-09-30T01:48:16.770726+00:00
2016-08-01,month_end,31,country,인도,865149000,잠정,2026-09-30T01:48:16.770726+00:00
2016-08-01,month_end,31,country,일본,2010574000,잠정,2026-09-30T01:48:16.770726+00:00
2016-08-01,month_end,31,country,전체,40124791000,잠정,2026-09-30T01:48:16.770726+00:00
2016-08-01,month_end,31,country,중국,10304262000,잠정,2026-09-30T01:48:16.770726+00:00
2016-08-01,month_end,31,country,홍콩,3230570000,잠정,2026-09-30T01:48:16.770726+00:00
2016-08-01,month_end,31,product,가전제품,877193000,잠정,2026-09-30T01:44:33.547476+00:00
2016-08-01,month_end,31,product,무선통신기기,2076029000,잠정,2026-09-30T01:44:33.547476+00:00
2016-08-01,month_end,31,product,반도체,5613838000,잠정,2026-09-30T01:44:33.547476+00:00
2016-08-01,month_end,31,product,석유제품,2102511000,잠정,2026-09-30T01:44:33.547476+00:00
2016-08-01,month_end,31,product,선박,3199768000,잠정,2026-09-30T01:44:33.547476+00:00
2016-08-01,month_end,31,product,승용차,2086868000,잠정,2026-09-30T01:44:33.547476+00:00
2016-08-01,month_end,31,product,자동차부품,1776612000,잠정,2026-09-30T01:44:33.547476+00:00
2016-08-01,month_end,31,product,전체,40124791000,잠정,2026-09-30T01:44:33.547476+00:00
2016-08-01,month_end,31,product,정밀기기,707365000,잠정,2026-09-30T01:44:33.547476+00:00
2016-08-01,month_end,31,product,철강제품,3276519000,잠정,2026-09-30T01:44:33.547476+00:00
2016-08-01,month_end,31,product,컴퓨터주변기기,674818000,잠정,2026-09-30T01:44:33.547476+00:00
2016-09-01,10,10,country,대만,352336000,잠정,2026-09-30T01:48:16.770726+00:00
2016-09-01,10,10,country,말레이시아,398188000,잠정,2026-09-30T01:48:16.770726+00:00
2016-09-01,10,10,country,미국,1674479000,잠정,2026-09-30T01:48:16.770726+00:00
2016-09-01,10,10,country,베트남,986326000,잠정,2026-09-30T01:48:16.770726+00:00
2016-09-01,10,10,country,싱가포르,285628000,잠정,2026-09-30T01:48:16.770726+00:00
2016-09-01,10,10,country,유럽연합,1122218000,잠정,2026-09-30T01:48:16.770726+00:00
2016-09-01,10,10,country,인도,289237000,잠정,2026-09-30T01:48:16.770726+00:00
2016-09-01,10,10,country,일본,749274000,잠정,2026-09-30T01:48:16.770726+00:00
2016-09-01,10,10,country,전체,13492748000,잠정,2026-09-30T01:48:16.770726+00:00
2016-09-01,10,10,country,중국,3682589000,잠정,2026-09-30T01:48:16.770726+00:00
2016-09-01,10,10,country,홍콩,784688000,잠정,2026-09-30T01:48:16.770726+00:00
2016-09-01,10,10,product,가전제품,332321000,잠정,2026-09-30T01:44:33.547476+00:00
2016-09-01,10,10,product,무선통신기기,730692000,잠정,2026-09-30T01:44:33.547476+00:00
2016-09-01,10,10,product,반도체,1752533000,잠정,2026-09-30T01:44:33.547476+00:00
2016-09-01,10,10,product,석유제품,753410000,잠정,2026-09-30T01:44:33.547476+00:00
2016-09-01,10,10,product,선박,947951000,잠정,2026-09-30T01:44:33.547476+00:00
2016-09-01,10,10,product,승용차,482651000,잠정,2026-09-30T01:44:33.547476+00:00
2016-09-01,10,10,product,자동차부품,839676000,잠정,2026-09-30T01:44:33.547476+00:00
2016-09-01,10,10,product,전체,13492748000,잠정,2026-09-30T01:44:33.547476+00:00
2016-09-01,10,10,product,정밀기기,250595000,잠정,2026-09-30T01:44:33.547476+00:00
2016-09-01,10,10,product,철강제품,1024127000,잠정,2026-09-30T01:44:33.547476+00:00
2016-09-01,10,10,product,컴퓨터주변기기,193610000,잠정,2026-09-30T01:44:33.547476+00:00
2016-09-01,20,20,country,대만,588290000,잠정,2026-09-30T01:48:16.770726+00:00
2016-09-01,20,20,country,말레이시아,516540000,잠정,2026-09-30T01:48:16.770726+00:00
2016-09-01,20,20,country,미국,2803189000,잠정,2026-09-30T01:48:16.770726+00:00
2016-09-01,20,20,country,베트남,1667712000,잠정,2026-09-30T01:48:16.770726+00:00
2016-09-01,20,20,country,싱가포르,512014000,잠정,2026-09-30T01:48:16.770726+00:00
2016-09-01,20,20,country,유럽연합,2024794000,잠정,2026-09-30T01:48:16.770726+00:00
2016-09-01,20,20,country,인도,506074000,잠정,2026-09-30T01:48:16.770726+00:00
2016-09-01,20,20,country,일본,1222307000,잠정,2026-09-30T01:48:16.770726+00:00
2016-09-01,20,20,country,전체,22903863000,잠정,2026-09-30T01:48:16.770726+00:00
2016-09-01,20,20,country,중국,6726794000,잠정,2026-09-30T01:48:16.770726+00:00
2016-09-01,20,20,country,홍콩,1359286000,잠정,2026-09-30T01:48:16.770726+00:00
2016-09-01,20,20,product,가전제품,547414000,잠정,2026-09-30T01:44:33.547476+00:00
2016-09-01,20,20,product,무선통신기기,1171888000,잠정,2026-09-30T01:44:33.547476+00:00
2016-09-01,20,20,product,반도체,3346806000,잠정,2026-09-30T01:44:33.547476+00:00
2016-09-01,20,20,product,석유제품,1528073000,잠정,2026-09-30T01:44:33.547476+00:00
2016-09-01,20,20,product,선박,1203522000,잠정,2026-09-30T01:44:33.547476+00:00
2016-09-01,20,20,product,승용차,974757000,잠정,2026-09-30T01:44:33.547476+00:00
2016-09-01,20,20,product,자동차부품,1265730000,잠정,2026-09-30T01:44:33.547476+00:00
2016-09-01,20,20,product,전체,22903863000,잠정,2026-09-30T01:44:33.547476+00:00
2016-09-01,20,20,product,정밀기기,427903000,잠정,2026-09-30T01:44:33.547476+00:00
2016-09-01,20,20,product,철강제품,1680985000,잠정,2026-09-30T01:44:33.547476+00:00
2016-09-01,20,20,product,컴퓨터주변기기,363310000,잠정,2026-09-30T01:44:33.547476+00:00
2016-09-01,month_end,30,country,대만,1078074000,잠정,2026-09-30T01:48:16.770726+00:00
2016-09-01,month_end,30,country,말레이시아,772150000,잠정,2026-09-30T01:48:16.770726+00:00
2016-09-01,month_end,30,country,미국,5132438000,잠정,2026-09-30T01:48:16.770726+00:00
2016-09-01,month_end,30,country,베트남,2796647000,잠정,2026-09-30T01:48:16.770726+00:00
2016-09-01,month_end,30,country,싱가포르,902718000,잠정,2026-09-30T01:48:16.770726+00:00
2016-09-01,month_end,30,country,유럽연합,3789158000,잠정,2026-09-30T01:48:16.770726+00:00
2016-09-01,month_end,30,country,인도,953790000,잠정,2026-09-30T01:48:16.770726+00:00
2016-09-01,month_end,30,country,일본,2168025000,잠정,2026-09-30T01:48:16.770726+00:00
2016-09-01,month_end,30,country,전체,40846252000,잠정,2026-09-30T01:48:16.770726+00:00
2016-09-01,month_end,30,country,중국,10953271000,잠정,2026-09-30T01:48:16.770726+00:00
2016-09-01,month_end,30,country,홍콩,2865857000,잠정,2026-09-30T01:48:16.770726+00:00
2016-09-01,month_end,30,product,가전제품,949605000,잠정,2026-09-30T01:44:33.547476+00:00
2016-09-01,month_end,30,product,무선통신기기,1990340000,잠정,2026-09-30T01:44:33.547476+00:00
2016-09-01,month_end,30,product,반도체,5733316000,잠정,2026-09-30T01:44:33.547476+00:00
2016-09-01,month_end,30,product,석유제품,2409807000,잠정,2026-09-30T01:44:33.547476+00:00
2016-09-01,month_end,30,product,선박,2169639000,잠정,2026-09-30T01:44:33.547476+00:00
2016-09-01,month_end,30,product,승용차,2195324000,잠정,2026-09-30T01:44:33.547476+00:00
2016-09-01,month_end,30,product,자동차부품,2184384000,잠정,2026-09-30T01:44:33.547476+00:00
2016-09-01,month_end,30,product,전체,40846252000,잠정,2026-09-30T01:44:33.547476+00:00
2016-09-01,month_end,30,product,정밀기기,736471000,잠정,2026-09-30T01:44:33.547476+00:00
2016-09-01,month_end,30,product,철강제품,3204443000,잠정,2026-09-30T01:44:33.547476+00:00
2016-09-01,month_end,30,product,컴퓨터주변기기,705578000,잠정,2026-09-30T01:44:33.547476+00:00
2016-10-01,10,10,country,대만,289956000,잠정,2026-09-30T01:48:16.770726+00:00
2016-10-01,10,10,country,말레이시아,124255000,잠정,2026-09-30T01:48:16.770726+00:00
2016-10-01,10,10,country,미국,1207656000,잠정,2026-09-30T01:48:16.770726+00:00
2016-10-01,10,10,country,베트남,777663000,잠정,2026-09-30T01:48:16.770726+00:00
2016-10-01,10,10,country,싱가포르,207459000,잠정,2026-09-30T01:48:16.770726+00:00
2016-10-01,10,10,country,유럽연합,686325000,잠정,2026-09-30T01:48:16.770726+00:00
2016-10-01,10,10,country,인도,186966000,잠정,2026-09-30T01:48:16.770726+00:00
2016-10-01,10,10,country,일본,495035000,잠정,2026-09-30T01:48:16.770726+00:00
2016-10-01,10,10,country,전체,9451090000,잠정,2026-09-30T01:48:16.770726+00:00
2016-10-01,10,10,country,중국,2850959000,잠정,2026-09-30T01:48:16.770726+00:00
2016-10-01,10,10,country,홍콩,454362000,잠정,2026-09-30T01:48:16.770726+00:00
2016-10-01,10,10,product,가전제품,257989000,잠정,2026-09-30T01:44:33.547476+00:00
2016-10-01,10,10,product,무선통신기기,625166000,잠정,2026-09-30T01:44:33.547476+00:00
2016-10-01,10,10,product,반도체,1341772000,잠정,2026-09-30T01:44:33.547476+00:00
2016-10-01,10,10,product,석유제품,625414000,잠정,2026-09-30T01:44:33.547476+00:00
2016-10-01,10,10,product,선박,391550000,잠정,2026-09-30T01:44:33.547476+00:00
2016-10-01,10,10,product,승용차,266323000,잠정,2026-09-30T01:44:33.547476+00:00
2016-10-01,10,10,product,자동차부품,534109000,잠정,2026-09-30T01:44:33.547476+00:00
2016-10-01,10,10,product,전체,9451090000,잠정,2026-09-30T01:44:33.547476+00:00
2016-10-01,10,10,product,정밀기기,182185000,잠정,2026-09-30T01:44:33.547476+00:00
2016-10-01,10,10,product,철강제품,686818000,잠정,2026-09-30T01:44:33.547476+00:00
2016-10-01,10,10,product,컴퓨터주변기기,179926000,잠정,2026-09-30T01:44:33.547476+00:00
2016-10-01,20,20,country,대만,748378000,잠정,2026-09-30T01:48:16.770726+00:00
2016-10-01,20,20,country,말레이시아,354840000,잠정,2026-09-30T01:48:16.770726+00:00
2016-10-01,20,20,country,미국,3328455000,잠정,2026-09-30T01:48:16.770726+00:00
2016-10-01,20,20,country,베트남,1843230000,잠정,2026-09-30T01:48:16.770726+00:00
2016-10-01,20,20,country,싱가포르,691600000,잠정,2026-09-30T01:48:16.770726+00:00
2016-10-01,20,20,country,유럽연합,2154356000,잠정,2026-09-30T01:48:16.770726+00:00
2016-10-01,20,20,country,인도,549157000,잠정,2026-09-30T01:48:16.770726+00:00
2016-10-01,20,20,country,일본,1289748000,잠정,2026-09-30T01:48:16.770726+00:00
2016-10-01,20,20,country,전체,24969767000,잠정,2026-09-30T01:48:16.770726+00:00
2016-10-01,20,20,country,중국,6857023000,잠정,2026-09-30T01:48:16.770726+00:00
2016-10-01,20,20,country,홍콩,1609255000,잠정,2026-09-30T01:48:16.770726+00:00
2016-10-01,20,20,product,가전제품,616489000,잠정,2026-09-30T01:44:33.547476+00:00
2016-10-01,20,20,product,무선통신기기,1427349000,잠정,2026-09-30T01:44:33.547476+00:00
2016-10-01,20,20,product,반도체,3273787000,잠정,2026-09-30T01:44:33.547476+00:00
2016-10-01,20,20,product,석유제품,1445367000,잠정,2026-09-30T01:44:33.547476+00:00
2016-10-01,20,20,product,선박,1463501000,잠정,2026-09-30T01:44:33.547476+00:00
2016-10-01,20,20,product,승용차,1360026000,잠정,2026-09-30T01:44:33.547476+00:00
2016-10-01,20,20,product,자동차부품,1390960000,잠정,2026-09-30T01:44:33.547476+00:00
2016-10-01,20,20,product,전체,24969767000,잠정,2026-09-30T01:44:33.547476+00:00
2016-10-01,20,20,product,정밀기기,461634000,잠정,2026-09-30T01:44:33.547476+00:00
2016-10-01,20,20,product,철강제품,1831808000,잠정,2026-09-30T01:44:33.547476+00:00
2016-10-01,20,20,product,컴퓨터주변기기,434624000,잠정,2026-09-30T01:44:33.547476+00:00
2016-10-01,month_end,31,country,대만,1236790000,잠정,2026-09-30T01:48:16.770726+00:00
2016-10-01,month_end,31,country,말레이시아,563719000,잠정,2026-09-30T01:48:16.770726+00:00
2016-10-01,month_end,31,country,미국,5401982000,잠정,2026-09-30T01:48:16.770726+00:00
2016-10-01,month_end,31,country,베트남,2886439000,잠정,2026-09-30T01:48:16.770726+00:00
2016-10-01,month_end,31,country,싱가포르,1037710000,잠정,2026-09-30T01:48:16.770726+00:00
2016-10-01,month_end,31,country,유럽연합,3890322000,잠정,2026-09-30T01:48:16.770726+00:00
2016-10-01,month_end,31,country,인도,953148000,잠정,2026-09-30T01:48:16.770726+00:00
2016-10-01,month_end,31,country,일본,2103254000,잠정,2026-09-30T01:48:16.770726+00:00
2016-10-01,month_end,31,country,전체,41983329000,잠정,2026-09-30T01:48:16.770726+00:00
2016-10-01,month_end,31,country,중국,11088002000,잠정,2026-09-30T01:48:16.770726+00:00
2016-10-01,month_end,31,country,홍콩,2961775000,잠정,2026-09-30T01:48:16.770726+00:00
2016-10-01,month_end,31,product,가전제품,962826000,잠정,2026-09-30T01:44:33.547476+00:00
2016-10-01,month_end,31,product,무선통신기기,2386606000,잠정,2026-09-30T01:44:33.547476+00:00
2016-10-01,month_end,31,product,반도체,5619086000,잠정,2026-09-30T01:44:33.547476+00:00
2016-10-01,month_end,31,product,석유제품,2321520000,잠정,2026-09-30T01:44:33.547476+00:00
2016-10-01,month_end,31,product,선박,2509324000,잠정,2026-09-30T01:44:33.547476+00:00
2016-10-01,month_end,31,product,승용차,3086277000,잠정,2026-09-30T01:44:33.547476+00:00
2016-10-01,month_end,31,product,자동차부품,2112055000,잠정,2026-09-30T01:44:33.547476+00:00
2016-10-01,month_end,31,product,전체,41983329000,잠정,2026-09-30T01:44:33.547476+00:00
2016-10-01,month_end,31,product,정밀기기,740922000,잠정,2026-09-30T01:44:33.547476+00:00
2016-10-01,month_end,31,product,철강제품,3133644000,잠정,2026-09-30T01:44:33.547476+00:00
2016-10-01,month_end,31,product,컴퓨터주변기기,737261000,잠정,2026-09-30T01:44:33.547476+00:00
2016-11-01,10,10,country,대만,435942000,잠정,2026-09-30T01:48:16.770726+00:00
2016-11-01,10,10,country,말레이시아,189841000,잠정,2026-09-30T01:48:16.770726+00:00
2016-11-01,10,10,country,미국,1858938000,잠정,2026-09-30T01:48:16.770726+00:00
2016-11-01,10,10,country,베트남,1048325000,잠정,2026-09-30T01:48:16.770726+00:00
2016-11-01,10,10,country,싱가포르,251334000,잠정,2026-09-30T01:48:16.770726+00:00
2016-11-01,10,10,country,유럽연합,1117736000,잠정,2026-09-30T01:48:16.770726+00:00
2016-11-01,10,10,country,인도,296210000,잠정,2026-09-30T01:48:16.770726+00:00
2016-11-01,10,10,country,일본,732781000,잠정,2026-09-30T01:48:16.770726+00:00
2016-11-01,10,10,country,전체,13865744000,잠정,2026-09-30T01:48:16.770726+00:00
2016-11-01,10,10,country,중국,3759421000,잠정,2026-09-30T01:48:16.770726+00:00
2016-11-01,10,10,country,홍콩,909609000,잠정,2026-09-30T01:48:16.770726+00:00
2016-11-01,10,10,product,가전제품,298124000,잠정,2026-09-30T01:44:33.547476+00:00
2016-11-01,10,10,product,무선통신기기,863810000,잠정,2026-09-30T01:44:33.547476+00:00
2016-11-01,10,10,product,반도체,1917115000,잠정,2026-09-30T01:44:33.547476+00:00
2016-11-01,10,10,product,석유제품,767288000,잠정,2026-09-30T01:44:33.547476+00:00
2016-11-01,10,10,product,선박,604844000,잠정,2026-09-30T01:44:33.547476+00:00
2016-11-01,10,10,product,승용차,669328000,잠정,2026-09-30T01:44:33.547476+00:00
2016-11-01,10,10,product,자동차부품,841988000,잠정,2026-09-30T01:44:33.547476+00:00
2016-11-01,10,10,product,전체,13865744000,잠정,2026-09-30T01:44:33.547476+00:00
2016-11-01,10,10,product,정밀기기,262126000,잠정,2026-09-30T01:44:33.547476+00:00
2016-11-01,10,10,product,철강제품,1015643000,잠정,2026-09-30T01:44:33.547476+00:00
2016-11-01,10,10,product,컴퓨터주변기기,204329000,잠정,2026-09-30T01:44:33.547476+00:00
2016-11-01,20,20,country,대만,810292000,잠정,2026-09-30T01:48:16.770726+00:00
2016-11-01,20,20,country,말레이시아,336257000,잠정,2026-09-30T01:48:16.770726+00:00
2016-11-01,20,20,country,미국,3406729000,잠정,2026-09-30T01:48:16.770726+00:00
2016-11-01,20,20,country,베트남,1928184000,잠정,2026-09-30T01:48:16.770726+00:00
2016-11-01,20,20,country,싱가포르,1065489000,잠정,2026-09-30T01:48:16.770726+00:00
2016-11-01,20,20,country,유럽연합,2266252000,잠정,2026-09-30T01:48:16.770726+00:00
2016-11-01,20,20,country,인도,579846000,잠정,2026-09-30T01:48:16.770726+00:00
2016-11-01,20,20,country,일본,1367607000,잠정,2026-09-30T01:48:16.770726+00:00
2016-11-01,20,20,country,전체,27144176000,잠정,2026-09-30T01:48:16.770726+00:00
2016-11-01,20,20,country,중국,7320434000,잠정,2026-09-30T01:48:16.770726+00:00
2016-11-01,20,20,country,홍콩,1737661000,잠정,2026-09-30T01:48:16.770726+00:00
2016-11-01,20,20,product,가전제품,528095000,잠정,2026-09-30T01:44:33.547476+00:00
2016-11-01,20,20,product,무선통신기기,1503453000,잠정,2026-09-30T01:44:33.547476+00:00
2016-11-01,20,20,product,반도체,3588581000,잠정,2026-09-30T01:44:33.547476+00:00
2016-11-01,20,20,product,석유제품,1432777000,잠정,2026-09-30T01:44:33.547476+00:00
2016-11-01,20,20,product,선박,2133594000,잠정,2026-09-30T01:44:33.547476+00:00
2016-11-01,20,20,product,승용차,1729735000,잠정,2026-09-30T01:44:33.547476+00:00
2016-11-01,20,20,product,자동차부품,1380521000,잠정,2026-09-30T01:44:33.547476+00:00
2016-11-01,20,20,product,전체,27144176000,잠정,2026-09-30T01:44:33.547476+00:00
2016-11-01,20,20,product,정밀기기,490425000,잠정,2026-09-30T01:44:33.547476+00:00
2016-11-01,20,20,product,철강제품,2016654000,잠정,2026-09-30T01:44:33.547476+00:00
2016-11-01,20,20,product,컴퓨터주변기기,395451000,잠정,2026-09-30T01:44:33.547476+00:00
2016-11-01,month_end,30,country,대만,1304056000,잠정,2026-09-30T01:48:16.770726+00:00
2016-11-01,month_end,30,country,말레이시아,725085000,잠정,2026-09-30T01:48:16.770726+00:00
2016-11-01,month_end,30,country,미국,5723086000,잠정,2026-09-30T01:48:16.770726+00:00
2016-11-01,month_end,30,country,베트남,3015088000,잠정,2026-09-30T01:48:16.770726+00:00
2016-11-01,month_end,30,country,싱가포르,1412226000,잠정,2026-09-30T01:48:16.770726+00:00
2016-11-01,month_end,30,country,유럽연합,3972225000,잠정,2026-09-30T01:48:16.770726+00:00
2016-11-01,month_end,30,country,인도,1046367000,잠정,2026-09-30T01:48:16.770726+00:00
2016-11-01,month_end,30,country,일본,2275227000,잠정,2026-09-30T01:48:16.770726+00:00
2016-11-01,month_end,30,country,전체,45309141000,잠정,2026-09-30T01:48:16.770726+00:00
2016-11-01,month_end,30,country,중국,11632781000,잠정,2026-09-30T01:48:16.770726+00:00
2016-11-01,month_end,30,country,홍콩,2954781000,잠정,2026-09-30T01:48:16.770726+00:00
2016-11-01,month_end,30,product,가전제품,791857000,잠정,2026-09-30T01:44:33.547476+00:00
2016-11-01,month_end,30,product,무선통신기기,2303042000,잠정,2026-09-30T01:44:33.547476+00:00
2016-11-01,month_end,30,product,반도체,5834147000,잠정,2026-09-30T01:44:33.547476+00:00
2016-11-01,month_end,30,product,석유제품,2405414000,잠정,2026-09-30T01:44:33.547476+00:00
2016-11-01,month_end,30,product,선박,3441052000,잠정,2026-09-30T01:44:33.547476+00:00
2016-11-01,month_end,30,product,승용차,3662361000,잠정,2026-09-30T01:44:33.547476+00:00
2016-11-01,month_end,30,product,자동차부품,2117177000,잠정,2026-09-30T01:44:33.547476+00:00
2016-11-01,month_end,30,product,전체,45309141000,잠정,2026-09-30T01:44:33.547476+00:00
2016-11-01,month_end,30,product,정밀기기,809187000,잠정,2026-09-30T01:44:33.547476+00:00
2016-11-01,month_end,30,product,철강제품,3474401000,잠정,2026-09-30T01:44:33.547476+00:00
2016-11-01,month_end,30,product,컴퓨터주변기기,668976000,잠정,2026-09-30T01:44:33.547476+00:00
2016-12-01,10,10,country,대만,377804000,잠정,2026-09-30T01:48:16.770726+00:00
2016-12-01,10,10,country,말레이시아,186755000,잠정,2026-09-30T01:48:16.770726+00:00
2016-12-01,10,10,country,미국,1482925000,잠정,2026-09-30T01:48:16.770726+00:00
2016-12-01,10,10,country,베트남,1013590000,잠정,2026-09-30T01:48:16.770726+00:00
2016-12-01,10,10,country,싱가포르,245971000,잠정,2026-09-30T01:48:16.770726+00:00
2016-12-01,10,10,country,유럽연합,1433799000,잠정,2026-09-30T01:48:16.770726+00:00
2016-12-01,10,10,country,인도,281712000,잠정,2026-09-30T01:48:16.770726+00:00
2016-12-01,10,10,country,일본,737858000,잠정,2026-09-30T01:48:16.770726+00:00
2016-12-01,10,10,country,전체,12840228000,잠정,2026-09-30T01:48:16.770726+00:00
2016-12-01,10,10,country,중국,3629022000,잠정,2026-09-30T01:48:16.770726+00:00
2016-12-01,10,10,country,홍콩,965039000,잠정,2026-09-30T01:48:16.770726+00:00
2016-12-01,10,10,product,가전제품,228103000,잠정,2026-09-30T01:44:33.547476+00:00
2016-12-01,10,10,product,무선통신기기,706809000,잠정,2026-09-30T01:44:33.547476+00:00
2016-12-01,10,10,product,반도체,1802378000,잠정,2026-09-30T01:44:33.547476+00:00
2016-12-01,10,10,product,석유제품,676461000,잠정,2026-09-30T01:44:33.547476+00:00
2016-12-01,10,10,product,선박,437536000,잠정,2026-09-30T01:44:33.547476+00:00
2016-12-01,10,10,product,승용차,822514000,잠정,2026-09-30T01:44:33.547476+00:00
2016-12-01,10,10,product,자동차부품,676404000,잠정,2026-09-30T01:44:33.547476+00:00
2016-12-01,10,10,product,전체,12840228000,잠정,2026-09-30T01:44:33.547476+00:00
2016-12-01,10,10,product,정밀기기,274992000,잠정,2026-09-30T01:44:33.547476+00:00
2016-12-01,10,10,product,철강제품,917405000,잠정,2026-09-30T01:44:33.547476+00:00
2016-12-01,10,10,product,컴퓨터주변기기,201896000,잠정,2026-09-30T01:44:33.547476+00:00
2016-12-01,20,20,country,대만,735740000,잠정,2026-09-30T01:48:16.770726+00:00
2016-12-01,20,20,country,말레이시아,356659000,잠정,2026-09-30T01:48:16.770726+00:00
2016-12-01,20,20,country,미국,3253863000,잠정,2026-09-30T01:48:16.770726+00:00
2016-12-01,20,20,country,베트남,1970535000,잠정,2026-09-30T01:48:16.770726+00:00
2016-12-01,20,20,country,싱가포르,474671000,잠정,2026-09-30T01:48:16.770726+00:00
2016-12-01,20,20,country,유럽연합,3110420000,잠정,2026-09-30T01:48:16.770726+00:00
2016-12-01,20,20,country,인도,639667000,잠정,2026-09-30T01:48:16.770726+00:00
2016-12-01,20,20,country,일본,1508156000,잠정,2026-09-30T01:48:16.770726+00:00
2016-12-01,20,20,country,전체,27045242000,잠정,2026-09-30T01:48:16.770726+00:00
2016-12-01,20,20,country,중국,7521634000,잠정,2026-09-30T01:48:16.770726+00:00
2016-12-01,20,20,country,홍콩,1909984000,잠정,2026-09-30T01:48:16.770726+00:00
2016-12-01,20,20,product,가전제품,468404000,잠정,2026-09-30T01:44:33.547476+00:00
2016-12-01,20,20,product,무선통신기기,1394088000,잠정,2026-09-30T01:44:33.547476+00:00
2016-12-01,20,20,product,반도체,3669861000,잠정,2026-09-30T01:44:33.547476+00:00
2016-12-01,20,20,product,석유제품,1648740000,잠정,2026-09-30T01:44:33.547476+00:00
2016-12-01,20,20,product,선박,1195757000,잠정,2026-09-30T01:44:33.547476+00:00
2016-12-01,20,20,product,승용차,2071067000,잠정,2026-09-30T01:44:33.547476+00:00
2016-12-01,20,20,product,자동차부품,1276964000,잠정,2026-09-30T01:44:33.547476+00:00
2016-12-01,20,20,product,전체,27045242000,잠정,2026-09-30T01:44:33.547476+00:00
2016-12-01,20,20,product,정밀기기,567200000,잠정,2026-09-30T01:44:33.547476+00:00
2016-12-01,20,20,product,철강제품,1894576000,잠정,2026-09-30T01:44:33.547476+00:00
2016-12-01,20,20,product,컴퓨터주변기기,400480000,잠정,2026-09-30T01:44:33.547476+00:00
2016-12-01,month_end,31,country,대만,1147301000,잠정,2026-09-30T01:48:16.770726+00:00
2016-12-01,month_end,31,country,말레이시아,553386000,잠정,2026-09-30T01:48:16.770726+00:00
2016-12-01,month_end,31,country,미국,5741228000,잠정,2026-09-30T01:48:16.770726+00:00
2016-12-01,month_end,31,country,베트남,3190624000,잠정,2026-09-30T01:48:16.770726+00:00
2016-12-01,month_end,31,country,싱가포르,786935000,잠정,2026-09-30T01:48:16.770726+00:00
2016-12-01,month_end,31,country,유럽연합,4922819000,잠정,2026-09-30T01:48:16.770726+00:00
2016-12-01,month_end,31,country,인도,1084348000,잠정,2026-09-30T01:48:16.770726+00:00
2016-12-01,month_end,31,country,일본,2223174000,잠정,2026-09-30T01:48:16.770726+00:00
2016-12-01,month_end,31,country,전체,45068880000,잠정,2026-09-30T01:48:16.770726+00:00
2016-12-01,month_end,31,country,중국,12053353000,잠정,2026-09-30T01:48:16.770726+00:00
2016-12-01,month_end,31,country,홍콩,3263272000,잠정,2026-09-30T01:48:16.770726+00:00
2016-12-01,month_end,31,product,가전제품,696060000,잠정,2026-09-30T01:44:33.547476+00:00
2016-12-01,month_end,31,product,무선통신기기,2086243000,잠정,2026-09-30T01:44:33.547476+00:00
2016-12-01,month_end,31,product,반도체,5927970000,잠정,2026-09-30T01:44:33.547476+00:00
2016-12-01,month_end,31,product,석유제품,2611049000,잠정,2026-09-30T01:44:33.547476+00:00
2016-12-01,month_end,31,product,선박,2164170000,잠정,2026-09-30T01:44:33.547476+00:00
2016-12-01,month_end,31,product,승용차,4205540000,잠정,2026-09-30T01:44:33.547476+00:00
2016-12-01,month_end,31,product,자동차부품,2068151000,잠정,2026-09-30T01:44:33.547476+00:00
2016-12-01,month_end,31,product,전체,45068880000,잠정,2026-09-30T01:44:33.547476+00:00
2016-12-01,month_end,31,product,정밀기기,912388000,잠정,2026-09-30T01:44:33.547476+00:00
2016-12-01,month_end,31,product,철강제품,3409947000,잠정,2026-09-30T01:44:33.547476+00:00
2016-12-01,month_end,31,product,컴퓨터주변기기,679223000,잠정,2026-09-30T01:44:33.547476+00:00
2017-01-01,10,10,country,대만,393793000,잠정,2026-09-30T01:48:16.955452+00:00
2017-01-01,10,10,country,말레이시아,154036000,잠정,2026-09-30T01:48:16.955452+00:00
2017-01-01,10,10,country,미국,1164075000,잠정,2026-09-30T01:48:16.955452+00:00
2017-01-01,10,10,country,베트남,879966000,잠정,2026-09-30T01:48:16.955452+00:00
2017-01-01,10,10,country,싱가포르,226642000,잠정,2026-09-30T01:48:16.955452+00:00
2017-01-01,10,10,country,유럽연합,982782000,잠정,2026-09-30T01:48:16.955452+00:00
2017-01-01,10,10,country,인도,237180000,잠정,2026-09-30T01:48:16.955452+00:00
2017-01-01,10,10,country,일본,618551000,잠정,2026-09-30T01:48:16.955452+00:00
2017-01-01,10,10,country,전체,11633553000,잠정,2026-09-30T01:48:16.955452+00:00
2017-01-01,10,10,country,중국,3613774000,잠정,2026-09-30T01:48:16.955452+00:00
2017-01-01,10,10,country,홍콩,725527000,잠정,2026-09-30T01:48:16.955452+00:00
2017-01-01,10,10,product,가전제품,181881000,잠정,2026-09-30T01:44:33.734939+00:00
2017-01-01,10,10,product,무선통신기기,422338000,잠정,2026-09-30T01:44:33.734939+00:00
2017-01-01,10,10,product,반도체,1818217000,잠정,2026-09-30T01:44:33.734939+00:00
2017-01-01,10,10,product,석유제품,939409000,잠정,2026-09-30T01:44:33.734939+00:00
2017-01-01,10,10,product,선박,853194000,잠정,2026-09-30T01:44:33.734939+00:00
2017-01-01,10,10,product,승용차,342784000,잠정,2026-09-30T01:44:33.734939+00:00
2017-01-01,10,10,product,자동차부품,528040000,잠정,2026-09-30T01:44:33.734939+00:00
2017-01-01,10,10,product,전체,11633553000,잠정,2026-09-30T01:44:33.734939+00:00
2017-01-01,10,10,product,정밀기기,239183000,잠정,2026-09-30T01:44:33.734939+00:00
2017-01-01,10,10,product,철강제품,859784000,잠정,2026-09-30T01:44:33.734939+00:00
2017-01-01,10,10,product,컴퓨터주변기기,188426000,잠정,2026-09-30T01:44:33.734939+00:00
2017-01-01,20,20,country,대만,734046000,잠정,2026-09-30T01:48:16.955452+00:00
2017-01-01,20,20,country,말레이시아,373541000,잠정,2026-09-30T01:48:16.955452+00:00
2017-01-01,20,20,country,미국,3200889000,잠정,2026-09-30T01:48:16.955452+00:00
2017-01-01,20,20,country,베트남,1933575000,잠정,2026-09-30T01:48:16.955452+00:00
2017-01-01,20,20,country,싱가포르,471858000,잠정,2026-09-30T01:48:16.955452+00:00
2017-01-01,20,20,country,유럽연합,2854124000,잠정,2026-09-30T01:48:16.955452+00:00
2017-01-01,20,20,country,인도,783112000,잠정,2026-09-30T01:48:16.955452+00:00
2017-01-01,20,20,country,일본,1450722000,잠정,2026-09-30T01:48:16.955452+00:00
2017-01-01,20,20,country,전체,27505852000,잠정,2026-09-30T01:48:16.955452+00:00
2017-01-01,20,20,country,중국,7776287000,잠정,2026-09-30T01:48:16.955452+00:00
2017-01-01,20,20,country,홍콩,1791734000,잠정,2026-09-30T01:48:16.955452+00:00
2017-01-01,20,20,product,가전제품,450568000,잠정,2026-09-30T01:44:33.734939+00:00
2017-01-01,20,20,product,무선통신기기,1093014000,잠정,2026-09-30T01:44:33.734939+00:00
2017-01-01,20,20,product,반도체,4264801000,잠정,2026-09-30T01:44:33.734939+00:00
2017-01-01,20,20,product,석유제품,1857226000,잠정,2026-09-30T01:44:33.734939+00:00
2017-01-01,20,20,product,선박,1676773000,잠정,2026-09-30T01:44:33.734939+00:00
2017-01-01,20,20,product,승용차,1463440000,잠정,2026-09-30T01:44:33.734939+00:00
2017-01-01,20,20,product,자동차부품,1374942000,잠정,2026-09-30T01:44:33.734939+00:00
2017-01-01,20,20,product,전체,27505852000,잠정,2026-09-30T01:44:33.734939+00:00
2017-01-01,20,20,product,정밀기기,546052000,잠정,2026-09-30T01:44:33.734939+00:00
2017-01-01,20,20,product,철강제품,2042807000,잠정,2026-09-30T01:44:33.734939+00:00
2017-01-01,20,20,product,컴퓨터주변기기,416182000,잠정,2026-09-30T01:44:33.734939+00:00
2017-01-01,month_end,31,country,대만,1028382000,잠정,2026-09-30T01:48:16.955452+00:00
2017-01-01,month_end,31,country,말레이시아,564291000,잠정,2026-09-30T01:48:16.955452+00:00
2017-01-01,month_end,31,country,미국,4940101000,잠정,2026-09-30T01:48:16.955452+00:00
2017-01-01,month_end,31,country,베트남,2791265000,잠정,2026-09-30T01:48:16.955452+00:00
2017-01-01,month_end,31,country,싱가포르,801623000,잠정,2026-09-30T01:48:16.955452+00:00
2017-01-01,month_end,31,country,유럽연합,4070725000,잠정,2026-09-30T01:48:16.955452+00:00
2017-01-01,month_end,31,country,인도,1113441000,잠정,2026-09-30T01:48:16.955452+00:00
2017-01-01,month_end,31,country,일본,2130048000,잠정,2026-09-30T01:48:16.955452+00:00
2017-01-01,month_end,31,country,전체,40257000000,잠정,2026-09-30T01:48:16.955452+00:00
2017-01-01,month_end,31,country,중국,10754709000,잠정,2026-09-30T01:48:16.955452+00:00
2017-01-01,month_end,31,country,홍콩,2721286000,잠정,2026-09-30T01:48:16.955452+00:00
2017-01-01,month_end,31,product,가전제품,628975000,잠정,2026-09-30T01:44:33.734939+00:00
2017-01-01,month_end,31,product,무선통신기기,1437948000,잠정,2026-09-30T01:44:33.734939+00:00
2017-01-01,month_end,31,product,반도체,6495478000,잠정,2026-09-30T01:44:33.734939+00:00
2017-01-01,month_end,31,product,석유제품,2809525000,잠정,2026-09-30T01:44:33.734939+00:00
2017-01-01,month_end,31,product,선박,2132070000,잠정,2026-09-30T01:44:33.734939+00:00
2017-01-01,month_end,31,product,승용차,2677455000,잠정,2026-09-30T01:44:33.734939+00:00
2017-01-01,month_end,31,product,자동차부품,1899980000,잠정,2026-09-30T01:44:33.734939+00:00
2017-01-01,month_end,31,product,전체,40257000000,잠정,2026-09-30T01:44:33.734939+00:00
2017-01-01,month_end,31,product,정밀기기,737904000,잠정,2026-09-30T01:44:33.734939+00:00
2017-01-01,month_end,31,product,철강제품,3212401000,잠정,2026-09-30T01:44:33.734939+00:00
2017-01-01,month_end,31,product,컴퓨터주변기기,571305000,잠정,2026-09-30T01:44:33.734939+00:00
2017-02-01,10,10,country,대만,366507000,잠정,2026-09-30T01:48:16.955452+00:00
2017-02-01,10,10,country,말레이시아,774375000,잠정,2026-09-30T01:48:16.955452+00:00
2017-02-01,10,10,country,미국,1662017000,잠정,2026-09-30T01:48:16.955452+00:00
2017-02-01,10,10,country,베트남,1175320000,잠정,2026-09-30T01:48:16.955452+00:00
2017-02-01,10,10,country,싱가포르,264453000,잠정,2026-09-30T01:48:16.955452+00:00
2017-02-01,10,10,country,유럽연합,1225344000,잠정,2026-09-30T01:48:16.955452+00:00
2017-02-01,10,10,country,인도,371369000,잠정,2026-09-30T01:48:16.955452+00:00
2017-02-01,10,10,country,일본,783159000,잠정,2026-09-30T01:48:16.955452+00:00
2017-02-01,10,10,country,전체,15065631000,잠정,2026-09-30T01:48:16.955452+00:00
2017-02-01,10,10,country,중국,4098282000,잠정,2026-09-30T01:48:16.955452+00:00
2017-02-01,10,10,country,홍콩,736559000,잠정,2026-09-30T01:48:16.955452+00:00
2017-02-01,10,10,product,가전제품,226047000,잠정,2026-09-30T01:44:33.734939+00:00
2017-02-01,10,10,product,무선통신기기,571256000,잠정,2026-09-30T01:44:33.734939+00:00
2017-02-01,10,10,product,반도체,2060913000,잠정,2026-09-30T01:44:33.734939+00:00
2017-02-01,10,10,product,석유제품,1161363000,잠정,2026-09-30T01:44:33.734939+00:00
2017-02-01,10,10,product,선박,688760000,잠정,2026-09-30T01:44:33.734939+00:00
2017-02-01,10,10,product,승용차,633151000,잠정,2026-09-30T01:44:33.734939+00:00
2017-02-01,10,10,product,자동차부품,726700000,잠정,2026-09-30T01:44:33.734939+00:00
2017-02-01,10,10,product,전체,15065631000,잠정,2026-09-30T01:44:33.734939+00:00
2017-02-01,10,10,product,정밀기기,286744000,잠정,2026-09-30T01:44:33.734939+00:00
2017-02-01,10,10,product,철강제품,1695436000,잠정,2026-09-30T01:44:33.734939+00:00
2017-02-01,10,10,product,컴퓨터주변기기,208348000,잠정,2026-09-30T01:44:33.734939+00:00
2017-02-01,20,20,country,대만,714978000,잠정,2026-09-30T01:48:16.955452+00:00
2017-02-01,20,20,country,말레이시아,931656000,잠정,2026-09-30T01:48:16.955452+00:00
2017-02-01,20,20,country,미국,3293281000,잠정,2026-09-30T01:48:16.955452+00:00
2017-02-01,20,20,country,베트남,2086259000,잠정,2026-09-30T01:48:16.955452+00:00
2017-02-01,20,20,country,싱가포르,549024000,잠정,2026-09-30T01:48:16.955452+00:00
2017-02-01,20,20,country,유럽연합,2545062000,잠정,2026-09-30T01:48:16.955452+00:00
2017-02-01,20,20,country,인도,690674000,잠정,2026-09-30T01:48:16.955452+00:00
2017-02-01,20,20,country,일본,1408024000,잠정,2026-09-30T01:48:16.955452+00:00
2017-02-01,20,20,country,전체,27681438000,잠정,2026-09-30T01:48:16.955452+00:00
2017-02-01,20,20,country,중국,7520461000,잠정,2026-09-30T01:48:16.955452+00:00
2017-02-01,20,20,country,홍콩,1472508000,잠정,2026-09-30T01:48:16.955452+00:00
2017-02-01,20,20,product,가전제품,436007000,잠정,2026-09-30T01:44:33.734939+00:00
2017-02-01,20,20,product,무선통신기기,1047840000,잠정,2026-09-30T01:44:33.734939+00:00
2017-02-01,20,20,product,반도체,4030348000,잠정,2026-09-30T01:44:33.734939+00:00
2017-02-01,20,20,product,석유제품,1860136000,잠정,2026-09-30T01:44:33.734939+00:00
2017-02-01,20,20,product,선박,1488641000,잠정,2026-09-30T01:44:33.734939+00:00
2017-02-01,20,20,product,승용차,1609549000,잠정,2026-09-30T01:44:33.734939+00:00
2017-02-01,20,20,product,자동차부품,1310424000,잠정,2026-09-30T01:44:33.734939+00:00
2017-02-01,20,20,product,전체,27681438000,잠정,2026-09-30T01:44:33.734939+00:00
2017-02-01,20,20,product,정밀기기,509104000,잠정,2026-09-30T01:44:33.734939+00:00
2017-02-01,20,20,product,철강제품,2615464000,잠정,2026-09-30T01:44:33.734939+00:00
2017-02-01,20,20,product,컴퓨터주변기기,364741000,잠정,2026-09-30T01:44:33.734939+00:00
2017-02-01,month_end,28,country,대만,1132744000,잠정,2026-09-30T01:48:16.955452+00:00
2017-02-01,month_end,28,country,말레이시아,1089829000,잠정,2026-09-30T01:48:16.955452+00:00
2017-02-01,month_end,28,country,미국,5312453000,잠정,2026-09-30T01:48:16.955452+00:00
2017-02-01,month_end,28,country,베트남,3181297000,잠정,2026-09-30T01:48:16.955452+00:00
2017-02-01,month_end,28,country,싱가포르,839080000,잠정,2026-09-30T01:48:16.955452+00:00
2017-02-01,month_end,28,country,유럽연합,3932721000,잠정,2026-09-30T01:48:16.955452+00:00
2017-02-01,month_end,28,country,인도,1126629000,잠정,2026-09-30T01:48:16.955452+00:00
2017-02-01,month_end,28,country,일본,2044853000,잠정,2026-09-30T01:48:16.955452+00:00
2017-02-01,month_end,28,country,전체,43166536000,잠정,2026-09-30T01:48:16.955452+00:00
2017-02-01,month_end,28,country,중국,11118131000,잠정,2026-09-30T01:48:16.955452+00:00
2017-02-01,month_end,28,country,홍콩,2854473000,잠정,2026-09-30T01:48:16.955452+00:00
2017-02-01,month_end,28,product,가전제품,658441000,잠정,2026-09-30T01:44:33.734939+00:00
2017-02-01,month_end,28,product,무선통신기기,1513173000,잠정,2026-09-30T01:44:33.734939+00:00
2017-02-01,month_end,28,product,반도체,6564146000,잠정,2026-09-30T01:44:33.734939+00:00
2017-02-01,month_end,28,product,석유제품,2948804000,잠정,2026-09-30T01:44:33.734939+00:00
2017-02-01,month_end,28,product,선박,1813956000,잠정,2026-09-30T01:44:33.734939+00:00
2017-02-01,month_end,28,product,승용차,3064965000,잠정,2026-09-30T01:44:33.734939+00:00
2017-02-01,month_end,28,product,자동차부품,2000229000,잠정,2026-09-30T01:44:33.734939+00:00
2017-02-01,month_end,28,product,전체,43166536000,잠정,2026-09-30T01:44:33.734939+00:00
2017-02-01,month_end,28,product,정밀기기,783502000,잠정,2026-09-30T01:44:33.734939+00:00
2017-02-01,month_end,28,product,철강제품,3981783000,잠정,2026-09-30T01:44:33.734939+00:00
2017-02-01,month_end,28,product,컴퓨터주변기기,597857000,잠정,2026-09-30T01:44:33.734939+00:00
2017-03-01,10,10,country,대만,420634000,잠정,2026-09-30T01:48:16.955452+00:00
2017-03-01,10,10,country,말레이시아,183715000,잠정,2026-09-30T01:48:16.955452+00:00
2017-03-01,10,10,country,미국,1720634000,잠정,2026-09-30T01:48:16.955452+00:00
2017-03-01,10,10,country,베트남,1271729000,잠정,2026-09-30T01:48:16.955452+00:00
2017-03-01,10,10,country,싱가포르,324903000,잠정,2026-09-30T01:48:16.955452+00:00
2017-03-01,10,10,country,유럽연합,1105669000,잠정,2026-09-30T01:48:16.955452+00:00
2017-03-01,10,10,country,인도,423526000,잠정,2026-09-30T01:48:16.955452+00:00
2017-03-01,10,10,country,일본,745945000,잠정,2026-09-30T01:48:16.955452+00:00
2017-03-01,10,10,country,전체,14157054000,잠정,2026-09-30T01:48:16.955452+00:00
2017-03-01,10,10,country,중국,3622464000,잠정,2026-09-30T01:48:16.955452+00:00
2017-03-01,10,10,country,홍콩,711666000,잠정,2026-09-30T01:48:16.955452+00:00
2017-03-01,10,10,product,가전제품,215820000,잠정,2026-09-30T01:44:33.734939+00:00
2017-03-01,10,10,product,무선통신기기,513143000,잠정,2026-09-30T01:44:33.734939+00:00
2017-03-01,10,10,product,반도체,1981469000,잠정,2026-09-30T01:44:33.734939+00:00
2017-03-01,10,10,product,석유제품,1038705000,잠정,2026-09-30T01:44:33.734939+00:00
2017-03-01,10,10,product,선박,983397000,잠정,2026-09-30T01:44:33.734939+00:00
2017-03-01,10,10,product,승용차,783448000,잠정,2026-09-30T01:44:33.734939+00:00
2017-03-01,10,10,product,자동차부품,680130000,잠정,2026-09-30T01:44:33.734939+00:00
2017-03-01,10,10,product,전체,14157054000,잠정,2026-09-30T01:44:33.734939+00:00
2017-03-01,10,10,product,정밀기기,260546000,잠정,2026-09-30T01:44:33.734939+00:00
2017-03-01,10,10,product,철강제품,1075128000,잠정,2026-09-30T01:44:33.734939+00:00
2017-03-01,10,10,product,컴퓨터주변기기,148910000,잠정,2026-09-30T01:44:33.734939+00:00
2017-03-01,20,20,country,대만,728513000,잠정,2026-09-30T01:48:16.955452+00:00
2017-03-01,20,20,country,말레이시아,335038000,잠정,2026-09-30T01:48:16.955452+00:00
2017-03-01,20,20,country,미국,3294338000,잠정,2026-09-30T01:48:16.955452+00:00
2017-03-01,20,20,country,베트남,2437766000,잠정,2026-09-30T01:48:16.955452+00:00
2017-03-01,20,20,country,싱가포르,623313000,잠정,2026-09-30T01:48:16.955452+00:00
2017-03-01,20,20,country,유럽연합,2267500000,잠정,2026-09-30T01:48:16.955452+00:00
2017-03-01,20,20,country,인도,813926000,잠정,2026-09-30T01:48:16.955452+00:00
2017-03-01,20,20,country,일본,1347023000,잠정,2026-09-30T01:48:16.955452+00:00
2017-03-01,20,20,country,전체,27135502000,잠정,2026-09-30T01:48:16.955452+00:00
2017-03-01,20,20,country,중국,7015924000,잠정,2026-09-30T01:48:16.955452+00:00
2017-03-01,20,20,country,홍콩,1419367000,잠정,2026-09-30T01:48:16.955452+00:00
2017-03-01,20,20,product,가전제품,441557000,잠정,2026-09-30T01:44:33.734939+00:00
2017-03-01,20,20,product,무선통신기기,1030672000,잠정,2026-09-30T01:44:33.734939+00:00
2017-03-01,20,20,product,반도체,4052391000,잠정,2026-09-30T01:44:33.734939+00:00
2017-03-01,20,20,product,석유제품,1805509000,잠정,2026-09-30T01:44:33.734939+00:00
2017-03-01,20,20,product,선박,1785871000,잠정,2026-09-30T01:44:33.734939+00:00
2017-03-01,20,20,product,승용차,1732306000,잠정,2026-09-30T01:44:33.734939+00:00
2017-03-01,20,20,product,자동차부품,1216162000,잠정,2026-09-30T01:44:33.734939+00:00
2017-03-01,20,20,product,전체,27135502000,잠정,2026-09-30T01:44:33.734939+00:00
2017-03-01,20,20,product,정밀기기,496371000,잠정,2026-09-30T01:44:33.734939+00:00
2017-03-01,20,20,product,철강제품,1987736000,잠정,2026-09-30T01:44:33.734939+00:00
2017-03-01,20,20,product,컴퓨터주변기기,291854000,잠정,2026-09-30T01:44:33.734939+00:00
2017-03-01,month_end,31,country,대만,1314245000,잠정,2026-09-30T01:48:16.955452+00:00
2017-03-01,month_end,31,country,말레이시아,571302000,잠정,2026-09-30T01:48:16.955452+00:00
2017-03-01,month_end,31,country,미국,6200928000,잠정,2026-09-30T01:48:16.955452+00:00
2017-03-01,month_end,31,country,베트남,4330457000,잠정,2026-09-30T01:48:16.955452+00:00
2017-03-01,month_end,31,country,싱가포르,1027148000,잠정,2026-09-30T01:48:16.955452+00:00
2017-03-01,month_end,31,country,유럽연합,4270882000,잠정,2026-09-30T01:48:16.955452+00:00
2017-03-01,month_end,31,country,인도,1362190000,잠정,2026-09-30T01:48:16.955452+00:00
2017-03-01,month_end,31,country,일본,2395932000,잠정,2026-09-30T01:48:16.955452+00:00
2017-03-01,month_end,31,country,전체,48637832000,잠정,2026-09-30T01:48:16.955452+00:00
2017-03-01,month_end,31,country,중국,11655511000,잠정,2026-09-30T01:48:16.955452+00:00
2017-03-01,month_end,31,country,홍콩,3223395000,잠정,2026-09-30T01:48:16.955452+00:00
2017-03-01,month_end,31,product,가전제품,759856000,잠정,2026-09-30T01:44:33.734939+00:00
2017-03-01,month_end,31,product,무선통신기기,1832826000,잠정,2026-09-30T01:44:33.734939+00:00
2017-03-01,month_end,31,product,반도체,7680205000,잠정,2026-09-30T01:44:33.734939+00:00
2017-03-01,month_end,31,product,석유제품,3037178000,잠정,2026-09-30T01:44:33.734939+00:00
2017-03-01,month_end,31,product,선박,2832271000,잠정,2026-09-30T01:44:33.734939+00:00
2017-03-01,month_end,31,product,승용차,3851265000,잠정,2026-09-30T01:44:33.734939+00:00
2017-03-01,month_end,31,product,자동차부품,2123073000,잠정,2026-09-30T01:44:33.734939+00:00
2017-03-01,month_end,31,product,전체,48637832000,잠정,2026-09-30T01:44:33.734939+00:00
2017-03-01,month_end,31,product,정밀기기,894955000,잠정,2026-09-30T01:44:33.734939+00:00
2017-03-01,month_end,31,product,철강제품,3725382000,잠정,2026-09-30T01:44:33.734939+00:00
2017-03-01,month_end,31,product,컴퓨터주변기기,588494000,잠정,2026-09-30T01:44:33.734939+00:00
2017-04-01,10,10,country,대만,287403000,잠정,2026-09-30T01:48:16.955452+00:00
2017-04-01,10,10,country,말레이시아,129489000,잠정,2026-09-30T01:48:16.955452+00:00
2017-04-01,10,10,country,미국,1532608000,잠정,2026-09-30T01:48:16.955452+00:00
2017-04-01,10,10,country,베트남,1163016000,잠정,2026-09-30T01:48:16.955452+00:00
2017-04-01,10,10,country,싱가포르,311667000,잠정,2026-09-30T01:48:16.955452+00:00
2017-04-01,10,10,country,유럽연합,969736000,잠정,2026-09-30T01:48:16.955452+00:00
2017-04-01,10,10,country,인도,283452000,잠정,2026-09-30T01:48:16.955452+00:00
2017-04-01,10,10,country,일본,598540000,잠정,2026-09-30T01:48:16.955452+00:00
2017-04-01,10,10,country,전체,11155507000,잠정,2026-09-30T01:48:16.955452+00:00
2017-04-01,10,10,country,중국,3076495000,잠정,2026-09-30T01:48:16.955452+00:00
2017-04-01,10,10,country,홍콩,468587000,잠정,2026-09-30T01:48:16.955452+00:00
2017-04-01,10,10,product,가전제품,184658000,잠정,2026-09-30T01:44:33.734939+00:00
2017-04-01,10,10,product,무선통신기기,622659000,잠정,2026-09-30T01:44:33.734939+00:00
2017-04-01,10,10,product,반도체,1795039000,잠정,2026-09-30T01:44:33.734939+00:00
2017-04-01,10,10,product,석유제품,680866000,잠정,2026-09-30T01:44:33.734939+00:00
2017-04-01,10,10,product,선박,401211000,잠정,2026-09-30T01:44:33.734939+00:00
2017-04-01,10,10,product,승용차,580596000,잠정,2026-09-30T01:44:33.734939+00:00
2017-04-01,10,10,product,자동차부품,463223000,잠정,2026-09-30T01:44:33.734939+00:00
2017-04-01,10,10,product,전체,11155507000,잠정,2026-09-30T01:44:33.734939+00:00
2017-04-01,10,10,product,정밀기기,267377000,잠정,2026-09-30T01:44:33.734939+00:00
2017-04-01,10,10,product,철강제품,860368000,잠정,2026-09-30T01:44:33.734939+00:00
2017-04-01,10,10,product,컴퓨터주변기기,143373000,잠정,2026-09-30T01:44:33.734939+00:00
2017-04-01,20,20,country,대만,712882000,잠정,2026-09-30T01:48:16.955452+00:00
2017-04-01,20,20,country,말레이시아,346350000,잠정,2026-09-30T01:48:16.955452+00:00
2017-04-01,20,20,country,미국,3789039000,잠정,2026-09-30T01:48:16.955452+00:00
2017-04-01,20,20,country,베트남,2893105000,잠정,2026-09-30T01:48:16.955452+00:00
2017-04-01,20,20,country,싱가포르,601357000,잠정,2026-09-30T01:48:16.955452+00:00
2017-04-01,20,20,country,유럽연합,4701419000,잠정,2026-09-30T01:48:16.955452+00:00
2017-04-01,20,20,country,인도,758776000,잠정,2026-09-30T01:48:16.955452+00:00
2017-04-01,20,20,country,일본,1386088000,잠정,2026-09-30T01:48:16.955452+00:00
2017-04-01,20,20,country,전체,30304957000,잠정,2026-09-30T01:48:16.955452+00:00
2017-04-01,20,20,country,중국,6949849000,잠정,2026-09-30T01:48:16.955452+00:00
2017-04-01,20,20,country,홍콩,1262991000,잠정,2026-09-30T01:48:16.955452+00:00
2017-04-01,20,20,product,가전제품,472946000,잠정,2026-09-30T01:44:33.734939+00:00
2017-04-01,20,20,product,무선통신기기,1374277000,잠정,2026-09-30T01:44:33.734939+00:00
2017-04-01,20,20,product,반도체,4152760000,잠정,2026-09-30T01:44:33.734939+00:00
2017-04-01,20,20,product,석유제품,1678978000,잠정,2026-09-30T01:44:33.734939+00:00
2017-04-01,20,20,product,선박,3062031000,잠정,2026-09-30T01:44:33.734939+00:00
2017-04-01,20,20,product,승용차,1862295000,잠정,2026-09-30T01:44:33.734939+00:00
2017-04-01,20,20,product,자동차부품,1226577000,잠정,2026-09-30T01:44:33.734939+00:00
2017-04-01,20,20,product,전체,30304957000,잠정,2026-09-30T01:44:33.734939+00:00
2017-04-01,20,20,product,정밀기기,598058000,잠정,2026-09-30T01:44:33.734939+00:00
2017-04-01,20,20,product,철강제품,2620789000,잠정,2026-09-30T01:44:33.734939+00:00
2017-04-01,20,20,product,컴퓨터주변기기,370378000,잠정,2026-09-30T01:44:33.734939+00:00
2017-04-01,month_end,30,country,대만,1209989000,잠정,2026-09-30T01:48:16.955452+00:00
2017-04-01,month_end,30,country,말레이시아,554376000,잠정,2026-09-30T01:48:16.955452+00:00
2017-04-01,month_end,30,country,미국,6035663000,잠정,2026-09-30T01:48:16.955452+00:00
2017-04-01,month_end,30,country,베트남,4517085000,잠정,2026-09-30T01:48:16.955452+00:00
2017-04-01,month_end,30,country,싱가포르,912889000,잠정,2026-09-30T01:48:16.955452+00:00
2017-04-01,month_end,30,country,유럽연합,6421073000,잠정,2026-09-30T01:48:16.955452+00:00
2017-04-01,month_end,30,country,인도,1210713000,잠정,2026-09-30T01:48:16.955452+00:00
2017-04-01,month_end,30,country,일본,2108330000,잠정,2026-09-30T01:48:16.955452+00:00
2017-04-01,month_end,30,country,전체,50843799000,잠정,2026-09-30T01:48:16.955452+00:00
2017-04-01,month_end,30,country,중국,10589664000,잠정,2026-09-30T01:48:16.955452+00:00
2017-04-01,month_end,30,country,홍콩,2828098000,잠정,2026-09-30T01:48:16.955452+00:00
2017-04-01,month_end,30,product,가전제품,695416000,잠정,2026-09-30T01:44:33.734939+00:00
2017-04-01,month_end,30,product,무선통신기기,1965145000,잠정,2026-09-30T01:44:33.734939+00:00
2017-04-01,month_end,30,product,반도체,7301692000,잠정,2026-09-30T01:44:33.734939+00:00
2017-04-01,month_end,30,product,석유제품,2529863000,잠정,2026-09-30T01:44:33.734939+00:00
2017-04-01,month_end,30,product,선박,7049374000,잠정,2026-09-30T01:44:33.734939+00:00
2017-04-01,month_end,30,product,승용차,3646542000,잠정,2026-09-30T01:44:33.734939+00:00
2017-04-01,month_end,30,product,자동차부품,1850103000,잠정,2026-09-30T01:44:33.734939+00:00
2017-04-01,month_end,30,product,전체,50843799000,잠정,2026-09-30T01:44:33.734939+00:00
2017-04-01,month_end,30,product,정밀기기,916945000,잠정,2026-09-30T01:44:33.734939+00:00
2017-04-01,month_end,30,product,철강제품,4173793000,잠정,2026-09-30T01:44:33.734939+00:00
2017-04-01,month_end,30,product,컴퓨터주변기기,610497000,잠정,2026-09-30T01:44:33.734939+00:00
2017-05-01,10,10,country,대만,328232000,잠정,2026-09-30T01:48:16.955452+00:00
2017-05-01,10,10,country,말레이시아,124807000,잠정,2026-09-30T01:48:16.955452+00:00
2017-05-01,10,10,country,미국,1110295000,잠정,2026-09-30T01:48:16.955452+00:00
2017-05-01,10,10,country,베트남,1087365000,잠정,2026-09-30T01:48:16.955452+00:00
2017-05-01,10,10,country,싱가포르,173092000,잠정,2026-09-30T01:48:16.955452+00:00
2017-05-01,10,10,country,유럽연합,764233000,잠정,2026-09-30T01:48:16.955452+00:00
2017-05-01,10,10,country,인도,200637000,잠정,2026-09-30T01:48:16.955452+00:00
2017-05-01,10,10,country,일본,535583000,잠정,2026-09-30T01:48:16.955452+00:00
2017-05-01,10,10,country,전체,9652000000,잠정,2026-09-30T01:48:16.955452+00:00
2017-05-01,10,10,country,중국,2788890000,잠정,2026-09-30T01:48:16.955452+00:00
2017-05-01,10,10,country,홍콩,444426000,잠정,2026-09-30T01:48:16.955452+00:00
2017-05-01,10,10,product,가전제품,158450000,잠정,2026-09-30T01:44:33.734939+00:00
2017-05-01,10,10,product,무선통신기기,338938000,잠정,2026-09-30T01:44:33.734939+00:00
2017-05-01,10,10,product,반도체,1827707000,잠정,2026-09-30T01:44:33.734939+00:00
2017-05-01,10,10,product,석유제품,853404000,잠정,2026-09-30T01:44:33.734939+00:00
2017-05-01,10,10,product,선박,311969000,잠정,2026-09-30T01:44:33.734939+00:00
2017-05-01,10,10,product,승용차,246673000,잠정,2026-09-30T01:44:33.734939+00:00
2017-05-01,10,10,product,자동차부품,415024000,잠정,2026-09-30T01:44:33.734939+00:00
2017-05-01,10,10,product,전체,9652000000,잠정,2026-09-30T01:44:33.734939+00:00
2017-05-01,10,10,product,정밀기기,193917000,잠정,2026-09-30T01:44:33.734939+00:00
2017-05-01,10,10,product,철강제품,707146000,잠정,2026-09-30T01:44:33.734939+00:00
2017-05-01,10,10,product,컴퓨터주변기기,159052000,잠정,2026-09-30T01:44:33.734939+00:00
2017-05-01,20,20,country,대만,822690000,잠정,2026-09-30T01:48:16.955452+00:00
2017-05-01,20,20,country,말레이시아,740524000,잠정,2026-09-30T01:48:16.955452+00:00
2017-05-01,20,20,country,미국,3199583000,잠정,2026-09-30T01:48:16.955452+00:00
2017-05-01,20,20,country,베트남,2585581000,잠정,2026-09-30T01:48:16.955452+00:00
2017-05-01,20,20,country,싱가포르,396083000,잠정,2026-09-30T01:48:16.955452+00:00
2017-05-01,20,20,country,유럽연합,2178919000,잠정,2026-09-30T01:48:16.955452+00:00
2017-05-01,20,20,country,인도,601761000,잠정,2026-09-30T01:48:16.955452+00:00
2017-05-01,20,20,country,일본,1367043000,잠정,2026-09-30T01:48:16.955452+00:00
2017-05-01,20,20,country,전체,25341567000,잠정,2026-09-30T01:48:16.955452+00:00
2017-05-01,20,20,country,중국,6506619000,잠정,2026-09-30T01:48:16.955452+00:00
2017-05-01,20,20,country,홍콩,1386521000,잠정,2026-09-30T01:48:16.955452+00:00
2017-05-01,20,20,product,가전제품,421531000,잠정,2026-09-30T01:44:33.734939+00:00
2017-05-01,20,20,product,무선통신기기,863508000,잠정,2026-09-30T01:44:33.734939+00:00
2017-05-01,20,20,product,반도체,4267958000,잠정,2026-09-30T01:44:33.734939+00:00
2017-05-01,20,20,product,석유제품,1779864000,잠정,2026-09-30T01:44:33.734939+00:00
2017-05-01,20,20,product,선박,839566000,잠정,2026-09-30T01:44:33.734939+00:00
2017-05-01,20,20,product,승용차,1478593000,잠정,2026-09-30T01:44:33.734939+00:00
2017-05-01,20,20,product,자동차부품,1111155000,잠정,2026-09-30T01:44:33.734939+00:00
2017-05-01,20,20,product,전체,25341567000,잠정,2026-09-30T01:44:33.734939+00:00
2017-05-01,20,20,product,정밀기기,494124000,잠정,2026-09-30T01:44:33.734939+00:00
2017-05-01,20,20,product,철강제품,2285799000,잠정,2026-09-30T01:44:33.734939+00:00
2017-05-01,20,20,product,컴퓨터주변기기,411448000,잠정,2026-09-30T01:44:33.734939+00:00
2017-05-01,month_end,31,country,대만,1331458000,잠정,2026-09-30T01:48:16.955452+00:00
2017-05-01,month_end,31,country,말레이시아,982975000,잠정,2026-09-30T01:48:16.955452+00:00
2017-05-01,month_end,31,country,미국,5523902000,잠정,2026-09-30T01:48:16.955452+00:00
2017-05-01,month_end,31,country,베트남,4153353000,잠정,2026-09-30T01:48:16.955452+00:00
2017-05-01,month_end,31,country,싱가포르,739647000,잠정,2026-09-30T01:48:16.955452+00:00
2017-05-01,month_end,31,country,유럽연합,4822126000,잠정,2026-09-30T01:48:16.955452+00:00
2017-05-01,month_end,31,country,인도,1148698000,잠정,2026-09-30T01:48:16.955452+00:00
2017-05-01,month_end,31,country,일본,2182626000,잠정,2026-09-30T01:48:16.955452+00:00
2017-05-01,month_end,31,country,전체,44926979000,잠정,2026-09-30T01:48:16.955452+00:00
2017-05-01,month_end,31,country,중국,10652552000,잠정,2026-09-30T01:48:16.955452+00:00
2017-05-01,month_end,31,country,홍콩,2873923000,잠정,2026-09-30T01:48:16.955452+00:00
2017-05-01,month_end,31,product,가전제품,711136000,잠정,2026-09-30T01:44:33.734939+00:00
2017-05-01,month_end,31,product,무선통신기기,1475450000,잠정,2026-09-30T01:44:33.734939+00:00
2017-05-01,month_end,31,product,반도체,7682394000,잠정,2026-09-30T01:44:33.734939+00:00
2017-05-01,month_end,31,product,석유제품,2809248000,잠정,2026-09-30T01:44:33.734939+00:00
2017-05-01,month_end,31,product,선박,2353551000,잠정,2026-09-30T01:44:33.734939+00:00
2017-05-01,month_end,31,product,승용차,3297943000,잠정,2026-09-30T01:44:33.734939+00:00
2017-05-01,month_end,31,product,자동차부품,1787007000,잠정,2026-09-30T01:44:33.734939+00:00
2017-05-01,month_end,31,product,전체,44926979000,잠정,2026-09-30T01:44:33.734939+00:00
2017-05-01,month_end,31,product,정밀기기,829077000,잠정,2026-09-30T01:44:33.734939+00:00
2017-05-01,month_end,31,product,철강제품,3941196000,잠정,2026-09-30T01:44:33.734939+00:00
2017-05-01,month_end,31,product,컴퓨터주변기기,651951000,잠정,2026-09-30T01:44:33.734939+00:00
2017-06-01,10,10,country,대만,368507000,잠정,2026-09-30T01:48:16.955452+00:00
2017-06-01,10,10,country,말레이시아,152619000,잠정,2026-09-30T01:48:16.955452+00:00
2017-06-01,10,10,country,미국,1455453000,잠정,2026-09-30T01:48:16.955452+00:00
2017-06-01,10,10,country,베트남,1293935000,잠정,2026-09-30T01:48:16.955452+00:00
2017-06-01,10,10,country,싱가포르,309374000,잠정,2026-09-30T01:48:16.955452+00:00
2017-06-01,10,10,country,유럽연합,857058000,잠정,2026-09-30T01:48:16.955452+00:00
2017-06-01,10,10,country,인도,362600000,잠정,2026-09-30T01:48:16.955452+00:00
2017-06-01,10,10,country,일본,730042000,잠정,2026-09-30T01:48:16.955452+00:00
2017-06-01,10,10,country,전체,12131557000,잠정,2026-09-30T01:48:16.955452+00:00
2017-06-01,10,10,country,중국,3158150000,잠정,2026-09-30T01:48:16.955452+00:00
2017-06-01,10,10,country,홍콩,673194000,잠정,2026-09-30T01:48:16.955452+00:00
2017-06-01,10,10,product,가전제품,176859000,잠정,2026-09-30T01:44:33.734939+00:00
2017-06-01,10,10,product,무선통신기기,529171000,잠정,2026-09-30T01:44:33.734939+00:00
2017-06-01,10,10,product,반도체,2091996000,잠정,2026-09-30T01:44:33.734939+00:00
2017-06-01,10,10,product,석유제품,727626000,잠정,2026-09-30T01:44:33.734939+00:00
2017-06-01,10,10,product,선박,431708000,잠정,2026-09-30T01:44:33.734939+00:00
2017-06-01,10,10,product,승용차,462306000,잠정,2026-09-30T01:44:33.734939+00:00
2017-06-01,10,10,product,자동차부품,566700000,잠정,2026-09-30T01:44:33.734939+00:00
2017-06-01,10,10,product,전체,12131557000,잠정,2026-09-30T01:44:33.734939+00:00
2017-06-01,10,10,product,정밀기기,268744000,잠정,2026-09-30T01:44:33.734939+00:00
2017-06-01,10,10,product,철강제품,1200469000,잠정,2026-09-30T01:44:33.734939+00:00
2017-06-01,10,10,product,컴퓨터주변기기,203542000,잠정,2026-09-30T01:44:33.734939+00:00
2017-06-01,20,20,country,대만,725294000,잠정,2026-09-30T01:48:16.955452+00:00
2017-06-01,20,20,country,말레이시아,340494000,잠정,2026-09-30T01:48:16.955452+00:00
2017-06-01,20,20,country,미국,3271035000,잠정,2026-09-30T01:48:16.955452+00:00
2017-06-01,20,20,country,베트남,2709214000,잠정,2026-09-30T01:48:16.955452+00:00
2017-06-01,20,20,country,싱가포르,650909000,잠정,2026-09-30T01:48:16.955452+00:00
2017-06-01,20,20,country,유럽연합,2221913000,잠정,2026-09-30T01:48:16.955452+00:00
2017-06-01,20,20,country,인도,731206000,잠정,2026-09-30T01:48:16.955452+00:00
2017-06-01,20,20,country,일본,1452500000,잠정,2026-09-30T01:48:16.955452+00:00
2017-06-01,20,20,country,전체,31826331000,잠정,2026-09-30T01:48:16.955452+00:00
2017-06-01,20,20,country,중국,6593852000,잠정,2026-09-30T01:48:16.955452+00:00
2017-06-01,20,20,country,홍콩,1478819000,잠정,2026-09-30T01:48:16.955452+00:00
2017-06-01,20,20,product,가전제품,403248000,잠정,2026-09-30T01:44:33.734939+00:00
2017-06-01,20,20,product,무선통신기기,995862000,잠정,2026-09-30T01:44:33.734939+00:00
2017-06-01,20,20,product,반도체,4533329000,잠정,2026-09-30T01:44:33.734939+00:00
2017-06-01,20,20,product,석유제품,1507664000,잠정,2026-09-30T01:44:33.734939+00:00
2017-06-01,20,20,product,선박,6494898000,잠정,2026-09-30T01:44:33.734939+00:00
2017-06-01,20,20,product,승용차,1454783000,잠정,2026-09-30T01:44:33.734939+00:00
2017-06-01,20,20,product,자동차부품,1140858000,잠정,2026-09-30T01:44:33.734939+00:00
2017-06-01,20,20,product,전체,31826331000,잠정,2026-09-30T01:44:33.734939+00:00
2017-06-01,20,20,product,정밀기기,537489000,잠정,2026-09-30T01:44:33.734939+00:00
2017-06-01,20,20,product,철강제품,2243841000,잠정,2026-09-30T01:44:33.734939+00:00
2017-06-01,20,20,product,컴퓨터주변기기,396286000,잠정,2026-09-30T01:44:33.734939+00:00
2017-06-01,month_end,30,country,대만,1230754000,잠정,2026-09-30T01:48:16.955452+00:00
2017-06-01,month_end,30,country,말레이시아,577418000,잠정,2026-09-30T01:48:16.955452+00:00
2017-06-01,month_end,30,country,미국,5980992000,잠정,2026-09-30T01:48:16.955452+00:00
2017-06-01,month_end,30,country,베트남,4318913000,잠정,2026-09-30T01:48:16.955452+00:00
2017-06-01,month_end,30,country,싱가포르,977966000,잠정,2026-09-30T01:48:16.955452+00:00
2017-06-01,month_end,30,country,유럽연합,4397292000,잠정,2026-09-30T01:48:16.955452+00:00
2017-06-01,month_end,30,country,인도,1169455000,잠정,2026-09-30T01:48:16.955452+00:00
2017-06-01,month_end,30,country,일본,2350969000,잠정,2026-09-30T01:48:16.955452+00:00
2017-06-01,month_end,30,country,전체,51272452000,잠정,2026-09-30T01:48:16.955452+00:00
2017-06-01,month_end,30,country,중국,10675442000,잠정,2026-09-30T01:48:16.955452+00:00
2017-06-01,month_end,30,country,홍콩,3198026000,잠정,2026-09-30T01:48:16.955452+00:00
2017-06-01,month_end,30,product,가전제품,652833000,잠정,2026-09-30T01:44:33.734939+00:00
2017-06-01,month_end,30,product,무선통신기기,1449643000,잠정,2026-09-30T01:44:33.734939+00:00
2017-06-01,month_end,30,product,반도체,8247070000,잠정,2026-09-30T01:44:33.734939+00:00
2017-06-01,month_end,30,product,석유제품,2446645000,잠정,2026-09-30T01:44:33.734939+00:00
2017-06-01,month_end,30,product,선박,7310385000,잠정,2026-09-30T01:44:33.734939+00:00
2017-06-01,month_end,30,product,승용차,3551669000,잠정,2026-09-30T01:44:33.734939+00:00
2017-06-01,month_end,30,product,자동차부품,1890967000,잠정,2026-09-30T01:44:33.734939+00:00
2017-06-01,month_end,30,product,전체,51272452000,잠정,2026-09-30T01:44:33.734939+00:00
2017-06-01,month_end,30,product,정밀기기,893326000,잠정,2026-09-30T01:44:33.734939+00:00
2017-06-01,month_end,30,product,철강제품,3978824000,잠정,2026-09-30T01:44:33.734939+00:00
2017-06-01,month_end,30,product,컴퓨터주변기기,713925000,잠정,2026-09-30T01:44:33.734939+00:00
2017-07-01,10,10,country,대만,324753000,잠정,2026-09-30T01:48:16.955452+00:00
2017-07-01,10,10,country,말레이시아,353027000,잠정,2026-09-30T01:48:16.955452+00:00
2017-07-01,10,10,country,미국,1265862000,잠정,2026-09-30T01:48:16.955452+00:00
2017-07-01,10,10,country,베트남,869286000,잠정,2026-09-30T01:48:16.955452+00:00
2017-07-01,10,10,country,싱가포르,426936000,잠정,2026-09-30T01:48:16.955452+00:00
2017-07-01,10,10,country,유럽연합,963118000,잠정,2026-09-30T01:48:16.955452+00:00
2017-07-01,10,10,country,인도,264897000,잠정,2026-09-30T01:48:16.955452+00:00
2017-07-01,10,10,country,일본,589770000,잠정,2026-09-30T01:48:16.955452+00:00
2017-07-01,10,10,country,전체,14238815000,잠정,2026-09-30T01:48:16.955452+00:00
2017-07-01,10,10,country,중국,2822458000,잠정,2026-09-30T01:48:16.955452+00:00
2017-07-01,10,10,country,홍콩,568962000,잠정,2026-09-30T01:48:16.955452+00:00
2017-07-01,10,10,product,가전제품,164790000,잠정,2026-09-30T01:44:33.734939+00:00
2017-07-01,10,10,product,무선통신기기,334787000,잠정,2026-09-30T01:44:33.734939+00:00
2017-07-01,10,10,product,반도체,1947218000,잠정,2026-09-30T01:44:33.734939+00:00
2017-07-01,10,10,product,석유제품,750848000,잠정,2026-09-30T01:44:33.734939+00:00
2017-07-01,10,10,product,선박,4169199000,잠정,2026-09-30T01:44:33.734939+00:00
2017-07-01,10,10,product,승용차,539759000,잠정,2026-09-30T01:44:33.734939+00:00
2017-07-01,10,10,product,자동차부품,439846000,잠정,2026-09-30T01:44:33.734939+00:00
2017-07-01,10,10,product,전체,14238815000,잠정,2026-09-30T01:44:33.734939+00:00
2017-07-01,10,10,product,정밀기기,217897000,잠정,2026-09-30T01:44:33.734939+00:00
2017-07-01,10,10,product,철강제품,764855000,잠정,2026-09-30T01:44:33.734939+00:00
2017-07-01,10,10,product,컴퓨터주변기기,180557000,잠정,2026-09-30T01:44:33.734939+00:00
2017-07-01,20,20,country,대만,749225000,잠정,2026-09-30T01:48:16.955452+00:00
2017-07-01,20,20,country,말레이시아,544572000,잠정,2026-09-30T01:48:16.955452+00:00
2017-07-01,20,20,country,미국,3377438000,잠정,2026-09-30T01:48:16.955452+00:00
2017-07-01,20,20,country,베트남,2185341000,잠정,2026-09-30T01:48:16.955452+00:00
2017-07-01,20,20,country,싱가포르,830428000,잠정,2026-09-30T01:48:16.955452+00:00
2017-07-01,20,20,country,유럽연합,2648431000,잠정,2026-09-30T01:48:16.955452+00:00
2017-07-01,20,20,country,인도,835195000,잠정,2026-09-30T01:48:16.955452+00:00
2017-07-01,20,20,country,일본,1326069000,잠정,2026-09-30T01:48:16.955452+00:00
2017-07-01,20,20,country,전체,30032724000,잠정,2026-09-30T01:48:16.955452+00:00
2017-07-01,20,20,country,중국,6507838000,잠정,2026-09-30T01:48:16.955452+00:00
2017-07-01,20,20,country,홍콩,1505622000,잠정,2026-09-30T01:48:16.955452+00:00
2017-07-01,20,20,product,가전제품,437518000,잠정,2026-09-30T01:44:33.734939+00:00
2017-07-01,20,20,product,무선통신기기,940539000,잠정,2026-09-30T01:44:33.734939+00:00
2017-07-01,20,20,product,반도체,4518214000,잠정,2026-09-30T01:44:33.734939+00:00
2017-07-01,20,20,product,석유제품,1626061000,잠정,2026-09-30T01:44:33.734939+00:00
2017-07-01,20,20,product,선박,4772795000,잠정,2026-09-30T01:44:33.734939+00:00
2017-07-01,20,20,product,승용차,1815198000,잠정,2026-09-30T01:44:33.734939+00:00
2017-07-01,20,20,product,자동차부품,1187181000,잠정,2026-09-30T01:44:33.734939+00:00
2017-07-01,20,20,product,전체,30032724000,잠정,2026-09-30T01:44:33.734939+00:00
2017-07-01,20,20,product,정밀기기,501044000,잠정,2026-09-30T01:44:33.734939+00:00
2017-07-01,20,20,product,철강제품,1994500000,잠정,2026-09-30T01:44:33.734939+00:00
2017-07-01,20,20,product,컴퓨터주변기기,423228000,잠정,2026-09-30T01:44:33.734939+00:00
2017-07-01,month_end,31,country,대만,1338658000,잠정,2026-09-30T01:48:16.955452+00:00
2017-07-01,month_end,31,country,말레이시아,754676000,잠정,2026-09-30T01:48:16.955452+00:00
2017-07-01,month_end,31,country,미국,5660934000,잠정,2026-09-30T01:48:16.955452+00:00
2017-07-01,month_end,31,country,베트남,3636567000,잠정,2026-09-30T01:48:16.955452+00:00
2017-07-01,month_end,31,country,싱가포르,1239345000,잠정,2026-09-30T01:48:16.955452+00:00
2017-07-01,month_end,31,country,유럽연합,4311412000,잠정,2026-09-30T01:48:16.955452+00:00
2017-07-01,month_end,31,country,인도,1570326000,잠정,2026-09-30T01:48:16.955452+00:00
2017-07-01,month_end,31,country,일본,2162170000,잠정,2026-09-30T01:48:16.955452+00:00
2017-07-01,month_end,31,country,전체,48830440000,잠정,2026-09-30T01:48:16.955452+00:00
2017-07-01,month_end,31,country,중국,10791084000,잠정,2026-09-30T01:48:16.955452+00:00
2017-07-01,month_end,31,country,홍콩,2903504000,잠정,2026-09-30T01:48:16.955452+00:00
2017-07-01,month_end,31,product,가전제품,694355000,잠정,2026-09-30T01:44:33.734939+00:00
2017-07-01,month_end,31,product,무선통신기기,1386105000,잠정,2026-09-30T01:44:33.734939+00:00
2017-07-01,month_end,31,product,반도체,8103895000,잠정,2026-09-30T01:44:33.734939+00:00
2017-07-01,month_end,31,product,석유제품,2742491000,잠정,2026-09-30T01:44:33.734939+00:00
2017-07-01,month_end,31,product,선박,6006358000,잠정,2026-09-30T01:44:33.734939+00:00
2017-07-01,month_end,31,product,승용차,3404373000,잠정,2026-09-30T01:44:33.734939+00:00
2017-07-01,month_end,31,product,자동차부품,1828309000,잠정,2026-09-30T01:44:33.734939+00:00
2017-07-01,month_end,31,product,전체,48830440000,잠정,2026-09-30T01:44:33.734939+00:00
2017-07-01,month_end,31,product,정밀기기,804420000,잠정,2026-09-30T01:44:33.734939+00:00
2017-07-01,month_end,31,product,철강제품,3588936000,잠정,2026-09-30T01:44:33.734939+00:00
2017-07-01,month_end,31,product,컴퓨터주변기기,753335000,잠정,2026-09-30T01:44:33.734939+00:00
2017-08-01,10,10,country,대만,399315000,잠정,2026-09-30T01:48:16.955452+00:00
2017-08-01,10,10,country,말레이시아,158362000,잠정,2026-09-30T01:48:16.955452+00:00
2017-08-01,10,10,country,미국,1588975000,잠정,2026-09-30T01:48:16.955452+00:00
2017-08-01,10,10,country,베트남,1064060000,잠정,2026-09-30T01:48:16.955452+00:00
2017-08-01,10,10,country,싱가포르,228486000,잠정,2026-09-30T01:48:16.955452+00:00
2017-08-01,10,10,country,유럽연합,978974000,잠정,2026-09-30T01:48:16.955452+00:00
2017-08-01,10,10,country,인도,675755000,잠정,2026-09-30T01:48:16.955452+00:00
2017-08-01,10,10,country,일본,606890000,잠정,2026-09-30T01:48:16.955452+00:00
2017-08-01,10,10,country,전체,12442644000,잠정,2026-09-30T01:48:16.955452+00:00
2017-08-01,10,10,country,중국,3454869000,잠정,2026-09-30T01:48:16.955452+00:00
2017-08-01,10,10,country,홍콩,802237000,잠정,2026-09-30T01:48:16.955452+00:00
2017-08-01,10,10,product,가전제품,195938000,잠정,2026-09-30T01:44:33.734939+00:00
2017-08-01,10,10,product,무선통신기기,487517000,잠정,2026-09-30T01:44:33.734939+00:00
2017-08-01,10,10,product,반도체,2522841000,잠정,2026-09-30T01:44:33.734939+00:00
2017-08-01,10,10,product,석유제품,1011278000,잠정,2026-09-30T01:44:33.734939+00:00
2017-08-01,10,10,product,선박,439880000,잠정,2026-09-30T01:44:33.734939+00:00
2017-08-01,10,10,product,승용차,107478000,잠정,2026-09-30T01:44:33.734939+00:00
2017-08-01,10,10,product,자동차부품,402851000,잠정,2026-09-30T01:44:33.734939+00:00
2017-08-01,10,10,product,전체,12442644000,잠정,2026-09-30T01:44:33.734939+00:00
2017-08-01,10,10,product,정밀기기,244390000,잠정,2026-09-30T01:44:33.734939+00:00
2017-08-01,10,10,product,철강제품,987808000,잠정,2026-09-30T01:44:33.734939+00:00
2017-08-01,10,10,product,컴퓨터주변기기,231782000,잠정,2026-09-30T01:44:33.734939+00:00
2017-08-01,20,20,country,대만,758930000,잠정,2026-09-30T01:48:16.955452+00:00
2017-08-01,20,20,country,말레이시아,316654000,잠정,2026-09-30T01:48:16.955452+00:00
2017-08-01,20,20,country,미국,3151387000,잠정,2026-09-30T01:48:16.955452+00:00
2017-08-01,20,20,country,베트남,2105282000,잠정,2026-09-30T01:48:16.955452+00:00
2017-08-01,20,20,country,싱가포르,552754000,잠정,2026-09-30T01:48:16.955452+00:00
2017-08-01,20,20,country,유럽연합,2410742000,잠정,2026-09-30T01:48:16.955452+00:00
2017-08-01,20,20,country,인도,1256030000,잠정,2026-09-30T01:48:16.955452+00:00
2017-08-01,20,20,country,일본,1171139000,잠정,2026-09-30T01:48:16.955452+00:00
2017-08-01,20,20,country,전체,25048052000,잠정,2026-09-30T01:48:16.955452+00:00
2017-08-01,20,20,country,중국,6771888000,잠정,2026-09-30T01:48:16.955452+00:00
2017-08-01,20,20,country,홍콩,1577530000,잠정,2026-09-30T01:48:16.955452+00:00
2017-08-01,20,20,product,가전제품,402992000,잠정,2026-09-30T01:44:33.734939+00:00
2017-08-01,20,20,product,무선통신기기,1010733000,잠정,2026-09-30T01:44:33.734939+00:00
2017-08-01,20,20,product,반도체,4860739000,잠정,2026-09-30T01:44:33.734939+00:00
2017-08-01,20,20,product,석유제품,1857590000,잠정,2026-09-30T01:44:33.734939+00:00
2017-08-01,20,20,product,선박,1039300000,잠정,2026-09-30T01:44:33.734939+00:00
2017-08-01,20,20,product,승용차,885423000,잠정,2026-09-30T01:44:33.734939+00:00
2017-08-01,20,20,product,자동차부품,915226000,잠정,2026-09-30T01:44:33.734939+00:00
2017-08-01,20,20,product,전체,25048052000,잠정,2026-09-30T01:44:33.734939+00:00
2017-08-01,20,20,product,정밀기기,459463000,잠정,2026-09-30T01:44:33.734939+00:00
2017-08-01,20,20,product,철강제품,1867510000,잠정,2026-09-30T01:44:33.734939+00:00
2017-08-01,20,20,product,컴퓨터주변기기,458747000,잠정,2026-09-30T01:44:33.734939+00:00
2017-08-01,month_end,31,country,대만,1301929000,잠정,2026-09-30T01:48:16.955452+00:00
2017-08-01,month_end,31,country,말레이시아,571426000,잠정,2026-09-30T01:48:16.955452+00:00
2017-08-01,month_end,31,country,미국,5952844000,잠정,2026-09-30T01:48:16.955452+00:00
2017-08-01,month_end,31,country,베트남,3754935000,잠정,2026-09-30T01:48:16.955452+00:00
2017-08-01,month_end,31,country,싱가포르,1030981000,잠정,2026-09-30T01:48:16.955452+00:00
2017-08-01,month_end,31,country,유럽연합,4657454000,잠정,2026-09-30T01:48:16.955452+00:00
2017-08-01,month_end,31,country,인도,2034432000,잠정,2026-09-30T01:48:16.955452+00:00
2017-08-01,month_end,31,country,일본,2107246000,잠정,2026-09-30T01:48:16.955452+00:00
2017-08-01,month_end,31,country,전체,47105569000,잠정,2026-09-30T01:48:16.955452+00:00
2017-08-01,month_end,31,country,중국,11912499000,잠정,2026-09-30T01:48:16.955452+00:00
2017-08-01,month_end,31,country,홍콩,3287458000,잠정,2026-09-30T01:48:16.955452+00:00
2017-08-01,month_end,31,product,가전제품,770673000,잠정,2026-09-30T01:44:33.734939+00:00
2017-08-01,month_end,31,product,무선통신기기,1726494000,잠정,2026-09-30T01:44:33.734939+00:00
2017-08-01,month_end,31,product,반도체,8981580000,잠정,2026-09-30T01:44:33.734939+00:00
2017-08-01,month_end,31,product,석유제품,2914007000,잠정,2026-09-30T01:44:33.734939+00:00
2017-08-01,month_end,31,product,선박,2390667000,잠정,2026-09-30T01:44:33.734939+00:00
2017-08-01,month_end,31,product,승용차,2627911000,잠정,2026-09-30T01:44:33.734939+00:00
2017-08-01,month_end,31,product,자동차부품,1794245000,잠정,2026-09-30T01:44:33.734939+00:00
2017-08-01,month_end,31,product,전체,47105569000,잠정,2026-09-30T01:44:33.734939+00:00
2017-08-01,month_end,31,product,정밀기기,810937000,잠정,2026-09-30T01:44:33.734939+00:00
2017-08-01,month_end,31,product,철강제품,3722359000,잠정,2026-09-30T01:44:33.734939+00:00
2017-08-01,month_end,31,product,컴퓨터주변기기,794567000,잠정,2026-09-30T01:44:33.734939+00:00
2017-09-01,10,10,country,대만,319293000,잠정,2026-09-30T01:48:16.955452+00:00
2017-09-01,10,10,country,말레이시아,149275000,잠정,2026-09-30T01:48:16.955452+00:00
2017-09-01,10,10,country,미국,1581217000,잠정,2026-09-30T01:48:16.955452+00:00
2017-09-01,10,10,country,베트남,1250415000,잠정,2026-09-30T01:48:16.955452+00:00
2017-09-01,10,10,country,싱가포르,244077000,잠정,2026-09-30T01:48:16.955452+00:00
2017-09-01,10,10,country,유럽연합,1114617000,잠정,2026-09-30T01:48:16.955452+00:00
2017-09-01,10,10,country,인도,229411000,잠정,2026-09-30T01:48:16.955452+00:00
2017-09-01,10,10,country,일본,583629000,잠정,2026-09-30T01:48:16.955452+00:00
2017-09-01,10,10,country,전체,12305209000,잠정,2026-09-30T01:48:16.955452+00:00
2017-09-01,10,10,country,중국,3589452000,잠정,2026-09-30T01:48:16.955452+00:00
2017-09-01,10,10,country,홍콩,784140000,잠정,2026-09-30T01:48:16.955452+00:00
2017-09-01,10,10,product,가전제품,208090000,잠정,2026-09-30T01:44:33.734939+00:00
2017-09-01,10,10,product,무선통신기기,593896000,잠정,2026-09-30T01:44:33.734939+00:00
2017-09-01,10,10,product,반도체,2503428000,잠정,2026-09-30T01:44:33.734939+00:00
2017-09-01,10,10,product,석유제품,889066000,잠정,2026-09-30T01:44:33.734939+00:00
2017-09-01,10,10,product,선박,252761000,잠정,2026-09-30T01:44:33.734939+00:00
2017-09-01,10,10,product,승용차,548718000,잠정,2026-09-30T01:44:33.734939+00:00
2017-09-01,10,10,product,자동차부품,523396000,잠정,2026-09-30T01:44:33.734939+00:00
2017-09-01,10,10,product,전체,12305209000,잠정,2026-09-30T01:44:33.734939+00:00
2017-09-01,10,10,product,정밀기기,237975000,잠정,2026-09-30T01:44:33.734939+00:00
2017-09-01,10,10,product,철강제품,890820000,잠정,2026-09-30T01:44:33.734939+00:00
2017-09-01,10,10,product,컴퓨터주변기기,186394000,잠정,2026-09-30T01:44:33.734939+00:00
2017-09-01,20,20,country,대만,747072000,잠정,2026-09-30T01:48:16.955452+00:00
2017-09-01,20,20,country,말레이시아,385423000,잠정,2026-09-30T01:48:16.955452+00:00
2017-09-01,20,20,country,미국,3704741000,잠정,2026-09-30T01:48:16.955452+00:00
2017-09-01,20,20,country,베트남,2783024000,잠정,2026-09-30T01:48:16.955452+00:00
2017-09-01,20,20,country,싱가포르,564188000,잠정,2026-09-30T01:48:16.955452+00:00
2017-09-01,20,20,country,유럽연합,2799984000,잠정,2026-09-30T01:48:16.955452+00:00
2017-09-01,20,20,country,인도,647834000,잠정,2026-09-30T01:48:16.955452+00:00
2017-09-01,20,20,country,일본,1385599000,잠정,2026-09-30T01:48:16.955452+00:00
2017-09-01,20,20,country,전체,30014154000,잠정,2026-09-30T01:48:16.955452+00:00
2017-09-01,20,20,country,중국,8271203000,잠정,2026-09-30T01:48:16.955452+00:00
2017-09-01,20,20,country,홍콩,2109299000,잠정,2026-09-30T01:48:16.955452+00:00
2017-09-01,20,20,product,가전제품,550060000,잠정,2026-09-30T01:44:33.734939+00:00
2017-09-01,20,20,product,무선통신기기,1229889000,잠정,2026-09-30T01:44:33.734939+00:00
2017-09-01,20,20,product,반도체,6048725000,잠정,2026-09-30T01:44:33.734939+00:00
2017-09-01,20,20,product,석유제품,1890030000,잠정,2026-09-30T01:44:33.734939+00:00
2017-09-01,20,20,product,선박,1183385000,잠정,2026-09-30T01:44:33.734939+00:00
2017-09-01,20,20,product,승용차,1713764000,잠정,2026-09-30T01:44:33.734939+00:00
2017-09-01,20,20,product,자동차부품,1229766000,잠정,2026-09-30T01:44:33.734939+00:00
2017-09-01,20,20,product,전체,30014154000,잠정,2026-09-30T01:44:33.734939+00:00
2017-09-01,20,20,product,정밀기기,577840000,잠정,2026-09-30T01:44:33.734939+00:00
2017-09-01,20,20,product,철강제품,2158001000,잠정,2026-09-30T01:44:33.734939+00:00
2017-09-01,20,20,product,컴퓨터주변기기,422453000,잠정,2026-09-30T01:44:33.734939+00:00
2017-09-01,month_end,30,country,대만,1357134000,잠정,2026-09-30T01:48:16.955452+00:00
2017-09-01,month_end,30,country,말레이시아,644479000,잠정,2026-09-30T01:48:16.955452+00:00
2017-09-01,month_end,30,country,미국,6597924000,잠정,2026-09-30T01:48:16.955452+00:00
2017-09-01,month_end,30,country,베트남,4734487000,잠정,2026-09-30T01:48:16.955452+00:00
2017-09-01,month_end,30,country,싱가포르,1136453000,잠정,2026-09-30T01:48:16.955452+00:00
2017-09-01,month_end,30,country,유럽연합,4618021000,잠정,2026-09-30T01:48:16.955452+00:00
2017-09-01,month_end,30,country,인도,1151673000,잠정,2026-09-30T01:48:16.955452+00:00
2017-09-01,month_end,30,country,일본,2516088000,잠정,2026-09-30T01:48:16.955452+00:00
2017-09-01,month_end,30,country,전체,55115240000,잠정,2026-09-30T01:48:16.955452+00:00
2017-09-01,month_end,30,country,중국,13540683000,잠정,2026-09-30T01:48:16.955452+00:00
2017-09-01,month_end,30,country,홍콩,3828534000,잠정,2026-09-30T01:48:16.955452+00:00
2017-09-01,month_end,30,product,가전제품,874169000,잠정,2026-09-30T01:44:33.734939+00:00
2017-09-01,month_end,30,product,무선통신기기,1923574000,잠정,2026-09-30T01:44:33.734939+00:00
2017-09-01,month_end,30,product,반도체,9941741000,잠정,2026-09-30T01:44:33.734939+00:00
2017-09-01,month_end,30,product,석유제품,3689671000,잠정,2026-09-30T01:44:33.734939+00:00
2017-09-01,month_end,30,product,선박,3030310000,잠정,2026-09-30T01:44:33.734939+00:00
2017-09-01,month_end,30,product,승용차,3548641000,잠정,2026-09-30T01:44:33.734939+00:00
2017-09-01,month_end,30,product,자동차부품,2070316000,잠정,2026-09-30T01:44:33.734939+00:00
2017-09-01,month_end,30,product,전체,55115240000,잠정,2026-09-30T01:44:33.734939+00:00
2017-09-01,month_end,30,product,정밀기기,975499000,잠정,2026-09-30T01:44:33.734939+00:00
2017-09-01,month_end,30,product,철강제품,5829077000,잠정,2026-09-30T01:44:33.734939+00:00
2017-09-01,month_end,30,product,컴퓨터주변기기,854009000,잠정,2026-09-30T01:44:33.734939+00:00
2017-10-01,10,10,country,대만,175407000,잠정,2026-09-30T01:48:16.955452+00:00
2017-10-01,10,10,country,말레이시아,53524000,잠정,2026-09-30T01:48:16.955452+00:00
2017-10-01,10,10,country,미국,400151000,잠정,2026-09-30T01:48:16.955452+00:00
2017-10-01,10,10,country,베트남,688618000,잠정,2026-09-30T01:48:16.955452+00:00
2017-10-01,10,10,country,싱가포르,118557000,잠정,2026-09-30T01:48:16.955452+00:00
2017-10-01,10,10,country,유럽연합,213875000,잠정,2026-09-30T01:48:16.955452+00:00
2017-10-01,10,10,country,인도,48439000,잠정,2026-09-30T01:48:16.955452+00:00
2017-10-01,10,10,country,일본,144299000,잠정,2026-09-30T01:48:16.955452+00:00
2017-10-01,10,10,country,전체,6716871000,잠정,2026-09-30T01:48:16.955452+00:00
2017-10-01,10,10,country,중국,2109893000,잠정,2026-09-30T01:48:16.955452+00:00
2017-10-01,10,10,country,홍콩,386321000,잠정,2026-09-30T01:48:16.955452+00:00
2017-10-01,10,10,product,가전제품,60329000,잠정,2026-09-30T01:44:33.734939+00:00
2017-10-01,10,10,product,무선통신기기,319827000,잠정,2026-09-30T01:44:33.734939+00:00
2017-10-01,10,10,product,반도체,2040192000,잠정,2026-09-30T01:44:33.734939+00:00
2017-10-01,10,10,product,석유제품,406591000,잠정,2026-09-30T01:44:33.734939+00:00
2017-10-01,10,10,product,선박,1669823000,잠정,2026-09-30T01:44:33.734939+00:00
2017-10-01,10,10,product,승용차,37968000,잠정,2026-09-30T01:44:33.734939+00:00
2017-10-01,10,10,product,자동차부품,86733000,잠정,2026-09-30T01:44:33.734939+00:00
2017-10-01,10,10,product,전체,6716871000,잠정,2026-09-30T01:44:33.734939+00:00
2017-10-01,10,10,product,정밀기기,83633000,잠정,2026-09-30T01:44:33.734939+00:00
2017-10-01,10,10,product,철강제품,307293000,잠정,2026-09-30T01:44:33.734939+00:00
2017-10-01,10,10,product,컴퓨터주변기기,70421000,잠정,2026-09-30T01:44:33.734939+00:00
2017-10-01,20,20,country,대만,552092000,잠정,2026-09-30T01:48:16.955452+00:00
2017-10-01,20,20,country,말레이시아,301878000,잠정,2026-09-30T01:48:16.955452+00:00
2017-10-01,20,20,country,미국,2589019000,잠정,2026-09-30T01:48:16.955452+00:00
2017-10-01,20,20,country,베트남,2332796000,잠정,2026-09-30T01:48:16.955452+00:00
2017-10-01,20,20,country,싱가포르,509412000,잠정,2026-09-30T01:48:16.955452+00:00
2017-10-01,20,20,country,유럽연합,2456285000,잠정,2026-09-30T01:48:16.955452+00:00
2017-10-01,20,20,country,인도,490121000,잠정,2026-09-30T01:48:16.955452+00:00
2017-10-01,20,20,country,일본,1050738000,잠정,2026-09-30T01:48:16.955452+00:00
2017-10-01,20,20,country,전체,26494576000,잠정,2026-09-30T01:48:16.955452+00:00
2017-10-01,20,20,country,중국,7595170000,잠정,2026-09-30T01:48:16.955452+00:00
2017-10-01,20,20,country,홍콩,1988697000,잠정,2026-09-30T01:48:16.955452+00:00
2017-10-01,20,20,product,가전제품,370631000,잠정,2026-09-30T01:44:33.734939+00:00
2017-10-01,20,20,product,무선통신기기,1138766000,잠정,2026-09-30T01:44:33.734939+00:00
2017-10-01,20,20,product,반도체,5918316000,잠정,2026-09-30T01:44:33.734939+00:00
2017-10-01,20,20,product,석유제품,1484135000,잠정,2026-09-30T01:44:33.734939+00:00
2017-10-01,20,20,product,선박,3013125000,잠정,2026-09-30T01:44:33.734939+00:00
2017-10-01,20,20,product,승용차,1115453000,잠정,2026-09-30T01:44:33.734939+00:00
2017-10-01,20,20,product,자동차부품,861520000,잠정,2026-09-30T01:44:33.734939+00:00
2017-10-01,20,20,product,전체,26494576000,잠정,2026-09-30T01:44:33.734939+00:00
2017-10-01,20,20,product,정밀기기,442550000,잠정,2026-09-30T01:44:33.734939+00:00
2017-10-01,20,20,product,철강제품,1688621000,잠정,2026-09-30T01:44:33.734939+00:00
2017-10-01,20,20,product,컴퓨터주변기기,403397000,잠정,2026-09-30T01:44:33.734939+00:00
2017-10-01,month_end,31,country,대만,1138593000,잠정,2026-09-30T01:48:16.955452+00:00
2017-10-01,month_end,31,country,말레이시아,495788000,잠정,2026-09-30T01:48:16.955452+00:00
2017-10-01,month_end,31,country,미국,4726842000,잠정,2026-09-30T01:48:16.955452+00:00
2017-10-01,month_end,31,country,베트남,3864652000,잠정,2026-09-30T01:48:16.955452+00:00
2017-10-01,month_end,31,country,싱가포르,896780000,잠정,2026-09-30T01:48:16.955452+00:00
2017-10-01,month_end,31,country,유럽연합,3989134000,잠정,2026-09-30T01:48:16.955452+00:00
2017-10-01,month_end,31,country,인도,898662000,잠정,2026-09-30T01:48:16.955452+00:00
2017-10-01,month_end,31,country,일본,1847999000,잠정,2026-09-30T01:48:16.955452+00:00
2017-10-01,month_end,31,country,전체,44791239000,잠정,2026-09-30T01:48:16.955452+00:00
2017-10-01,month_end,31,country,중국,12580474000,잠정,2026-09-30T01:48:16.955452+00:00
2017-10-01,month_end,31,country,홍콩,3657236000,잠정,2026-09-30T01:48:16.955452+00:00
2017-10-01,month_end,31,product,가전제품,651942000,잠정,2026-09-30T01:44:33.734939+00:00
2017-10-01,month_end,31,product,무선통신기기,1951910000,잠정,2026-09-30T01:44:33.734939+00:00
2017-10-01,month_end,31,product,반도체,9701470000,잠정,2026-09-30T01:44:33.734939+00:00
2017-10-01,month_end,31,product,석유제품,2630547000,잠정,2026-09-30T01:44:33.734939+00:00
2017-10-01,month_end,31,product,선박,3234131000,잠정,2026-09-30T01:44:33.734939+00:00
2017-10-01,month_end,31,product,승용차,2680873000,잠정,2026-09-30T01:44:33.734939+00:00
2017-10-01,month_end,31,product,자동차부품,1498036000,잠정,2026-09-30T01:44:33.734939+00:00
2017-10-01,month_end,31,product,전체,44791239000,잠정,2026-09-30T01:44:33.734939+00:00
2017-10-01,month_end,31,product,정밀기기,803501000,잠정,2026-09-30T01:44:33.734939+00:00
2017-10-01,month_end,31,product,철강제품,3252285000,잠정,2026-09-30T01:44:33.734939+00:00
2017-10-01,month_end,31,product,컴퓨터주변기기,746278000,잠정,2026-09-30T01:44:33.734939+00:00
2017-11-01,10,10,country,대만,405669000,잠정,2026-09-30T01:48:16.955452+00:00
2017-11-01,10,10,country,말레이시아,218762000,잠정,2026-09-30T01:48:16.955452+00:00
2017-11-01,10,10,country,미국,2107522000,잠정,2026-09-30T01:48:16.955452+00:00
2017-11-01,10,10,country,베트남,1508096000,잠정,2026-09-30T01:48:16.955452+00:00
2017-11-01,10,10,country,싱가포르,238862000,잠정,2026-09-30T01:48:16.955452+00:00
2017-11-01,10,10,country,유럽연합,1241483000,잠정,2026-09-30T01:48:16.955452+00:00
2017-11-01,10,10,country,인도,322421000,잠정,2026-09-30T01:48:16.955452+00:00
2017-11-01,10,10,country,일본,909523000,잠정,2026-09-30T01:48:16.955452+00:00
2017-11-01,10,10,country,전체,16075304000,잠정,2026-09-30T01:48:16.955452+00:00
2017-11-01,10,10,country,중국,4822313000,잠정,2026-09-30T01:48:16.955452+00:00
2017-11-01,10,10,country,홍콩,1005646000,잠정,2026-09-30T01:48:16.955452+00:00
2017-11-01,10,10,product,가전제품,217734000,잠정,2026-09-30T01:44:33.734939+00:00
2017-11-01,10,10,product,무선통신기기,778424000,잠정,2026-09-30T01:44:33.734939+00:00
2017-11-01,10,10,product,반도체,3144983000,잠정,2026-09-30T01:44:33.734939+00:00
2017-11-01,10,10,product,석유제품,1184764000,잠정,2026-09-30T01:44:33.734939+00:00
2017-11-01,10,10,product,선박,147246000,잠정,2026-09-30T01:44:33.734939+00:00
2017-11-01,10,10,product,승용차,993464000,잠정,2026-09-30T01:44:33.734939+00:00
2017-11-01,10,10,product,자동차부품,697342000,잠정,2026-09-30T01:44:33.734939+00:00
2017-11-01,10,10,product,전체,16075304000,잠정,2026-09-30T01:44:33.734939+00:00
2017-11-01,10,10,product,정밀기기,355395000,잠정,2026-09-30T01:44:33.734939+00:00
2017-11-01,10,10,product,철강제품,1141106000,잠정,2026-09-30T01:44:33.734939+00:00
2017-11-01,10,10,product,컴퓨터주변기기,230914000,잠정,2026-09-30T01:44:33.734939+00:00
2017-11-01,20,20,country,대만,793345000,잠정,2026-09-30T01:48:16.955452+00:00
2017-11-01,20,20,country,말레이시아,378048000,잠정,2026-09-30T01:48:16.955452+00:00
2017-11-01,20,20,country,미국,3795086000,잠정,2026-09-30T01:48:16.955452+00:00
2017-11-01,20,20,country,베트남,2689683000,잠정,2026-09-30T01:48:16.955452+00:00
2017-11-01,20,20,country,싱가포르,481316000,잠정,2026-09-30T01:48:16.955452+00:00
2017-11-01,20,20,country,유럽연합,2336158000,잠정,2026-09-30T01:48:16.955452+00:00
2017-11-01,20,20,country,인도,639844000,잠정,2026-09-30T01:48:16.955452+00:00
2017-11-01,20,20,country,일본,1515632000,잠정,2026-09-30T01:48:16.955452+00:00
2017-11-01,20,20,country,전체,29864929000,잠정,2026-09-30T01:48:16.955452+00:00
2017-11-01,20,20,country,중국,8879862000,잠정,2026-09-30T01:48:16.955452+00:00
2017-11-01,20,20,country,홍콩,1921656000,잠정,2026-09-30T01:48:16.955452+00:00
2017-11-01,20,20,product,가전제품,391862000,잠정,2026-09-30T01:44:33.734939+00:00
2017-11-01,20,20,product,무선통신기기,1354632000,잠정,2026-09-30T01:44:33.734939+00:00
2017-11-01,20,20,product,반도체,5868387000,잠정,2026-09-30T01:44:33.734939+00:00
2017-11-01,20,20,product,석유제품,2178708000,잠정,2026-09-30T01:44:33.734939+00:00
2017-11-01,20,20,product,선박,688012000,잠정,2026-09-30T01:44:33.734939+00:00
2017-11-01,20,20,product,승용차,1825636000,잠정,2026-09-30T01:44:33.734939+00:00
2017-11-01,20,20,product,자동차부품,1144325000,잠정,2026-09-30T01:44:33.734939+00:00
2017-11-01,20,20,product,전체,29864929000,잠정,2026-09-30T01:44:33.734939+00:00
2017-11-01,20,20,product,정밀기기,684624000,잠정,2026-09-30T01:44:33.734939+00:00
2017-11-01,20,20,product,철강제품,2112431000,잠정,2026-09-30T01:44:33.734939+00:00
2017-11-01,20,20,product,컴퓨터주변기기,463531000,잠정,2026-09-30T01:44:33.734939+00:00
2017-11-01,month_end,30,country,대만,1289957000,잠정,2026-09-30T01:48:16.955452+00:00
2017-11-01,month_end,30,country,말레이시아,629843000,잠정,2026-09-30T01:48:16.955452+00:00
2017-11-01,month_end,30,country,미국,6381591000,잠정,2026-09-30T01:48:16.955452+00:00
2017-11-01,month_end,30,country,베트남,4411512000,잠정,2026-09-30T01:48:16.955452+00:00
2017-11-01,month_end,30,country,싱가포르,824011000,잠정,2026-09-30T01:48:16.955452+00:00
2017-11-01,month_end,30,country,유럽연합,4077959000,잠정,2026-09-30T01:48:16.955452+00:00
2017-11-01,month_end,30,country,인도,1108705000,잠정,2026-09-30T01:48:16.955452+00:00
2017-11-01,month_end,30,country,일본,2520013000,잠정,2026-09-30T01:48:16.955452+00:00
2017-11-01,month_end,30,country,전체,49707197000,잠정,2026-09-30T01:48:16.955452+00:00
2017-11-01,month_end,30,country,중국,14000887000,잠정,2026-09-30T01:48:16.955452+00:00
2017-11-01,month_end,30,country,홍콩,3751699000,잠정,2026-09-30T01:48:16.955452+00:00
2017-11-01,month_end,30,product,가전제품,619319000,잠정,2026-09-30T01:44:33.734939+00:00
2017-11-01,month_end,30,product,무선통신기기,2055615000,잠정,2026-09-30T01:44:33.734939+00:00
2017-11-01,month_end,30,product,반도체,9827528000,잠정,2026-09-30T01:44:33.734939+00:00
2017-11-01,month_end,30,product,석유제품,3462497000,잠정,2026-09-30T01:44:33.734939+00:00
2017-11-01,month_end,30,product,선박,749677000,잠정,2026-09-30T01:44:33.734939+00:00
2017-11-01,month_end,30,product,승용차,3728428000,잠정,2026-09-30T01:44:33.734939+00:00
2017-11-01,month_end,30,product,자동차부품,1877152000,잠정,2026-09-30T01:44:33.734939+00:00
2017-11-01,month_end,30,product,전체,49707197000,잠정,2026-09-30T01:44:33.734939+00:00
2017-11-01,month_end,30,product,정밀기기,1112046000,잠정,2026-09-30T01:44:33.734939+00:00
2017-11-01,month_end,30,product,철강제품,3741361000,잠정,2026-09-30T01:44:33.734939+00:00
2017-11-01,month_end,30,product,컴퓨터주변기기,797631000,잠정,2026-09-30T01:44:33.734939+00:00
2017-12-01,10,10,country,대만,312860000,잠정,2026-09-30T01:48:16.955452+00:00
2017-12-01,10,10,country,말레이시아,194479000,잠정,2026-09-30T01:48:16.955452+00:00
2017-12-01,10,10,country,미국,1385104000,잠정,2026-09-30T01:48:16.955452+00:00
2017-12-01,10,10,country,베트남,1139809000,잠정,2026-09-30T01:48:16.955452+00:00
2017-12-01,10,10,country,싱가포르,194391000,잠정,2026-09-30T01:48:16.955452+00:00
2017-12-01,10,10,country,유럽연합,1032299000,잠정,2026-09-30T01:48:16.955452+00:00
2017-12-01,10,10,country,인도,277592000,잠정,2026-09-30T01:48:16.955452+00:00
2017-12-01,10,10,country,일본,701380000,잠정,2026-09-30T01:48:16.955452+00:00
2017-12-01,10,10,country,전체,12559426000,잠정,2026-09-30T01:48:16.955452+00:00
2017-12-01,10,10,country,중국,4013069000,잠정,2026-09-30T01:48:16.955452+00:00
2017-12-01,10,10,country,홍콩,680162000,잠정,2026-09-30T01:48:16.955452+00:00
2017-12-01,10,10,product,가전제품,129338000,잠정,2026-09-30T01:44:33.734939+00:00
2017-12-01,10,10,product,무선통신기기,487717000,잠정,2026-09-30T01:44:33.734939+00:00
2017-12-01,10,10,product,반도체,2564567000,잠정,2026-09-30T01:44:33.734939+00:00
2017-12-01,10,10,product,석유제품,999854000,잠정,2026-09-30T01:44:33.734939+00:00
2017-12-01,10,10,product,선박,489743000,잠정,2026-09-30T01:44:33.734939+00:00
2017-12-01,10,10,product,승용차,557653000,잠정,2026-09-30T01:44:33.734939+00:00
2017-12-01,10,10,product,자동차부품,485175000,잠정,2026-09-30T01:44:33.734939+00:00
2017-12-01,10,10,product,전체,12559426000,잠정,2026-09-30T01:44:33.734939+00:00
2017-12-01,10,10,product,정밀기기,276307000,잠정,2026-09-30T01:44:33.734939+00:00
2017-12-01,10,10,product,철강제품,869443000,잠정,2026-09-30T01:44:33.734939+00:00
2017-12-01,10,10,product,컴퓨터주변기기,202719000,잠정,2026-09-30T01:44:33.734939+00:00
2017-12-01,20,20,country,대만,811893000,잠정,2026-09-30T01:48:16.955452+00:00
2017-12-01,20,20,country,말레이시아,403161000,잠정,2026-09-30T01:48:16.955452+00:00
2017-12-01,20,20,country,미국,3349228000,잠정,2026-09-30T01:48:16.955452+00:00
2017-12-01,20,20,country,베트남,2511819000,잠정,2026-09-30T01:48:16.955452+00:00
2017-12-01,20,20,country,싱가포르,790468000,잠정,2026-09-30T01:48:16.955452+00:00
2017-12-01,20,20,country,유럽연합,2925397000,잠정,2026-09-30T01:48:16.955452+00:00
2017-12-01,20,20,country,인도,716504000,잠정,2026-09-30T01:48:16.955452+00:00
2017-12-01,20,20,country,일본,1657149000,잠정,2026-09-30T01:48:16.955452+00:00
2017-12-01,20,20,country,전체,30948796000,잠정,2026-09-30T01:48:16.955452+00:00
2017-12-01,20,20,country,중국,9093670000,잠정,2026-09-30T01:48:16.955452+00:00
2017-12-01,20,20,country,홍콩,2304139000,잠정,2026-09-30T01:48:16.955452+00:00
2017-12-01,20,20,product,가전제품,391339000,잠정,2026-09-30T01:44:33.734939+00:00
2017-12-01,20,20,product,무선통신기기,1065412000,잠정,2026-09-30T01:44:33.734939+00:00
2017-12-01,20,20,product,반도체,6094172000,잠정,2026-09-30T01:44:33.734939+00:00
2017-12-01,20,20,product,석유제품,2171732000,잠정,2026-09-30T01:44:33.734939+00:00
2017-12-01,20,20,product,선박,1778259000,잠정,2026-09-30T01:44:33.734939+00:00
2017-12-01,20,20,product,승용차,1457317000,잠정,2026-09-30T01:44:33.734939+00:00
2017-12-01,20,20,product,자동차부품,1100448000,잠정,2026-09-30T01:44:33.734939+00:00
2017-12-01,20,20,product,전체,30948796000,잠정,2026-09-30T01:44:33.734939+00:00
2017-12-01,20,20,product,정밀기기,690574000,잠정,2026-09-30T01:44:33.734939+00:00
2017-12-01,20,20,product,철강제품,2153307000,잠정,2026-09-30T01:44:33.734939+00:00
2017-12-01,20,20,product,컴퓨터주변기기,515034000,잠정,2026-09-30T01:44:33.734939+00:00
2017-12-01,month_end,31,country,대만,1224555000,잠정,2026-09-30T01:48:16.955452+00:00
2017-12-01,month_end,31,country,말레이시아,608583000,잠정,2026-09-30T01:48:16.955452+00:00
2017-12-01,month_end,31,country,미국,5295553000,잠정,2026-09-30T01:48:16.955452+00:00
2017-12-01,month_end,31,country,베트남,4059315000,잠정,2026-09-30T01:48:16.955452+00:00
2017-12-01,month_end,31,country,싱가포르,1226018000,잠정,2026-09-30T01:48:16.955452+00:00
2017-12-01,month_end,31,country,유럽연합,4468745000,잠정,2026-09-30T01:48:16.955452+00:00
2017-12-01,month_end,31,country,인도,1160620000,잠정,2026-09-30T01:48:16.955452+00:00
2017-12-01,month_end,31,country,일본,2449867000,잠정,2026-09-30T01:48:16.955452+00:00
2017-12-01,month_end,31,country,전체,49040139000,잠정,2026-09-30T01:48:16.955452+00:00
2017-12-01,month_end,31,country,중국,13848364000,잠정,2026-09-30T01:48:16.955452+00:00
2017-12-01,month_end,31,country,홍콩,3984650000,잠정,2026-09-30T01:48:16.955452+00:00
2017-12-01,month_end,31,product,가전제품,541271000,잠정,2026-09-30T01:44:33.734939+00:00
2017-12-01,month_end,31,product,무선통신기기,1533064000,잠정,2026-09-30T01:44:33.734939+00:00
2017-12-01,month_end,31,product,반도체,9938211000,잠정,2026-09-30T01:44:33.734939+00:00
2017-12-01,month_end,31,product,석유제품,3426569000,잠정,2026-09-30T01:44:33.734939+00:00
2017-12-01,month_end,31,product,선박,2460262000,잠정,2026-09-30T01:44:33.734939+00:00
2017-12-01,month_end,31,product,승용차,2751007000,잠정,2026-09-30T01:44:33.734939+00:00
2017-12-01,month_end,31,product,자동차부품,1727054000,잠정,2026-09-30T01:44:33.734939+00:00
2017-12-01,month_end,31,product,전체,49040139000,잠정,2026-09-30T01:44:33.734939+00:00
2017-12-01,month_end,31,product,정밀기기,1077911000,잠정,2026-09-30T01:44:33.734939+00:00
2017-12-01,month_end,31,product,철강제품,3734046000,잠정,2026-09-30T01:44:33.734939+00:00
2017-12-01,month_end,31,product,컴퓨터주변기기,776847000,잠정,2026-09-30T01:44:33.734939+00:00
2018-01-01,10,10,country,대만,436063000,잠정,2026-09-30T01:48:17.133162+00:00
2018-01-01,10,10,country,말레이시아,244422000,잠정,2026-09-30T01:48:17.133162+00:00
2018-01-01,10,10,country,미국,1245875000,잠정,2026-09-30T01:48:17.133162+00:00
2018-01-01,10,10,country,베트남,1368277000,잠정,2026-09-30T01:48:17.133162+00:00
2018-01-01,10,10,country,싱가포르,352998000,잠정,2026-09-30T01:48:17.133162+00:00
2018-01-01,10,10,country,유럽연합,1111613000,잠정,2026-09-30T01:48:17.133162+00:00
2018-01-01,10,10,country,인도,294962000,잠정,2026-09-30T01:48:17.133162+00:00
2018-01-01,10,10,country,일본,772529000,잠정,2026-09-30T01:48:17.133162+00:00
2018-01-01,10,10,country,전체,13682888000,잠정,2026-09-30T01:48:17.133162+00:00
2018-01-01,10,10,country,중국,4046095000,잠정,2026-09-30T01:48:17.133162+00:00
2018-01-01,10,10,country,홍콩,725280000,잠정,2026-09-30T01:48:17.133162+00:00
2018-01-01,10,10,product,가전제품,171013000,잠정,2026-09-30T01:44:33.920389+00:00
2018-01-01,10,10,product,무선통신기기,482501000,잠정,2026-09-30T01:44:33.920389+00:00
2018-01-01,10,10,product,반도체,2916282000,잠정,2026-09-30T01:44:33.920389+00:00
2018-01-01,10,10,product,석유제품,1120408000,잠정,2026-09-30T01:44:33.920389+00:00
2018-01-01,10,10,product,선박,825381000,잠정,2026-09-30T01:44:33.920389+00:00
2018-01-01,10,10,product,승용차,306697000,잠정,2026-09-30T01:44:33.920389+00:00
2018-01-01,10,10,product,자동차부품,481146000,잠정,2026-09-30T01:44:33.920389+00:00
2018-01-01,10,10,product,전체,13682888000,잠정,2026-09-30T01:44:33.920389+00:00
2018-01-01,10,10,product,정밀기기,282442000,잠정,2026-09-30T01:44:33.920389+00:00
2018-01-01,10,10,product,철강제품,1009815000,잠정,2026-09-30T01:44:33.920389+00:00
2018-01-01,10,10,product,컴퓨터주변기기,220032000,잠정,2026-09-30T01:44:33.920389+00:00
2018-01-01,20,20,country,대만,837415000,잠정,2026-09-30T01:48:17.133162+00:00
2018-01-01,20,20,country,말레이시아,416635000,잠정,2026-09-30T01:48:17.133162+00:00
2018-01-01,20,20,country,미국,3007035000,잠정,2026-09-30T01:48:17.133162+00:00
2018-01-01,20,20,country,베트남,2913732000,잠정,2026-09-30T01:48:17.133162+00:00
2018-01-01,20,20,country,싱가포르,706943000,잠정,2026-09-30T01:48:17.133162+00:00
2018-01-01,20,20,country,유럽연합,2496702000,잠정,2026-09-30T01:48:17.133162+00:00
2018-01-01,20,20,country,인도,715874000,잠정,2026-09-30T01:48:17.133162+00:00
2018-01-01,20,20,country,일본,1603595000,잠정,2026-09-30T01:48:17.133162+00:00
2018-01-01,20,20,country,전체,30049491000,잠정,2026-09-30T01:48:17.133162+00:00
2018-01-01,20,20,country,중국,8599964000,잠정,2026-09-30T01:48:17.133162+00:00
2018-01-01,20,20,country,홍콩,1842187000,잠정,2026-09-30T01:48:17.133162+00:00
2018-01-01,20,20,product,가전제품,381645000,잠정,2026-09-30T01:44:33.920389+00:00
2018-01-01,20,20,product,무선통신기기,1025048000,잠정,2026-09-30T01:44:33.920389+00:00
2018-01-01,20,20,product,반도체,6014651000,잠정,2026-09-30T01:44:33.920389+00:00
2018-01-01,20,20,product,석유제품,2394477000,잠정,2026-09-30T01:44:33.920389+00:00
2018-01-01,20,20,product,선박,1765240000,잠정,2026-09-30T01:44:33.920389+00:00
2018-01-01,20,20,product,승용차,1366660000,잠정,2026-09-30T01:44:33.920389+00:00
2018-01-01,20,20,product,자동차부품,1104897000,잠정,2026-09-30T01:44:33.920389+00:00
2018-01-01,20,20,product,전체,30049491000,잠정,2026-09-30T01:44:33.920389+00:00
2018-01-01,20,20,product,정밀기기,580108000,잠정,2026-09-30T01:44:33.920389+00:00
2018-01-01,20,20,product,철강제품,2200880000,잠정,2026-09-30T01:44:33.920389+00:00
2018-01-01,20,20,product,컴퓨터주변기기,453214000,잠정,2026-09-30T01:44:33.920389+00:00
2018-01-01,month_end,31,country,대만,1431091000,잠정,2026-09-30T01:48:17.133162+00:00
2018-01-01,month_end,31,country,말레이시아,646366000,잠정,2026-09-30T01:48:17.133162+00:00
2018-01-01,month_end,31,country,미국,5159691000,잠정,2026-09-30T01:48:17.133162+00:00
2018-01-01,month_end,31,country,베트남,4277334000,잠정,2026-09-30T01:48:17.133162+00:00
2018-01-01,month_end,31,country,싱가포르,979044000,잠정,2026-09-30T01:48:17.133162+00:00
2018-01-01,month_end,31,country,유럽연합,4495712000,잠정,2026-09-30T01:48:17.133162+00:00
2018-01-01,month_end,31,country,인도,1221122000,잠정,2026-09-30T01:48:17.133162+00:00
2018-01-01,month_end,31,country,일본,2583914000,잠정,2026-09-30T01:48:17.133162+00:00
2018-01-01,month_end,31,country,전체,49221291000,잠정,2026-09-30T01:48:17.133162+00:00
2018-01-01,month_end,31,country,중국,13381305000,잠정,2026-09-30T01:48:17.133162+00:00
2018-01-01,month_end,31,country,홍콩,3429413000,잠정,2026-09-30T01:48:17.133162+00:00
2018-01-01,month_end,31,product,가전제품,611139000,잠정,2026-09-30T01:44:33.920389+00:00
2018-01-01,month_end,31,product,무선통신기기,1516404000,잠정,2026-09-30T01:44:33.920389+00:00
2018-01-01,month_end,31,product,반도체,9926733000,잠정,2026-09-30T01:44:33.920389+00:00
2018-01-01,month_end,31,product,석유제품,3697613000,잠정,2026-09-30T01:44:33.920389+00:00
2018-01-01,month_end,31,product,선박,2414473000,잠정,2026-09-30T01:44:33.920389+00:00
2018-01-01,month_end,31,product,승용차,3059427000,잠정,2026-09-30T01:44:33.920389+00:00
2018-01-01,month_end,31,product,자동차부품,1755364000,잠정,2026-09-30T01:44:33.920389+00:00
2018-01-01,month_end,31,product,전체,49221291000,잠정,2026-09-30T01:44:33.920389+00:00
2018-01-01,month_end,31,product,정밀기기,910230000,잠정,2026-09-30T01:44:33.920389+00:00
2018-01-01,month_end,31,product,철강제품,3921498000,잠정,2026-09-30T01:44:33.920389+00:00
2018-01-01,month_end,31,product,컴퓨터주변기기,819620000,잠정,2026-09-30T01:44:33.920389+00:00
2018-02-01,10,10,country,대만,299192000,잠정,2026-09-30T01:48:17.133162+00:00
2018-02-01,10,10,country,말레이시아,444589000,잠정,2026-09-30T01:48:17.133162+00:00
2018-02-01,10,10,country,미국,1575476000,잠정,2026-09-30T01:48:17.133162+00:00
2018-02-01,10,10,country,베트남,1256501000,잠정,2026-09-30T01:48:17.133162+00:00
2018-02-01,10,10,country,싱가포르,404077000,잠정,2026-09-30T01:48:17.133162+00:00
2018-02-01,10,10,country,유럽연합,1578876000,잠정,2026-09-30T01:48:17.133162+00:00
2018-02-01,10,10,country,인도,399923000,잠정,2026-09-30T01:48:17.133162+00:00
2018-02-01,10,10,country,일본,845197000,잠정,2026-09-30T01:48:17.133162+00:00
2018-02-01,10,10,country,전체,14718264000,잠정,2026-09-30T01:48:17.133162+00:00
2018-02-01,10,10,country,중국,3870532000,잠정,2026-09-30T01:48:17.133162+00:00
2018-02-01,10,10,country,홍콩,757731000,잠정,2026-09-30T01:48:17.133162+00:00
2018-02-01,10,10,product,가전제품,188332000,잠정,2026-09-30T01:44:33.920389+00:00
2018-02-01,10,10,product,무선통신기기,402363000,잠정,2026-09-30T01:44:33.920389+00:00
2018-02-01,10,10,product,반도체,2815160000,잠정,2026-09-30T01:44:33.920389+00:00
2018-02-01,10,10,product,석유제품,1211266000,잠정,2026-09-30T01:44:33.920389+00:00
2018-02-01,10,10,product,선박,827771000,잠정,2026-09-30T01:44:33.920389+00:00
2018-02-01,10,10,product,승용차,859118000,잠정,2026-09-30T01:44:33.920389+00:00
2018-02-01,10,10,product,자동차부품,588903000,잠정,2026-09-30T01:44:33.920389+00:00
2018-02-01,10,10,product,전체,14718264000,잠정,2026-09-30T01:44:33.920389+00:00
2018-02-01,10,10,product,정밀기기,251036000,잠정,2026-09-30T01:44:33.920389+00:00
2018-02-01,10,10,product,철강제품,1107779000,잠정,2026-09-30T01:44:33.920389+00:00
2018-02-01,10,10,product,컴퓨터주변기기,240898000,잠정,2026-09-30T01:44:33.920389+00:00
2018-02-01,20,20,country,대만,638444000,잠정,2026-09-30T01:48:17.133162+00:00
2018-02-01,20,20,country,말레이시아,639349000,잠정,2026-09-30T01:48:17.133162+00:00
2018-02-01,20,20,country,미국,2768907000,잠정,2026-09-30T01:48:17.133162+00:00
2018-02-01,20,20,country,베트남,2295963000,잠정,2026-09-30T01:48:17.133162+00:00
2018-02-01,20,20,country,싱가포르,600813000,잠정,2026-09-30T01:48:17.133162+00:00
2018-02-01,20,20,country,유럽연합,2801183000,잠정,2026-09-30T01:48:17.133162+00:00
2018-02-01,20,20,country,인도,684708000,잠정,2026-09-30T01:48:17.133162+00:00
2018-02-01,20,20,country,일본,1578440000,잠정,2026-09-30T01:48:17.133162+00:00
2018-02-01,20,20,country,전체,26420095000,잠정,2026-09-30T01:48:17.133162+00:00
2018-02-01,20,20,country,중국,6919997000,잠정,2026-09-30T01:48:17.133162+00:00
2018-02-01,20,20,country,홍콩,1400991000,잠정,2026-09-30T01:48:17.133162+00:00
2018-02-01,20,20,product,가전제품,375781000,잠정,2026-09-30T01:44:33.920389+00:00
2018-02-01,20,20,product,무선통신기기,620607000,잠정,2026-09-30T01:44:33.920389+00:00
2018-02-01,20,20,product,반도체,5375776000,잠정,2026-09-30T01:44:33.920389+00:00
2018-02-01,20,20,product,석유제품,2344344000,잠정,2026-09-30T01:44:33.920389+00:00
2018-02-01,20,20,product,선박,1184619000,잠정,2026-09-30T01:44:33.920389+00:00
2018-02-01,20,20,product,승용차,1350755000,잠정,2026-09-30T01:44:33.920389+00:00
2018-02-01,20,20,product,자동차부품,985515000,잠정,2026-09-30T01:44:33.920389+00:00
2018-02-01,20,20,product,전체,26420095000,잠정,2026-09-30T01:44:33.920389+00:00
2018-02-01,20,20,product,정밀기기,420177000,잠정,2026-09-30T01:44:33.920389+00:00
2018-02-01,20,20,product,철강제품,2146462000,잠정,2026-09-30T01:44:33.920389+00:00
2018-02-01,20,20,product,컴퓨터주변기기,416202000,잠정,2026-09-30T01:44:33.920389+00:00
2018-02-01,month_end,28,country,대만,1117926000,잠정,2026-09-30T01:48:17.133162+00:00
2018-02-01,month_end,28,country,말레이시아,864256000,잠정,2026-09-30T01:48:17.133162+00:00
2018-02-01,month_end,28,country,미국,4682548000,잠정,2026-09-30T01:48:17.133162+00:00
2018-02-01,month_end,28,country,베트남,3627832000,잠정,2026-09-30T01:48:17.133162+00:00
2018-02-01,month_end,28,country,싱가포르,830104000,잠정,2026-09-30T01:48:17.133162+00:00
2018-02-01,month_end,28,country,유럽연합,4406137000,잠정,2026-09-30T01:48:17.133162+00:00
2018-02-01,month_end,28,country,인도,1161496000,잠정,2026-09-30T01:48:17.133162+00:00
2018-02-01,month_end,28,country,일본,2446180000,잠정,2026-09-30T01:48:17.133162+00:00
2018-02-01,month_end,28,country,전체,44523530000,잠정,2026-09-30T01:48:17.133162+00:00
2018-02-01,month_end,28,country,중국,11522664000,잠정,2026-09-30T01:48:17.133162+00:00
2018-02-01,month_end,28,country,홍콩,3032520000,잠정,2026-09-30T01:48:17.133162+00:00
2018-02-01,month_end,28,product,가전제품,562948000,잠정,2026-09-30T01:44:33.920389+00:00
2018-02-01,month_end,28,product,무선통신기기,1093424000,잠정,2026-09-30T01:44:33.920389+00:00
2018-02-01,month_end,28,product,반도체,9195027000,잠정,2026-09-30T01:44:33.920389+00:00
2018-02-01,month_end,28,product,석유제품,3356720000,잠정,2026-09-30T01:44:33.920389+00:00
2018-02-01,month_end,28,product,선박,2405854000,잠정,2026-09-30T01:44:33.920389+00:00
2018-02-01,month_end,28,product,승용차,2630241000,잠정,2026-09-30T01:44:33.920389+00:00
2018-02-01,month_end,28,product,자동차부품,1629334000,잠정,2026-09-30T01:44:33.920389+00:00
2018-02-01,month_end,28,product,전체,44523530000,잠정,2026-09-30T01:44:33.920389+00:00
2018-02-01,month_end,28,product,정밀기기,722005000,잠정,2026-09-30T01:44:33.920389+00:00
2018-02-01,month_end,28,product,철강제품,3697598000,잠정,2026-09-30T01:44:33.920389+00:00
2018-02-01,month_end,28,product,컴퓨터주변기기,803969000,잠정,2026-09-30T01:44:33.920389+00:00
2018-03-01,10,10,country,대만,319328000,잠정,2026-09-30T01:48:17.133162+00:00
2018-03-01,10,10,country,말레이시아,169639000,잠정,2026-09-30T01:48:17.133162+00:00
2018-03-01,10,10,country,미국,1760334000,잠정,2026-09-30T01:48:17.133162+00:00
2018-03-01,10,10,country,베트남,1228213000,잠정,2026-09-30T01:48:17.133162+00:00
2018-03-01,10,10,country,싱가포르,234153000,잠정,2026-09-30T01:48:17.133162+00:00
2018-03-01,10,10,country,유럽연합,1371564000,잠정,2026-09-30T01:48:17.133162+00:00
2018-03-01,10,10,country,인도,295174000,잠정,2026-09-30T01:48:17.133162+00:00
2018-03-01,10,10,country,일본,799553000,잠정,2026-09-30T01:48:17.133162+00:00
2018-03-01,10,10,country,전체,13541635000,잠정,2026-09-30T01:48:17.133162+00:00
2018-03-01,10,10,country,중국,3752965000,잠정,2026-09-30T01:48:17.133162+00:00
2018-03-01,10,10,country,홍콩,904683000,잠정,2026-09-30T01:48:17.133162+00:00
2018-03-01,10,10,product,가전제품,160294000,잠정,2026-09-30T01:44:33.920389+00:00
2018-03-01,10,10,product,무선통신기기,542800000,잠정,2026-09-30T01:44:33.920389+00:00
2018-03-01,10,10,product,반도체,2800998000,잠정,2026-09-30T01:44:33.920389+00:00
2018-03-01,10,10,product,석유제품,1069638000,잠정,2026-09-30T01:44:33.920389+00:00
2018-03-01,10,10,product,선박,604434000,잠정,2026-09-30T01:44:33.920389+00:00
2018-03-01,10,10,product,승용차,699317000,잠정,2026-09-30T01:44:33.920389+00:00
2018-03-01,10,10,product,자동차부품,520053000,잠정,2026-09-30T01:44:33.920389+00:00
2018-03-01,10,10,product,전체,13541635000,잠정,2026-09-30T01:44:33.920389+00:00
2018-03-01,10,10,product,정밀기기,259372000,잠정,2026-09-30T01:44:33.920389+00:00
2018-03-01,10,10,product,철강제품,950124000,잠정,2026-09-30T01:44:33.920389+00:00
2018-03-01,10,10,product,컴퓨터주변기기,216321000,잠정,2026-09-30T01:44:33.920389+00:00
2018-03-01,20,20,country,대만,773524000,잠정,2026-09-30T01:48:17.133162+00:00
2018-03-01,20,20,country,말레이시아,421520000,잠정,2026-09-30T01:48:17.133162+00:00
2018-03-01,20,20,country,미국,3685408000,잠정,2026-09-30T01:48:17.133162+00:00
2018-03-01,20,20,country,베트남,2503735000,잠정,2026-09-30T01:48:17.133162+00:00
2018-03-01,20,20,country,싱가포르,429099000,잠정,2026-09-30T01:48:17.133162+00:00
2018-03-01,20,20,country,유럽연합,3121526000,잠정,2026-09-30T01:48:17.133162+00:00
2018-03-01,20,20,country,인도,663278000,잠정,2026-09-30T01:48:17.133162+00:00
2018-03-01,20,20,country,일본,1587192000,잠정,2026-09-30T01:48:17.133162+00:00
2018-03-01,20,20,country,전체,29476530000,잠정,2026-09-30T01:48:17.133162+00:00
2018-03-01,20,20,country,중국,7803212000,잠정,2026-09-30T01:48:17.133162+00:00
2018-03-01,20,20,country,홍콩,1885409000,잠정,2026-09-30T01:48:17.133162+00:00
2018-03-01,20,20,product,가전제품,425469000,잠정,2026-09-30T01:44:33.920389+00:00
2018-03-01,20,20,product,무선통신기기,1039691000,잠정,2026-09-30T01:44:33.920389+00:00
2018-03-01,20,20,product,반도체,5838981000,잠정,2026-09-30T01:44:33.920389+00:00
2018-03-01,20,20,product,석유제품,1936089000,잠정,2026-09-30T01:44:33.920389+00:00
2018-03-01,20,20,product,선박,1618920000,잠정,2026-09-30T01:44:33.920389+00:00
2018-03-01,20,20,product,승용차,1769297000,잠정,2026-09-30T01:44:33.920389+00:00
2018-03-01,20,20,product,자동차부품,1094442000,잠정,2026-09-30T01:44:33.920389+00:00
2018-03-01,20,20,product,전체,29476530000,잠정,2026-09-30T01:44:33.920389+00:00
2018-03-01,20,20,product,정밀기기,525895000,잠정,2026-09-30T01:44:33.920389+00:00
2018-03-01,20,20,product,철강제품,2194413000,잠정,2026-09-30T01:44:33.920389+00:00
2018-03-01,20,20,product,컴퓨터주변기기,483213000,잠정,2026-09-30T01:44:33.920389+00:00
2018-03-01,month_end,31,country,대만,1379982000,잠정,2026-09-30T01:48:17.133162+00:00
2018-03-01,month_end,31,country,말레이시아,692381000,잠정,2026-09-30T01:48:17.133162+00:00
2018-03-01,month_end,31,country,미국,6078616000,잠정,2026-09-30T01:48:17.133162+00:00
2018-03-01,month_end,31,country,베트남,4196645000,잠정,2026-09-30T01:48:17.133162+00:00
2018-03-01,month_end,31,country,싱가포르,879525000,잠정,2026-09-30T01:48:17.133162+00:00
2018-03-01,month_end,31,country,유럽연합,5203946000,잠정,2026-09-30T01:48:17.133162+00:00
2018-03-01,month_end,31,country,인도,1211036000,잠정,2026-09-30T01:48:17.133162+00:00
2018-03-01,month_end,31,country,일본,2603450000,잠정,2026-09-30T01:48:17.133162+00:00
2018-03-01,month_end,31,country,전체,51309932000,잠정,2026-09-30T01:48:17.133162+00:00
2018-03-01,month_end,31,country,중국,13576667000,잠정,2026-09-30T01:48:17.133162+00:00
2018-03-01,month_end,31,country,홍콩,4122521000,잠정,2026-09-30T01:48:17.133162+00:00
2018-03-01,month_end,31,product,가전제품,671654000,잠정,2026-09-30T01:44:33.920389+00:00
2018-03-01,month_end,31,product,무선통신기기,1477315000,잠정,2026-09-30T01:44:33.920389+00:00
2018-03-01,month_end,31,product,반도체,11045625000,잠정,2026-09-30T01:44:33.920389+00:00
2018-03-01,month_end,31,product,석유제품,3095395000,잠정,2026-09-30T01:44:33.920389+00:00
2018-03-01,month_end,31,product,선박,1955517000,잠정,2026-09-30T01:44:33.920389+00:00
2018-03-01,month_end,31,product,승용차,3529774000,잠정,2026-09-30T01:44:33.920389+00:00
2018-03-01,month_end,31,product,자동차부품,1869220000,잠정,2026-09-30T01:44:33.920389+00:00
2018-03-01,month_end,31,product,전체,51309932000,잠정,2026-09-30T01:44:33.920389+00:00
2018-03-01,month_end,31,product,정밀기기,889445000,잠정,2026-09-30T01:44:33.920389+00:00
2018-03-01,month_end,31,product,철강제품,3977208000,잠정,2026-09-30T01:44:33.920389+00:00
2018-03-01,month_end,31,product,컴퓨터주변기기,978990000,잠정,2026-09-30T01:44:33.920389+00:00
2018-04-01,10,10,country,대만,403796000,잠정,2026-09-30T01:48:17.133162+00:00
2018-04-01,10,10,country,말레이시아,419410000,잠정,2026-09-30T01:48:17.133162+00:00
2018-04-01,10,10,country,미국,1593969000,잠정,2026-09-30T01:48:17.133162+00:00
2018-04-01,10,10,country,베트남,1067512000,잠정,2026-09-30T01:48:17.133162+00:00
2018-04-01,10,10,country,싱가포르,489142000,잠정,2026-09-30T01:48:17.133162+00:00
2018-04-01,10,10,country,유럽연합,1367865000,잠정,2026-09-30T01:48:17.133162+00:00
2018-04-01,10,10,country,인도,320295000,잠정,2026-09-30T01:48:17.133162+00:00
2018-04-01,10,10,country,일본,758740000,잠정,2026-09-30T01:48:17.133162+00:00
2018-04-01,10,10,country,전체,13814690000,잠정,2026-09-30T01:48:17.133162+00:00
2018-04-01,10,10,country,중국,3686767000,잠정,2026-09-30T01:48:17.133162+00:00
2018-04-01,10,10,country,홍콩,917316000,잠정,2026-09-30T01:48:17.133162+00:00
2018-04-01,10,10,product,가전제품,202602000,잠정,2026-09-30T01:44:33.920389+00:00
2018-04-01,10,10,product,무선통신기기,384770000,잠정,2026-09-30T01:44:33.920389+00:00
2018-04-01,10,10,product,반도체,2611222000,잠정,2026-09-30T01:44:33.920389+00:00
2018-04-01,10,10,product,석유제품,1015946000,잠정,2026-09-30T01:44:33.920389+00:00
2018-04-01,10,10,product,선박,649293000,잠정,2026-09-30T01:44:33.920389+00:00
2018-04-01,10,10,product,승용차,731567000,잠정,2026-09-30T01:44:33.920389+00:00
2018-04-01,10,10,product,자동차부품,574693000,잠정,2026-09-30T01:44:33.920389+00:00
2018-04-01,10,10,product,전체,13814690000,잠정,2026-09-30T01:44:33.920389+00:00
2018-04-01,10,10,product,정밀기기,235359000,잠정,2026-09-30T01:44:33.920389+00:00
2018-04-01,10,10,product,철강제품,1056467000,잠정,2026-09-30T01:44:33.920389+00:00
2018-04-01,10,10,product,컴퓨터주변기기,186566000,잠정,2026-09-30T01:44:33.920389+00:00
2018-04-01,20,20,country,대만,845475000,잠정,2026-09-30T01:48:17.133162+00:00
2018-04-01,20,20,country,말레이시아,670532000,잠정,2026-09-30T01:48:17.133162+00:00
2018-04-01,20,20,country,미국,3807508000,잠정,2026-09-30T01:48:17.133162+00:00
2018-04-01,20,20,country,베트남,2533159000,잠정,2026-09-30T01:48:17.133162+00:00
2018-04-01,20,20,country,싱가포르,890770000,잠정,2026-09-30T01:48:17.133162+00:00
2018-04-01,20,20,country,유럽연합,3265207000,잠정,2026-09-30T01:48:17.133162+00:00
2018-04-01,20,20,country,인도,798001000,잠정,2026-09-30T01:48:17.133162+00:00
2018-04-01,20,20,country,일본,1769543000,잠정,2026-09-30T01:48:17.133162+00:00
2018-04-01,20,20,country,전체,32566012000,잠정,2026-09-30T01:48:17.133162+00:00
2018-04-01,20,20,country,중국,8597559000,잠정,2026-09-30T01:48:17.133162+00:00
2018-04-01,20,20,country,홍콩,2350485000,잠정,2026-09-30T01:48:17.133162+00:00
2018-04-01,20,20,product,가전제품,453733000,잠정,2026-09-30T01:44:33.920389+00:00
2018-04-01,20,20,product,무선통신기기,851073000,잠정,2026-09-30T01:44:33.920389+00:00
2018-04-01,20,20,product,반도체,6194580000,잠정,2026-09-30T01:44:33.920389+00:00
2018-04-01,20,20,product,석유제품,2373367000,잠정,2026-09-30T01:44:33.920389+00:00
2018-04-01,20,20,product,선박,1301439000,잠정,2026-09-30T01:44:33.920389+00:00
2018-04-01,20,20,product,승용차,1931752000,잠정,2026-09-30T01:44:33.920389+00:00
2018-04-01,20,20,product,자동차부품,1370130000,잠정,2026-09-30T01:44:33.920389+00:00
2018-04-01,20,20,product,전체,32566012000,잠정,2026-09-30T01:44:33.920389+00:00
2018-04-01,20,20,product,정밀기기,576242000,잠정,2026-09-30T01:44:33.920389+00:00
2018-04-01,20,20,product,철강제품,2548043000,잠정,2026-09-30T01:44:33.920389+00:00
2018-04-01,20,20,product,컴퓨터주변기기,520287000,잠정,2026-09-30T01:44:33.920389+00:00
2018-04-01,month_end,30,country,대만,1425180000,잠정,2026-09-30T01:48:17.133162+00:00
2018-04-01,month_end,30,country,말레이시아,876953000,잠정,2026-09-30T01:48:17.133162+00:00
2018-04-01,month_end,30,country,미국,5942114000,잠정,2026-09-30T01:48:17.133162+00:00
2018-04-01,month_end,30,country,베트남,3724494000,잠정,2026-09-30T01:48:17.133162+00:00
2018-04-01,month_end,30,country,싱가포르,1363779000,잠정,2026-09-30T01:48:17.133162+00:00
2018-04-01,month_end,30,country,유럽연합,5024366000,잠정,2026-09-30T01:48:17.133162+00:00
2018-04-01,month_end,30,country,인도,1260186000,잠정,2026-09-30T01:48:17.133162+00:00
2018-04-01,month_end,30,country,일본,2482756000,잠정,2026-09-30T01:48:17.133162+00:00
2018-04-01,month_end,30,country,전체,49850235000,잠정,2026-09-30T01:48:17.133162+00:00
2018-04-01,month_end,30,country,중국,13034964000,잠정,2026-09-30T01:48:17.133162+00:00
2018-04-01,month_end,30,country,홍콩,3838410000,잠정,2026-09-30T01:48:17.133162+00:00
2018-04-01,month_end,30,product,가전제품,630839000,잠정,2026-09-30T01:44:33.920389+00:00
2018-04-01,month_end,30,product,무선통신기기,1160063000,잠정,2026-09-30T01:44:33.920389+00:00
2018-04-01,month_end,30,product,반도체,9941528000,잠정,2026-09-30T01:44:33.920389+00:00
2018-04-01,month_end,30,product,석유제품,3995324000,잠정,2026-09-30T01:44:33.920389+00:00
2018-04-01,month_end,30,product,선박,1709321000,잠정,2026-09-30T01:44:33.920389+00:00
2018-04-01,month_end,30,product,승용차,3324748000,잠정,2026-09-30T01:44:33.920389+00:00
2018-04-01,month_end,30,product,자동차부품,1955866000,잠정,2026-09-30T01:44:33.920389+00:00
2018-04-01,month_end,30,product,전체,49850235000,잠정,2026-09-30T01:44:33.920389+00:00
2018-04-01,month_end,30,product,정밀기기,912401000,잠정,2026-09-30T01:44:33.920389+00:00
2018-04-01,month_end,30,product,철강제품,4123217000,잠정,2026-09-30T01:44:33.920389+00:00
2018-04-01,month_end,30,product,컴퓨터주변기기,776331000,잠정,2026-09-30T01:44:33.920389+00:00
2018-05-01,10,10,country,대만,399843000,잠정,2026-09-30T01:48:17.133162+00:00
2018-05-01,10,10,country,말레이시아,210009000,잠정,2026-09-30T01:48:17.133162+00:00
2018-05-01,10,10,country,미국,1779456000,잠정,2026-09-30T01:48:17.133162+00:00
2018-05-01,10,10,country,베트남,957168000,잠정,2026-09-30T01:48:17.133162+00:00
2018-05-01,10,10,country,싱가포르,329546000,잠정,2026-09-30T01:48:17.133162+00:00
2018-05-01,10,10,country,유럽연합,1277293000,잠정,2026-09-30T01:48:17.133162+00:00
2018-05-01,10,10,country,인도,335937000,잠정,2026-09-30T01:48:17.133162+00:00
2018-05-01,10,10,country,일본,761380000,잠정,2026-09-30T01:48:17.133162+00:00
2018-05-01,10,10,country,전체,13930367000,잠정,2026-09-30T01:48:17.133162+00:00
2018-05-01,10,10,country,중국,3998071000,잠정,2026-09-30T01:48:17.133162+00:00
2018-05-01,10,10,country,홍콩,1092758000,잠정,2026-09-30T01:48:17.133162+00:00
2018-05-01,10,10,product,가전제품,186457000,잠정,2026-09-30T01:44:33.920389+00:00
2018-05-01,10,10,product,무선통신기기,427725000,잠정,2026-09-30T01:44:33.920389+00:00
2018-05-01,10,10,product,반도체,2983514000,잠정,2026-09-30T01:44:33.920389+00:00
2018-05-01,10,10,product,석유제품,975526000,잠정,2026-09-30T01:44:33.920389+00:00
2018-05-01,10,10,product,선박,89013000,잠정,2026-09-30T01:44:33.920389+00:00
2018-05-01,10,10,product,승용차,701611000,잠정,2026-09-30T01:44:33.920389+00:00
2018-05-01,10,10,product,자동차부품,663265000,잠정,2026-09-30T01:44:33.920389+00:00
2018-05-01,10,10,product,전체,13930367000,잠정,2026-09-30T01:44:33.920389+00:00
2018-05-01,10,10,product,정밀기기,261117000,잠정,2026-09-30T01:44:33.920389+00:00
2018-05-01,10,10,product,철강제품,1182493000,잠정,2026-09-30T01:44:33.920389+00:00
2018-05-01,10,10,product,컴퓨터주변기기,240566000,잠정,2026-09-30T01:44:33.920389+00:00
2018-05-01,20,20,country,대만,805980000,잠정,2026-09-30T01:48:17.133162+00:00
2018-05-01,20,20,country,말레이시아,428044000,잠정,2026-09-30T01:48:17.133162+00:00
2018-05-01,20,20,country,미국,3624944000,잠정,2026-09-30T01:48:17.133162+00:00
2018-05-01,20,20,country,베트남,2070163000,잠정,2026-09-30T01:48:17.133162+00:00
2018-05-01,20,20,country,싱가포르,501013000,잠정,2026-09-30T01:48:17.133162+00:00
2018-05-01,20,20,country,유럽연합,2900517000,잠정,2026-09-30T01:48:17.133162+00:00
2018-05-01,20,20,country,인도,752501000,잠정,2026-09-30T01:48:17.133162+00:00
2018-05-01,20,20,country,일본,1516077000,잠정,2026-09-30T01:48:17.133162+00:00
2018-05-01,20,20,country,전체,29116483000,잠정,2026-09-30T01:48:17.133162+00:00
2018-05-01,20,20,country,중국,8153940000,잠정,2026-09-30T01:48:17.133162+00:00
2018-05-01,20,20,country,홍콩,2247482000,잠정,2026-09-30T01:48:17.133162+00:00
2018-05-01,20,20,product,가전제품,380367000,잠정,2026-09-30T01:44:33.920389+00:00
2018-05-01,20,20,product,무선통신기기,866361000,잠정,2026-09-30T01:44:33.920389+00:00
2018-05-01,20,20,product,반도체,6091663000,잠정,2026-09-30T01:44:33.920389+00:00
2018-05-01,20,20,product,석유제품,2215553000,잠정,2026-09-30T01:44:33.920389+00:00
2018-05-01,20,20,product,선박,577017000,잠정,2026-09-30T01:44:33.920389+00:00
2018-05-01,20,20,product,승용차,1657139000,잠정,2026-09-30T01:44:33.920389+00:00
2018-05-01,20,20,product,자동차부품,1226763000,잠정,2026-09-30T01:44:33.920389+00:00
2018-05-01,20,20,product,전체,29116483000,잠정,2026-09-30T01:44:33.920389+00:00
2018-05-01,20,20,product,정밀기기,501739000,잠정,2026-09-30T01:44:33.920389+00:00
2018-05-01,20,20,product,철강제품,2318187000,잠정,2026-09-30T01:44:33.920389+00:00
2018-05-01,20,20,product,컴퓨터주변기기,540539000,잠정,2026-09-30T01:44:33.920389+00:00
2018-05-01,month_end,31,country,대만,1466129000,잠정,2026-09-30T01:48:17.133162+00:00
2018-05-01,month_end,31,country,말레이시아,698899000,잠정,2026-09-30T01:48:17.133162+00:00
2018-05-01,month_end,31,country,미국,6153033000,잠정,2026-09-30T01:48:17.133162+00:00
2018-05-01,month_end,31,country,베트남,3781174000,잠정,2026-09-30T01:48:17.133162+00:00
2018-05-01,month_end,31,country,싱가포르,898289000,잠정,2026-09-30T01:48:17.133162+00:00
2018-05-01,month_end,31,country,유럽연합,5007255000,잠정,2026-09-30T01:48:17.133162+00:00
2018-05-01,month_end,31,country,인도,1361681000,잠정,2026-09-30T01:48:17.133162+00:00
2018-05-01,month_end,31,country,일본,2513782000,잠정,2026-09-30T01:48:17.133162+00:00
2018-05-01,month_end,31,country,전체,50687750000,잠정,2026-09-30T01:48:17.133162+00:00
2018-05-01,month_end,31,country,중국,13851900000,잠정,2026-09-30T01:48:17.133162+00:00
2018-05-01,month_end,31,country,홍콩,4237217000,잠정,2026-09-30T01:48:17.133162+00:00
2018-05-01,month_end,31,product,가전제품,646666000,잠정,2026-09-30T01:44:33.920389+00:00
2018-05-01,month_end,31,product,무선통신기기,1511657000,잠정,2026-09-30T01:44:33.920389+00:00
2018-05-01,month_end,31,product,반도체,10997661000,잠정,2026-09-30T01:44:33.920389+00:00
2018-05-01,month_end,31,product,석유제품,3982286000,잠정,2026-09-30T01:44:33.920389+00:00
2018-05-01,month_end,31,product,선박,773824000,잠정,2026-09-30T01:44:33.920389+00:00
2018-05-01,month_end,31,product,승용차,3268920000,잠정,2026-09-30T01:44:33.920389+00:00
2018-05-01,month_end,31,product,자동차부품,2041462000,잠정,2026-09-30T01:44:33.920389+00:00
2018-05-01,month_end,31,product,전체,50687750000,잠정,2026-09-30T01:44:33.920389+00:00
2018-05-01,month_end,31,product,정밀기기,872656000,잠정,2026-09-30T01:44:33.920389+00:00
2018-05-01,month_end,31,product,철강제품,4189803000,잠정,2026-09-30T01:44:33.920389+00:00
2018-05-01,month_end,31,product,컴퓨터주변기기,850566000,잠정,2026-09-30T01:44:33.920389+00:00
2018-06-01,10,10,country,대만,388389000,잠정,2026-09-30T01:48:17.133162+00:00
2018-06-01,10,10,country,말레이시아,168338000,잠정,2026-09-30T01:48:17.133162+00:00
2018-06-01,10,10,country,미국,1522087000,잠정,2026-09-30T01:48:17.133162+00:00
2018-06-01,10,10,country,베트남,976191000,잠정,2026-09-30T01:48:17.133162+00:00
2018-06-01,10,10,country,싱가포르,179341000,잠정,2026-09-30T01:48:17.133162+00:00
2018-06-01,10,10,country,유럽연합,1007977000,잠정,2026-09-30T01:48:17.133162+00:00
2018-06-01,10,10,country,인도,281195000,잠정,2026-09-30T01:48:17.133162+00:00
2018-06-01,10,10,country,일본,748169000,잠정,2026-09-30T01:48:17.133162+00:00
2018-06-01,10,10,country,전체,12334956000,잠정,2026-09-30T01:48:17.133162+00:00
2018-06-01,10,10,country,중국,3856656000,잠정,2026-09-30T01:48:17.133162+00:00
2018-06-01,10,10,country,홍콩,873513000,잠정,2026-09-30T01:48:17.133162+00:00
2018-06-01,10,10,product,가전제품,115846000,잠정,2026-09-30T01:44:33.920389+00:00
2018-06-01,10,10,product,무선통신기기,450259000,잠정,2026-09-30T01:44:33.920389+00:00
2018-06-01,10,10,product,반도체,2694356000,잠정,2026-09-30T01:44:33.920389+00:00
2018-06-01,10,10,product,석유제품,1028149000,잠정,2026-09-30T01:44:33.920389+00:00
2018-06-01,10,10,product,선박,66411000,잠정,2026-09-30T01:44:33.920389+00:00
2018-06-01,10,10,product,승용차,655562000,잠정,2026-09-30T01:44:33.920389+00:00
2018-06-01,10,10,product,자동차부품,508068000,잠정,2026-09-30T01:44:33.920389+00:00
2018-06-01,10,10,product,전체,12334956000,잠정,2026-09-30T01:44:33.920389+00:00
2018-06-01,10,10,product,정밀기기,226030000,잠정,2026-09-30T01:44:33.920389+00:00
2018-06-01,10,10,product,철강제품,882703000,잠정,2026-09-30T01:44:33.920389+00:00
2018-06-01,10,10,product,컴퓨터주변기기,228502000,잠정,2026-09-30T01:44:33.920389+00:00
2018-06-01,20,20,country,대만,894397000,잠정,2026-09-30T01:48:17.133162+00:00
2018-06-01,20,20,country,말레이시아,445781000,잠정,2026-09-30T01:48:17.133162+00:00
2018-06-01,20,20,country,미국,3776170000,잠정,2026-09-30T01:48:17.133162+00:00
2018-06-01,20,20,country,베트남,2421185000,잠정,2026-09-30T01:48:17.133162+00:00
2018-06-01,20,20,country,싱가포르,408206000,잠정,2026-09-30T01:48:17.133162+00:00
2018-06-01,20,20,country,유럽연합,2749673000,잠정,2026-09-30T01:48:17.133162+00:00
2018-06-01,20,20,country,인도,741856000,잠정,2026-09-30T01:48:17.133162+00:00
2018-06-01,20,20,country,일본,1621743000,잠정,2026-09-30T01:48:17.133162+00:00
2018-06-01,20,20,country,전체,30243887000,잠정,2026-09-30T01:48:17.133162+00:00
2018-06-01,20,20,country,중국,8439360000,잠정,2026-09-30T01:48:17.133162+00:00
2018-06-01,20,20,country,홍콩,2233052000,잠정,2026-09-30T01:48:17.133162+00:00
2018-06-01,20,20,product,가전제품,331832000,잠정,2026-09-30T01:44:33.920389+00:00
2018-06-01,20,20,product,무선통신기기,904612000,잠정,2026-09-30T01:44:33.920389+00:00
2018-06-01,20,20,product,반도체,6246700000,잠정,2026-09-30T01:44:33.920389+00:00
2018-06-01,20,20,product,석유제품,2477210000,잠정,2026-09-30T01:44:33.920389+00:00
2018-06-01,20,20,product,선박,756707000,잠정,2026-09-30T01:44:33.920389+00:00
2018-06-01,20,20,product,승용차,1708073000,잠정,2026-09-30T01:44:33.920389+00:00
2018-06-01,20,20,product,자동차부품,1195837000,잠정,2026-09-30T01:44:33.920389+00:00
2018-06-01,20,20,product,전체,30243887000,잠정,2026-09-30T01:44:33.920389+00:00
2018-06-01,20,20,product,정밀기기,571390000,잠정,2026-09-30T01:44:33.920389+00:00
2018-06-01,20,20,product,철강제품,2291581000,잠정,2026-09-30T01:44:33.920389+00:00
2018-06-01,20,20,product,컴퓨터주변기기,573979000,잠정,2026-09-30T01:44:33.920389+00:00
2018-06-01,month_end,30,country,대만,1631558000,잠정,2026-09-30T01:48:17.133162+00:00
2018-06-01,month_end,30,country,말레이시아,800641000,잠정,2026-09-30T01:48:17.133162+00:00
2018-06-01,month_end,30,country,미국,6421518000,잠정,2026-09-30T01:48:17.133162+00:00
2018-06-01,month_end,30,country,베트남,3934797000,잠정,2026-09-30T01:48:17.133162+00:00
2018-06-01,month_end,30,country,싱가포르,756104000,잠정,2026-09-30T01:48:17.133162+00:00
2018-06-01,month_end,30,country,유럽연합,4456812000,잠정,2026-09-30T01:48:17.133162+00:00
2018-06-01,month_end,30,country,인도,1367431000,잠정,2026-09-30T01:48:17.133162+00:00
2018-06-01,month_end,30,country,일본,2578913000,잠정,2026-09-30T01:48:17.133162+00:00
2018-06-01,month_end,30,country,전체,51079375000,잠정,2026-09-30T01:48:17.133162+00:00
2018-06-01,month_end,30,country,중국,13814241000,잠정,2026-09-30T01:48:17.133162+00:00
2018-06-01,month_end,30,country,홍콩,4363035000,잠정,2026-09-30T01:48:17.133162+00:00
2018-06-01,month_end,30,product,가전제품,538150000,잠정,2026-09-30T01:44:33.920389+00:00
2018-06-01,month_end,30,product,무선통신기기,1400797000,잠정,2026-09-30T01:44:33.920389+00:00
2018-06-01,month_end,30,product,반도체,11321533000,잠정,2026-09-30T01:44:33.920389+00:00
2018-06-01,month_end,30,product,석유제품,4126590000,잠정,2026-09-30T01:44:33.920389+00:00
2018-06-01,month_end,30,product,선박,1271051000,잠정,2026-09-30T01:44:33.920389+00:00
2018-06-01,month_end,30,product,승용차,3219928000,잠정,2026-09-30T01:44:33.920389+00:00
2018-06-01,month_end,30,product,자동차부품,1913734000,잠정,2026-09-30T01:44:33.920389+00:00
2018-06-01,month_end,30,product,전체,51079375000,잠정,2026-09-30T01:44:33.920389+00:00
2018-06-01,month_end,30,product,정밀기기,960489000,잠정,2026-09-30T01:44:33.920389+00:00
2018-06-01,month_end,30,product,철강제품,4004036000,잠정,2026-09-30T01:44:33.920389+00:00
2018-06-01,month_end,30,product,컴퓨터주변기기,1064582000,잠정,2026-09-30T01:44:33.920389+00:00
2018-07-01,10,10,country,대만,508387000,잠정,2026-09-30T01:48:17.133162+00:00
2018-07-01,10,10,country,말레이시아,203720000,잠정,2026-09-30T01:48:17.133162+00:00
2018-07-01,10,10,country,미국,1665930000,잠정,2026-09-30T01:48:17.133162+00:00
2018-07-01,10,10,country,베트남,1161091000,잠정,2026-09-30T01:48:17.133162+00:00
2018-07-01,10,10,country,싱가포르,259725000,잠정,2026-09-30T01:48:17.133162+00:00
2018-07-01,10,10,country,유럽연합,1357780000,잠정,2026-09-30T01:48:17.133162+00:00
2018-07-01,10,10,country,인도,347830000,잠정,2026-09-30T01:48:17.133162+00:00
2018-07-01,10,10,country,일본,758170000,잠정,2026-09-30T01:48:17.133162+00:00
2018-07-01,10,10,country,전체,13917063000,잠정,2026-09-30T01:48:17.133162+00:00
2018-07-01,10,10,country,중국,4005253000,잠정,2026-09-30T01:48:17.133162+00:00
2018-07-01,10,10,country,홍콩,912219000,잠정,2026-09-30T01:48:17.133162+00:00
2018-07-01,10,10,product,가전제품,168117000,잠정,2026-09-30T01:44:33.920389+00:00
2018-07-01,10,10,product,무선통신기기,467271000,잠정,2026-09-30T01:44:33.920389+00:00
2018-07-01,10,10,product,반도체,2873528000,잠정,2026-09-30T01:44:33.920389+00:00
2018-07-01,10,10,product,석유제품,1220447000,잠정,2026-09-30T01:44:33.920389+00:00
2018-07-01,10,10,product,선박,221323000,잠정,2026-09-30T01:44:33.920389+00:00
2018-07-01,10,10,product,승용차,687716000,잠정,2026-09-30T01:44:33.920389+00:00
2018-07-01,10,10,product,자동차부품,558205000,잠정,2026-09-30T01:44:33.920389+00:00
2018-07-01,10,10,product,전체,13917063000,잠정,2026-09-30T01:44:33.920389+00:00
2018-07-01,10,10,product,정밀기기,258184000,잠정,2026-09-30T01:44:33.920389+00:00
2018-07-01,10,10,product,철강제품,1129451000,잠정,2026-09-30T01:44:33.920389+00:00
2018-07-01,10,10,product,컴퓨터주변기기,170016000,잠정,2026-09-30T01:44:33.920389+00:00
2018-07-01,20,20,country,대만,1106702000,잠정,2026-09-30T01:48:17.133162+00:00
2018-07-01,20,20,country,말레이시아,454488000,잠정,2026-09-30T01:48:17.133162+00:00
2018-07-01,20,20,country,미국,4001001000,잠정,2026-09-30T01:48:17.133162+00:00
2018-07-01,20,20,country,베트남,2577806000,잠정,2026-09-30T01:48:17.133162+00:00
2018-07-01,20,20,country,싱가포르,738955000,잠정,2026-09-30T01:48:17.133162+00:00
2018-07-01,20,20,country,유럽연합,3042583000,잠정,2026-09-30T01:48:17.133162+00:00
2018-07-01,20,20,country,인도,891467000,잠정,2026-09-30T01:48:17.133162+00:00
2018-07-01,20,20,country,일본,1708312000,잠정,2026-09-30T01:48:17.133162+00:00
2018-07-01,20,20,country,전체,32757062000,잠정,2026-09-30T01:48:17.133162+00:00
2018-07-01,20,20,country,중국,8765974000,잠정,2026-09-30T01:48:17.133162+00:00
2018-07-01,20,20,country,홍콩,2432083000,잠정,2026-09-30T01:48:17.133162+00:00
2018-07-01,20,20,product,가전제품,374690000,잠정,2026-09-30T01:44:33.920389+00:00
2018-07-01,20,20,product,무선통신기기,1053955000,잠정,2026-09-30T01:44:33.920389+00:00
2018-07-01,20,20,product,반도체,6424137000,잠정,2026-09-30T01:44:33.920389+00:00
2018-07-01,20,20,product,석유제품,2629725000,잠정,2026-09-30T01:44:33.920389+00:00
2018-07-01,20,20,product,선박,1163626000,잠정,2026-09-30T01:44:33.920389+00:00
2018-07-01,20,20,product,승용차,1782707000,잠정,2026-09-30T01:44:33.920389+00:00
2018-07-01,20,20,product,자동차부품,1306186000,잠정,2026-09-30T01:44:33.920389+00:00
2018-07-01,20,20,product,전체,32757062000,잠정,2026-09-30T01:44:33.920389+00:00
2018-07-01,20,20,product,정밀기기,557258000,잠정,2026-09-30T01:44:33.920389+00:00
2018-07-01,20,20,product,철강제품,2754422000,잠정,2026-09-30T01:44:33.920389+00:00
2018-07-01,20,20,product,컴퓨터주변기기,480093000,잠정,2026-09-30T01:44:33.920389+00:00
2018-07-01,month_end,31,country,대만,1860748000,잠정,2026-09-30T01:48:17.133162+00:00
2018-07-01,month_end,31,country,말레이시아,724815000,잠정,2026-09-30T01:48:17.133162+00:00
2018-07-01,month_end,31,country,미국,6151681000,잠정,2026-09-30T01:48:17.133162+00:00
2018-07-01,month_end,31,country,베트남,3915010000,잠정,2026-09-30T01:48:17.133162+00:00
2018-07-01,month_end,31,country,싱가포르,1022764000,잠정,2026-09-30T01:48:17.133162+00:00
2018-07-01,month_end,31,country,유럽연합,4610817000,잠정,2026-09-30T01:48:17.133162+00:00
2018-07-01,month_end,31,country,인도,1482487000,잠정,2026-09-30T01:48:17.133162+00:00
2018-07-01,month_end,31,country,일본,2542258000,잠정,2026-09-30T01:48:17.133162+00:00
2018-07-01,month_end,31,country,전체,51810255000,잠정,2026-09-30T01:48:17.133162+00:00
2018-07-01,month_end,31,country,중국,13721233000,잠정,2026-09-30T01:48:17.133162+00:00
2018-07-01,month_end,31,country,홍콩,4150646000,잠정,2026-09-30T01:48:17.133162+00:00
2018-07-01,month_end,31,product,가전제품,581648000,잠정,2026-09-30T01:44:33.920389+00:00
2018-07-01,month_end,31,product,무선통신기기,1459739000,잠정,2026-09-30T01:44:33.920389+00:00
2018-07-01,month_end,31,product,반도체,10622705000,잠정,2026-09-30T01:44:33.920389+00:00
2018-07-01,month_end,31,product,석유제품,3973162000,잠정,2026-09-30T01:44:33.920389+00:00
2018-07-01,month_end,31,product,선박,1590482000,잠정,2026-09-30T01:44:33.920389+00:00
2018-07-01,month_end,31,product,승용차,2934066000,잠정,2026-09-30T01:44:33.920389+00:00
2018-07-01,month_end,31,product,자동차부품,1947068000,잠정,2026-09-30T01:44:33.920389+00:00
2018-07-01,month_end,31,product,전체,51810255000,잠정,2026-09-30T01:44:33.920389+00:00
2018-07-01,month_end,31,product,정밀기기,881877000,잠정,2026-09-30T01:44:33.920389+00:00
2018-07-01,month_end,31,product,철강제품,4756506000,잠정,2026-09-30T01:44:33.920389+00:00
2018-07-01,month_end,31,product,컴퓨터주변기기,819184000,잠정,2026-09-30T01:44:33.920389+00:00
2018-08-01,10,10,country,대만,545701000,잠정,2026-09-30T01:48:17.133162+00:00
2018-08-01,10,10,country,말레이시아,206262000,잠정,2026-09-30T01:48:17.133162+00:00
2018-08-01,10,10,country,미국,1710798000,잠정,2026-09-30T01:48:17.133162+00:00
2018-08-01,10,10,country,베트남,1438256000,잠정,2026-09-30T01:48:17.133162+00:00
2018-08-01,10,10,country,싱가포르,265534000,잠정,2026-09-30T01:48:17.133162+00:00
2018-08-01,10,10,country,유럽연합,1142113000,잠정,2026-09-30T01:48:17.133162+00:00
2018-08-01,10,10,country,인도,372969000,잠정,2026-09-30T01:48:17.133162+00:00
2018-08-01,10,10,country,일본,812360000,잠정,2026-09-30T01:48:17.133162+00:00
2018-08-01,10,10,country,전체,14802110000,잠정,2026-09-30T01:48:17.133162+00:00
2018-08-01,10,10,country,중국,4461956000,잠정,2026-09-30T01:48:17.133162+00:00
2018-08-01,10,10,country,홍콩,1110627000,잠정,2026-09-30T01:48:17.133162+00:00
2018-08-01,10,10,product,가전제품,153482000,잠정,2026-09-30T01:44:33.920389+00:00
2018-08-01,10,10,product,무선통신기기,488195000,잠정,2026-09-30T01:44:33.920389+00:00
2018-08-01,10,10,product,반도체,3556668000,잠정,2026-09-30T01:44:33.920389+00:00
2018-08-01,10,10,product,석유제품,1598670000,잠정,2026-09-30T01:44:33.920389+00:00
2018-08-01,10,10,product,선박,9910000,잠정,2026-09-30T01:44:33.920389+00:00
2018-08-01,10,10,product,승용차,331488000,잠정,2026-09-30T01:44:33.920389+00:00
2018-08-01,10,10,product,자동차부품,448557000,잠정,2026-09-30T01:44:33.920389+00:00
2018-08-01,10,10,product,전체,14802110000,잠정,2026-09-30T01:44:33.920389+00:00
2018-08-01,10,10,product,정밀기기,324406000,잠정,2026-09-30T01:44:33.920389+00:00
2018-08-01,10,10,product,철강제품,1069896000,잠정,2026-09-30T01:44:33.920389+00:00
2018-08-01,10,10,product,컴퓨터주변기기,234912000,잠정,2026-09-30T01:44:33.920389+00:00
2018-08-01,20,20,country,대만,1136344000,잠정,2026-09-30T01:48:17.133162+00:00
2018-08-01,20,20,country,말레이시아,397147000,잠정,2026-09-30T01:48:17.133162+00:00
2018-08-01,20,20,country,미국,3352437000,잠정,2026-09-30T01:48:17.133162+00:00
2018-08-01,20,20,country,베트남,2622522000,잠정,2026-09-30T01:48:17.133162+00:00
2018-08-01,20,20,country,싱가포르,477347000,잠정,2026-09-30T01:48:17.133162+00:00
2018-08-01,20,20,country,유럽연합,2391832000,잠정,2026-09-30T01:48:17.133162+00:00
2018-08-01,20,20,country,인도,755157000,잠정,2026-09-30T01:48:17.133162+00:00
2018-08-01,20,20,country,일본,1400603000,잠정,2026-09-30T01:48:17.133162+00:00
2018-08-01,20,20,country,전체,28785487000,잠정,2026-09-30T01:48:17.133162+00:00
2018-08-01,20,20,country,중국,8399748000,잠정,2026-09-30T01:48:17.133162+00:00
2018-08-01,20,20,country,홍콩,2051263000,잠정,2026-09-30T01:48:17.133162+00:00
2018-08-01,20,20,product,가전제품,311855000,잠정,2026-09-30T01:44:33.920389+00:00
2018-08-01,20,20,product,무선통신기기,875669000,잠정,2026-09-30T01:44:33.920389+00:00
2018-08-01,20,20,product,반도체,6755741000,잠정,2026-09-30T01:44:33.920389+00:00
2018-08-01,20,20,product,석유제품,2863453000,잠정,2026-09-30T01:44:33.920389+00:00
2018-08-01,20,20,product,선박,402602000,잠정,2026-09-30T01:44:33.920389+00:00
2018-08-01,20,20,product,승용차,1088588000,잠정,2026-09-30T01:44:33.920389+00:00
2018-08-01,20,20,product,자동차부품,910184000,잠정,2026-09-30T01:44:33.920389+00:00
2018-08-01,20,20,product,전체,28785487000,잠정,2026-09-30T01:44:33.920389+00:00
2018-08-01,20,20,product,정밀기기,606371000,잠정,2026-09-30T01:44:33.920389+00:00
2018-08-01,20,20,product,철강제품,2336616000,잠정,2026-09-30T01:44:33.920389+00:00
2018-08-01,20,20,product,컴퓨터주변기기,449857000,잠정,2026-09-30T01:44:33.920389+00:00
2018-08-01,month_end,31,country,대만,1980591000,잠정,2026-09-30T01:48:17.133162+00:00
2018-08-01,month_end,31,country,말레이시아,748615000,잠정,2026-09-30T01:48:17.133162+00:00
2018-08-01,month_end,31,country,미국,6048102000,잠정,2026-09-30T01:48:17.133162+00:00
2018-08-01,month_end,31,country,베트남,4353160000,잠정,2026-09-30T01:48:17.133162+00:00
2018-08-01,month_end,31,country,싱가포르,770943000,잠정,2026-09-30T01:48:17.133162+00:00
2018-08-01,month_end,31,country,유럽연합,4470432000,잠정,2026-09-30T01:48:17.133162+00:00
2018-08-01,month_end,31,country,인도,1416876000,잠정,2026-09-30T01:48:17.133162+00:00
2018-08-01,month_end,31,country,일본,2409640000,잠정,2026-09-30T01:48:17.133162+00:00
2018-08-01,month_end,31,country,전체,51180449000,잠정,2026-09-30T01:48:17.133162+00:00
2018-08-01,month_end,31,country,중국,14401521000,잠정,2026-09-30T01:48:17.133162+00:00
2018-08-01,month_end,31,country,홍콩,4076288000,잠정,2026-09-30T01:48:17.133162+00:00
2018-08-01,month_end,31,product,가전제품,568515000,잠정,2026-09-30T01:44:33.920389+00:00
2018-08-01,month_end,31,product,무선통신기기,1431373000,잠정,2026-09-30T01:44:33.920389+00:00
2018-08-01,month_end,31,product,반도체,11820645000,잠정,2026-09-30T01:44:33.920389+00:00
2018-08-01,month_end,31,product,석유제품,4303110000,잠정,2026-09-30T01:44:33.920389+00:00
2018-08-01,month_end,31,product,선박,617569000,잠정,2026-09-30T01:44:33.920389+00:00
2018-08-01,month_end,31,product,승용차,2630553000,잠정,2026-09-30T01:44:33.920389+00:00
2018-08-01,month_end,31,product,자동차부품,1791212000,잠정,2026-09-30T01:44:33.920389+00:00
2018-08-01,month_end,31,product,전체,51180449000,잠정,2026-09-30T01:44:33.920389+00:00
2018-08-01,month_end,31,product,정밀기기,1102808000,잠정,2026-09-30T01:44:33.920389+00:00
2018-08-01,month_end,31,product,철강제품,4314235000,잠정,2026-09-30T01:44:33.920389+00:00
2018-08-01,month_end,31,product,컴퓨터주변기기,868191000,잠정,2026-09-30T01:44:33.920389+00:00
2018-09-01,10,10,country,대만,588312000,잠정,2026-09-30T01:48:17.133162+00:00
2018-09-01,10,10,country,말레이시아,177808000,잠정,2026-09-30T01:48:17.133162+00:00
2018-09-01,10,10,country,미국,1565758000,잠정,2026-09-30T01:48:17.133162+00:00
2018-09-01,10,10,country,베트남,1246611000,잠정,2026-09-30T01:48:17.133162+00:00
2018-09-01,10,10,country,싱가포르,154567000,잠정,2026-09-30T01:48:17.133162+00:00
2018-09-01,10,10,country,유럽연합,1059447000,잠정,2026-09-30T01:48:17.133162+00:00
2018-09-01,10,10,country,인도,276743000,잠정,2026-09-30T01:48:17.133162+00:00
2018-09-01,10,10,country,일본,747853000,잠정,2026-09-30T01:48:17.133162+00:00
2018-09-01,10,10,country,전체,13997269000,잠정,2026-09-30T01:48:17.133162+00:00
2018-09-01,10,10,country,중국,4492242000,잠정,2026-09-30T01:48:17.133162+00:00
2018-09-01,10,10,country,홍콩,1102578000,잠정,2026-09-30T01:48:17.133162+00:00
2018-09-01,10,10,product,가전제품,176577000,잠정,2026-09-30T01:44:33.920389+00:00
2018-09-01,10,10,product,무선통신기기,399055000,잠정,2026-09-30T01:44:33.920389+00:00
2018-09-01,10,10,product,반도체,3450432000,잠정,2026-09-30T01:44:33.920389+00:00
2018-09-01,10,10,product,석유제품,1290159000,잠정,2026-09-30T01:44:33.920389+00:00
2018-09-01,10,10,product,선박,174698000,잠정,2026-09-30T01:44:33.920389+00:00
2018-09-01,10,10,product,승용차,677566000,잠정,2026-09-30T01:44:33.920389+00:00
2018-09-01,10,10,product,자동차부품,517315000,잠정,2026-09-30T01:44:33.920389+00:00
2018-09-01,10,10,product,전체,13997269000,잠정,2026-09-30T01:44:33.920389+00:00
2018-09-01,10,10,product,정밀기기,316795000,잠정,2026-09-30T01:44:33.920389+00:00
2018-09-01,10,10,product,철강제품,944026000,잠정,2026-09-30T01:44:33.920389+00:00
2018-09-01,10,10,product,컴퓨터주변기기,231555000,잠정,2026-09-30T01:44:33.920389+00:00
2018-09-01,20,20,country,대만,1504656000,잠정,2026-09-30T01:48:17.133162+00:00
2018-09-01,20,20,country,말레이시아,496400000,잠정,2026-09-30T01:48:17.133162+00:00
2018-09-01,20,20,country,미국,4389732000,잠정,2026-09-30T01:48:17.133162+00:00
2018-09-01,20,20,country,베트남,2934444000,잠정,2026-09-30T01:48:17.133162+00:00
2018-09-01,20,20,country,싱가포르,497626000,잠정,2026-09-30T01:48:17.133162+00:00
2018-09-01,20,20,country,유럽연합,3159983000,잠정,2026-09-30T01:48:17.133162+00:00
2018-09-01,20,20,country,인도,937521000,잠정,2026-09-30T01:48:17.133162+00:00
2018-09-01,20,20,country,일본,1779617000,잠정,2026-09-30T01:48:17.133162+00:00
2018-09-01,20,20,country,전체,36519939000,잠정,2026-09-30T01:48:17.133162+00:00
2018-09-01,20,20,country,중국,10681449000,잠정,2026-09-30T01:48:17.133162+00:00
2018-09-01,20,20,country,홍콩,2996969000,잠정,2026-09-30T01:48:17.133162+00:00
2018-09-01,20,20,product,가전제품,470547000,잠정,2026-09-30T01:44:33.920389+00:00
2018-09-01,20,20,product,무선통신기기,968802000,잠정,2026-09-30T01:44:33.920389+00:00
2018-09-01,20,20,product,반도체,8205860000,잠정,2026-09-30T01:44:33.920389+00:00
2018-09-01,20,20,product,석유제품,2897585000,잠정,2026-09-30T01:44:33.920389+00:00
2018-09-01,20,20,product,선박,1076299000,잠정,2026-09-30T01:44:33.920389+00:00
2018-09-01,20,20,product,승용차,1876999000,잠정,2026-09-30T01:44:33.920389+00:00
2018-09-01,20,20,product,자동차부품,1404483000,잠정,2026-09-30T01:44:33.920389+00:00
2018-09-01,20,20,product,전체,36519939000,잠정,2026-09-30T01:44:33.920389+00:00
2018-09-01,20,20,product,정밀기기,811818000,잠정,2026-09-30T01:44:33.920389+00:00
2018-09-01,20,20,product,철강제품,2582959000,잠정,2026-09-30T01:44:33.920389+00:00
2018-09-01,20,20,product,컴퓨터주변기기,567229000,잠정,2026-09-30T01:44:33.920389+00:00
2018-09-01,month_end,30,country,대만,2260227000,잠정,2026-09-30T01:48:17.133162+00:00
2018-09-01,month_end,30,country,말레이시아,693399000,잠정,2026-09-30T01:48:17.133162+00:00
2018-09-01,month_end,30,country,미국,5821081000,잠정,2026-09-30T01:48:17.133162+00:00
2018-09-01,month_end,30,country,베트남,3946878000,잠정,2026-09-30T01:48:17.133162+00:00
2018-09-01,month_end,30,country,싱가포르,786254000,잠정,2026-09-30T01:48:17.133162+00:00
2018-09-01,month_end,30,country,유럽연합,4001964000,잠정,2026-09-30T01:48:17.133162+00:00
2018-09-01,month_end,30,country,인도,1284520000,잠정,2026-09-30T01:48:17.133162+00:00
2018-09-01,month_end,30,country,일본,2469037000,잠정,2026-09-30T01:48:17.133162+00:00
2018-09-01,month_end,30,country,전체,50650208000,잠정,2026-09-30T01:48:17.133162+00:00
2018-09-01,month_end,30,country,중국,14590529000,잠정,2026-09-30T01:48:17.133162+00:00
2018-09-01,month_end,30,country,홍콩,4903221000,잠정,2026-09-30T01:48:17.133162+00:00
2018-09-01,month_end,30,product,가전제품,595365000,잠정,2026-09-30T01:44:33.920389+00:00
2018-09-01,month_end,30,product,무선통신기기,1272605000,잠정,2026-09-30T01:44:33.920389+00:00
2018-09-01,month_end,30,product,반도체,12694128000,잠정,2026-09-30T01:44:33.920389+00:00
2018-09-01,month_end,30,product,석유제품,4299997000,잠정,2026-09-30T01:44:33.920389+00:00
2018-09-01,month_end,30,product,선박,1356806000,잠정,2026-09-30T01:44:33.920389+00:00
2018-09-01,month_end,30,product,승용차,2763577000,잠정,2026-09-30T01:44:33.920389+00:00
2018-09-01,month_end,30,product,자동차부품,1681150000,잠정,2026-09-30T01:44:33.920389+00:00
2018-09-01,month_end,30,product,전체,50650208000,잠정,2026-09-30T01:44:33.920389+00:00
2018-09-01,month_end,30,product,정밀기기,1043625000,잠정,2026-09-30T01:44:33.920389+00:00
2018-09-01,month_end,30,product,철강제품,3681585000,잠정,2026-09-30T01:44:33.920389+00:00
2018-09-01,month_end,30,product,컴퓨터주변기기,893758000,잠정,2026-09-30T01:44:33.920389+00:00
2018-10-01,10,10,country,대만,672505000,잠정,2026-09-30T01:48:17.133162+00:00
2018-10-01,10,10,country,말레이시아,286616000,잠정,2026-09-30T01:48:17.133162+00:00
2018-10-01,10,10,country,미국,2033795000,잠정,2026-09-30T01:48:17.133162+00:00
2018-10-01,10,10,country,베트남,1275185000,잠정,2026-09-30T01:48:17.133162+00:00
2018-10-01,10,10,country,싱가포르,234096000,잠정,2026-09-30T01:48:17.133162+00:00
2018-10-01,10,10,country,유럽연합,1405629000,잠정,2026-09-30T01:48:17.133162+00:00
2018-10-01,10,10,country,인도,310982000,잠정,2026-09-30T01:48:17.133162+00:00
2018-10-01,10,10,country,일본,646916000,잠정,2026-09-30T01:48:17.133162+00:00
2018-10-01,10,10,country,전체,14356256000,잠정,2026-09-30T01:48:17.133162+00:00
2018-10-01,10,10,country,중국,4217982000,잠정,2026-09-30T01:48:17.133162+00:00
2018-10-01,10,10,country,홍콩,478183000,잠정,2026-09-30T01:48:17.133162+00:00
2018-10-01,10,10,product,가전제품,200323000,잠정,2026-09-30T01:44:33.920389+00:00
2018-10-01,10,10,product,무선통신기기,521959000,잠정,2026-09-30T01:44:33.920389+00:00
2018-10-01,10,10,product,반도체,2837005000,잠정,2026-09-30T01:44:33.920389+00:00
2018-10-01,10,10,product,석유제품,1251514000,잠정,2026-09-30T01:44:33.920389+00:00
2018-10-01,10,10,product,선박,302729000,잠정,2026-09-30T01:44:33.920389+00:00
2018-10-01,10,10,product,승용차,797856000,잠정,2026-09-30T01:44:33.920389+00:00
2018-10-01,10,10,product,자동차부품,632717000,잠정,2026-09-30T01:44:33.920389+00:00
2018-10-01,10,10,product,전체,14356256000,잠정,2026-09-30T01:44:33.920389+00:00
2018-10-01,10,10,product,정밀기기,366346000,잠정,2026-09-30T01:44:33.920389+00:00
2018-10-01,10,10,product,철강제품,978719000,잠정,2026-09-30T01:44:33.920389+00:00
2018-10-01,10,10,product,컴퓨터주변기기,167182000,잠정,2026-09-30T01:44:33.920389+00:00
2018-10-01,20,20,country,대만,1541862000,잠정,2026-09-30T01:48:17.133162+00:00
2018-10-01,20,20,country,말레이시아,569023000,잠정,2026-09-30T01:48:17.133162+00:00
2018-10-01,20,20,country,미국,4387380000,잠정,2026-09-30T01:48:17.133162+00:00
2018-10-01,20,20,country,베트남,2732236000,잠정,2026-09-30T01:48:17.133162+00:00
2018-10-01,20,20,country,싱가포르,516673000,잠정,2026-09-30T01:48:17.133162+00:00
2018-10-01,20,20,country,유럽연합,3612307000,잠정,2026-09-30T01:48:17.133162+00:00
2018-10-01,20,20,country,인도,813966000,잠정,2026-09-30T01:48:17.133162+00:00
2018-10-01,20,20,country,일본,1694704000,잠정,2026-09-30T01:48:17.133162+00:00
2018-10-01,20,20,country,전체,33335175000,잠정,2026-09-30T01:48:17.133162+00:00
2018-10-01,20,20,country,중국,9135367000,잠정,2026-09-30T01:48:17.133162+00:00
2018-10-01,20,20,country,홍콩,1585718000,잠정,2026-09-30T01:48:17.133162+00:00
2018-10-01,20,20,product,가전제품,404630000,잠정,2026-09-30T01:44:33.920389+00:00
2018-10-01,20,20,product,무선통신기기,1045816000,잠정,2026-09-30T01:44:33.920389+00:00
2018-10-01,20,20,product,반도체,6469703000,잠정,2026-09-30T01:44:33.920389+00:00
2018-10-01,20,20,product,석유제품,3102654000,잠정,2026-09-30T01:44:33.920389+00:00
2018-10-01,20,20,product,선박,1155110000,잠정,2026-09-30T01:44:33.920389+00:00
2018-10-01,20,20,product,승용차,2104784000,잠정,2026-09-30T01:44:33.920389+00:00
2018-10-01,20,20,product,자동차부품,1340503000,잠정,2026-09-30T01:44:33.920389+00:00
2018-10-01,20,20,product,전체,33335175000,잠정,2026-09-30T01:44:33.920389+00:00
2018-10-01,20,20,product,정밀기기,770189000,잠정,2026-09-30T01:44:33.920389+00:00
2018-10-01,20,20,product,철강제품,2277269000,잠정,2026-09-30T01:44:33.920389+00:00
2018-10-01,20,20,product,컴퓨터주변기기,353172000,잠정,2026-09-30T01:44:33.920389+00:00
2018-10-01,month_end,31,country,대만,2577681000,잠정,2026-09-30T01:48:17.133162+00:00
2018-10-01,month_end,31,country,말레이시아,900994000,잠정,2026-09-30T01:48:17.133162+00:00
2018-10-01,month_end,31,country,미국,6980164000,잠정,2026-09-30T01:48:17.133162+00:00
2018-10-01,month_end,31,country,베트남,4248685000,잠정,2026-09-30T01:48:17.133162+00:00
2018-10-01,month_end,31,country,싱가포르,940456000,잠정,2026-09-30T01:48:17.133162+00:00
2018-10-01,month_end,31,country,유럽연합,5475750000,잠정,2026-09-30T01:48:17.133162+00:00
2018-10-01,month_end,31,country,인도,1332086000,잠정,2026-09-30T01:48:17.133162+00:00
2018-10-01,month_end,31,country,일본,2764708000,잠정,2026-09-30T01:48:17.133162+00:00
2018-10-01,month_end,31,country,전체,54860310000,잠정,2026-09-30T01:48:17.133162+00:00
2018-10-01,month_end,31,country,중국,14767041000,잠정,2026-09-30T01:48:17.133162+00:00
2018-10-01,month_end,31,country,홍콩,3869675000,잠정,2026-09-30T01:48:17.133162+00:00
2018-10-01,month_end,31,product,가전제품,645948000,잠정,2026-09-30T01:44:33.920389+00:00
2018-10-01,month_end,31,product,무선통신기기,1727279000,잠정,2026-09-30T01:44:33.920389+00:00
2018-10-01,month_end,31,product,반도체,11874119000,잠정,2026-09-30T01:44:33.920389+00:00
2018-10-01,month_end,31,product,석유제품,4600992000,잠정,2026-09-30T01:44:33.920389+00:00
2018-10-01,month_end,31,product,선박,1436237000,잠정,2026-09-30T01:44:33.920389+00:00
2018-10-01,month_end,31,product,승용차,3666651000,잠정,2026-09-30T01:44:33.920389+00:00
2018-10-01,month_end,31,product,자동차부품,2055564000,잠정,2026-09-30T01:44:33.920389+00:00
2018-10-01,month_end,31,product,전체,54860310000,잠정,2026-09-30T01:44:33.920389+00:00
2018-10-01,month_end,31,product,정밀기기,1227835000,잠정,2026-09-30T01:44:33.920389+00:00
2018-10-01,month_end,31,product,철강제품,3989610000,잠정,2026-09-30T01:44:33.920389+00:00
2018-10-01,month_end,31,product,컴퓨터주변기기,732997000,잠정,2026-09-30T01:44:33.920389+00:00
2018-11-01,10,10,country,대만,581164000,잠정,2026-09-30T01:48:17.133162+00:00
2018-11-01,10,10,country,말레이시아,188699000,잠정,2026-09-30T01:48:17.133162+00:00
2018-11-01,10,10,country,미국,2075558000,잠정,2026-09-30T01:48:17.133162+00:00
2018-11-01,10,10,country,베트남,1532056000,잠정,2026-09-30T01:48:17.133162+00:00
2018-11-01,10,10,country,싱가포르,519547000,잠정,2026-09-30T01:48:17.133162+00:00
2018-11-01,10,10,country,유럽연합,1475866000,잠정,2026-09-30T01:48:17.133162+00:00
2018-11-01,10,10,country,인도,320830000,잠정,2026-09-30T01:48:17.133162+00:00
2018-11-01,10,10,country,일본,817744000,잠정,2026-09-30T01:48:17.133162+00:00
2018-11-01,10,10,country,전체,15011001000,잠정,2026-09-30T01:48:17.133162+00:00
2018-11-01,10,10,country,중국,4105973000,잠정,2026-09-30T01:48:17.133162+00:00
2018-11-01,10,10,country,홍콩,655996000,잠정,2026-09-30T01:48:17.133162+00:00
2018-11-01,10,10,product,가전제품,186095000,잠정,2026-09-30T01:44:33.920389+00:00
2018-11-01,10,10,product,무선통신기기,713108000,잠정,2026-09-30T01:44:33.920389+00:00
2018-11-01,10,10,product,반도체,2973535000,잠정,2026-09-30T01:44:33.920389+00:00
2018-11-01,10,10,product,석유제품,1181323000,잠정,2026-09-30T01:44:33.920389+00:00
2018-11-01,10,10,product,선박,585168000,잠정,2026-09-30T01:44:33.920389+00:00
2018-11-01,10,10,product,승용차,1001180000,잠정,2026-09-30T01:44:33.920389+00:00
2018-11-01,10,10,product,자동차부품,624978000,잠정,2026-09-30T01:44:33.920389+00:00
2018-11-01,10,10,product,전체,15011001000,잠정,2026-09-30T01:44:33.920389+00:00
2018-11-01,10,10,product,정밀기기,343914000,잠정,2026-09-30T01:44:33.920389+00:00
2018-11-01,10,10,product,철강제품,988342000,잠정,2026-09-30T01:44:33.920389+00:00
2018-11-01,10,10,product,컴퓨터주변기기,177031000,잠정,2026-09-30T01:44:33.920389+00:00
2018-11-01,20,20,country,대만,1286659000,잠정,2026-09-30T01:48:17.133162+00:00
2018-11-01,20,20,country,말레이시아,471931000,잠정,2026-09-30T01:48:17.133162+00:00
2018-11-01,20,20,country,미국,4089407000,잠정,2026-09-30T01:48:17.133162+00:00
2018-11-01,20,20,country,베트남,2832501000,잠정,2026-09-30T01:48:17.133162+00:00
2018-11-01,20,20,country,싱가포르,717105000,잠정,2026-09-30T01:48:17.133162+00:00
2018-11-01,20,20,country,유럽연합,3348573000,잠정,2026-09-30T01:48:17.133162+00:00
2018-11-01,20,20,country,인도,664711000,잠정,2026-09-30T01:48:17.133162+00:00
2018-11-01,20,20,country,일본,1599822000,잠정,2026-09-30T01:48:17.133162+00:00
2018-11-01,20,20,country,전체,31200636000,잠정,2026-09-30T01:48:17.133162+00:00
2018-11-01,20,20,country,중국,8434921000,잠정,2026-09-30T01:48:17.133162+00:00
2018-11-01,20,20,country,홍콩,1438715000,잠정,2026-09-30T01:48:17.133162+00:00
2018-11-01,20,20,product,가전제품,398293000,잠정,2026-09-30T01:44:33.920389+00:00
2018-11-01,20,20,product,무선통신기기,1364561000,잠정,2026-09-30T01:44:33.920389+00:00
2018-11-01,20,20,product,반도체,6071637000,잠정,2026-09-30T01:44:33.920389+00:00
2018-11-01,20,20,product,석유제품,2455302000,잠정,2026-09-30T01:44:33.920389+00:00
2018-11-01,20,20,product,선박,1696788000,잠정,2026-09-30T01:44:33.920389+00:00
2018-11-01,20,20,product,승용차,2084781000,잠정,2026-09-30T01:44:33.920389+00:00
2018-11-01,20,20,product,자동차부품,1162254000,잠정,2026-09-30T01:44:33.920389+00:00
2018-11-01,20,20,product,전체,31200636000,잠정,2026-09-30T01:44:33.920389+00:00
2018-11-01,20,20,product,정밀기기,660442000,잠정,2026-09-30T01:44:33.920389+00:00
2018-11-01,20,20,product,철강제품,2106108000,잠정,2026-09-30T01:44:33.920389+00:00
2018-11-01,20,20,product,컴퓨터주변기기,420232000,잠정,2026-09-30T01:44:33.920389+00:00
2018-11-01,month_end,30,country,대만,2235810000,잠정,2026-09-30T01:48:17.133162+00:00
2018-11-01,month_end,30,country,말레이시아,716575000,잠정,2026-09-30T01:48:17.133162+00:00
2018-11-01,month_end,30,country,미국,6840971000,잠정,2026-09-30T01:48:17.133162+00:00
2018-11-01,month_end,30,country,베트남,4520136000,잠정,2026-09-30T01:48:17.133162+00:00
2018-11-01,month_end,30,country,싱가포르,1355047000,잠정,2026-09-30T01:48:17.133162+00:00
2018-11-01,month_end,30,country,유럽연합,5047940000,잠정,2026-09-30T01:48:17.133162+00:00
2018-11-01,month_end,30,country,인도,1234976000,잠정,2026-09-30T01:48:17.133162+00:00
2018-11-01,month_end,30,country,일본,2707331000,잠정,2026-09-30T01:48:17.133162+00:00
2018-11-01,month_end,30,country,전체,51479530000,잠정,2026-09-30T01:48:17.133162+00:00
2018-11-01,month_end,30,country,중국,13558761000,잠정,2026-09-30T01:48:17.133162+00:00
2018-11-01,month_end,30,country,홍콩,3104350000,잠정,2026-09-30T01:48:17.133162+00:00
2018-11-01,month_end,30,product,가전제품,617945000,잠정,2026-09-30T01:44:33.920389+00:00
2018-11-01,month_end,30,product,무선통신기기,1991663000,잠정,2026-09-30T01:44:33.920389+00:00
2018-11-01,month_end,30,product,반도체,10974481000,잠정,2026-09-30T01:44:33.920389+00:00
2018-11-01,month_end,30,product,석유제품,3976879000,잠정,2026-09-30T01:44:33.920389+00:00
2018-11-01,month_end,30,product,선박,2000901000,잠정,2026-09-30T01:44:33.920389+00:00
2018-11-01,month_end,30,product,승용차,3697749000,잠정,2026-09-30T01:44:33.920389+00:00
2018-11-01,month_end,30,product,자동차부품,1877575000,잠정,2026-09-30T01:44:33.920389+00:00
2018-11-01,month_end,30,product,전체,51479530000,잠정,2026-09-30T01:44:33.920389+00:00
2018-11-01,month_end,30,product,정밀기기,1034978000,잠정,2026-09-30T01:44:33.920389+00:00
2018-11-01,month_end,30,product,철강제품,3807459000,잠정,2026-09-30T01:44:33.920389+00:00
2018-11-01,month_end,30,product,컴퓨터주변기기,714720000,잠정,2026-09-30T01:44:33.920389+00:00
2018-12-01,10,10,country,대만,321756000,잠정,2026-09-30T01:48:17.133162+00:00
2018-12-01,10,10,country,말레이시아,147103000,잠정,2026-09-30T01:48:17.133162+00:00
2018-12-01,10,10,country,미국,1744038000,잠정,2026-09-30T01:48:17.133162+00:00
2018-12-01,10,10,country,베트남,1159140000,잠정,2026-09-30T01:48:17.133162+00:00
2018-12-01,10,10,country,싱가포르,277519000,잠정,2026-09-30T01:48:17.133162+00:00
2018-12-01,10,10,country,유럽연합,1056869000,잠정,2026-09-30T01:48:17.133162+00:00
2018-12-01,10,10,country,인도,238874000,잠정,2026-09-30T01:48:17.133162+00:00
2018-12-01,10,10,country,일본,767504000,잠정,2026-09-30T01:48:17.133162+00:00
2018-12-01,10,10,country,전체,11941663000,잠정,2026-09-30T01:48:17.133162+00:00
2018-12-01,10,10,country,중국,3465797000,잠정,2026-09-30T01:48:17.133162+00:00
2018-12-01,10,10,country,홍콩,436809000,잠정,2026-09-30T01:48:17.133162+00:00
2018-12-01,10,10,product,가전제품,180301000,잠정,2026-09-30T01:44:33.920389+00:00
2018-12-01,10,10,product,무선통신기기,526977000,잠정,2026-09-30T01:44:33.920389+00:00
2018-12-01,10,10,product,반도체,2469996000,잠정,2026-09-30T01:44:33.920389+00:00
2018-12-01,10,10,product,석유제품,1078471000,잠정,2026-09-30T01:44:33.920389+00:00
2018-12-01,10,10,product,선박,24971000,잠정,2026-09-30T01:44:33.920389+00:00
2018-12-01,10,10,product,승용차,778585000,잠정,2026-09-30T01:44:33.920389+00:00
2018-12-01,10,10,product,자동차부품,447950000,잠정,2026-09-30T01:44:33.920389+00:00
2018-12-01,10,10,product,전체,11941663000,잠정,2026-09-30T01:44:33.920389+00:00
2018-12-01,10,10,product,정밀기기,290725000,잠정,2026-09-30T01:44:33.920389+00:00
2018-12-01,10,10,product,철강제품,878625000,잠정,2026-09-30T01:44:33.920389+00:00
2018-12-01,10,10,product,컴퓨터주변기기,185984000,잠정,2026-09-30T01:44:33.920389+00:00
2018-12-01,20,20,country,대만,848196000,잠정,2026-09-30T01:48:17.133162+00:00
2018-12-01,20,20,country,말레이시아,395078000,잠정,2026-09-30T01:48:17.133162+00:00
2018-12-01,20,20,country,미국,4373821000,잠정,2026-09-30T01:48:17.133162+00:00
2018-12-01,20,20,country,베트남,2818666000,잠정,2026-09-30T01:48:17.133162+00:00
2018-12-01,20,20,country,싱가포르,863501000,잠정,2026-09-30T01:48:17.133162+00:00
2018-12-01,20,20,country,유럽연합,3222480000,잠정,2026-09-30T01:48:17.133162+00:00
2018-12-01,20,20,country,인도,734877000,잠정,2026-09-30T01:48:17.133162+00:00
2018-12-01,20,20,country,일본,1639984000,잠정,2026-09-30T01:48:17.133162+00:00
2018-12-01,20,20,country,전체,31060666000,잠정,2026-09-30T01:48:17.133162+00:00
2018-12-01,20,20,country,중국,7795158000,잠정,2026-09-30T01:48:17.133162+00:00
2018-12-01,20,20,country,홍콩,1335586000,잠정,2026-09-30T01:48:17.133162+00:00
2018-12-01,20,20,product,가전제품,447133000,잠정,2026-09-30T01:44:33.920389+00:00
2018-12-01,20,20,product,무선통신기기,1304850000,잠정,2026-09-30T01:44:33.920389+00:00
2018-12-01,20,20,product,반도체,5495689000,잠정,2026-09-30T01:44:33.920389+00:00
2018-12-01,20,20,product,석유제품,2300850000,잠정,2026-09-30T01:44:33.920389+00:00
2018-12-01,20,20,product,선박,1838387000,잠정,2026-09-30T01:44:33.920389+00:00
2018-12-01,20,20,product,승용차,2133789000,잠정,2026-09-30T01:44:33.920389+00:00
2018-12-01,20,20,product,자동차부품,1163768000,잠정,2026-09-30T01:44:33.920389+00:00
2018-12-01,20,20,product,전체,31060666000,잠정,2026-09-30T01:44:33.920389+00:00
2018-12-01,20,20,product,정밀기기,671140000,잠정,2026-09-30T01:44:33.920389+00:00
2018-12-01,20,20,product,철강제품,2140332000,잠정,2026-09-30T01:44:33.920389+00:00
2018-12-01,20,20,product,컴퓨터주변기기,444164000,잠정,2026-09-30T01:44:33.920389+00:00
2018-12-01,month_end,31,country,대만,1416588000,잠정,2026-09-30T01:48:17.133162+00:00
2018-12-01,month_end,31,country,말레이시아,629984000,잠정,2026-09-30T01:48:17.133162+00:00
2018-12-01,month_end,31,country,미국,6440415000,잠정,2026-09-30T01:48:17.133162+00:00
2018-12-01,month_end,31,country,베트남,4095952000,잠정,2026-09-30T01:48:17.133162+00:00
2018-12-01,month_end,31,country,싱가포르,1199873000,잠정,2026-09-30T01:48:17.133162+00:00
2018-12-01,month_end,31,country,유럽연합,5474853000,잠정,2026-09-30T01:48:17.133162+00:00
2018-12-01,month_end,31,country,인도,1272324000,잠정,2026-09-30T01:48:17.133162+00:00
2018-12-01,month_end,31,country,일본,2426612000,잠정,2026-09-30T01:48:17.133162+00:00
2018-12-01,month_end,31,country,전체,48206793000,잠정,2026-09-30T01:48:17.133162+00:00
2018-12-01,month_end,31,country,중국,11904229000,잠정,2026-09-30T01:48:17.133162+00:00
2018-12-01,month_end,31,country,홍콩,2869147000,잠정,2026-09-30T01:48:17.133162+00:00
2018-12-01,month_end,31,product,가전제품,614675000,잠정,2026-09-30T01:44:33.920389+00:00
2018-12-01,month_end,31,product,무선통신기기,1699461000,잠정,2026-09-30T01:44:33.920389+00:00
2018-12-01,month_end,31,product,반도체,9108586000,잠정,2026-09-30T01:44:33.920389+00:00
2018-12-01,month_end,31,product,석유제품,3543209000,잠정,2026-09-30T01:44:33.920389+00:00
2018-12-01,month_end,31,product,선박,3177851000,잠정,2026-09-30T01:44:33.920389+00:00
2018-12-01,month_end,31,product,승용차,3522414000,잠정,2026-09-30T01:44:33.920389+00:00
2018-12-01,month_end,31,product,자동차부품,1728826000,잠정,2026-09-30T01:44:33.920389+00:00
2018-12-01,month_end,31,product,전체,48206793000,잠정,2026-09-30T01:44:33.920389+00:00
2018-12-01,month_end,31,product,정밀기기,966371000,잠정,2026-09-30T01:44:33.920389+00:00
2018-12-01,month_end,31,product,철강제품,3597869000,잠정,2026-09-30T01:44:33.920389+00:00
2018-12-01,month_end,31,product,컴퓨터주변기기,681649000,잠정,2026-09-30T01:44:33.920389+00:00
2019-01-01,10,10,country,대만,363485000,잠정,2026-09-30T01:48:17.313454+00:00
2019-01-01,10,10,country,말레이시아,178319000,잠정,2026-09-30T01:48:17.313454+00:00
2019-01-01,10,10,country,미국,1705471000,잠정,2026-09-30T01:48:17.313454+00:00
2019-01-01,10,10,country,베트남,1292062000,잠정,2026-09-30T01:48:17.313454+00:00
2019-01-01,10,10,country,싱가포르,335276000,잠정,2026-09-30T01:48:17.313454+00:00
2019-01-01,10,10,country,유럽연합,1329579000,잠정,2026-09-30T01:48:17.313454+00:00
2019-01-01,10,10,country,인도,356536000,잠정,2026-09-30T01:48:17.313454+00:00
2019-01-01,10,10,country,일본,766674000,잠정,2026-09-30T01:48:17.313454+00:00
2019-01-01,10,10,country,전체,12636635000,잠정,2026-09-30T01:48:17.313454+00:00
2019-01-01,10,10,country,중국,3427286000,잠정,2026-09-30T01:48:17.313454+00:00
2019-01-01,10,10,country,홍콩,503181000,잠정,2026-09-30T01:48:17.313454+00:00
2019-01-01,10,10,product,가전제품,199679000,잠정,2026-09-30T01:44:34.105884+00:00
2019-01-01,10,10,product,무선통신기기,585447000,잠정,2026-09-30T01:44:34.105884+00:00
2019-01-01,10,10,product,반도체,2119744000,잠정,2026-09-30T01:44:34.105884+00:00
2019-01-01,10,10,product,석유제품,839889000,잠정,2026-09-30T01:44:34.105884+00:00
2019-01-01,10,10,product,선박,577799000,잠정,2026-09-30T01:44:34.105884+00:00
2019-01-01,10,10,product,승용차,697648000,잠정,2026-09-30T01:44:34.105884+00:00
2019-01-01,10,10,product,자동차부품,576753000,잠정,2026-09-30T01:44:34.105884+00:00
2019-01-01,10,10,product,전체,12636635000,잠정,2026-09-30T01:44:34.105884+00:00
2019-01-01,10,10,product,정밀기기,284892000,잠정,2026-09-30T01:44:34.105884+00:00
2019-01-01,10,10,product,철강제품,994225000,잠정,2026-09-30T01:44:34.105884+00:00
2019-01-01,10,10,product,컴퓨터주변기기,206025000,잠정,2026-09-30T01:44:34.105884+00:00
2019-01-01,20,20,country,대만,715056000,잠정,2026-09-30T01:48:17.313454+00:00
2019-01-01,20,20,country,말레이시아,375006000,잠정,2026-09-30T01:48:17.313454+00:00
2019-01-01,20,20,country,미국,3518333000,잠정,2026-09-30T01:48:17.313454+00:00
2019-01-01,20,20,country,베트남,2472063000,잠정,2026-09-30T01:48:17.313454+00:00
2019-01-01,20,20,country,싱가포르,726748000,잠정,2026-09-30T01:48:17.313454+00:00
2019-01-01,20,20,country,유럽연합,2599341000,잠정,2026-09-30T01:48:17.313454+00:00
2019-01-01,20,20,country,인도,736828000,잠정,2026-09-30T01:48:17.313454+00:00
2019-01-01,20,20,country,일본,1460062000,잠정,2026-09-30T01:48:17.313454+00:00
2019-01-01,20,20,country,전체,25704243000,잠정,2026-09-30T01:48:17.313454+00:00
2019-01-01,20,20,country,중국,6667417000,잠정,2026-09-30T01:48:17.313454+00:00
2019-01-01,20,20,country,홍콩,1130426000,잠정,2026-09-30T01:48:17.313454+00:00
2019-01-01,20,20,product,가전제품,408464000,잠정,2026-09-30T01:44:34.105884+00:00
2019-01-01,20,20,product,무선통신기기,1096943000,잠정,2026-09-30T01:44:34.105884+00:00
2019-01-01,20,20,product,반도체,4283922000,잠정,2026-09-30T01:44:34.105884+00:00
2019-01-01,20,20,product,석유제품,1876394000,잠정,2026-09-30T01:44:34.105884+00:00
2019-01-01,20,20,product,선박,1048468000,잠정,2026-09-30T01:44:34.105884+00:00
2019-01-01,20,20,product,승용차,1763740000,잠정,2026-09-30T01:44:34.105884+00:00
2019-01-01,20,20,product,자동차부품,1104037000,잠정,2026-09-30T01:44:34.105884+00:00
2019-01-01,20,20,product,전체,25704243000,잠정,2026-09-30T01:44:34.105884+00:00
2019-01-01,20,20,product,정밀기기,518240000,잠정,2026-09-30T01:44:34.105884+00:00
2019-01-01,20,20,product,철강제품,2038095000,잠정,2026-09-30T01:44:34.105884+00:00
2019-01-01,20,20,product,컴퓨터주변기기,392286000,잠정,2026-09-30T01:44:34.105884+00:00
2019-01-01,month_end,31,country,대만,1289233000,잠정,2026-09-30T01:48:17.313454+00:00
2019-01-01,month_end,31,country,말레이시아,943094000,잠정,2026-09-30T01:48:17.313454+00:00
2019-01-01,month_end,31,country,미국,6209466000,잠정,2026-09-30T01:48:17.313454+00:00
2019-01-01,month_end,31,country,베트남,4025560000,잠정,2026-09-30T01:48:17.313454+00:00
2019-01-01,month_end,31,country,싱가포르,1274628000,잠정,2026-09-30T01:48:17.313454+00:00
2019-01-01,month_end,31,country,유럽연합,5036855000,잠정,2026-09-30T01:48:17.313454+00:00
2019-01-01,month_end,31,country,인도,1426879000,잠정,2026-09-30T01:48:17.313454+00:00
2019-01-01,month_end,31,country,일본,2617333000,잠정,2026-09-30T01:48:17.313454+00:00
2019-01-01,month_end,31,country,전체,46168934000,잠정,2026-09-30T01:48:17.313454+00:00
2019-01-01,month_end,31,country,중국,10836336000,잠정,2026-09-30T01:48:17.313454+00:00
2019-01-01,month_end,31,country,홍콩,2217704000,잠정,2026-09-30T01:48:17.313454+00:00
2019-01-01,month_end,31,product,가전제품,741358000,잠정,2026-09-30T01:44:34.105884+00:00
2019-01-01,month_end,31,product,무선통신기기,1693378000,잠정,2026-09-30T01:44:34.105884+00:00
2019-01-01,month_end,31,product,반도체,7679253000,잠정,2026-09-30T01:44:34.105884+00:00
2019-01-01,month_end,31,product,석유제품,3647294000,잠정,2026-09-30T01:44:34.105884+00:00
2019-01-01,month_end,31,product,선박,1735818000,잠정,2026-09-30T01:44:34.105884+00:00
2019-01-01,month_end,31,product,승용차,3429000000,잠정,2026-09-30T01:44:34.105884+00:00
2019-01-01,month_end,31,product,자동차부품,1982501000,잠정,2026-09-30T01:44:34.105884+00:00
2019-01-01,month_end,31,product,전체,46168934000,잠정,2026-09-30T01:44:34.105884+00:00
2019-01-01,month_end,31,product,정밀기기,874538000,잠정,2026-09-30T01:44:34.105884+00:00
2019-01-01,month_end,31,product,철강제품,3932243000,잠정,2026-09-30T01:44:34.105884+00:00
2019-01-01,month_end,31,product,컴퓨터주변기기,640964000,잠정,2026-09-30T01:44:34.105884+00:00
2019-02-01,10,10,country,대만,240632000,잠정,2026-09-30T01:48:17.313454+00:00
2019-02-01,10,10,country,말레이시아,111810000,잠정,2026-09-30T01:48:17.313454+00:00
2019-02-01,10,10,country,미국,832509000,잠정,2026-09-30T01:48:17.313454+00:00
2019-02-01,10,10,country,베트남,689273000,잠정,2026-09-30T01:48:17.313454+00:00
2019-02-01,10,10,country,싱가포르,110817000,잠정,2026-09-30T01:48:17.313454+00:00
2019-02-01,10,10,country,유럽연합,400119000,잠정,2026-09-30T01:48:17.313454+00:00
2019-02-01,10,10,country,인도,146029000,잠정,2026-09-30T01:48:17.313454+00:00
2019-02-01,10,10,country,일본,517494000,잠정,2026-09-30T01:48:17.313454+00:00
2019-02-01,10,10,country,전체,6315804000,잠정,2026-09-30T01:48:17.313454+00:00
2019-02-01,10,10,country,중국,1863073000,잠정,2026-09-30T01:48:17.313454+00:00
2019-02-01,10,10,country,홍콩,208441000,잠정,2026-09-30T01:48:17.313454+00:00
2019-02-01,10,10,product,가전제품,92875000,잠정,2026-09-30T01:44:34.105884+00:00
2019-02-01,10,10,product,무선통신기기,334673000,잠정,2026-09-30T01:44:34.105884+00:00
2019-02-01,10,10,product,반도체,1415212000,잠정,2026-09-30T01:44:34.105884+00:00
2019-02-01,10,10,product,석유제품,610387000,잠정,2026-09-30T01:44:34.105884+00:00
2019-02-01,10,10,product,선박,87026000,잠정,2026-09-30T01:44:34.105884+00:00
2019-02-01,10,10,product,승용차,286521000,잠정,2026-09-30T01:44:34.105884+00:00
2019-02-01,10,10,product,자동차부품,210701000,잠정,2026-09-30T01:44:34.105884+00:00
2019-02-01,10,10,product,전체,6315804000,잠정,2026-09-30T01:44:34.105884+00:00
2019-02-01,10,10,product,정밀기기,116217000,잠정,2026-09-30T01:44:34.105884+00:00
2019-02-01,10,10,product,철강제품,519999000,잠정,2026-09-30T01:44:34.105884+00:00
2019-02-01,10,10,product,컴퓨터주변기기,89228000,잠정,2026-09-30T01:44:34.105884+00:00
2019-02-01,20,20,country,대만,695167000,잠정,2026-09-30T01:48:17.313454+00:00
2019-02-01,20,20,country,말레이시아,407711000,잠정,2026-09-30T01:48:17.313454+00:00
2019-02-01,20,20,country,미국,3088808000,잠정,2026-09-30T01:48:17.313454+00:00
2019-02-01,20,20,country,베트남,2186804000,잠정,2026-09-30T01:48:17.313454+00:00
2019-02-01,20,20,country,싱가포르,900683000,잠정,2026-09-30T01:48:17.313454+00:00
2019-02-01,20,20,country,유럽연합,2289082000,잠정,2026-09-30T01:48:17.313454+00:00
2019-02-01,20,20,country,인도,652284000,잠정,2026-09-30T01:48:17.313454+00:00
2019-02-01,20,20,country,일본,1379867000,잠정,2026-09-30T01:48:17.313454+00:00
2019-02-01,20,20,country,전체,23344607000,잠정,2026-09-30T01:48:17.313454+00:00
2019-02-01,20,20,country,중국,5989456000,잠정,2026-09-30T01:48:17.313454+00:00
2019-02-01,20,20,country,홍콩,1000816000,잠정,2026-09-30T01:48:17.313454+00:00
2019-02-01,20,20,product,가전제품,406653000,잠정,2026-09-30T01:44:34.105884+00:00
2019-02-01,20,20,product,무선통신기기,956780000,잠정,2026-09-30T01:44:34.105884+00:00
2019-02-01,20,20,product,반도체,3913637000,잠정,2026-09-30T01:44:34.105884+00:00
2019-02-01,20,20,product,석유제품,1850375000,잠정,2026-09-30T01:44:34.105884+00:00
2019-02-01,20,20,product,선박,1104472000,잠정,2026-09-30T01:44:34.105884+00:00
2019-02-01,20,20,product,승용차,1331753000,잠정,2026-09-30T01:44:34.105884+00:00
2019-02-01,20,20,product,자동차부품,882426000,잠정,2026-09-30T01:44:34.105884+00:00
2019-02-01,20,20,product,전체,23344607000,잠정,2026-09-30T01:44:34.105884+00:00
2019-02-01,20,20,product,정밀기기,429951000,잠정,2026-09-30T01:44:34.105884+00:00
2019-02-01,20,20,product,철강제품,1888392000,잠정,2026-09-30T01:44:34.105884+00:00
2019-02-01,20,20,product,컴퓨터주변기기,349215000,잠정,2026-09-30T01:44:34.105884+00:00
2019-02-01,month_end,28,country,대만,1110423000,잠정,2026-09-30T01:48:17.313454+00:00
2019-02-01,month_end,28,country,말레이시아,604625000,잠정,2026-09-30T01:48:17.313454+00:00
2019-02-01,month_end,28,country,미국,5442457000,잠정,2026-09-30T01:48:17.313454+00:00
2019-02-01,month_end,28,country,베트남,3576740000,잠정,2026-09-30T01:48:17.313454+00:00
2019-02-01,month_end,28,country,싱가포르,1243481000,잠정,2026-09-30T01:48:17.313454+00:00
2019-02-01,month_end,28,country,유럽연합,3903451000,잠정,2026-09-30T01:48:17.313454+00:00
2019-02-01,month_end,28,country,인도,1211542000,잠정,2026-09-30T01:48:17.313454+00:00
2019-02-01,month_end,28,country,일본,2296310000,잠정,2026-09-30T01:48:17.313454+00:00
2019-02-01,month_end,28,country,전체,39481803000,잠정,2026-09-30T01:48:17.313454+00:00
2019-02-01,month_end,28,country,중국,9532194000,잠정,2026-09-30T01:48:17.313454+00:00
2019-02-01,month_end,28,country,홍콩,2311680000,잠정,2026-09-30T01:48:17.313454+00:00
2019-02-01,month_end,28,product,가전제품,658975000,잠정,2026-09-30T01:44:34.105884+00:00
2019-02-01,month_end,28,product,무선통신기기,1403921000,잠정,2026-09-30T01:44:34.105884+00:00
2019-02-01,month_end,28,product,반도체,6989661000,잠정,2026-09-30T01:44:34.105884+00:00
2019-02-01,month_end,28,product,석유제품,3023824000,잠정,2026-09-30T01:44:34.105884+00:00
2019-02-01,month_end,28,product,선박,1287317000,잠정,2026-09-30T01:44:34.105884+00:00
2019-02-01,month_end,28,product,승용차,2693787000,잠정,2026-09-30T01:44:34.105884+00:00
2019-02-01,month_end,28,product,자동차부품,1581202000,잠정,2026-09-30T01:44:34.105884+00:00
2019-02-01,month_end,28,product,전체,39481803000,잠정,2026-09-30T01:44:34.105884+00:00
2019-02-01,month_end,28,product,정밀기기,729051000,잠정,2026-09-30T01:44:34.105884+00:00
2019-02-01,month_end,28,product,철강제품,3539508000,잠정,2026-09-30T01:44:34.105884+00:00
2019-02-01,month_end,28,product,컴퓨터주변기기,582232000,잠정,2026-09-30T01:44:34.105884+00:00
2019-03-01,10,10,country,대만,295945000,잠정,2026-09-30T01:48:17.313454+00:00
2019-03-01,10,10,country,말레이시아,166267000,잠정,2026-09-30T01:48:17.313454+00:00
2019-03-01,10,10,country,미국,1460315000,잠정,2026-09-30T01:48:17.313454+00:00
2019-03-01,10,10,country,베트남,1002342000,잠정,2026-09-30T01:48:17.313454+00:00
2019-03-01,10,10,country,싱가포르,175506000,잠정,2026-09-30T01:48:17.313454+00:00
2019-03-01,10,10,country,유럽연합,1226365000,잠정,2026-09-30T01:48:17.313454+00:00
2019-03-01,10,10,country,인도,300311000,잠정,2026-09-30T01:48:17.313454+00:00
2019-03-01,10,10,country,일본,568523000,잠정,2026-09-30T01:48:17.313454+00:00
2019-03-01,10,10,country,전체,10940309000,잠정,2026-09-30T01:48:17.313454+00:00
2019-03-01,10,10,country,중국,2846863000,잠정,2026-09-30T01:48:17.313454+00:00
2019-03-01,10,10,country,홍콩,395957000,잠정,2026-09-30T01:48:17.313454+00:00
2019-03-01,10,10,product,가전제품,171880000,잠정,2026-09-30T01:44:34.105884+00:00
2019-03-01,10,10,product,무선통신기기,520807000,잠정,2026-09-30T01:44:34.105884+00:00
2019-03-01,10,10,product,반도체,1967268000,잠정,2026-09-30T01:44:34.105884+00:00
2019-03-01,10,10,product,석유제품,665999000,잠정,2026-09-30T01:44:34.105884+00:00
2019-03-01,10,10,product,선박,546715000,잠정,2026-09-30T01:44:34.105884+00:00
2019-03-01,10,10,product,승용차,735724000,잠정,2026-09-30T01:44:34.105884+00:00
2019-03-01,10,10,product,자동차부품,444491000,잠정,2026-09-30T01:44:34.105884+00:00
2019-03-01,10,10,product,전체,10940309000,잠정,2026-09-30T01:44:34.105884+00:00
2019-03-01,10,10,product,정밀기기,216802000,잠정,2026-09-30T01:44:34.105884+00:00
2019-03-01,10,10,product,철강제품,810113000,잠정,2026-09-30T01:44:34.105884+00:00
2019-03-01,10,10,product,컴퓨터주변기기,151922000,잠정,2026-09-30T01:44:34.105884+00:00
2019-03-01,20,20,country,대만,803388000,잠정,2026-09-30T01:48:17.313454+00:00
2019-03-01,20,20,country,말레이시아,373843000,잠정,2026-09-30T01:48:17.313454+00:00
2019-03-01,20,20,country,미국,3755382000,잠정,2026-09-30T01:48:17.313454+00:00
2019-03-01,20,20,country,베트남,2421979000,잠정,2026-09-30T01:48:17.313454+00:00
2019-03-01,20,20,country,싱가포르,680798000,잠정,2026-09-30T01:48:17.313454+00:00
2019-03-01,20,20,country,유럽연합,2844079000,잠정,2026-09-30T01:48:17.313454+00:00
2019-03-01,20,20,country,인도,795648000,잠정,2026-09-30T01:48:17.313454+00:00
2019-03-01,20,20,country,일본,1364733000,잠정,2026-09-30T01:48:17.313454+00:00
2019-03-01,20,20,country,전체,27918416000,잠정,2026-09-30T01:48:17.313454+00:00
2019-03-01,20,20,country,중국,6800128000,잠정,2026-09-30T01:48:17.313454+00:00
2019-03-01,20,20,country,홍콩,1194719000,잠정,2026-09-30T01:48:17.313454+00:00
2019-03-01,20,20,product,가전제품,459571000,잠정,2026-09-30T01:44:34.105884+00:00
2019-03-01,20,20,product,무선통신기기,995782000,잠정,2026-09-30T01:44:34.105884+00:00
2019-03-01,20,20,product,반도체,4376935000,잠정,2026-09-30T01:44:34.105884+00:00
2019-03-01,20,20,product,석유제품,1733272000,잠정,2026-09-30T01:44:34.105884+00:00
2019-03-01,20,20,product,선박,1980285000,잠정,2026-09-30T01:44:34.105884+00:00
2019-03-01,20,20,product,승용차,1938118000,잠정,2026-09-30T01:44:34.105884+00:00
2019-03-01,20,20,product,자동차부품,1150534000,잠정,2026-09-30T01:44:34.105884+00:00
2019-03-01,20,20,product,전체,27918416000,잠정,2026-09-30T01:44:34.105884+00:00
2019-03-01,20,20,product,정밀기기,543050000,잠정,2026-09-30T01:44:34.105884+00:00
2019-03-01,20,20,product,철강제품,2102300000,잠정,2026-09-30T01:44:34.105884+00:00
2019-03-01,20,20,product,컴퓨터주변기기,394227000,잠정,2026-09-30T01:44:34.105884+00:00
2019-03-01,month_end,31,country,대만,1295304000,잠정,2026-09-30T01:48:17.313454+00:00
2019-03-01,month_end,31,country,말레이시아,730149000,잠정,2026-09-30T01:48:17.313454+00:00
2019-03-01,month_end,31,country,미국,6319152000,잠정,2026-09-30T01:48:17.313454+00:00
2019-03-01,month_end,31,country,베트남,4065314000,잠정,2026-09-30T01:48:17.313454+00:00
2019-03-01,month_end,31,country,싱가포르,954672000,잠정,2026-09-30T01:48:17.313454+00:00
2019-03-01,month_end,31,country,유럽연합,4627442000,잠정,2026-09-30T01:48:17.313454+00:00
2019-03-01,month_end,31,country,인도,1374742000,잠정,2026-09-30T01:48:17.313454+00:00
2019-03-01,month_end,31,country,일본,2261652000,잠정,2026-09-30T01:48:17.313454+00:00
2019-03-01,month_end,31,country,전체,47003206000,잠정,2026-09-30T01:48:17.313454+00:00
2019-03-01,month_end,31,country,중국,11442781000,잠정,2026-09-30T01:48:17.313454+00:00
2019-03-01,month_end,31,country,홍콩,3266775000,잠정,2026-09-30T01:48:17.313454+00:00
2019-03-01,month_end,31,product,가전제품,769806000,잠정,2026-09-30T01:44:34.105884+00:00
2019-03-01,month_end,31,product,무선통신기기,1532257000,잠정,2026-09-30T01:44:34.105884+00:00
2019-03-01,month_end,31,product,반도체,9253635000,잠정,2026-09-30T01:44:34.105884+00:00
2019-03-01,month_end,31,product,석유제품,3066322000,잠정,2026-09-30T01:44:34.105884+00:00
2019-03-01,month_end,31,product,선박,2061369000,잠정,2026-09-30T01:44:34.105884+00:00
2019-03-01,month_end,31,product,승용차,3418177000,잠정,2026-09-30T01:44:34.105884+00:00
2019-03-01,month_end,31,product,자동차부품,1855079000,잠정,2026-09-30T01:44:34.105884+00:00
2019-03-01,month_end,31,product,전체,47003206000,잠정,2026-09-30T01:44:34.105884+00:00
2019-03-01,month_end,31,product,정밀기기,935578000,잠정,2026-09-30T01:44:34.105884+00:00
2019-03-01,month_end,31,product,철강제품,3766481000,잠정,2026-09-30T01:44:34.105884+00:00
2019-03-01,month_end,31,product,컴퓨터주변기기,660947000,잠정,2026-09-30T01:44:34.105884+00:00
2019-04-01,10,10,country,대만,431645000,잠정,2026-09-30T01:48:17.313454+00:00
2019-04-01,10,10,country,말레이시아,180004000,잠정,2026-09-30T01:48:17.313454+00:00
2019-04-01,10,10,country,미국,1908433000,잠정,2026-09-30T01:48:17.313454+00:00
2019-04-01,10,10,country,베트남,1275249000,잠정,2026-09-30T01:48:17.313454+00:00
2019-04-01,10,10,country,싱가포르,424537000,잠정,2026-09-30T01:48:17.313454+00:00
2019-04-01,10,10,country,유럽연합,1651702000,잠정,2026-09-30T01:48:17.313454+00:00
2019-04-01,10,10,country,인도,359188000,잠정,2026-09-30T01:48:17.313454+00:00
2019-04-01,10,10,country,일본,875770000,잠정,2026-09-30T01:48:17.313454+00:00
2019-04-01,10,10,country,전체,15011948000,잠정,2026-09-30T01:48:17.313454+00:00
2019-04-01,10,10,country,중국,3716967000,잠정,2026-09-30T01:48:17.313454+00:00
2019-04-01,10,10,country,홍콩,586852000,잠정,2026-09-30T01:48:17.313454+00:00
2019-04-01,10,10,product,가전제품,263548000,잠정,2026-09-30T01:44:34.105884+00:00
2019-04-01,10,10,product,무선통신기기,631831000,잠정,2026-09-30T01:44:34.105884+00:00
2019-04-01,10,10,product,반도체,2095838000,잠정,2026-09-30T01:44:34.105884+00:00
2019-04-01,10,10,product,석유제품,1239677000,잠정,2026-09-30T01:44:34.105884+00:00
2019-04-01,10,10,product,선박,1131807000,잠정,2026-09-30T01:44:34.105884+00:00
2019-04-01,10,10,product,승용차,879560000,잠정,2026-09-30T01:44:34.105884+00:00
2019-04-01,10,10,product,자동차부품,646076000,잠정,2026-09-30T01:44:34.105884+00:00
2019-04-01,10,10,product,전체,15011948000,잠정,2026-09-30T01:44:34.105884+00:00
2019-04-01,10,10,product,정밀기기,291372000,잠정,2026-09-30T01:44:34.105884+00:00
2019-04-01,10,10,product,철강제품,1099638000,잠정,2026-09-30T01:44:34.105884+00:00
2019-04-01,10,10,product,컴퓨터주변기기,168188000,잠정,2026-09-30T01:44:34.105884+00:00
2019-04-01,20,20,country,대만,811785000,잠정,2026-09-30T01:48:17.313454+00:00
2019-04-01,20,20,country,말레이시아,442417000,잠정,2026-09-30T01:48:17.313454+00:00
2019-04-01,20,20,country,미국,3936439000,잠정,2026-09-30T01:48:17.313454+00:00
2019-04-01,20,20,country,베트남,2654618000,잠정,2026-09-30T01:48:17.313454+00:00
2019-04-01,20,20,country,싱가포르,732552000,잠정,2026-09-30T01:48:17.313454+00:00
2019-04-01,20,20,country,유럽연합,3242340000,잠정,2026-09-30T01:48:17.313454+00:00
2019-04-01,20,20,country,인도,821931000,잠정,2026-09-30T01:48:17.313454+00:00
2019-04-01,20,20,country,일본,1683765000,잠정,2026-09-30T01:48:17.313454+00:00
2019-04-01,20,20,country,전체,29723614000,잠정,2026-09-30T01:48:17.313454+00:00
2019-04-01,20,20,country,중국,7561003000,잠정,2026-09-30T01:48:17.313454+00:00
2019-04-01,20,20,country,홍콩,1341401000,잠정,2026-09-30T01:48:17.313454+00:00
2019-04-01,20,20,product,가전제품,533860000,잠정,2026-09-30T01:44:34.105884+00:00
2019-04-01,20,20,product,무선통신기기,1186954000,잠정,2026-09-30T01:44:34.105884+00:00
2019-04-01,20,20,product,반도체,4663188000,잠정,2026-09-30T01:44:34.105884+00:00
2019-04-01,20,20,product,석유제품,2438299000,잠정,2026-09-30T01:44:34.105884+00:00
2019-04-01,20,20,product,선박,1302077000,잠정,2026-09-30T01:44:34.105884+00:00
2019-04-01,20,20,product,승용차,2009914000,잠정,2026-09-30T01:44:34.105884+00:00
2019-04-01,20,20,product,자동차부품,1313780000,잠정,2026-09-30T01:44:34.105884+00:00
2019-04-01,20,20,product,전체,29723614000,잠정,2026-09-30T01:44:34.105884+00:00
2019-04-01,20,20,product,정밀기기,587318000,잠정,2026-09-30T01:44:34.105884+00:00
2019-04-01,20,20,product,철강제품,2241061000,잠정,2026-09-30T01:44:34.105884+00:00
2019-04-01,20,20,product,컴퓨터주변기기,348727000,잠정,2026-09-30T01:44:34.105884+00:00
2019-04-01,month_end,30,country,대만,1365212000,잠정,2026-09-30T01:48:17.313454+00:00
2019-04-01,month_end,30,country,말레이시아,704578000,잠정,2026-09-30T01:48:17.313454+00:00
2019-04-01,month_end,30,country,미국,6158443000,잠정,2026-09-30T01:48:17.313454+00:00
2019-04-01,month_end,30,country,베트남,4197072000,잠정,2026-09-30T01:48:17.313454+00:00
2019-04-01,month_end,30,country,싱가포르,1361362000,잠정,2026-09-30T01:48:17.313454+00:00
2019-04-01,month_end,30,country,유럽연합,4963464000,잠정,2026-09-30T01:48:17.313454+00:00
2019-04-01,month_end,30,country,인도,1322356000,잠정,2026-09-30T01:48:17.313454+00:00
2019-04-01,month_end,30,country,일본,2277192000,잠정,2026-09-30T01:48:17.313454+00:00
2019-04-01,month_end,30,country,전체,48781156000,잠정,2026-09-30T01:48:17.313454+00:00
2019-04-01,month_end,30,country,중국,12429813000,잠정,2026-09-30T01:48:17.313454+00:00
2019-04-01,month_end,30,country,홍콩,2591788000,잠정,2026-09-30T01:48:17.313454+00:00
2019-04-01,month_end,30,product,가전제품,785359000,잠정,2026-09-30T01:44:34.105884+00:00
2019-04-01,month_end,30,product,무선통신기기,1698752000,잠정,2026-09-30T01:44:34.105884+00:00
2019-04-01,month_end,30,product,반도체,8674532000,잠정,2026-09-30T01:44:34.105884+00:00
2019-04-01,month_end,30,product,석유제품,3930909000,잠정,2026-09-30T01:44:34.105884+00:00
2019-04-01,month_end,30,product,선박,2680616000,잠정,2026-09-30T01:44:34.105884+00:00
2019-04-01,month_end,30,product,승용차,3524478000,잠정,2026-09-30T01:44:34.105884+00:00
2019-04-01,month_end,30,product,자동차부품,1951969000,잠정,2026-09-30T01:44:34.105884+00:00
2019-04-01,month_end,30,product,전체,48781156000,잠정,2026-09-30T01:44:34.105884+00:00
2019-04-01,month_end,30,product,정밀기기,887905000,잠정,2026-09-30T01:44:34.105884+00:00
2019-04-01,month_end,30,product,철강제품,3785130000,잠정,2026-09-30T01:44:34.105884+00:00
2019-04-01,month_end,30,product,컴퓨터주변기기,544105000,잠정,2026-09-30T01:44:34.105884+00:00
2019-05-01,10,10,country,대만,309945000,잠정,2026-09-30T01:48:17.313454+00:00
2019-05-01,10,10,country,말레이시아,256133000,잠정,2026-09-30T01:48:17.313454+00:00
2019-05-01,10,10,country,미국,1724974000,잠정,2026-09-30T01:48:17.313454+00:00
2019-05-01,10,10,country,베트남,1236514000,잠정,2026-09-30T01:48:17.313454+00:00
2019-05-01,10,10,country,싱가포르,283103000,잠정,2026-09-30T01:48:17.313454+00:00
2019-05-01,10,10,country,유럽연합,1199420000,잠정,2026-09-30T01:48:17.313454+00:00
2019-05-01,10,10,country,인도,386516000,잠정,2026-09-30T01:48:17.313454+00:00
2019-05-01,10,10,country,일본,835017000,잠정,2026-09-30T01:48:17.313454+00:00
2019-05-01,10,10,country,전체,12881459000,잠정,2026-09-30T01:48:17.313454+00:00
2019-05-01,10,10,country,중국,3333010000,잠정,2026-09-30T01:48:17.313454+00:00
2019-05-01,10,10,country,홍콩,702414000,잠정,2026-09-30T01:48:17.313454+00:00
2019-05-01,10,10,product,가전제품,225907000,잠정,2026-09-30T01:44:34.105884+00:00
2019-05-01,10,10,product,무선통신기기,501190000,잠정,2026-09-30T01:44:34.105884+00:00
2019-05-01,10,10,product,반도체,2033022000,잠정,2026-09-30T01:44:34.105884+00:00
2019-05-01,10,10,product,석유제품,1073867000,잠정,2026-09-30T01:44:34.105884+00:00
2019-05-01,10,10,product,선박,217417000,잠정,2026-09-30T01:44:34.105884+00:00
2019-05-01,10,10,product,승용차,836947000,잠정,2026-09-30T01:44:34.105884+00:00
2019-05-01,10,10,product,자동차부품,588071000,잠정,2026-09-30T01:44:34.105884+00:00
2019-05-01,10,10,product,전체,12881459000,잠정,2026-09-30T01:44:34.105884+00:00
2019-05-01,10,10,product,정밀기기,275772000,잠정,2026-09-30T01:44:34.105884+00:00
2019-05-01,10,10,product,철강제품,1032727000,잠정,2026-09-30T01:44:34.105884+00:00
2019-05-01,10,10,product,컴퓨터주변기기,197069000,잠정,2026-09-30T01:44:34.105884+00:00
2019-05-01,20,20,country,대만,688659000,잠정,2026-09-30T01:48:17.313454+00:00
2019-05-01,20,20,country,말레이시아,457066000,잠정,2026-09-30T01:48:17.313454+00:00
2019-05-01,20,20,country,미국,3456513000,잠정,2026-09-30T01:48:17.313454+00:00
2019-05-01,20,20,country,베트남,2192812000,잠정,2026-09-30T01:48:17.313454+00:00
2019-05-01,20,20,country,싱가포르,543178000,잠정,2026-09-30T01:48:17.313454+00:00
2019-05-01,20,20,country,유럽연합,2337123000,잠정,2026-09-30T01:48:17.313454+00:00
2019-05-01,20,20,country,인도,752187000,잠정,2026-09-30T01:48:17.313454+00:00
2019-05-01,20,20,country,일본,1479788000,잠정,2026-09-30T01:48:17.313454+00:00
2019-05-01,20,20,country,전체,25497936000,잠정,2026-09-30T01:48:17.313454+00:00
2019-05-01,20,20,country,중국,6704748000,잠정,2026-09-30T01:48:17.313454+00:00
2019-05-01,20,20,country,홍콩,1319745000,잠정,2026-09-30T01:48:17.313454+00:00
2019-05-01,20,20,product,가전제품,487804000,잠정,2026-09-30T01:44:34.105884+00:00
2019-05-01,20,20,product,무선통신기기,908538000,잠정,2026-09-30T01:44:34.105884+00:00
2019-05-01,20,20,product,반도체,4077324000,잠정,2026-09-30T01:44:34.105884+00:00
2019-05-01,20,20,product,석유제품,2076792000,잠정,2026-09-30T01:44:34.105884+00:00
2019-05-01,20,20,product,선박,701900000,잠정,2026-09-30T01:44:34.105884+00:00
2019-05-01,20,20,product,승용차,1865682000,잠정,2026-09-30T01:44:34.105884+00:00
2019-05-01,20,20,product,자동차부품,1081219000,잠정,2026-09-30T01:44:34.105884+00:00
2019-05-01,20,20,product,전체,25497936000,잠정,2026-09-30T01:44:34.105884+00:00
2019-05-01,20,20,product,정밀기기,545594000,잠정,2026-09-30T01:44:34.105884+00:00
2019-05-01,20,20,product,철강제품,1980916000,잠정,2026-09-30T01:44:34.105884+00:00
2019-05-01,20,20,product,컴퓨터주변기기,389490000,잠정,2026-09-30T01:44:34.105884+00:00
2019-05-01,month_end,31,country,대만,1314273000,잠정,2026-09-30T01:48:17.313454+00:00
2019-05-01,month_end,31,country,말레이시아,809083000,잠정,2026-09-30T01:48:17.313454+00:00
2019-05-01,month_end,31,country,미국,6500301000,잠정,2026-09-30T01:48:17.313454+00:00
2019-05-01,month_end,31,country,베트남,3648722000,잠정,2026-09-30T01:48:17.313454+00:00
2019-05-01,month_end,31,country,싱가포르,986597000,잠정,2026-09-30T01:48:17.313454+00:00
2019-05-01,month_end,31,country,유럽연합,4361282000,잠정,2026-09-30T01:48:17.313454+00:00
2019-05-01,month_end,31,country,인도,1414633000,잠정,2026-09-30T01:48:17.313454+00:00
2019-05-01,month_end,31,country,일본,2533489000,잠정,2026-09-30T01:48:17.313454+00:00
2019-05-01,month_end,31,country,전체,45703948000,잠정,2026-09-30T01:48:17.313454+00:00
2019-05-01,month_end,31,country,중국,11014513000,잠정,2026-09-30T01:48:17.313454+00:00
2019-05-01,month_end,31,country,홍콩,2944595000,잠정,2026-09-30T01:48:17.313454+00:00
2019-05-01,month_end,31,product,가전제품,802018000,잠정,2026-09-30T01:44:34.105884+00:00
2019-05-01,month_end,31,product,무선통신기기,1487453000,잠정,2026-09-30T01:44:34.105884+00:00
2019-05-01,month_end,31,product,반도체,7788508000,잠정,2026-09-30T01:44:34.105884+00:00
2019-05-01,month_end,31,product,석유제품,3568497000,잠정,2026-09-30T01:44:34.105884+00:00
2019-05-01,month_end,31,product,선박,1130382000,잠정,2026-09-30T01:44:34.105884+00:00
2019-05-01,month_end,31,product,승용차,3695183000,잠정,2026-09-30T01:44:34.105884+00:00
2019-05-01,month_end,31,product,자동차부품,1872118000,잠정,2026-09-30T01:44:34.105884+00:00
2019-05-01,month_end,31,product,전체,45703948000,잠정,2026-09-30T01:44:34.105884+00:00
2019-05-01,month_end,31,product,정밀기기,961647000,잠정,2026-09-30T01:44:34.105884+00:00
2019-05-01,month_end,31,product,철강제품,3895318000,잠정,2026-09-30T01:44:34.105884+00:00
2019-05-01,month_end,31,product,컴퓨터주변기기,647351000,잠정,2026-09-30T01:44:34.105884+00:00
2019-06-01,10,10,country,대만,297919000,잠정,2026-09-30T01:48:17.313454+00:00
2019-06-01,10,10,country,말레이시아,173448000,잠정,2026-09-30T01:48:17.313454+00:00
2019-06-01,10,10,country,미국,1427096000,잠정,2026-09-30T01:48:17.313454+00:00
2019-06-01,10,10,country,베트남,984252000,잠정,2026-09-30T01:48:17.313454+00:00
2019-06-01,10,10,country,싱가포르,140619000,잠정,2026-09-30T01:48:17.313454+00:00
2019-06-01,10,10,country,유럽연합,835367000,잠정,2026-09-30T01:48:17.313454+00:00
2019-06-01,10,10,country,인도,250944000,잠정,2026-09-30T01:48:17.313454+00:00
2019-06-01,10,10,country,일본,585753000,잠정,2026-09-30T01:48:17.313454+00:00
2019-06-01,10,10,country,전체,10215689000,잠정,2026-09-30T01:48:17.313454+00:00
2019-06-01,10,10,country,중국,2807914000,잠정,2026-09-30T01:48:17.313454+00:00
2019-06-01,10,10,country,홍콩,375437000,잠정,2026-09-30T01:48:17.313454+00:00
2019-06-01,10,10,product,가전제품,194677000,잠정,2026-09-30T01:44:34.105884+00:00
2019-06-01,10,10,product,무선통신기기,423546000,잠정,2026-09-30T01:44:34.105884+00:00
2019-06-01,10,10,product,반도체,1864831000,잠정,2026-09-30T01:44:34.105884+00:00
2019-06-01,10,10,product,석유제품,784212000,잠정,2026-09-30T01:44:34.105884+00:00
2019-06-01,10,10,product,선박,179141000,잠정,2026-09-30T01:44:34.105884+00:00
2019-06-01,10,10,product,승용차,650388000,잠정,2026-09-30T01:44:34.105884+00:00
2019-06-01,10,10,product,자동차부품,408714000,잠정,2026-09-30T01:44:34.105884+00:00
2019-06-01,10,10,product,전체,10215689000,잠정,2026-09-30T01:44:34.105884+00:00
2019-06-01,10,10,product,정밀기기,237199000,잠정,2026-09-30T01:44:34.105884+00:00
2019-06-01,10,10,product,철강제품,841745000,잠정,2026-09-30T01:44:34.105884+00:00
2019-06-01,10,10,product,컴퓨터주변기기,163973000,잠정,2026-09-30T01:44:34.105884+00:00
2019-06-01,20,20,country,대만,804897000,잠정,2026-09-30T01:48:17.313454+00:00
2019-06-01,20,20,country,말레이시아,383494000,잠정,2026-09-30T01:48:17.313454+00:00
2019-06-01,20,20,country,미국,3917356000,잠정,2026-09-30T01:48:17.313454+00:00
2019-06-01,20,20,country,베트남,2365261000,잠정,2026-09-30T01:48:17.313454+00:00
2019-06-01,20,20,country,싱가포르,507630000,잠정,2026-09-30T01:48:17.313454+00:00
2019-06-01,20,20,country,유럽연합,2753948000,잠정,2026-09-30T01:48:17.313454+00:00
2019-06-01,20,20,country,인도,774458000,잠정,2026-09-30T01:48:17.313454+00:00
2019-06-01,20,20,country,일본,1476305000,잠정,2026-09-30T01:48:17.313454+00:00
2019-06-01,20,20,country,전체,27078707000,잠정,2026-09-30T01:48:17.313454+00:00
2019-06-01,20,20,country,중국,6623125000,잠정,2026-09-30T01:48:17.313454+00:00
2019-06-01,20,20,country,홍콩,1272991000,잠정,2026-09-30T01:48:17.313454+00:00
2019-06-01,20,20,product,가전제품,548801000,잠정,2026-09-30T01:44:34.105884+00:00
2019-06-01,20,20,product,무선통신기기,999454000,잠정,2026-09-30T01:44:34.105884+00:00
2019-06-01,20,20,product,반도체,4728841000,잠정,2026-09-30T01:44:34.105884+00:00
2019-06-01,20,20,product,석유제품,1857571000,잠정,2026-09-30T01:44:34.105884+00:00
2019-06-01,20,20,product,선박,911962000,잠정,2026-09-30T01:44:34.105884+00:00
2019-06-01,20,20,product,승용차,2040727000,잠정,2026-09-30T01:44:34.105884+00:00
2019-06-01,20,20,product,자동차부품,1129830000,잠정,2026-09-30T01:44:34.105884+00:00
2019-06-01,20,20,product,전체,27078707000,잠정,2026-09-30T01:44:34.105884+00:00
2019-06-01,20,20,product,정밀기기,585716000,잠정,2026-09-30T01:44:34.105884+00:00
2019-06-01,20,20,product,철강제품,2206603000,잠정,2026-09-30T01:44:34.105884+00:00
2019-06-01,20,20,product,컴퓨터주변기기,413587000,잠정,2026-09-30T01:44:34.105884+00:00
2019-06-01,month_end,30,country,대만,1279975000,잠정,2026-09-30T01:48:17.313454+00:00
2019-06-01,month_end,30,country,말레이시아,697488000,잠정,2026-09-30T01:48:17.313454+00:00
2019-06-01,month_end,30,country,미국,6249176000,잠정,2026-09-30T01:48:17.313454+00:00
2019-06-01,month_end,30,country,베트남,3589372000,잠정,2026-09-30T01:48:17.313454+00:00
2019-06-01,month_end,30,country,싱가포르,822704000,잠정,2026-09-30T01:48:17.313454+00:00
2019-06-01,month_end,30,country,유럽연합,4312896000,잠정,2026-09-30T01:48:17.313454+00:00
2019-06-01,month_end,30,country,인도,1271463000,잠정,2026-09-30T01:48:17.313454+00:00
2019-06-01,month_end,30,country,일본,2255619000,잠정,2026-09-30T01:48:17.313454+00:00
2019-06-01,month_end,30,country,전체,44008404000,잠정,2026-09-30T01:48:17.313454+00:00
2019-06-01,month_end,30,country,중국,10422956000,잠정,2026-09-30T01:48:17.313454+00:00
2019-06-01,month_end,30,country,홍콩,2871892000,잠정,2026-09-30T01:48:17.313454+00:00
2019-06-01,month_end,30,product,가전제품,805683000,잠정,2026-09-30T01:44:34.105884+00:00
2019-06-01,month_end,30,product,무선통신기기,1507277000,잠정,2026-09-30T01:44:34.105884+00:00
2019-06-01,month_end,30,product,반도체,8509573000,잠정,2026-09-30T01:44:34.105884+00:00
2019-06-01,month_end,30,product,석유제품,3060435000,잠정,2026-09-30T01:44:34.105884+00:00
2019-06-01,month_end,30,product,선박,1888921000,잠정,2026-09-30T01:44:34.105884+00:00
2019-06-01,month_end,30,product,승용차,3532141000,잠정,2026-09-30T01:44:34.105884+00:00
2019-06-01,month_end,30,product,자동차부품,1653017000,잠정,2026-09-30T01:44:34.105884+00:00
2019-06-01,month_end,30,product,전체,44008404000,잠정,2026-09-30T01:44:34.105884+00:00
2019-06-01,month_end,30,product,정밀기기,891367000,잠정,2026-09-30T01:44:34.105884+00:00
2019-06-01,month_end,30,product,철강제품,3626858000,잠정,2026-09-30T01:44:34.105884+00:00
2019-06-01,month_end,30,product,컴퓨터주변기기,635527000,잠정,2026-09-30T01:44:34.105884+00:00
2019-07-01,10,10,country,대만,324797000,잠정,2026-09-30T01:48:17.313454+00:00
2019-07-01,10,10,country,말레이시아,224360000,잠정,2026-09-30T01:48:17.313454+00:00
2019-07-01,10,10,country,미국,1801738000,잠정,2026-09-30T01:48:17.313454+00:00
2019-07-01,10,10,country,베트남,1328780000,잠정,2026-09-30T01:48:17.313454+00:00
2019-07-01,10,10,country,싱가포르,404294000,잠정,2026-09-30T01:48:17.313454+00:00
2019-07-01,10,10,country,유럽연합,1209810000,잠정,2026-09-30T01:48:17.313454+00:00
2019-07-01,10,10,country,인도,352279000,잠정,2026-09-30T01:48:17.313454+00:00
2019-07-01,10,10,country,일본,892600000,잠정,2026-09-30T01:48:17.313454+00:00
2019-07-01,10,10,country,전체,13505147000,잠정,2026-09-30T01:48:17.313454+00:00
2019-07-01,10,10,country,중국,3462916000,잠정,2026-09-30T01:48:17.313454+00:00
2019-07-01,10,10,country,홍콩,453762000,잠정,2026-09-30T01:48:17.313454+00:00
2019-07-01,10,10,product,가전제품,259783000,잠정,2026-09-30T01:44:34.105884+00:00
2019-07-01,10,10,product,무선통신기기,540844000,잠정,2026-09-30T01:44:34.105884+00:00
2019-07-01,10,10,product,반도체,2102733000,잠정,2026-09-30T01:44:34.105884+00:00
2019-07-01,10,10,product,석유제품,1212927000,잠정,2026-09-30T01:44:34.105884+00:00
2019-07-01,10,10,product,선박,183266000,잠정,2026-09-30T01:44:34.105884+00:00
2019-07-01,10,10,product,승용차,853907000,잠정,2026-09-30T01:44:34.105884+00:00
2019-07-01,10,10,product,자동차부품,621810000,잠정,2026-09-30T01:44:34.105884+00:00
2019-07-01,10,10,product,전체,13505147000,잠정,2026-09-30T01:44:34.105884+00:00
2019-07-01,10,10,product,정밀기기,303244000,잠정,2026-09-30T01:44:34.105884+00:00
2019-07-01,10,10,product,철강제품,1060211000,잠정,2026-09-30T01:44:34.105884+00:00
2019-07-01,10,10,product,컴퓨터주변기기,189925000,잠정,2026-09-30T01:44:34.105884+00:00
2019-07-01,20,20,country,대만,721194000,잠정,2026-09-30T01:48:17.313454+00:00
2019-07-01,20,20,country,말레이시아,481207000,잠정,2026-09-30T01:48:17.313454+00:00
2019-07-01,20,20,country,미국,3794303000,잠정,2026-09-30T01:48:17.313454+00:00
2019-07-01,20,20,country,베트남,2800021000,잠정,2026-09-30T01:48:17.313454+00:00
2019-07-01,20,20,country,싱가포르,772132000,잠정,2026-09-30T01:48:17.313454+00:00
2019-07-01,20,20,country,유럽연합,2657025000,잠정,2026-09-30T01:48:17.313454+00:00
2019-07-01,20,20,country,인도,795651000,잠정,2026-09-30T01:48:17.313454+00:00
2019-07-01,20,20,country,일본,1600169000,잠정,2026-09-30T01:48:17.313454+00:00
2019-07-01,20,20,country,전체,28230370000,잠정,2026-09-30T01:48:17.313454+00:00
2019-07-01,20,20,country,중국,7057020000,잠정,2026-09-30T01:48:17.313454+00:00
2019-07-01,20,20,country,홍콩,1424001000,잠정,2026-09-30T01:48:17.313454+00:00
2019-07-01,20,20,product,가전제품,502954000,잠정,2026-09-30T01:44:34.105884+00:00
2019-07-01,20,20,product,무선통신기기,1114647000,잠정,2026-09-30T01:44:34.105884+00:00
2019-07-01,20,20,product,반도체,4485921000,잠정,2026-09-30T01:44:34.105884+00:00
2019-07-01,20,20,product,석유제품,2224994000,잠정,2026-09-30T01:44:34.105884+00:00
2019-07-01,20,20,product,선박,873486000,잠정,2026-09-30T01:44:34.105884+00:00
2019-07-01,20,20,product,승용차,2126707000,잠정,2026-09-30T01:44:34.105884+00:00
2019-07-01,20,20,product,자동차부품,1260042000,잠정,2026-09-30T01:44:34.105884+00:00
2019-07-01,20,20,product,전체,28230370000,잠정,2026-09-30T01:44:34.105884+00:00
2019-07-01,20,20,product,정밀기기,597233000,잠정,2026-09-30T01:44:34.105884+00:00
2019-07-01,20,20,product,철강제품,2192511000,잠정,2026-09-30T01:44:34.105884+00:00
2019-07-01,20,20,product,컴퓨터주변기기,405698000,잠정,2026-09-30T01:44:34.105884+00:00
2019-07-01,month_end,31,country,대만,1162373000,잠정,2026-09-30T01:48:17.313454+00:00
2019-07-01,month_end,31,country,말레이시아,733402000,잠정,2026-09-30T01:48:17.313454+00:00
2019-07-01,month_end,31,country,미국,6113230000,잠정,2026-09-30T01:48:17.313454+00:00
2019-07-01,month_end,31,country,베트남,4220824000,잠정,2026-09-30T01:48:17.313454+00:00
2019-07-01,month_end,31,country,싱가포르,1061854000,잠정,2026-09-30T01:48:17.313454+00:00
2019-07-01,month_end,31,country,유럽연합,4612112000,잠정,2026-09-30T01:48:17.313454+00:00
2019-07-01,month_end,31,country,인도,1367290000,잠정,2026-09-30T01:48:17.313454+00:00
2019-07-01,month_end,31,country,일본,2545212000,잠정,2026-09-30T01:48:17.313454+00:00
2019-07-01,month_end,31,country,전체,46078221000,잠정,2026-09-30T01:48:17.313454+00:00
2019-07-01,month_end,31,country,중국,11444067000,잠정,2026-09-30T01:48:17.313454+00:00
2019-07-01,month_end,31,country,홍콩,2761539000,잠정,2026-09-30T01:48:17.313454+00:00
2019-07-01,month_end,31,product,가전제품,793394000,잠정,2026-09-30T01:44:34.105884+00:00
2019-07-01,month_end,31,product,무선통신기기,1717063000,잠정,2026-09-30T01:44:34.105884+00:00
2019-07-01,month_end,31,product,반도체,7692400000,잠정,2026-09-30T01:44:34.105884+00:00
2019-07-01,month_end,31,product,석유제품,3590419000,잠정,2026-09-30T01:44:34.105884+00:00
2019-07-01,month_end,31,product,선박,1452668000,잠정,2026-09-30T01:44:34.105884+00:00
2019-07-01,month_end,31,product,승용차,3592648000,잠정,2026-09-30T01:44:34.105884+00:00
2019-07-01,month_end,31,product,자동차부품,1955456000,잠정,2026-09-30T01:44:34.105884+00:00
2019-07-01,month_end,31,product,전체,46078221000,잠정,2026-09-30T01:44:34.105884+00:00
2019-07-01,month_end,31,product,정밀기기,934216000,잠정,2026-09-30T01:44:34.105884+00:00
2019-07-01,month_end,31,product,철강제품,3830585000,잠정,2026-09-30T01:44:34.105884+00:00
2019-07-01,month_end,31,product,컴퓨터주변기기,664712000,잠정,2026-09-30T01:44:34.105884+00:00
2019-08-01,10,10,country,대만,386433000,잠정,2026-09-30T01:48:17.313454+00:00
2019-08-01,10,10,country,말레이시아,265310000,잠정,2026-09-30T01:48:17.313454+00:00
2019-08-01,10,10,country,미국,1371323000,잠정,2026-09-30T01:48:17.313454+00:00
2019-08-01,10,10,country,베트남,1407310000,잠정,2026-09-30T01:48:17.313454+00:00
2019-08-01,10,10,country,싱가포르,293797000,잠정,2026-09-30T01:48:17.313454+00:00
2019-08-01,10,10,country,유럽연합,869241000,잠정,2026-09-30T01:48:17.313454+00:00
2019-08-01,10,10,country,인도,345723000,잠정,2026-09-30T01:48:17.313454+00:00
2019-08-01,10,10,country,일본,548017000,잠정,2026-09-30T01:48:17.313454+00:00
2019-08-01,10,10,country,전체,11414397000,잠정,2026-09-30T01:48:17.313454+00:00
2019-08-01,10,10,country,중국,3185642000,잠정,2026-09-30T01:48:17.313454+00:00
2019-08-01,10,10,country,홍콩,589006000,잠정,2026-09-30T01:48:17.313454+00:00
2019-08-01,10,10,product,가전제품,192616000,잠정,2026-09-30T01:44:34.105884+00:00
2019-08-01,10,10,product,무선통신기기,690757000,잠정,2026-09-30T01:44:34.105884+00:00
2019-08-01,10,10,product,반도체,2339245000,잠정,2026-09-30T01:44:34.105884+00:00
2019-08-01,10,10,product,석유제품,1141270000,잠정,2026-09-30T01:44:34.105884+00:00
2019-08-01,10,10,product,선박,313123000,잠정,2026-09-30T01:44:34.105884+00:00
2019-08-01,10,10,product,승용차,311293000,잠정,2026-09-30T01:44:34.105884+00:00
2019-08-01,10,10,product,자동차부품,411020000,잠정,2026-09-30T01:44:34.105884+00:00
2019-08-01,10,10,product,전체,11414397000,잠정,2026-09-30T01:44:34.105884+00:00
2019-08-01,10,10,product,정밀기기,302658000,잠정,2026-09-30T01:44:34.105884+00:00
2019-08-01,10,10,product,철강제품,835519000,잠정,2026-09-30T01:44:34.105884+00:00
2019-08-01,10,10,product,컴퓨터주변기기,168126000,잠정,2026-09-30T01:44:34.105884+00:00
2019-08-01,20,20,country,대만,838042000,잠정,2026-09-30T01:48:17.313454+00:00
2019-08-01,20,20,country,말레이시아,465932000,잠정,2026-09-30T01:48:17.313454+00:00
2019-08-01,20,20,country,미국,3046645000,잠정,2026-09-30T01:48:17.313454+00:00
2019-08-01,20,20,country,베트남,2841484000,잠정,2026-09-30T01:48:17.313454+00:00
2019-08-01,20,20,country,싱가포르,704615000,잠정,2026-09-30T01:48:17.313454+00:00
2019-08-01,20,20,country,유럽연합,2155120000,잠정,2026-09-30T01:48:17.313454+00:00
2019-08-01,20,20,country,인도,692874000,잠정,2026-09-30T01:48:17.313454+00:00
2019-08-01,20,20,country,일본,1193175000,잠정,2026-09-30T01:48:17.313454+00:00
2019-08-01,20,20,country,전체,24797946000,잠정,2026-09-30T01:48:17.313454+00:00
2019-08-01,20,20,country,중국,6678915000,잠정,2026-09-30T01:48:17.313454+00:00
2019-08-01,20,20,country,홍콩,1189175000,잠정,2026-09-30T01:48:17.313454+00:00
2019-08-01,20,20,product,가전제품,428303000,잠정,2026-09-30T01:44:34.105884+00:00
2019-08-01,20,20,product,무선통신기기,1378293000,잠정,2026-09-30T01:44:34.105884+00:00
2019-08-01,20,20,product,반도체,4736027000,잠정,2026-09-30T01:44:34.105884+00:00
2019-08-01,20,20,product,석유제품,2181654000,잠정,2026-09-30T01:44:34.105884+00:00
2019-08-01,20,20,product,선박,1121747000,잠정,2026-09-30T01:44:34.105884+00:00
2019-08-01,20,20,product,승용차,1175925000,잠정,2026-09-30T01:44:34.105884+00:00
2019-08-01,20,20,product,자동차부품,895345000,잠정,2026-09-30T01:44:34.105884+00:00
2019-08-01,20,20,product,전체,24797946000,잠정,2026-09-30T01:44:34.105884+00:00
2019-08-01,20,20,product,정밀기기,614570000,잠정,2026-09-30T01:44:34.105884+00:00
2019-08-01,20,20,product,철강제품,1838313000,잠정,2026-09-30T01:44:34.105884+00:00
2019-08-01,20,20,product,컴퓨터주변기기,335734000,잠정,2026-09-30T01:44:34.105884+00:00
2019-08-01,month_end,31,country,대만,1358374000,잠정,2026-09-30T01:48:17.313454+00:00
2019-08-01,month_end,31,country,말레이시아,798939000,잠정,2026-09-30T01:48:17.313454+00:00
2019-08-01,month_end,31,country,미국,5619803000,잠정,2026-09-30T01:48:17.313454+00:00
2019-08-01,month_end,31,country,베트남,4484556000,잠정,2026-09-30T01:48:17.313454+00:00
2019-08-01,month_end,31,country,싱가포르,1283150000,잠정,2026-09-30T01:48:17.313454+00:00
2019-08-01,month_end,31,country,유럽연합,3946582000,잠정,2026-09-30T01:48:17.313454+00:00
2019-08-01,month_end,31,country,인도,1284406000,잠정,2026-09-30T01:48:17.313454+00:00
2019-08-01,month_end,31,country,일본,2243165000,잠정,2026-09-30T01:48:17.313454+00:00
2019-08-01,month_end,31,country,전체,44020065000,잠정,2026-09-30T01:48:17.313454+00:00
2019-08-01,month_end,31,country,중국,11287793000,잠정,2026-09-30T01:48:17.313454+00:00
2019-08-01,month_end,31,country,홍콩,2578176000,잠정,2026-09-30T01:48:17.313454+00:00
2019-08-01,month_end,31,product,가전제품,705364000,잠정,2026-09-30T01:44:34.105884+00:00
2019-08-01,month_end,31,product,무선통신기기,2160921000,잠정,2026-09-30T01:44:34.105884+00:00
2019-08-01,month_end,31,product,반도체,8190041000,잠정,2026-09-30T01:44:34.105884+00:00
2019-08-01,month_end,31,product,석유제품,3612570000,잠정,2026-09-30T01:44:34.105884+00:00
2019-08-01,month_end,31,product,선박,1760365000,잠정,2026-09-30T01:44:34.105884+00:00
2019-08-01,month_end,31,product,승용차,2777454000,잠정,2026-09-30T01:44:34.105884+00:00
2019-08-01,month_end,31,product,자동차부품,1697946000,잠정,2026-09-30T01:44:34.105884+00:00
2019-08-01,month_end,31,product,전체,44020065000,잠정,2026-09-30T01:44:34.105884+00:00
2019-08-01,month_end,31,product,정밀기기,1035132000,잠정,2026-09-30T01:44:34.105884+00:00
2019-08-01,month_end,31,product,철강제품,3571175000,잠정,2026-09-30T01:44:34.105884+00:00
2019-08-01,month_end,31,product,컴퓨터주변기기,658994000,잠정,2026-09-30T01:44:34.105884+00:00
2019-09-01,10,10,country,대만,403539000,잠정,2026-09-30T01:48:17.313454+00:00
2019-09-01,10,10,country,말레이시아,255350000,잠정,2026-09-30T01:48:17.313454+00:00
2019-09-01,10,10,country,미국,1868182000,잠정,2026-09-30T01:48:17.313454+00:00
2019-09-01,10,10,country,베트남,1519837000,잠정,2026-09-30T01:48:17.313454+00:00
2019-09-01,10,10,country,싱가포르,342277000,잠정,2026-09-30T01:48:17.313454+00:00
2019-09-01,10,10,country,유럽연합,1448142000,잠정,2026-09-30T01:48:17.313454+00:00
2019-09-01,10,10,country,인도,399954000,잠정,2026-09-30T01:48:17.313454+00:00
2019-09-01,10,10,country,일본,856604000,잠정,2026-09-30T01:48:17.313454+00:00
2019-09-01,10,10,country,전체,15004914000,잠정,2026-09-30T01:48:17.313454+00:00
2019-09-01,10,10,country,중국,3838336000,잠정,2026-09-30T01:48:17.313454+00:00
2019-09-01,10,10,country,홍콩,631438000,잠정,2026-09-30T01:48:17.313454+00:00
2019-09-01,10,10,product,가전제품,265201000,잠정,2026-09-30T01:44:34.105884+00:00
2019-09-01,10,10,product,무선통신기기,819802000,잠정,2026-09-30T01:44:34.105884+00:00
2019-09-01,10,10,product,반도체,2301629000,잠정,2026-09-30T01:44:34.105884+00:00
2019-09-01,10,10,product,석유제품,1272501000,잠정,2026-09-30T01:44:34.105884+00:00
2019-09-01,10,10,product,선박,911948000,잠정,2026-09-30T01:44:34.105884+00:00
2019-09-01,10,10,product,승용차,817529000,잠정,2026-09-30T01:44:34.105884+00:00
2019-09-01,10,10,product,자동차부품,684105000,잠정,2026-09-30T01:44:34.105884+00:00
2019-09-01,10,10,product,전체,15004914000,잠정,2026-09-30T01:44:34.105884+00:00
2019-09-01,10,10,product,정밀기기,364308000,잠정,2026-09-30T01:44:34.105884+00:00
2019-09-01,10,10,product,철강제품,1052867000,잠정,2026-09-30T01:44:34.105884+00:00
2019-09-01,10,10,product,컴퓨터주변기기,187851000,잠정,2026-09-30T01:44:34.105884+00:00
2019-09-01,20,20,country,대만,818601000,잠정,2026-09-30T01:48:17.313454+00:00
2019-09-01,20,20,country,말레이시아,464411000,잠정,2026-09-30T01:48:17.313454+00:00
2019-09-01,20,20,country,미국,3505117000,잠정,2026-09-30T01:48:17.313454+00:00
2019-09-01,20,20,country,베트남,2894511000,잠정,2026-09-30T01:48:17.313454+00:00
2019-09-01,20,20,country,싱가포르,694000000,잠정,2026-09-30T01:48:17.313454+00:00
2019-09-01,20,20,country,유럽연합,2731533000,잠정,2026-09-30T01:48:17.313454+00:00
2019-09-01,20,20,country,인도,769055000,잠정,2026-09-30T01:48:17.313454+00:00
2019-09-01,20,20,country,일본,1535332000,잠정,2026-09-30T01:48:17.313454+00:00
2019-09-01,20,20,country,전체,28540067000,잠정,2026-09-30T01:48:17.313454+00:00
2019-09-01,20,20,country,중국,7479036000,잠정,2026-09-30T01:48:17.313454+00:00
2019-09-01,20,20,country,홍콩,1455904000,잠정,2026-09-30T01:48:17.313454+00:00
2019-09-01,20,20,product,가전제품,489513000,잠정,2026-09-30T01:44:34.105884+00:00
2019-09-01,20,20,product,무선통신기기,1528828000,잠정,2026-09-30T01:44:34.105884+00:00
2019-09-01,20,20,product,반도체,4939170000,잠정,2026-09-30T01:44:34.105884+00:00
2019-09-01,20,20,product,석유제품,2361977000,잠정,2026-09-30T01:44:34.105884+00:00
2019-09-01,20,20,product,선박,1522511000,잠정,2026-09-30T01:44:34.105884+00:00
2019-09-01,20,20,product,승용차,1565038000,잠정,2026-09-30T01:44:34.105884+00:00
2019-09-01,20,20,product,자동차부품,1178476000,잠정,2026-09-30T01:44:34.105884+00:00
2019-09-01,20,20,product,전체,28540067000,잠정,2026-09-30T01:44:34.105884+00:00
2019-09-01,20,20,product,정밀기기,659311000,잠정,2026-09-30T01:44:34.105884+00:00
2019-09-01,20,20,product,철강제품,2135806000,잠정,2026-09-30T01:44:34.105884+00:00
2019-09-01,20,20,product,컴퓨터주변기기,422907000,잠정,2026-09-30T01:44:34.105884+00:00
2019-09-01,month_end,30,country,대만,1322317000,잠정,2026-09-30T01:48:17.313454+00:00
2019-09-01,month_end,30,country,말레이시아,744023000,잠정,2026-09-30T01:48:17.313454+00:00
2019-09-01,month_end,30,country,미국,5690676000,잠정,2026-09-30T01:48:17.313454+00:00
2019-09-01,month_end,30,country,베트남,4229158000,잠정,2026-09-30T01:48:17.313454+00:00
2019-09-01,month_end,30,country,싱가포르,925188000,잠정,2026-09-30T01:48:17.313454+00:00
2019-09-01,month_end,30,country,유럽연합,4401514000,잠정,2026-09-30T01:48:17.313454+00:00
2019-09-01,month_end,30,country,인도,1149114000,잠정,2026-09-30T01:48:17.313454+00:00
2019-09-01,month_end,30,country,일본,2310566000,잠정,2026-09-30T01:48:17.313454+00:00
2019-09-01,month_end,30,country,전체,44629053000,잠정,2026-09-30T01:48:17.313454+00:00
2019-09-01,month_end,30,country,중국,11362386000,잠정,2026-09-30T01:48:17.313454+00:00
2019-09-01,month_end,30,country,홍콩,2825992000,잠정,2026-09-30T01:48:17.313454+00:00
2019-09-01,month_end,30,product,가전제품,688772000,잠정,2026-09-30T01:44:34.105884+00:00
2019-09-01,month_end,30,product,무선통신기기,2307153000,잠정,2026-09-30T01:44:34.105884+00:00
2019-09-01,month_end,30,product,반도체,8675503000,잠정,2026-09-30T01:44:34.105884+00:00
2019-09-01,month_end,30,product,석유제품,3571166000,잠정,2026-09-30T01:44:34.105884+00:00
2019-09-01,month_end,30,product,선박,1758719000,잠정,2026-09-30T01:44:34.105884+00:00
2019-09-01,month_end,30,product,승용차,2898680000,잠정,2026-09-30T01:44:34.105884+00:00
2019-09-01,month_end,30,product,자동차부품,1706165000,잠정,2026-09-30T01:44:34.105884+00:00
2019-09-01,month_end,30,product,전체,44629053000,잠정,2026-09-30T01:44:34.105884+00:00
2019-09-01,month_end,30,product,정밀기기,975709000,잠정,2026-09-30T01:44:34.105884+00:00
2019-09-01,month_end,30,product,철강제품,3407431000,잠정,2026-09-30T01:44:34.105884+00:00
2019-09-01,month_end,30,product,컴퓨터주변기기,737206000,잠정,2026-09-30T01:44:34.105884+00:00
2019-10-01,10,10,country,대만,406018000,잠정,2026-09-30T01:48:17.313454+00:00
2019-10-01,10,10,country,말레이시아,222748000,잠정,2026-09-30T01:48:17.313454+00:00
2019-10-01,10,10,country,미국,1764594000,잠정,2026-09-30T01:48:17.313454+00:00
2019-10-01,10,10,country,베트남,1409633000,잠정,2026-09-30T01:48:17.313454+00:00
2019-10-01,10,10,country,싱가포르,299751000,잠정,2026-09-30T01:48:17.313454+00:00
2019-10-01,10,10,country,유럽연합,1222562000,잠정,2026-09-30T01:48:17.313454+00:00
2019-10-01,10,10,country,인도,369634000,잠정,2026-09-30T01:48:17.313454+00:00
2019-10-01,10,10,country,일본,696538000,잠정,2026-09-30T01:48:17.313454+00:00
2019-10-01,10,10,country,전체,13071445000,잠정,2026-09-30T01:48:17.313454+00:00
2019-10-01,10,10,country,중국,3531628000,잠정,2026-09-30T01:48:17.313454+00:00
2019-10-01,10,10,country,홍콩,418050000,잠정,2026-09-30T01:48:17.313454+00:00
2019-10-01,10,10,product,가전제품,238831000,잠정,2026-09-30T01:44:34.105884+00:00
2019-10-01,10,10,product,무선통신기기,797365000,잠정,2026-09-30T01:44:34.105884+00:00
2019-10-01,10,10,product,반도체,2066177000,잠정,2026-09-30T01:44:34.105884+00:00
2019-10-01,10,10,product,석유제품,991648000,잠정,2026-09-30T01:44:34.105884+00:00
2019-10-01,10,10,product,선박,230574000,잠정,2026-09-30T01:44:34.105884+00:00
2019-10-01,10,10,product,승용차,924992000,잠정,2026-09-30T01:44:34.105884+00:00
2019-10-01,10,10,product,자동차부품,630728000,잠정,2026-09-30T01:44:34.105884+00:00
2019-10-01,10,10,product,전체,13071445000,잠정,2026-09-30T01:44:34.105884+00:00
2019-10-01,10,10,product,정밀기기,288399000,잠정,2026-09-30T01:44:34.105884+00:00
2019-10-01,10,10,product,철강제품,978755000,잠정,2026-09-30T01:44:34.105884+00:00
2019-10-01,10,10,product,컴퓨터주변기기,181882000,잠정,2026-09-30T01:44:34.105884+00:00
2019-10-01,20,20,country,대만,866011000,잠정,2026-09-30T01:48:17.313454+00:00
2019-10-01,20,20,country,말레이시아,481918000,잠정,2026-09-30T01:48:17.313454+00:00
2019-10-01,20,20,country,미국,3612492000,잠정,2026-09-30T01:48:17.313454+00:00
2019-10-01,20,20,country,베트남,2666695000,잠정,2026-09-30T01:48:17.313454+00:00
2019-10-01,20,20,country,싱가포르,606248000,잠정,2026-09-30T01:48:17.313454+00:00
2019-10-01,20,20,country,유럽연합,2267737000,잠정,2026-09-30T01:48:17.313454+00:00
2019-10-01,20,20,country,인도,661709000,잠정,2026-09-30T01:48:17.313454+00:00
2019-10-01,20,20,country,일본,1322150000,잠정,2026-09-30T01:48:17.313454+00:00
2019-10-01,20,20,country,전체,26738387000,잠정,2026-09-30T01:48:17.313454+00:00
2019-10-01,20,20,country,중국,7287066000,잠정,2026-09-30T01:48:17.313454+00:00
2019-10-01,20,20,country,홍콩,1139437000,잠정,2026-09-30T01:48:17.313454+00:00
2019-10-01,20,20,product,가전제품,450804000,잠정,2026-09-30T01:44:34.105884+00:00
2019-10-01,20,20,product,무선통신기기,1514010000,잠정,2026-09-30T01:44:34.105884+00:00
2019-10-01,20,20,product,반도체,4605313000,잠정,2026-09-30T01:44:34.105884+00:00
2019-10-01,20,20,product,석유제품,1881901000,잠정,2026-09-30T01:44:34.105884+00:00
2019-10-01,20,20,product,선박,1059637000,잠정,2026-09-30T01:44:34.105884+00:00
2019-10-01,20,20,product,승용차,1968844000,잠정,2026-09-30T01:44:34.105884+00:00
2019-10-01,20,20,product,자동차부품,1130114000,잠정,2026-09-30T01:44:34.105884+00:00
2019-10-01,20,20,product,전체,26738387000,잠정,2026-09-30T01:44:34.105884+00:00
2019-10-01,20,20,product,정밀기기,580823000,잠정,2026-09-30T01:44:34.105884+00:00
2019-10-01,20,20,product,철강제품,1933026000,잠정,2026-09-30T01:44:34.105884+00:00
2019-10-01,20,20,product,컴퓨터주변기기,434583000,잠정,2026-09-30T01:44:34.105884+00:00
2019-10-01,month_end,31,country,대만,1602219000,잠정,2026-09-30T01:48:17.313454+00:00
2019-10-01,month_end,31,country,말레이시아,773673000,잠정,2026-09-30T01:48:17.313454+00:00
2019-10-01,month_end,31,country,미국,6357758000,잠정,2026-09-30T01:48:17.313454+00:00
2019-10-01,month_end,31,country,베트남,4209045000,잠정,2026-09-30T01:48:17.313454+00:00
2019-10-01,month_end,31,country,싱가포르,962190000,잠정,2026-09-30T01:48:17.313454+00:00
2019-10-01,month_end,31,country,유럽연합,4299884000,잠정,2026-09-30T01:48:17.313454+00:00
2019-10-01,month_end,31,country,인도,1155432000,잠정,2026-09-30T01:48:17.313454+00:00
2019-10-01,month_end,31,country,일본,2372581000,잠정,2026-09-30T01:48:17.313454+00:00
2019-10-01,month_end,31,country,전체,46648756000,잠정,2026-09-30T01:48:17.313454+00:00
2019-10-01,month_end,31,country,중국,12243754000,잠정,2026-09-30T01:48:17.313454+00:00
2019-10-01,month_end,31,country,홍콩,2478884000,잠정,2026-09-30T01:48:17.313454+00:00
2019-10-01,month_end,31,product,가전제품,720749000,잠정,2026-09-30T01:44:34.105884+00:00
2019-10-01,month_end,31,product,무선통신기기,2335933000,잠정,2026-09-30T01:44:34.105884+00:00
2019-10-01,month_end,31,product,반도체,8067974000,잠정,2026-09-30T01:44:34.105884+00:00
2019-10-01,month_end,31,product,석유제품,3380328000,잠정,2026-09-30T01:44:34.105884+00:00
2019-10-01,month_end,31,product,선박,1761556000,잠정,2026-09-30T01:44:34.105884+00:00
2019-10-01,month_end,31,product,승용차,3594199000,잠정,2026-09-30T01:44:34.105884+00:00
2019-10-01,month_end,31,product,자동차부품,1914345000,잠정,2026-09-30T01:44:34.105884+00:00
2019-10-01,month_end,31,product,전체,46648756000,잠정,2026-09-30T01:44:34.105884+00:00
2019-10-01,month_end,31,product,정밀기기,995435000,잠정,2026-09-30T01:44:34.105884+00:00
2019-10-01,month_end,31,product,철강제품,3589527000,잠정,2026-09-30T01:44:34.105884+00:00
2019-10-01,month_end,31,product,컴퓨터주변기기,880420000,잠정,2026-09-30T01:44:34.105884+00:00
2019-11-01,10,10,country,대만,267234000,잠정,2026-09-30T01:48:17.313454+00:00
2019-11-01,10,10,country,말레이시아,146437000,잠정,2026-09-30T01:48:17.313454+00:00
2019-11-01,10,10,country,미국,1680104000,잠정,2026-09-30T01:48:17.313454+00:00
2019-11-01,10,10,country,베트남,1222254000,잠정,2026-09-30T01:48:17.313454+00:00
2019-11-01,10,10,country,싱가포르,229920000,잠정,2026-09-30T01:48:17.313454+00:00
2019-11-01,10,10,country,유럽연합,1073072000,잠정,2026-09-30T01:48:17.313454+00:00
2019-11-01,10,10,country,인도,247226000,잠정,2026-09-30T01:48:17.313454+00:00
2019-11-01,10,10,country,일본,678132000,잠정,2026-09-30T01:48:17.313454+00:00
2019-11-01,10,10,country,전체,11720034000,잠정,2026-09-30T01:48:17.313454+00:00
2019-11-01,10,10,country,중국,3382016000,잠정,2026-09-30T01:48:17.313454+00:00
2019-11-01,10,10,country,홍콩,517521000,잠정,2026-09-30T01:48:17.313454+00:00
2019-11-01,10,10,product,가전제품,176254000,잠정,2026-09-30T01:44:34.105884+00:00
2019-11-01,10,10,product,무선통신기기,672841000,잠정,2026-09-30T01:44:34.105884+00:00
2019-11-01,10,10,product,반도체,1978283000,잠정,2026-09-30T01:44:34.105884+00:00
2019-11-01,10,10,product,석유제품,850761000,잠정,2026-09-30T01:44:34.105884+00:00
2019-11-01,10,10,product,선박,208607000,잠정,2026-09-30T01:44:34.105884+00:00
2019-11-01,10,10,product,승용차,963359000,잠정,2026-09-30T01:44:34.105884+00:00
2019-11-01,10,10,product,자동차부품,475726000,잠정,2026-09-30T01:44:34.105884+00:00
2019-11-01,10,10,product,전체,11720034000,잠정,2026-09-30T01:44:34.105884+00:00
2019-11-01,10,10,product,정밀기기,276314000,잠정,2026-09-30T01:44:34.105884+00:00
2019-11-01,10,10,product,철강제품,861212000,잠정,2026-09-30T01:44:34.105884+00:00
2019-11-01,10,10,product,컴퓨터주변기기,239105000,잠정,2026-09-30T01:44:34.105884+00:00
2019-11-01,20,20,country,대만,718256000,잠정,2026-09-30T01:48:17.313454+00:00
2019-11-01,20,20,country,말레이시아,393983000,잠정,2026-09-30T01:48:17.313454+00:00
2019-11-01,20,20,country,미국,4096695000,잠정,2026-09-30T01:48:17.313454+00:00
2019-11-01,20,20,country,베트남,2700821000,잠정,2026-09-30T01:48:17.313454+00:00
2019-11-01,20,20,country,싱가포르,429917000,잠정,2026-09-30T01:48:17.313454+00:00
2019-11-01,20,20,country,유럽연합,2501799000,잠정,2026-09-30T01:48:17.313454+00:00
2019-11-01,20,20,country,인도,618399000,잠정,2026-09-30T01:48:17.313454+00:00
2019-11-01,20,20,country,일본,1550212000,잠정,2026-09-30T01:48:17.313454+00:00
2019-11-01,20,20,country,전체,28152456000,잠정,2026-09-30T01:48:17.313454+00:00
2019-11-01,20,20,country,중국,7739138000,잠정,2026-09-30T01:48:17.313454+00:00
2019-11-01,20,20,country,홍콩,1310591000,잠정,2026-09-30T01:48:17.313454+00:00
2019-11-01,20,20,product,가전제품,432633000,잠정,2026-09-30T01:44:34.105884+00:00
2019-11-01,20,20,product,무선통신기기,1337836000,잠정,2026-09-30T01:44:34.105884+00:00
2019-11-01,20,20,product,반도체,4636690000,잠정,2026-09-30T01:44:34.105884+00:00
2019-11-01,20,20,product,석유제품,2343672000,잠정,2026-09-30T01:44:34.105884+00:00
2019-11-01,20,20,product,선박,590961000,잠정,2026-09-30T01:44:34.105884+00:00
2019-11-01,20,20,product,승용차,2233578000,잠정,2026-09-30T01:44:34.105884+00:00
2019-11-01,20,20,product,자동차부품,1094360000,잠정,2026-09-30T01:44:34.105884+00:00
2019-11-01,20,20,product,전체,28152456000,잠정,2026-09-30T01:44:34.105884+00:00
2019-11-01,20,20,product,정밀기기,599402000,잠정,2026-09-30T01:44:34.105884+00:00
2019-11-01,20,20,product,철강제품,2056350000,잠정,2026-09-30T01:44:34.105884+00:00
2019-11-01,20,20,product,컴퓨터주변기기,567760000,잠정,2026-09-30T01:44:34.105884+00:00
2019-11-01,month_end,30,country,대만,1119454000,잠정,2026-09-30T01:48:17.313454+00:00
2019-11-01,month_end,30,country,말레이시아,598023000,잠정,2026-09-30T01:48:17.313454+00:00
2019-11-01,month_end,30,country,미국,6265034000,잠정,2026-09-30T01:48:17.313454+00:00
2019-11-01,month_end,30,country,베트남,4052033000,잠정,2026-09-30T01:48:17.313454+00:00
2019-11-01,month_end,30,country,싱가포르,793338000,잠정,2026-09-30T01:48:17.313454+00:00
2019-11-01,month_end,30,country,유럽연합,3940175000,잠정,2026-09-30T01:48:17.313454+00:00
2019-11-01,month_end,30,country,인도,1038294000,잠정,2026-09-30T01:48:17.313454+00:00
2019-11-01,month_end,30,country,일본,2410613000,잠정,2026-09-30T01:48:17.313454+00:00
2019-11-01,month_end,30,country,전체,44040722000,잠정,2026-09-30T01:48:17.313454+00:00
2019-11-01,month_end,30,country,중국,11888955000,잠정,2026-09-30T01:48:17.313454+00:00
2019-11-01,month_end,30,country,홍콩,2454636000,잠정,2026-09-30T01:48:17.313454+00:00
2019-11-01,month_end,30,product,가전제품,644589000,잠정,2026-09-30T01:44:34.105884+00:00
2019-11-01,month_end,30,product,무선통신기기,1899463000,잠정,2026-09-30T01:44:34.105884+00:00
2019-11-01,month_end,30,product,반도체,7584210000,잠정,2026-09-30T01:44:34.105884+00:00
2019-11-01,month_end,30,product,석유제품,3493056000,잠정,2026-09-30T01:44:34.105884+00:00
2019-11-01,month_end,30,product,선박,742466000,잠정,2026-09-30T01:44:34.105884+00:00
2019-11-01,month_end,30,product,승용차,3710585000,잠정,2026-09-30T01:44:34.105884+00:00
2019-11-01,month_end,30,product,자동차부품,1701482000,잠정,2026-09-30T01:44:34.105884+00:00
2019-11-01,month_end,30,product,전체,44040722000,잠정,2026-09-30T01:44:34.105884+00:00
2019-11-01,month_end,30,product,정밀기기,947632000,잠정,2026-09-30T01:44:34.105884+00:00
2019-11-01,month_end,30,product,철강제품,3440329000,잠정,2026-09-30T01:44:34.105884+00:00
2019-11-01,month_end,30,product,컴퓨터주변기기,901474000,잠정,2026-09-30T01:44:34.105884+00:00
2019-12-01,10,10,country,대만,386356000,잠정,2026-09-30T01:48:17.313454+00:00
2019-12-01,10,10,country,말레이시아,200087000,잠정,2026-09-30T01:48:17.313454+00:00
2019-12-01,10,10,country,미국,1797135000,잠정,2026-09-30T01:48:17.313454+00:00
2019-12-01,10,10,country,베트남,1192712000,잠정,2026-09-30T01:48:17.313454+00:00
2019-12-01,10,10,country,싱가포르,261397000,잠정,2026-09-30T01:48:17.313454+00:00
2019-12-01,10,10,country,유럽연합,1286321000,잠정,2026-09-30T01:48:17.313454+00:00
2019-12-01,10,10,country,인도,295016000,잠정,2026-09-30T01:48:17.313454+00:00
2019-12-01,10,10,country,일본,715793000,잠정,2026-09-30T01:48:17.313454+00:00
2019-12-01,10,10,country,전체,12853793000,잠정,2026-09-30T01:48:17.313454+00:00
2019-12-01,10,10,country,중국,3676219000,잠정,2026-09-30T01:48:17.313454+00:00
2019-12-01,10,10,country,홍콩,487793000,잠정,2026-09-30T01:48:17.313454+00:00
2019-12-01,10,10,product,가전제품,187980000,잠정,2026-09-30T01:44:34.105884+00:00
2019-12-01,10,10,product,무선통신기기,621758000,잠정,2026-09-30T01:44:34.105884+00:00
2019-12-01,10,10,product,반도체,1892971000,잠정,2026-09-30T01:44:34.105884+00:00
2019-12-01,10,10,product,석유제품,985813000,잠정,2026-09-30T01:44:34.105884+00:00
2019-12-01,10,10,product,선박,298163000,잠정,2026-09-30T01:44:34.105884+00:00
2019-12-01,10,10,product,승용차,863652000,잠정,2026-09-30T01:44:34.105884+00:00
2019-12-01,10,10,product,자동차부품,545677000,잠정,2026-09-30T01:44:34.105884+00:00
2019-12-01,10,10,product,전체,12853793000,잠정,2026-09-30T01:44:34.105884+00:00
2019-12-01,10,10,product,정밀기기,294614000,잠정,2026-09-30T01:44:34.105884+00:00
2019-12-01,10,10,product,철강제품,958505000,잠정,2026-09-30T01:44:34.105884+00:00
2019-12-01,10,10,product,컴퓨터주변기기,243474000,잠정,2026-09-30T01:44:34.105884+00:00
2019-12-01,20,20,country,대만,970002000,잠정,2026-09-30T01:48:17.313454+00:00
2019-12-01,20,20,country,말레이시아,491700000,잠정,2026-09-30T01:48:17.313454+00:00
2019-12-01,20,20,country,미국,4221308000,잠정,2026-09-30T01:48:17.313454+00:00
2019-12-01,20,20,country,베트남,2645770000,잠정,2026-09-30T01:48:17.313454+00:00
2019-12-01,20,20,country,싱가포르,807942000,잠정,2026-09-30T01:48:17.313454+00:00
2019-12-01,20,20,country,유럽연합,2988660000,잠정,2026-09-30T01:48:17.313454+00:00
2019-12-01,20,20,country,인도,733537000,잠정,2026-09-30T01:48:17.313454+00:00
2019-12-01,20,20,country,일본,1751686000,잠정,2026-09-30T01:48:17.313454+00:00
2019-12-01,20,20,country,전체,30430219000,잠정,2026-09-30T01:48:17.313454+00:00
2019-12-01,20,20,country,중국,8190454000,잠정,2026-09-30T01:48:17.313454+00:00
2019-12-01,20,20,country,홍콩,1401450000,잠정,2026-09-30T01:48:17.313454+00:00
2019-12-01,20,20,product,가전제품,441213000,잠정,2026-09-30T01:44:34.105884+00:00
2019-12-01,20,20,product,무선통신기기,1344284000,잠정,2026-09-30T01:44:34.105884+00:00
2019-12-01,20,20,product,반도체,4577022000,잠정,2026-09-30T01:44:34.105884+00:00
2019-12-01,20,20,product,석유제품,2339875000,잠정,2026-09-30T01:44:34.105884+00:00
2019-12-01,20,20,product,선박,897617000,잠정,2026-09-30T01:44:34.105884+00:00
2019-12-01,20,20,product,승용차,2191792000,잠정,2026-09-30T01:44:34.105884+00:00
2019-12-01,20,20,product,자동차부품,1230541000,잠정,2026-09-30T01:44:34.105884+00:00
2019-12-01,20,20,product,전체,30430219000,잠정,2026-09-30T01:44:34.105884+00:00
2019-12-01,20,20,product,정밀기기,719229000,잠정,2026-09-30T01:44:34.105884+00:00
2019-12-01,20,20,product,철강제품,2346802000,잠정,2026-09-30T01:44:34.105884+00:00
2019-12-01,20,20,product,컴퓨터주변기기,605922000,잠정,2026-09-30T01:44:34.105884+00:00
2019-12-01,month_end,31,country,대만,1447152000,잠정,2026-09-30T01:48:17.313454+00:00
2019-12-01,month_end,31,country,말레이시아,706421000,잠정,2026-09-30T01:48:17.313454+00:00
2019-12-01,month_end,31,country,미국,6418400000,잠정,2026-09-30T01:48:17.313454+00:00
2019-12-01,month_end,31,country,베트남,3879352000,잠정,2026-09-30T01:48:17.313454+00:00
2019-12-01,month_end,31,country,싱가포르,1098868000,잠정,2026-09-30T01:48:17.313454+00:00
2019-12-01,month_end,31,country,유럽연합,4352817000,잠정,2026-09-30T01:48:17.313454+00:00
2019-12-01,month_end,31,country,인도,1080150000,잠정,2026-09-30T01:48:17.313454+00:00
2019-12-01,month_end,31,country,일본,2296481000,잠정,2026-09-30T01:48:17.313454+00:00
2019-12-01,month_end,31,country,전체,45668341000,잠정,2026-09-30T01:48:17.313454+00:00
2019-12-01,month_end,31,country,중국,12296986000,잠정,2026-09-30T01:48:17.313454+00:00
2019-12-01,month_end,31,country,홍콩,2609215000,잠정,2026-09-30T01:48:17.313454+00:00
2019-12-01,month_end,31,product,가전제품,616059000,잠정,2026-09-30T01:44:34.105884+00:00
2019-12-01,month_end,31,product,무선통신기기,1826730000,잠정,2026-09-30T01:44:34.105884+00:00
2019-12-01,month_end,31,product,반도체,7482531000,잠정,2026-09-30T01:44:34.105884+00:00
2019-12-01,month_end,31,product,석유제품,3354128000,잠정,2026-09-30T01:44:34.105884+00:00
2019-12-01,month_end,31,product,선박,1280922000,잠정,2026-09-30T01:44:34.105884+00:00
2019-12-01,month_end,31,product,승용차,3588385000,잠정,2026-09-30T01:44:34.105884+00:00
2019-12-01,month_end,31,product,자동차부품,1793819000,잠정,2026-09-30T01:44:34.105884+00:00
2019-12-01,month_end,31,product,전체,45668341000,잠정,2026-09-30T01:44:34.105884+00:00
2019-12-01,month_end,31,product,정밀기기,1018164000,잠정,2026-09-30T01:44:34.105884+00:00
2019-12-01,month_end,31,product,철강제품,3732016000,잠정,2026-09-30T01:44:34.105884+00:00
2019-12-01,month_end,31,product,컴퓨터주변기기,927958000,잠정,2026-09-30T01:44:34.105884+00:00
2020-01-01,10,10,country,대만,427136000,잠정,2026-09-30T01:48:17.491278+00:00
2020-01-01,10,10,country,말레이시아,167296000,잠정,2026-09-30T01:48:17.491278+00:00
2020-01-01,10,10,country,미국,1499532000,잠정,2026-09-30T01:48:17.491278+00:00
2020-01-01,10,10,country,베트남,1441181000,잠정,2026-09-30T01:48:17.491278+00:00
2020-01-01,10,10,country,싱가포르,341293000,잠정,2026-09-30T01:48:17.491278+00:00
2020-01-01,10,10,country,유럽연합,1256508000,잠정,2026-09-30T01:48:17.491278+00:00
2020-01-01,10,10,country,인도,358687000,잠정,2026-09-30T01:48:17.491278+00:00
2020-01-01,10,10,country,일본,802758000,잠정,2026-09-30T01:48:17.491278+00:00
2020-01-01,10,10,country,전체,13247930000,잠정,2026-09-30T01:48:17.491278+00:00
2020-01-01,10,10,country,중국,3301937000,잠정,2026-09-30T01:48:17.491278+00:00
2020-01-01,10,10,country,홍콩,634928000,잠정,2026-09-30T01:48:17.491278+00:00
2020-01-01,10,10,product,가전제품,169677000,잠정,2026-09-30T01:44:34.298566+00:00
2020-01-01,10,10,product,무선통신기기,557307000,잠정,2026-09-30T01:44:34.298566+00:00
2020-01-01,10,10,product,반도체,2362644000,잠정,2026-09-30T01:44:34.298566+00:00
2020-01-01,10,10,product,석유제품,1069551000,잠정,2026-09-30T01:44:34.298566+00:00
2020-01-01,10,10,product,선박,579210000,잠정,2026-09-30T01:44:34.298566+00:00
2020-01-01,10,10,product,승용차,665603000,잠정,2026-09-30T01:44:34.298566+00:00
2020-01-01,10,10,product,자동차부품,519752000,잠정,2026-09-30T01:44:34.298566+00:00
2020-01-01,10,10,product,전체,13247930000,잠정,2026-09-30T01:44:34.298566+00:00
2020-01-01,10,10,product,정밀기기,302740000,잠정,2026-09-30T01:44:34.298566+00:00
2020-01-01,10,10,product,철강제품,922964000,잠정,2026-09-30T01:44:34.298566+00:00
2020-01-01,10,10,product,컴퓨터주변기기,235102000,잠정,2026-09-30T01:44:34.298566+00:00
2020-01-01,20,20,country,대만,720028000,잠정,2026-09-30T01:48:17.491278+00:00
2020-01-01,20,20,country,말레이시아,409299000,잠정,2026-09-30T01:48:17.491278+00:00
2020-01-01,20,20,country,미국,3326557000,잠정,2026-09-30T01:48:17.491278+00:00
2020-01-01,20,20,country,베트남,2629833000,잠정,2026-09-30T01:48:17.491278+00:00
2020-01-01,20,20,country,싱가포르,596563000,잠정,2026-09-30T01:48:17.491278+00:00
2020-01-01,20,20,country,유럽연합,2488783000,잠정,2026-09-30T01:48:17.491278+00:00
2020-01-01,20,20,country,인도,724730000,잠정,2026-09-30T01:48:17.491278+00:00
2020-01-01,20,20,country,일본,1522737000,잠정,2026-09-30T01:48:17.491278+00:00
2020-01-01,20,20,country,전체,25532422000,잠정,2026-09-30T01:48:17.491278+00:00
2020-01-01,20,20,country,중국,6331928000,잠정,2026-09-30T01:48:17.491278+00:00
2020-01-01,20,20,country,홍콩,1240233000,잠정,2026-09-30T01:48:17.491278+00:00
2020-01-01,20,20,product,가전제품,359958000,잠정,2026-09-30T01:44:34.298566+00:00
2020-01-01,20,20,product,무선통신기기,1028357000,잠정,2026-09-30T01:44:34.298566+00:00
2020-01-01,20,20,product,반도체,4656380000,잠정,2026-09-30T01:44:34.298566+00:00
2020-01-01,20,20,product,석유제품,2150858000,잠정,2026-09-30T01:44:34.298566+00:00
2020-01-01,20,20,product,선박,607326000,잠정,2026-09-30T01:44:34.298566+00:00
2020-01-01,20,20,product,승용차,1640219000,잠정,2026-09-30T01:44:34.298566+00:00
2020-01-01,20,20,product,자동차부품,1017949000,잠정,2026-09-30T01:44:34.298566+00:00
2020-01-01,20,20,product,전체,25532422000,잠정,2026-09-30T01:44:34.298566+00:00
2020-01-01,20,20,product,정밀기기,565963000,잠정,2026-09-30T01:44:34.298566+00:00
2020-01-01,20,20,product,철강제품,1932256000,잠정,2026-09-30T01:44:34.298566+00:00
2020-01-01,20,20,product,컴퓨터주변기기,491412000,잠정,2026-09-30T01:44:34.298566+00:00
2020-01-01,month_end,31,country,대만,1172396000,잠정,2026-09-30T01:48:17.491278+00:00
2020-01-01,month_end,31,country,말레이시아,2278461000,잠정,2026-09-30T01:48:17.491278+00:00
2020-01-01,month_end,31,country,미국,5740347000,잠정,2026-09-30T01:48:17.491278+00:00
2020-01-01,month_end,31,country,베트남,4081500000,잠정,2026-09-30T01:48:17.491278+00:00
2020-01-01,month_end,31,country,싱가포르,1084771000,잠정,2026-09-30T01:48:17.491278+00:00
2020-01-01,month_end,31,country,유럽연합,4219453000,잠정,2026-09-30T01:48:17.491278+00:00
2020-01-01,month_end,31,country,인도,1227490000,잠정,2026-09-30T01:48:17.491278+00:00
2020-01-01,month_end,31,country,일본,2434953000,잠정,2026-09-30T01:48:17.491278+00:00
2020-01-01,month_end,31,country,전체,43103061000,잠정,2026-09-30T01:48:17.491278+00:00
2020-01-01,month_end,31,country,중국,9642031000,잠정,2026-09-30T01:48:17.491278+00:00
2020-01-01,month_end,31,country,홍콩,2193755000,잠정,2026-09-30T01:48:17.491278+00:00
2020-01-01,month_end,31,product,가전제품,541834000,잠정,2026-09-30T01:44:34.298566+00:00
2020-01-01,month_end,31,product,무선통신기기,1461850000,잠정,2026-09-30T01:44:34.298566+00:00
2020-01-01,month_end,31,product,반도체,7387405000,잠정,2026-09-30T01:44:34.298566+00:00
2020-01-01,month_end,31,product,석유제품,3418842000,잠정,2026-09-30T01:44:34.298566+00:00
2020-01-01,month_end,31,product,선박,2796385000,잠정,2026-09-30T01:44:34.298566+00:00
2020-01-01,month_end,31,product,승용차,2672693000,잠정,2026-09-30T01:44:34.298566+00:00
2020-01-01,month_end,31,product,자동차부품,1682918000,잠정,2026-09-30T01:44:34.298566+00:00
2020-01-01,month_end,31,product,전체,43103061000,잠정,2026-09-30T01:44:34.298566+00:00
2020-01-01,month_end,31,product,정밀기기,851669000,잠정,2026-09-30T01:44:34.298566+00:00
2020-01-01,month_end,31,product,철강제품,3381364000,잠정,2026-09-30T01:44:34.298566+00:00
2020-01-01,month_end,31,product,컴퓨터주변기기,880893000,잠정,2026-09-30T01:44:34.298566+00:00
2020-02-01,10,10,country,대만,353188000,잠정,2026-09-30T01:48:17.491278+00:00
2020-02-01,10,10,country,말레이시아,203692000,잠정,2026-09-30T01:48:17.491278+00:00
2020-02-01,10,10,country,미국,1387862000,잠정,2026-09-30T01:48:17.491278+00:00
2020-02-01,10,10,country,베트남,1096609000,잠정,2026-09-30T01:48:17.491278+00:00
2020-02-01,10,10,country,싱가포르,264437000,잠정,2026-09-30T01:48:17.491278+00:00
2020-02-01,10,10,country,유럽연합,1080245000,잠정,2026-09-30T01:48:17.491278+00:00
2020-02-01,10,10,country,인도,360774000,잠정,2026-09-30T01:48:17.491278+00:00
2020-02-01,10,10,country,일본,654204000,잠정,2026-09-30T01:48:17.491278+00:00
2020-02-01,10,10,country,전체,10614006000,잠정,2026-09-30T01:48:17.491278+00:00
2020-02-01,10,10,country,중국,2516970000,잠정,2026-09-30T01:48:17.491278+00:00
2020-02-01,10,10,country,홍콩,477210000,잠정,2026-09-30T01:48:17.491278+00:00
2020-02-01,10,10,product,가전제품,169928000,잠정,2026-09-30T01:44:34.298566+00:00
2020-02-01,10,10,product,무선통신기기,450388000,잠정,2026-09-30T01:44:34.298566+00:00
2020-02-01,10,10,product,반도체,1945946000,잠정,2026-09-30T01:44:34.298566+00:00
2020-02-01,10,10,product,석유제품,715008000,잠정,2026-09-30T01:44:34.298566+00:00
2020-02-01,10,10,product,선박,207660000,잠정,2026-09-30T01:44:34.298566+00:00
2020-02-01,10,10,product,승용차,614395000,잠정,2026-09-30T01:44:34.298566+00:00
2020-02-01,10,10,product,자동차부품,453712000,잠정,2026-09-30T01:44:34.298566+00:00
2020-02-01,10,10,product,전체,10614006000,잠정,2026-09-30T01:44:34.298566+00:00
2020-02-01,10,10,product,정밀기기,232916000,잠정,2026-09-30T01:44:34.298566+00:00
2020-02-01,10,10,product,철강제품,862987000,잠정,2026-09-30T01:44:34.298566+00:00
2020-02-01,10,10,product,컴퓨터주변기기,225504000,잠정,2026-09-30T01:44:34.298566+00:00
2020-02-01,20,20,country,대만,725961000,잠정,2026-09-30T01:48:17.491278+00:00
2020-02-01,20,20,country,말레이시아,501898000,잠정,2026-09-30T01:48:17.491278+00:00
2020-02-01,20,20,country,미국,3811742000,잠정,2026-09-30T01:48:17.491278+00:00
2020-02-01,20,20,country,베트남,2609782000,잠정,2026-09-30T01:48:17.491278+00:00
2020-02-01,20,20,country,싱가포르,642114000,잠정,2026-09-30T01:48:17.491278+00:00
2020-02-01,20,20,country,유럽연합,2625688000,잠정,2026-09-30T01:48:17.491278+00:00
2020-02-01,20,20,country,인도,918789000,잠정,2026-09-30T01:48:17.491278+00:00
2020-02-01,20,20,country,일본,1457319000,잠정,2026-09-30T01:48:17.491278+00:00
2020-02-01,20,20,country,전체,26068110000,잠정,2026-09-30T01:48:17.491278+00:00
2020-02-01,20,20,country,중국,5740235000,잠정,2026-09-30T01:48:17.491278+00:00
2020-02-01,20,20,country,홍콩,1166993000,잠정,2026-09-30T01:48:17.491278+00:00
2020-02-01,20,20,product,가전제품,393670000,잠정,2026-09-30T01:44:34.298566+00:00
2020-02-01,20,20,product,무선통신기기,1033840000,잠정,2026-09-30T01:44:34.298566+00:00
2020-02-01,20,20,product,반도체,4510441000,잠정,2026-09-30T01:44:34.298566+00:00
2020-02-01,20,20,product,석유제품,1655460000,잠정,2026-09-30T01:44:34.298566+00:00
2020-02-01,20,20,product,선박,808780000,잠정,2026-09-30T01:44:34.298566+00:00
2020-02-01,20,20,product,승용차,1327845000,잠정,2026-09-30T01:44:34.298566+00:00
2020-02-01,20,20,product,자동차부품,1241450000,잠정,2026-09-30T01:44:34.298566+00:00
2020-02-01,20,20,product,전체,26068110000,잠정,2026-09-30T01:44:34.298566+00:00
2020-02-01,20,20,product,정밀기기,534249000,잠정,2026-09-30T01:44:34.298566+00:00
2020-02-01,20,20,product,철강제품,2179954000,잠정,2026-09-30T01:44:34.298566+00:00
2020-02-01,20,20,product,컴퓨터주변기기,622367000,잠정,2026-09-30T01:44:34.298566+00:00
2020-02-01,month_end,29,country,대만,1066634000,잠정,2026-09-30T01:48:17.491278+00:00
2020-02-01,month_end,29,country,말레이시아,685743000,잠정,2026-09-30T01:48:17.491278+00:00
2020-02-01,month_end,29,country,미국,5931572000,잠정,2026-09-30T01:48:17.491278+00:00
2020-02-01,month_end,29,country,베트남,3931517000,잠정,2026-09-30T01:48:17.491278+00:00
2020-02-01,month_end,29,country,싱가포르,1140564000,잠정,2026-09-30T01:48:17.491278+00:00
2020-02-01,month_end,29,country,유럽연합,3861667000,잠정,2026-09-30T01:48:17.491278+00:00
2020-02-01,month_end,29,country,인도,1384859000,잠정,2026-09-30T01:48:17.491278+00:00
2020-02-01,month_end,29,country,일본,2265045000,잠정,2026-09-30T01:48:17.491278+00:00
2020-02-01,month_end,29,country,전체,40911819000,잠정,2026-09-30T01:48:17.491278+00:00
2020-02-01,month_end,29,country,중국,8824933000,잠정,2026-09-30T01:48:17.491278+00:00
2020-02-01,month_end,29,country,홍콩,2546966000,잠정,2026-09-30T01:48:17.491278+00:00
2020-02-01,month_end,29,product,가전제품,540950000,잠정,2026-09-30T01:44:34.298566+00:00
2020-02-01,month_end,29,product,무선통신기기,1500072000,잠정,2026-09-30T01:44:34.298566+00:00
2020-02-01,month_end,29,product,반도체,7599827000,잠정,2026-09-30T01:44:34.298566+00:00
2020-02-01,month_end,29,product,석유제품,2768142000,잠정,2026-09-30T01:44:34.298566+00:00
2020-02-01,month_end,29,product,선박,1389063000,잠정,2026-09-30T01:44:34.298566+00:00
2020-02-01,month_end,29,product,승용차,2276355000,잠정,2026-09-30T01:44:34.298566+00:00
2020-02-01,month_end,29,product,자동차부품,1744851000,잠정,2026-09-30T01:44:34.298566+00:00
2020-02-01,month_end,29,product,전체,40911819000,잠정,2026-09-30T01:44:34.298566+00:00
2020-02-01,month_end,29,product,정밀기기,842563000,잠정,2026-09-30T01:44:34.298566+00:00
2020-02-01,month_end,29,product,철강제품,3389532000,잠정,2026-09-30T01:44:34.298566+00:00
2020-02-01,month_end,29,product,컴퓨터주변기기,1050303000,잠정,2026-09-30T01:44:34.298566+00:00
2020-03-01,10,10,country,대만,362948000,잠정,2026-09-30T01:48:17.491278+00:00
2020-03-01,10,10,country,말레이시아,230176000,잠정,2026-09-30T01:48:17.491278+00:00
2020-03-01,10,10,country,미국,2058954000,잠정,2026-09-30T01:48:17.491278+00:00
2020-03-01,10,10,country,베트남,1274045000,잠정,2026-09-30T01:48:17.491278+00:00
2020-03-01,10,10,country,싱가포르,300862000,잠정,2026-09-30T01:48:17.491278+00:00
2020-03-01,10,10,country,유럽연합,1217531000,잠정,2026-09-30T01:48:17.491278+00:00
2020-03-01,10,10,country,인도,401144000,잠정,2026-09-30T01:48:17.491278+00:00
2020-03-01,10,10,country,일본,658003000,잠정,2026-09-30T01:48:17.491278+00:00
2020-03-01,10,10,country,전체,13015395000,잠정,2026-09-30T01:48:17.491278+00:00
2020-03-01,10,10,country,중국,3227314000,잠정,2026-09-30T01:48:17.491278+00:00
2020-03-01,10,10,country,홍콩,641042000,잠정,2026-09-30T01:48:17.491278+00:00
2020-03-01,10,10,product,가전제품,212827000,잠정,2026-09-30T01:44:34.298566+00:00
2020-03-01,10,10,product,무선통신기기,610461000,잠정,2026-09-30T01:44:34.298566+00:00
2020-03-01,10,10,product,반도체,2391102000,잠정,2026-09-30T01:44:34.298566+00:00
2020-03-01,10,10,product,석유제품,662173000,잠정,2026-09-30T01:44:34.298566+00:00
2020-03-01,10,10,product,선박,201508000,잠정,2026-09-30T01:44:34.298566+00:00
2020-03-01,10,10,product,승용차,820909000,잠정,2026-09-30T01:44:34.298566+00:00
2020-03-01,10,10,product,자동차부품,595283000,잠정,2026-09-30T01:44:34.298566+00:00
2020-03-01,10,10,product,전체,13015395000,잠정,2026-09-30T01:44:34.298566+00:00
2020-03-01,10,10,product,정밀기기,323303000,잠정,2026-09-30T01:44:34.298566+00:00
2020-03-01,10,10,product,철강제품,1002666000,잠정,2026-09-30T01:44:34.298566+00:00
2020-03-01,10,10,product,컴퓨터주변기기,271526000,잠정,2026-09-30T01:44:34.298566+00:00
2020-03-01,20,20,country,대만,788097000,잠정,2026-09-30T01:48:17.491278+00:00
2020-03-01,20,20,country,말레이시아,459056000,잠정,2026-09-30T01:48:17.491278+00:00
2020-03-01,20,20,country,미국,4667770000,잠정,2026-09-30T01:48:17.491278+00:00
2020-03-01,20,20,country,베트남,2709775000,잠정,2026-09-30T01:48:17.491278+00:00
2020-03-01,20,20,country,싱가포르,656200000,잠정,2026-09-30T01:48:17.491278+00:00
2020-03-01,20,20,country,유럽연합,3189774000,잠정,2026-09-30T01:48:17.491278+00:00
2020-03-01,20,20,country,인도,913394000,잠정,2026-09-30T01:48:17.491278+00:00
2020-03-01,20,20,country,일본,1706446000,잠정,2026-09-30T01:48:17.491278+00:00
2020-03-01,20,20,country,전체,30115412000,잠정,2026-09-30T01:48:17.491278+00:00
2020-03-01,20,20,country,중국,7040427000,잠정,2026-09-30T01:48:17.491278+00:00
2020-03-01,20,20,country,홍콩,1585903000,잠정,2026-09-30T01:48:17.491278+00:00
2020-03-01,20,20,product,가전제품,483019000,잠정,2026-09-30T01:44:34.298566+00:00
2020-03-01,20,20,product,무선통신기기,1262224000,잠정,2026-09-30T01:44:34.298566+00:00
2020-03-01,20,20,product,반도체,5260442000,잠정,2026-09-30T01:44:34.298566+00:00
2020-03-01,20,20,product,석유제품,1499008000,잠정,2026-09-30T01:44:34.298566+00:00
2020-03-01,20,20,product,선박,997865000,잠정,2026-09-30T01:44:34.298566+00:00
2020-03-01,20,20,product,승용차,2201676000,잠정,2026-09-30T01:44:34.298566+00:00
2020-03-01,20,20,product,자동차부품,1353862000,잠정,2026-09-30T01:44:34.298566+00:00
2020-03-01,20,20,product,전체,30115412000,잠정,2026-09-30T01:44:34.298566+00:00
2020-03-01,20,20,product,정밀기기,680400000,잠정,2026-09-30T01:44:34.298566+00:00
2020-03-01,20,20,product,철강제품,2329149000,잠정,2026-09-30T01:44:34.298566+00:00
2020-03-01,20,20,product,컴퓨터주변기기,636362000,잠정,2026-09-30T01:44:34.298566+00:00
2020-03-01,month_end,31,country,대만,1257872000,잠정,2026-09-30T01:48:17.491278+00:00
2020-03-01,month_end,31,country,말레이시아,698705000,잠정,2026-09-30T01:48:17.491278+00:00
2020-03-01,month_end,31,country,미국,7281215000,잠정,2026-09-30T01:48:17.491278+00:00
2020-03-01,month_end,31,country,베트남,3998334000,잠정,2026-09-30T01:48:17.491278+00:00
2020-03-01,month_end,31,country,싱가포르,980416000,잠정,2026-09-30T01:48:17.491278+00:00
2020-03-01,month_end,31,country,유럽연합,5046790000,잠정,2026-09-30T01:48:17.491278+00:00
2020-03-01,month_end,31,country,인도,1226092000,잠정,2026-09-30T01:48:17.491278+00:00
2020-03-01,month_end,31,country,일본,2485053000,잠정,2026-09-30T01:48:17.491278+00:00
2020-03-01,month_end,31,country,전체,46167204000,잠정,2026-09-30T01:48:17.491278+00:00
2020-03-01,month_end,31,country,중국,10643503000,잠정,2026-09-30T01:48:17.491278+00:00
2020-03-01,month_end,31,country,홍콩,3172787000,잠정,2026-09-30T01:48:17.491278+00:00
2020-03-01,month_end,31,product,가전제품,689925000,잠정,2026-09-30T01:44:34.298566+00:00
2020-03-01,month_end,31,product,무선통신기기,1763647000,잠정,2026-09-30T01:44:34.298566+00:00
2020-03-01,month_end,31,product,반도체,8971711000,잠정,2026-09-30T01:44:34.298566+00:00
2020-03-01,month_end,31,product,석유제품,2348471000,잠정,2026-09-30T01:44:34.298566+00:00
2020-03-01,month_end,31,product,선박,1394685000,잠정,2026-09-30T01:44:34.298566+00:00
2020-03-01,month_end,31,product,승용차,3662003000,잠정,2026-09-30T01:44:34.298566+00:00
2020-03-01,month_end,31,product,자동차부품,1870487000,잠정,2026-09-30T01:44:34.298566+00:00
2020-03-01,month_end,31,product,전체,46167204000,잠정,2026-09-30T01:44:34.298566+00:00
2020-03-01,month_end,31,product,정밀기기,991222000,잠정,2026-09-30T01:44:34.298566+00:00
2020-03-01,month_end,31,product,철강제품,3649043000,잠정,2026-09-30T01:44:34.298566+00:00
2020-03-01,month_end,31,product,컴퓨터주변기기,1118714000,잠정,2026-09-30T01:44:34.298566+00:00
2020-04-01,10,10,country,대만,393333000,잠정,2026-09-30T01:48:17.491278+00:00
2020-04-01,10,10,country,말레이시아,202583000,잠정,2026-09-30T01:48:17.491278+00:00
2020-04-01,10,10,country,미국,1802127000,잠정,2026-09-30T01:48:17.491278+00:00
2020-04-01,10,10,country,베트남,947022000,잠정,2026-09-30T01:48:17.491278+00:00
2020-04-01,10,10,country,싱가포르,309154000,잠정,2026-09-30T01:48:17.491278+00:00
2020-04-01,10,10,country,유럽연합,1317238000,잠정,2026-09-30T01:48:17.491278+00:00
2020-04-01,10,10,country,인도,207233000,잠정,2026-09-30T01:48:17.491278+00:00
2020-04-01,10,10,country,일본,802373000,잠정,2026-09-30T01:48:17.491278+00:00
2020-04-01,10,10,country,전체,12048450000,잠정,2026-09-30T01:48:17.491278+00:00
2020-04-01,10,10,country,중국,3299214000,잠정,2026-09-30T01:48:17.491278+00:00
2020-04-01,10,10,country,홍콩,492878000,잠정,2026-09-30T01:48:17.491278+00:00
2020-04-01,10,10,product,가전제품,138259000,잠정,2026-09-30T01:44:34.298566+00:00
2020-04-01,10,10,product,무선통신기기,485119000,잠정,2026-09-30T01:44:34.298566+00:00
2020-04-01,10,10,product,반도체,2063320000,잠정,2026-09-30T01:44:34.298566+00:00
2020-04-01,10,10,product,석유제품,539322000,잠정,2026-09-30T01:44:34.298566+00:00
2020-04-01,10,10,product,선박,129604000,잠정,2026-09-30T01:44:34.298566+00:00
2020-04-01,10,10,product,승용차,817095000,잠정,2026-09-30T01:44:34.298566+00:00
2020-04-01,10,10,product,자동차부품,440071000,잠정,2026-09-30T01:44:34.298566+00:00
2020-04-01,10,10,product,전체,12048450000,잠정,2026-09-30T01:44:34.298566+00:00
2020-04-01,10,10,product,정밀기기,296065000,잠정,2026-09-30T01:44:34.298566+00:00
2020-04-01,10,10,product,철강제품,927196000,잠정,2026-09-30T01:44:34.298566+00:00
2020-04-01,10,10,product,컴퓨터주변기기,263749000,잠정,2026-09-30T01:44:34.298566+00:00
2020-04-01,20,20,country,대만,767903000,잠정,2026-09-30T01:48:17.491278+00:00
2020-04-01,20,20,country,말레이시아,316459000,잠정,2026-09-30T01:48:17.491278+00:00
2020-04-01,20,20,country,미국,3204487000,잠정,2026-09-30T01:48:17.491278+00:00
2020-04-01,20,20,country,베트남,1586519000,잠정,2026-09-30T01:48:17.491278+00:00
2020-04-01,20,20,country,싱가포르,498864000,잠정,2026-09-30T01:48:17.491278+00:00
2020-04-01,20,20,country,유럽연합,2176823000,잠정,2026-09-30T01:48:17.491278+00:00
2020-04-01,20,20,country,인도,351099000,잠정,2026-09-30T01:48:17.491278+00:00
2020-04-01,20,20,country,일본,1325819000,잠정,2026-09-30T01:48:17.491278+00:00
2020-04-01,20,20,country,전체,21308338000,잠정,2026-09-30T01:48:17.491278+00:00
2020-04-01,20,20,country,중국,6210237000,잠정,2026-09-30T01:48:17.491278+00:00
2020-04-01,20,20,country,홍콩,968121000,잠정,2026-09-30T01:48:17.491278+00:00
2020-04-01,20,20,product,가전제품,231982000,잠정,2026-09-30T01:44:34.298566+00:00
2020-04-01,20,20,product,무선통신기기,821896000,잠정,2026-09-30T01:44:34.298566+00:00
2020-04-01,20,20,product,반도체,3968307000,잠정,2026-09-30T01:44:34.298566+00:00
2020-04-01,20,20,product,석유제품,963162000,잠정,2026-09-30T01:44:34.298566+00:00
2020-04-01,20,20,product,선박,236162000,잠정,2026-09-30T01:44:34.298566+00:00
2020-04-01,20,20,product,승용차,1436877000,잠정,2026-09-30T01:44:34.298566+00:00
2020-04-01,20,20,product,자동차부품,659184000,잠정,2026-09-30T01:44:34.298566+00:00
2020-04-01,20,20,product,전체,21308338000,잠정,2026-09-30T01:44:34.298566+00:00
2020-04-01,20,20,product,정밀기기,495234000,잠정,2026-09-30T01:44:34.298566+00:00
2020-04-01,20,20,product,철강제품,1674257000,잠정,2026-09-30T01:44:34.298566+00:00
2020-04-01,20,20,product,컴퓨터주변기기,525380000,잠정,2026-09-30T01:44:34.298566+00:00
2020-04-01,month_end,30,country,대만,1251015000,잠정,2026-09-30T01:48:17.491278+00:00
2020-04-01,month_end,30,country,말레이시아,508540000,잠정,2026-09-30T01:48:17.491278+00:00
2020-04-01,month_end,30,country,미국,5277226000,잠정,2026-09-30T01:48:17.491278+00:00
2020-04-01,month_end,30,country,베트남,2713976000,잠정,2026-09-30T01:48:17.491278+00:00
2020-04-01,month_end,30,country,싱가포르,748962000,잠정,2026-09-30T01:48:17.491278+00:00
2020-04-01,month_end,30,country,유럽연합,3969762000,잠정,2026-09-30T01:48:17.491278+00:00
2020-04-01,month_end,30,country,인도,531139000,잠정,2026-09-30T01:48:17.491278+00:00
2020-04-01,month_end,30,country,일본,1984660000,잠정,2026-09-30T01:48:17.491278+00:00
2020-04-01,month_end,30,country,전체,36270183000,잠정,2026-09-30T01:48:17.491278+00:00
2020-04-01,month_end,30,country,중국,10151495000,잠정,2026-09-30T01:48:17.491278+00:00
2020-04-01,month_end,30,country,홍콩,2379362000,잠정,2026-09-30T01:48:17.491278+00:00
2020-04-01,month_end,30,product,가전제품,383132000,잠정,2026-09-30T01:44:34.298566+00:00
2020-04-01,month_end,30,product,무선통신기기,1218726000,잠정,2026-09-30T01:44:34.298566+00:00
2020-04-01,month_end,30,product,반도체,7377824000,잠정,2026-09-30T01:44:34.298566+00:00
2020-04-01,month_end,30,product,석유제품,1515184000,잠정,2026-09-30T01:44:34.298566+00:00
2020-04-01,month_end,30,product,선박,1011566000,잠정,2026-09-30T01:44:34.298566+00:00
2020-04-01,month_end,30,product,승용차,2268579000,잠정,2026-09-30T01:44:34.298566+00:00
2020-04-01,month_end,30,product,자동차부품,984872000,잠정,2026-09-30T01:44:34.298566+00:00
2020-04-01,month_end,30,product,전체,36270183000,잠정,2026-09-30T01:44:34.298566+00:00
2020-04-01,month_end,30,product,정밀기기,788138000,잠정,2026-09-30T01:44:34.298566+00:00
2020-04-01,month_end,30,product,철강제품,2960105000,잠정,2026-09-30T01:44:34.298566+00:00
2020-04-01,month_end,30,product,컴퓨터주변기기,987095000,잠정,2026-09-30T01:44:34.298566+00:00
2020-05-01,10,10,country,대만,295859000,잠정,2026-09-30T01:48:17.491278+00:00
2020-05-01,10,10,country,말레이시아,89164000,잠정,2026-09-30T01:48:17.491278+00:00
2020-05-01,10,10,country,미국,772879000,잠정,2026-09-30T01:48:17.491278+00:00
2020-05-01,10,10,country,베트남,593208000,잠정,2026-09-30T01:48:17.491278+00:00
2020-05-01,10,10,country,싱가포르,174311000,잠정,2026-09-30T01:48:17.491278+00:00
2020-05-01,10,10,country,유럽연합,593721000,잠정,2026-09-30T01:48:17.491278+00:00
2020-05-01,10,10,country,인도,67352000,잠정,2026-09-30T01:48:17.491278+00:00
2020-05-01,10,10,country,일본,405476000,잠정,2026-09-30T01:48:17.491278+00:00
2020-05-01,10,10,country,전체,6886388000,잠정,2026-09-30T01:48:17.491278+00:00
2020-05-01,10,10,country,중국,2354410000,잠정,2026-09-30T01:48:17.491278+00:00
2020-05-01,10,10,country,홍콩,318325000,잠정,2026-09-30T01:48:17.491278+00:00
2020-05-01,10,10,product,가전제품,66845000,잠정,2026-09-30T01:44:34.298566+00:00
2020-05-01,10,10,product,무선통신기기,321270000,잠정,2026-09-30T01:44:34.298566+00:00
2020-05-01,10,10,product,반도체,1662651000,잠정,2026-09-30T01:44:34.298566+00:00
2020-05-01,10,10,product,석유제품,284296000,잠정,2026-09-30T01:44:34.298566+00:00
2020-05-01,10,10,product,선박,337258000,잠정,2026-09-30T01:44:34.298566+00:00
2020-05-01,10,10,product,승용차,164280000,잠정,2026-09-30T01:44:34.298566+00:00
2020-05-01,10,10,product,자동차부품,106601000,잠정,2026-09-30T01:44:34.298566+00:00
2020-05-01,10,10,product,전체,6886388000,잠정,2026-09-30T01:44:34.298566+00:00
2020-05-01,10,10,product,정밀기기,156979000,잠정,2026-09-30T01:44:34.298566+00:00
2020-05-01,10,10,product,철강제품,429107000,잠정,2026-09-30T01:44:34.298566+00:00
2020-05-01,10,10,product,컴퓨터주변기기,191987000,잠정,2026-09-30T01:44:34.298566+00:00
2020-05-01,20,20,country,대만,758190000,잠정,2026-09-30T01:48:17.491278+00:00
2020-05-01,20,20,country,말레이시아,259932000,잠정,2026-09-30T01:48:17.491278+00:00
2020-05-01,20,20,country,미국,2481555000,잠정,2026-09-30T01:48:17.491278+00:00
2020-05-01,20,20,country,베트남,1616044000,잠정,2026-09-30T01:48:17.491278+00:00
2020-05-01,20,20,country,싱가포르,466454000,잠정,2026-09-30T01:48:17.491278+00:00
2020-05-01,20,20,country,유럽연합,1908222000,잠정,2026-09-30T01:48:17.491278+00:00
2020-05-01,20,20,country,인도,215827000,잠정,2026-09-30T01:48:17.491278+00:00
2020-05-01,20,20,country,일본,1107844000,잠정,2026-09-30T01:48:17.491278+00:00
2020-05-01,20,20,country,전체,20303243000,잠정,2026-09-30T01:48:17.491278+00:00
2020-05-01,20,20,country,중국,6606658000,잠정,2026-09-30T01:48:17.491278+00:00
2020-05-01,20,20,country,홍콩,1004845000,잠정,2026-09-30T01:48:17.491278+00:00
2020-05-01,20,20,product,가전제품,287304000,잠정,2026-09-30T01:44:34.298566+00:00
2020-05-01,20,20,product,무선통신기기,805943000,잠정,2026-09-30T01:44:34.298566+00:00
2020-05-01,20,20,product,반도체,4621117000,잠정,2026-09-30T01:44:34.298566+00:00
2020-05-01,20,20,product,석유제품,717907000,잠정,2026-09-30T01:44:34.298566+00:00
2020-05-01,20,20,product,선박,924868000,잠정,2026-09-30T01:44:34.298566+00:00
2020-05-01,20,20,product,승용차,769822000,잠정,2026-09-30T01:44:34.298566+00:00
2020-05-01,20,20,product,자동차부품,361387000,잠정,2026-09-30T01:44:34.298566+00:00
2020-05-01,20,20,product,전체,20303243000,잠정,2026-09-30T01:44:34.298566+00:00
2020-05-01,20,20,product,정밀기기,448385000,잠정,2026-09-30T01:44:34.298566+00:00
2020-05-01,20,20,product,철강제품,1449981000,잠정,2026-09-30T01:44:34.298566+00:00
2020-05-01,20,20,product,컴퓨터주변기기,527217000,잠정,2026-09-30T01:44:34.298566+00:00
2020-05-01,month_end,31,country,대만,1207890000,잠정,2026-09-30T01:48:17.491278+00:00
2020-05-01,month_end,31,country,말레이시아,431529000,잠정,2026-09-30T01:48:17.491278+00:00
2020-05-01,month_end,31,country,미국,4589358000,잠정,2026-09-30T01:48:17.491278+00:00
2020-05-01,month_end,31,country,베트남,2917842000,잠정,2026-09-30T01:48:17.491278+00:00
2020-05-01,month_end,31,country,싱가포르,665959000,잠정,2026-09-30T01:48:17.491278+00:00
2020-05-01,month_end,31,country,유럽연합,3374482000,잠정,2026-09-30T01:48:17.491278+00:00
2020-05-01,month_end,31,country,인도,395079000,잠정,2026-09-30T01:48:17.491278+00:00
2020-05-01,month_end,31,country,일본,1781737000,잠정,2026-09-30T01:48:17.491278+00:00
2020-05-01,month_end,31,country,전체,34854511000,잠정,2026-09-30T01:48:17.491278+00:00
2020-05-01,month_end,31,country,중국,10743735000,잠정,2026-09-30T01:48:17.491278+00:00
2020-05-01,month_end,31,country,홍콩,2362302000,잠정,2026-09-30T01:48:17.491278+00:00
2020-05-01,month_end,31,product,가전제품,487614000,잠정,2026-09-30T01:44:34.298566+00:00
2020-05-01,month_end,31,product,무선통신기기,1259813000,잠정,2026-09-30T01:44:34.298566+00:00
2020-05-01,month_end,31,product,반도체,8293538000,잠정,2026-09-30T01:44:34.298566+00:00
2020-05-01,month_end,31,product,석유제품,1189730000,잠정,2026-09-30T01:44:34.298566+00:00
2020-05-01,month_end,31,product,선박,1546250000,잠정,2026-09-30T01:44:34.298566+00:00
2020-05-01,month_end,31,product,승용차,1730321000,잠정,2026-09-30T01:44:34.298566+00:00
2020-05-01,month_end,31,product,자동차부품,627494000,잠정,2026-09-30T01:44:34.298566+00:00
2020-05-01,month_end,31,product,전체,34854511000,잠정,2026-09-30T01:44:34.298566+00:00
2020-05-01,month_end,31,product,정밀기기,710590000,잠정,2026-09-30T01:44:34.298566+00:00
2020-05-01,month_end,31,product,철강제품,2585971000,잠정,2026-09-30T01:44:34.298566+00:00
2020-05-01,month_end,31,product,컴퓨터주변기기,1111976000,잠정,2026-09-30T01:44:34.298566+00:00
2020-06-01,10,10,country,대만,378497000,잠정,2026-09-30T01:48:17.491278+00:00
2020-06-01,10,10,country,말레이시아,139069000,잠정,2026-09-30T01:48:17.491278+00:00
2020-06-01,10,10,country,미국,1639101000,잠정,2026-09-30T01:48:17.491278+00:00
2020-06-01,10,10,country,베트남,1059278000,잠정,2026-09-30T01:48:17.491278+00:00
2020-06-01,10,10,country,싱가포르,205244000,잠정,2026-09-30T01:48:17.491278+00:00
2020-06-01,10,10,country,유럽연합,1017259000,잠정,2026-09-30T01:48:17.491278+00:00
2020-06-01,10,10,country,인도,147632000,잠정,2026-09-30T01:48:17.491278+00:00
2020-06-01,10,10,country,일본,630708000,잠정,2026-09-30T01:48:17.491278+00:00
2020-06-01,10,10,country,전체,12258491000,잠정,2026-09-30T01:48:17.491278+00:00
2020-06-01,10,10,country,중국,3820251000,잠정,2026-09-30T01:48:17.491278+00:00
2020-06-01,10,10,country,홍콩,484709000,잠정,2026-09-30T01:48:17.491278+00:00
2020-06-01,10,10,product,가전제품,247804000,잠정,2026-09-30T01:44:34.298566+00:00
2020-06-01,10,10,product,무선통신기기,575325000,잠정,2026-09-30T01:44:34.298566+00:00
2020-06-01,10,10,product,반도체,2285279000,잠정,2026-09-30T01:44:34.298566+00:00
2020-06-01,10,10,product,석유제품,558484000,잠정,2026-09-30T01:44:34.298566+00:00
2020-06-01,10,10,product,선박,776477000,잠정,2026-09-30T01:44:34.298566+00:00
2020-06-01,10,10,product,승용차,409241000,잠정,2026-09-30T01:44:34.298566+00:00
2020-06-01,10,10,product,자동차부품,283023000,잠정,2026-09-30T01:44:34.298566+00:00
2020-06-01,10,10,product,전체,12258491000,잠정,2026-09-30T01:44:34.298566+00:00
2020-06-01,10,10,product,정밀기기,287755000,잠정,2026-09-30T01:44:34.298566+00:00
2020-06-01,10,10,product,철강제품,829227000,잠정,2026-09-30T01:44:34.298566+00:00
2020-06-01,10,10,product,컴퓨터주변기기,289210000,잠정,2026-09-30T01:44:34.298566+00:00
2020-06-01,20,20,country,대만,791151000,잠정,2026-09-30T01:48:17.491278+00:00
2020-06-01,20,20,country,말레이시아,298719000,잠정,2026-09-30T01:48:17.491278+00:00
2020-06-01,20,20,country,미국,3526083000,잠정,2026-09-30T01:48:17.491278+00:00
2020-06-01,20,20,country,베트남,2175322000,잠정,2026-09-30T01:48:17.491278+00:00
2020-06-01,20,20,country,싱가포르,575203000,잠정,2026-09-30T01:48:17.491278+00:00
2020-06-01,20,20,country,유럽연합,2362802000,잠정,2026-09-30T01:48:17.491278+00:00
2020-06-01,20,20,country,인도,342974000,잠정,2026-09-30T01:48:17.491278+00:00
2020-06-01,20,20,country,일본,1229793000,잠정,2026-09-30T01:48:17.491278+00:00
2020-06-01,20,20,country,전체,24978418000,잠정,2026-09-30T01:48:17.491278+00:00
2020-06-01,20,20,country,중국,7601641000,잠정,2026-09-30T01:48:17.491278+00:00
2020-06-01,20,20,country,홍콩,1097492000,잠정,2026-09-30T01:48:17.491278+00:00
2020-06-01,20,20,product,가전제품,467041000,잠정,2026-09-30T01:44:34.298566+00:00
2020-06-01,20,20,product,무선통신기기,1108186000,잠정,2026-09-30T01:44:34.298566+00:00
2020-06-01,20,20,product,반도체,4852743000,잠정,2026-09-30T01:44:34.298566+00:00
2020-06-01,20,20,product,석유제품,1154026000,잠정,2026-09-30T01:44:34.298566+00:00
2020-06-01,20,20,product,선박,1189419000,잠정,2026-09-30T01:44:34.298566+00:00
2020-06-01,20,20,product,승용차,1290717000,잠정,2026-09-30T01:44:34.298566+00:00
2020-06-01,20,20,product,자동차부품,576924000,잠정,2026-09-30T01:44:34.298566+00:00
2020-06-01,20,20,product,전체,24978418000,잠정,2026-09-30T01:44:34.298566+00:00
2020-06-01,20,20,product,정밀기기,574261000,잠정,2026-09-30T01:44:34.298566+00:00
2020-06-01,20,20,product,철강제품,1756668000,잠정,2026-09-30T01:44:34.298566+00:00
2020-06-01,20,20,product,컴퓨터주변기기,663772000,잠정,2026-09-30T01:44:34.298566+00:00
2020-06-01,month_end,30,country,대만,1348432000,잠정,2026-09-30T01:48:17.491278+00:00
2020-06-01,month_end,30,country,말레이시아,471842000,잠정,2026-09-30T01:48:17.491278+00:00
2020-06-01,month_end,30,country,미국,5735515000,잠정,2026-09-30T01:48:17.491278+00:00
2020-06-01,month_end,30,country,베트남,3503967000,잠정,2026-09-30T01:48:17.491278+00:00
2020-06-01,month_end,30,country,싱가포르,918584000,잠정,2026-09-30T01:48:17.491278+00:00
2020-06-01,month_end,30,country,유럽연합,3575472000,잠정,2026-09-30T01:48:17.491278+00:00
2020-06-01,month_end,30,country,인도,583519000,잠정,2026-09-30T01:48:17.491278+00:00
2020-06-01,month_end,30,country,일본,1849843000,잠정,2026-09-30T01:48:17.491278+00:00
2020-06-01,month_end,30,country,전체,39214071000,잠정,2026-09-30T01:48:17.491278+00:00
2020-06-01,month_end,30,country,중국,11443240000,잠정,2026-09-30T01:48:17.491278+00:00
2020-06-01,month_end,30,country,홍콩,2337610000,잠정,2026-09-30T01:48:17.491278+00:00
2020-06-01,month_end,30,product,가전제품,669373000,잠정,2026-09-30T01:44:34.298566+00:00
2020-06-01,month_end,30,product,무선통신기기,1499118000,잠정,2026-09-30T01:44:34.298566+00:00
2020-06-01,month_end,30,product,반도체,8490845000,잠정,2026-09-30T01:44:34.298566+00:00
2020-06-01,month_end,30,product,석유제품,1682787000,잠정,2026-09-30T01:44:34.298566+00:00
2020-06-01,month_end,30,product,선박,1337308000,잠정,2026-09-30T01:44:34.298566+00:00
2020-06-01,month_end,30,product,승용차,2374807000,잠정,2026-09-30T01:44:34.298566+00:00
2020-06-01,month_end,30,product,자동차부품,911290000,잠정,2026-09-30T01:44:34.298566+00:00
2020-06-01,month_end,30,product,전체,39214071000,잠정,2026-09-30T01:44:34.298566+00:00
2020-06-01,month_end,30,product,정밀기기,859299000,잠정,2026-09-30T01:44:34.298566+00:00
2020-06-01,month_end,30,product,철강제품,2938680000,잠정,2026-09-30T01:44:34.298566+00:00
2020-06-01,month_end,30,product,컴퓨터주변기기,1164664000,잠정,2026-09-30T01:44:34.298566+00:00
2020-07-01,10,10,country,대만,384252000,잠정,2026-09-30T01:48:17.491278+00:00
2020-07-01,10,10,country,말레이시아,180920000,잠정,2026-09-30T01:48:17.491278+00:00
2020-07-01,10,10,country,미국,1935464000,잠정,2026-09-30T01:48:17.491278+00:00
2020-07-01,10,10,country,베트남,1381823000,잠정,2026-09-30T01:48:17.491278+00:00
2020-07-01,10,10,country,싱가포르,185779000,잠정,2026-09-30T01:48:17.491278+00:00
2020-07-01,10,10,country,유럽연합,1252568000,잠정,2026-09-30T01:48:17.491278+00:00
2020-07-01,10,10,country,인도,242856000,잠정,2026-09-30T01:48:17.491278+00:00
2020-07-01,10,10,country,일본,706281000,잠정,2026-09-30T01:48:17.491278+00:00
2020-07-01,10,10,country,전체,13216226000,잠정,2026-09-30T01:48:17.491278+00:00
2020-07-01,10,10,country,중국,3763573000,잠정,2026-09-30T01:48:17.491278+00:00
2020-07-01,10,10,country,홍콩,422195000,잠정,2026-09-30T01:48:17.491278+00:00
2020-07-01,10,10,product,가전제품,250172000,잠정,2026-09-30T01:44:34.298566+00:00
2020-07-01,10,10,product,무선통신기기,487795000,잠정,2026-09-30T01:44:34.298566+00:00
2020-07-01,10,10,product,반도체,2265636000,잠정,2026-09-30T01:44:34.298566+00:00
2020-07-01,10,10,product,석유제품,710426000,잠정,2026-09-30T01:44:34.298566+00:00
2020-07-01,10,10,product,선박,743607000,잠정,2026-09-30T01:44:34.298566+00:00
2020-07-01,10,10,product,승용차,915833000,잠정,2026-09-30T01:44:34.298566+00:00
2020-07-01,10,10,product,자동차부품,410258000,잠정,2026-09-30T01:44:34.298566+00:00
2020-07-01,10,10,product,전체,13216226000,잠정,2026-09-30T01:44:34.298566+00:00
2020-07-01,10,10,product,정밀기기,302463000,잠정,2026-09-30T01:44:34.298566+00:00
2020-07-01,10,10,product,철강제품,942106000,잠정,2026-09-30T01:44:34.298566+00:00
2020-07-01,10,10,product,컴퓨터주변기기,353181000,잠정,2026-09-30T01:44:34.298566+00:00
2020-07-01,20,20,country,대만,715452000,잠정,2026-09-30T01:48:17.491278+00:00
2020-07-01,20,20,country,말레이시아,334525000,잠정,2026-09-30T01:48:17.491278+00:00
2020-07-01,20,20,country,미국,3710276000,잠정,2026-09-30T01:48:17.491278+00:00
2020-07-01,20,20,country,베트남,2519868000,잠정,2026-09-30T01:48:17.491278+00:00
2020-07-01,20,20,country,싱가포르,383564000,잠정,2026-09-30T01:48:17.491278+00:00
2020-07-01,20,20,country,유럽연합,2339835000,잠정,2026-09-30T01:48:17.491278+00:00
2020-07-01,20,20,country,인도,437055000,잠정,2026-09-30T01:48:17.491278+00:00
2020-07-01,20,20,country,일본,1200782000,잠정,2026-09-30T01:48:17.491278+00:00
2020-07-01,20,20,country,전체,24535992000,잠정,2026-09-30T01:48:17.491278+00:00
2020-07-01,20,20,country,중국,6994838000,잠정,2026-09-30T01:48:17.491278+00:00
2020-07-01,20,20,country,홍콩,768507000,잠정,2026-09-30T01:48:17.491278+00:00
2020-07-01,20,20,product,가전제품,460327000,잠정,2026-09-30T01:44:34.298566+00:00
2020-07-01,20,20,product,무선통신기기,976045000,잠정,2026-09-30T01:44:34.298566+00:00
2020-07-01,20,20,product,반도체,4407373000,잠정,2026-09-30T01:44:34.298566+00:00
2020-07-01,20,20,product,석유제품,1313954000,잠정,2026-09-30T01:44:34.298566+00:00
2020-07-01,20,20,product,선박,1294979000,잠정,2026-09-30T01:44:34.298566+00:00
2020-07-01,20,20,product,승용차,1822473000,잠정,2026-09-30T01:44:34.298566+00:00
2020-07-01,20,20,product,자동차부품,745132000,잠정,2026-09-30T01:44:34.298566+00:00
2020-07-01,20,20,product,전체,24535992000,잠정,2026-09-30T01:44:34.298566+00:00
2020-07-01,20,20,product,정밀기기,566550000,잠정,2026-09-30T01:44:34.298566+00:00
2020-07-01,20,20,product,철강제품,1795914000,잠정,2026-09-30T01:44:34.298566+00:00
2020-07-01,20,20,product,컴퓨터주변기기,635950000,잠정,2026-09-30T01:44:34.298566+00:00
2020-07-01,month_end,31,country,대만,1303771000,잠정,2026-09-30T01:48:17.491278+00:00
2020-07-01,month_end,31,country,말레이시아,559760000,잠정,2026-09-30T01:48:17.491278+00:00
2020-07-01,month_end,31,country,미국,6596979000,잠정,2026-09-30T01:48:17.491278+00:00
2020-07-01,month_end,31,country,베트남,4203038000,잠정,2026-09-30T01:48:17.491278+00:00
2020-07-01,month_end,31,country,싱가포르,586851000,잠정,2026-09-30T01:48:17.491278+00:00
2020-07-01,month_end,31,country,유럽연합,4094913000,잠정,2026-09-30T01:48:17.491278+00:00
2020-07-01,month_end,31,country,인도,787008000,잠정,2026-09-30T01:48:17.491278+00:00
2020-07-01,month_end,31,country,일본,1999257000,잠정,2026-09-30T01:48:17.491278+00:00
2020-07-01,month_end,31,country,전체,42785144000,잠정,2026-09-30T01:48:17.491278+00:00
2020-07-01,month_end,31,country,중국,11726183000,잠정,2026-09-30T01:48:17.491278+00:00
2020-07-01,month_end,31,country,홍콩,2034338000,잠정,2026-09-30T01:48:17.491278+00:00
2020-07-01,month_end,31,product,가전제품,724026000,잠정,2026-09-30T01:44:34.298566+00:00
2020-07-01,month_end,31,product,무선통신기기,1561818000,잠정,2026-09-30T01:44:34.298566+00:00
2020-07-01,month_end,31,product,반도체,8116298000,잠정,2026-09-30T01:44:34.298566+00:00
2020-07-01,month_end,31,product,석유제품,2089149000,잠정,2026-09-30T01:44:34.298566+00:00
2020-07-01,month_end,31,product,선박,1727015000,잠정,2026-09-30T01:44:34.298566+00:00
2020-07-01,month_end,31,product,승용차,3519795000,잠정,2026-09-30T01:44:34.298566+00:00
2020-07-01,month_end,31,product,자동차부품,1428793000,잠정,2026-09-30T01:44:34.298566+00:00
2020-07-01,month_end,31,product,전체,42785144000,잠정,2026-09-30T01:44:34.298566+00:00
2020-07-01,month_end,31,product,정밀기기,972368000,잠정,2026-09-30T01:44:34.298566+00:00
2020-07-01,month_end,31,product,철강제품,3296948000,잠정,2026-09-30T01:44:34.298566+00:00
2020-07-01,month_end,31,product,컴퓨터주변기기,1085171000,잠정,2026-09-30T01:44:34.298566+00:00
2020-08-01,10,10,country,대만,343522000,잠정,2026-09-30T01:48:17.491278+00:00
2020-08-01,10,10,country,말레이시아,146838000,잠정,2026-09-30T01:48:17.491278+00:00
2020-08-01,10,10,country,미국,1061435000,잠정,2026-09-30T01:48:17.491278+00:00
2020-08-01,10,10,country,베트남,1074533000,잠정,2026-09-30T01:48:17.491278+00:00
2020-08-01,10,10,country,싱가포르,160982000,잠정,2026-09-30T01:48:17.491278+00:00
2020-08-01,10,10,country,유럽연합,740036000,잠정,2026-09-30T01:48:17.491278+00:00
2020-08-01,10,10,country,인도,145327000,잠정,2026-09-30T01:48:17.491278+00:00
2020-08-01,10,10,country,일본,394759000,잠정,2026-09-30T01:48:17.491278+00:00
2020-08-01,10,10,country,전체,8694299000,잠정,2026-09-30T01:48:17.491278+00:00
2020-08-01,10,10,country,중국,2818950000,잠정,2026-09-30T01:48:17.491278+00:00
2020-08-01,10,10,country,홍콩,364965000,잠정,2026-09-30T01:48:17.491278+00:00
2020-08-01,10,10,product,가전제품,162502000,잠정,2026-09-30T01:44:34.298566+00:00
2020-08-01,10,10,product,무선통신기기,389581000,잠정,2026-09-30T01:44:34.298566+00:00
2020-08-01,10,10,product,반도체,2179997000,잠정,2026-09-30T01:44:34.298566+00:00
2020-08-01,10,10,product,석유제품,619262000,잠정,2026-09-30T01:44:34.298566+00:00
2020-08-01,10,10,product,선박,12802000,잠정,2026-09-30T01:44:34.298566+00:00
2020-08-01,10,10,product,승용차,237226000,잠정,2026-09-30T01:44:34.298566+00:00
2020-08-01,10,10,product,자동차부품,156431000,잠정,2026-09-30T01:44:34.298566+00:00
2020-08-01,10,10,product,전체,8694299000,잠정,2026-09-30T01:44:34.298566+00:00
2020-08-01,10,10,product,정밀기기,253994000,잠정,2026-09-30T01:44:34.298566+00:00
2020-08-01,10,10,product,철강제품,626399000,잠정,2026-09-30T01:44:34.298566+00:00
2020-08-01,10,10,product,컴퓨터주변기기,272755000,잠정,2026-09-30T01:44:34.298566+00:00
2020-08-01,20,20,country,대만,819519000,잠정,2026-09-30T01:48:17.491278+00:00
2020-08-01,20,20,country,말레이시아,339925000,잠정,2026-09-30T01:48:17.491278+00:00
2020-08-01,20,20,country,미국,3134583000,잠정,2026-09-30T01:48:17.491278+00:00
2020-08-01,20,20,country,베트남,2656212000,잠정,2026-09-30T01:48:17.491278+00:00
2020-08-01,20,20,country,싱가포르,390129000,잠정,2026-09-30T01:48:17.491278+00:00
2020-08-01,20,20,country,유럽연합,2093978000,잠정,2026-09-30T01:48:17.491278+00:00
2020-08-01,20,20,country,인도,505388000,잠정,2026-09-30T01:48:17.491278+00:00
2020-08-01,20,20,country,일본,1060548000,잠정,2026-09-30T01:48:17.491278+00:00
2020-08-01,20,20,country,전체,22886441000,잠정,2026-09-30T01:48:17.491278+00:00
2020-08-01,20,20,country,중국,6655145000,잠정,2026-09-30T01:48:17.491278+00:00
2020-08-01,20,20,country,홍콩,1006304000,잠정,2026-09-30T01:48:17.491278+00:00
2020-08-01,20,20,product,가전제품,415850000,잠정,2026-09-30T01:44:34.298566+00:00
2020-08-01,20,20,product,무선통신기기,969388000,잠정,2026-09-30T01:44:34.298566+00:00
2020-08-01,20,20,product,반도체,4872166000,잠정,2026-09-30T01:44:34.298566+00:00
2020-08-01,20,20,product,석유제품,1320538000,잠정,2026-09-30T01:44:34.298566+00:00
2020-08-01,20,20,product,선박,339082000,잠정,2026-09-30T01:44:34.298566+00:00
2020-08-01,20,20,product,승용차,1056783000,잠정,2026-09-30T01:44:34.298566+00:00
2020-08-01,20,20,product,자동차부품,722418000,잠정,2026-09-30T01:44:34.298566+00:00
2020-08-01,20,20,product,전체,22886441000,잠정,2026-09-30T01:44:34.298566+00:00
2020-08-01,20,20,product,정밀기기,602936000,잠정,2026-09-30T01:44:34.298566+00:00
2020-08-01,20,20,product,철강제품,1748478000,잠정,2026-09-30T01:44:34.298566+00:00
2020-08-01,20,20,product,컴퓨터주변기기,668516000,잠정,2026-09-30T01:44:34.298566+00:00
2020-08-01,month_end,31,country,대만,1413335000,잠정,2026-09-30T01:48:17.491278+00:00
2020-08-01,month_end,31,country,말레이시아,574612000,잠정,2026-09-30T01:48:17.491278+00:00
2020-08-01,month_end,31,country,미국,5581925000,잠정,2026-09-30T01:48:17.491278+00:00
2020-08-01,month_end,31,country,베트남,4107145000,잠정,2026-09-30T01:48:17.491278+00:00
2020-08-01,month_end,31,country,싱가포르,711140000,잠정,2026-09-30T01:48:17.491278+00:00
2020-08-01,month_end,31,country,유럽연합,3814959000,잠정,2026-09-30T01:48:17.491278+00:00
2020-08-01,month_end,31,country,인도,858405000,잠정,2026-09-30T01:48:17.491278+00:00
2020-08-01,month_end,31,country,일본,1761393000,잠정,2026-09-30T01:48:17.491278+00:00
2020-08-01,month_end,31,country,전체,39469231000,잠정,2026-09-30T01:48:17.491278+00:00
2020-08-01,month_end,31,country,중국,10937538000,잠정,2026-09-30T01:48:17.491278+00:00
2020-08-01,month_end,31,country,홍콩,2150969000,잠정,2026-09-30T01:48:17.491278+00:00
2020-08-01,month_end,31,product,가전제품,659251000,잠정,2026-09-30T01:44:34.298566+00:00
2020-08-01,month_end,31,product,무선통신기기,1594700000,잠정,2026-09-30T01:44:34.298566+00:00
2020-08-01,month_end,31,product,반도체,8429925000,잠정,2026-09-30T01:44:34.298566+00:00
2020-08-01,month_end,31,product,석유제품,2032643000,잠정,2026-09-30T01:44:34.298566+00:00
2020-08-01,month_end,31,product,선박,1131152000,잠정,2026-09-30T01:44:34.298566+00:00
2020-08-01,month_end,31,product,승용차,2459444000,잠정,2026-09-30T01:44:34.298566+00:00
2020-08-01,month_end,31,product,자동차부품,1253139000,잠정,2026-09-30T01:44:34.298566+00:00
2020-08-01,month_end,31,product,전체,39469231000,잠정,2026-09-30T01:44:34.298566+00:00
2020-08-01,month_end,31,product,정밀기기,970031000,잠정,2026-09-30T01:44:34.298566+00:00
2020-08-01,month_end,31,product,철강제품,3013791000,잠정,2026-09-30T01:44:34.298566+00:00
2020-08-01,month_end,31,product,컴퓨터주변기기,1242629000,잠정,2026-09-30T01:44:34.298566+00:00
2020-09-01,10,10,country,대만,473209000,잠정,2026-09-30T01:48:17.491278+00:00
2020-09-01,10,10,country,말레이시아,234797000,잠정,2026-09-30T01:48:17.491278+00:00
2020-09-01,10,10,country,미국,1961896000,잠정,2026-09-30T01:48:17.491278+00:00
2020-09-01,10,10,country,베트남,1621461000,잠정,2026-09-30T01:48:17.491278+00:00
2020-09-01,10,10,country,싱가포르,209101000,잠정,2026-09-30T01:48:17.491278+00:00
2020-09-01,10,10,country,유럽연합,1425068000,잠정,2026-09-30T01:48:17.491278+00:00
2020-09-01,10,10,country,인도,366326000,잠정,2026-09-30T01:48:17.491278+00:00
2020-09-01,10,10,country,일본,673008000,잠정,2026-09-30T01:48:17.491278+00:00
2020-09-01,10,10,country,전체,14918733000,잠정,2026-09-30T01:48:17.491278+00:00
2020-09-01,10,10,country,중국,4198360000,잠정,2026-09-30T01:48:17.491278+00:00
2020-09-01,10,10,country,홍콩,885555000,잠정,2026-09-30T01:48:17.491278+00:00
2020-09-01,10,10,product,가전제품,248594000,잠정,2026-09-30T01:44:34.298566+00:00
2020-09-01,10,10,product,무선통신기기,693382000,잠정,2026-09-30T01:44:34.298566+00:00
2020-09-01,10,10,product,반도체,3296578000,잠정,2026-09-30T01:44:34.298566+00:00
2020-09-01,10,10,product,석유제품,650457000,잠정,2026-09-30T01:44:34.298566+00:00
2020-09-01,10,10,product,선박,327532000,잠정,2026-09-30T01:44:34.298566+00:00
2020-09-01,10,10,product,승용차,886057000,잠정,2026-09-30T01:44:34.298566+00:00
2020-09-01,10,10,product,자동차부품,628851000,잠정,2026-09-30T01:44:34.298566+00:00
2020-09-01,10,10,product,전체,14918733000,잠정,2026-09-30T01:44:34.298566+00:00
2020-09-01,10,10,product,정밀기기,415056000,잠정,2026-09-30T01:44:34.298566+00:00
2020-09-01,10,10,product,철강제품,1040348000,잠정,2026-09-30T01:44:34.298566+00:00
2020-09-01,10,10,product,컴퓨터주변기기,379490000,잠정,2026-09-30T01:44:34.298566+00:00
2020-09-01,20,20,country,대만,871136000,잠정,2026-09-30T01:48:17.491278+00:00
2020-09-01,20,20,country,말레이시아,462577000,잠정,2026-09-30T01:48:17.491278+00:00
2020-09-01,20,20,country,미국,4065470000,잠정,2026-09-30T01:48:17.491278+00:00
2020-09-01,20,20,country,베트남,3054659000,잠정,2026-09-30T01:48:17.491278+00:00
2020-09-01,20,20,country,싱가포르,455992000,잠정,2026-09-30T01:48:17.491278+00:00
2020-09-01,20,20,country,유럽연합,2974335000,잠정,2026-09-30T01:48:17.491278+00:00
2020-09-01,20,20,country,인도,973042000,잠정,2026-09-30T01:48:17.491278+00:00
2020-09-01,20,20,country,일본,1249365000,잠정,2026-09-30T01:48:17.491278+00:00
2020-09-01,20,20,country,전체,29359555000,잠정,2026-09-30T01:48:17.491278+00:00
2020-09-01,20,20,country,중국,8022741000,잠정,2026-09-30T01:48:17.491278+00:00
2020-09-01,20,20,country,홍콩,1753586000,잠정,2026-09-30T01:48:17.491278+00:00
2020-09-01,20,20,product,가전제품,469183000,잠정,2026-09-30T01:44:34.298566+00:00
2020-09-01,20,20,product,무선통신기기,1373463000,잠정,2026-09-30T01:44:34.298566+00:00
2020-09-01,20,20,product,반도체,6188315000,잠정,2026-09-30T01:44:34.298566+00:00
2020-09-01,20,20,product,석유제품,1255882000,잠정,2026-09-30T01:44:34.298566+00:00
2020-09-01,20,20,product,선박,1107522000,잠정,2026-09-30T01:44:34.298566+00:00
2020-09-01,20,20,product,승용차,2170229000,잠정,2026-09-30T01:44:34.298566+00:00
2020-09-01,20,20,product,자동차부품,1126856000,잠정,2026-09-30T01:44:34.298566+00:00
2020-09-01,20,20,product,전체,29359555000,잠정,2026-09-30T01:44:34.298566+00:00
2020-09-01,20,20,product,정밀기기,748387000,잠정,2026-09-30T01:44:34.298566+00:00
2020-09-01,20,20,product,철강제품,2073081000,잠정,2026-09-30T01:44:34.298566+00:00
2020-09-01,20,20,product,컴퓨터주변기기,723670000,잠정,2026-09-30T01:44:34.298566+00:00
2020-09-01,month_end,30,country,대만,1524871000,잠정,2026-09-30T01:48:17.491278+00:00
2020-09-01,month_end,30,country,말레이시아,739204000,잠정,2026-09-30T01:48:17.491278+00:00
2020-09-01,month_end,30,country,미국,6997554000,잠정,2026-09-30T01:48:17.491278+00:00
2020-09-01,month_end,30,country,베트남,4796012000,잠정,2026-09-30T01:48:17.491278+00:00
2020-09-01,month_end,30,country,싱가포르,759781000,잠정,2026-09-30T01:48:17.491278+00:00
2020-09-01,month_end,30,country,유럽연합,5044444000,잠정,2026-09-30T01:48:17.491278+00:00
2020-09-01,month_end,30,country,인도,1471347000,잠정,2026-09-30T01:48:17.491278+00:00
2020-09-01,month_end,30,country,일본,2156621000,잠정,2026-09-30T01:48:17.491278+00:00
2020-09-01,month_end,30,country,전체,47819948000,잠정,2026-09-30T01:48:17.491278+00:00
2020-09-01,month_end,30,country,중국,12185274000,잠정,2026-09-30T01:48:17.491278+00:00
2020-09-01,month_end,30,country,홍콩,3005224000,잠정,2026-09-30T01:48:17.491278+00:00
2020-09-01,month_end,30,product,가전제품,734566000,잠정,2026-09-30T01:44:34.298566+00:00
2020-09-01,month_end,30,product,무선통신기기,2201594000,잠정,2026-09-30T01:44:34.298566+00:00
2020-09-01,month_end,30,product,반도체,9753555000,잠정,2026-09-30T01:44:34.298566+00:00
2020-09-01,month_end,30,product,석유제품,1985270000,잠정,2026-09-30T01:44:34.298566+00:00
2020-09-01,month_end,30,product,선박,1695185000,잠정,2026-09-30T01:44:34.298566+00:00
2020-09-01,month_end,30,product,승용차,3598873000,잠정,2026-09-30T01:44:34.298566+00:00
2020-09-01,month_end,30,product,자동차부품,1888020000,잠정,2026-09-30T01:44:34.298566+00:00
2020-09-01,month_end,30,product,전체,47819948000,잠정,2026-09-30T01:44:34.298566+00:00
2020-09-01,month_end,30,product,정밀기기,1182505000,잠정,2026-09-30T01:44:34.298566+00:00
2020-09-01,month_end,30,product,철강제품,3593309000,잠정,2026-09-30T01:44:34.298566+00:00
2020-09-01,month_end,30,product,컴퓨터주변기기,1175076000,잠정,2026-09-30T01:44:34.298566+00:00
2020-10-01,10,10,country,대만,342630000,잠정,2026-09-30T01:48:17.491278+00:00
2020-10-01,10,10,country,말레이시아,158697000,잠정,2026-09-30T01:48:17.491278+00:00
2020-10-01,10,10,country,미국,1175204000,잠정,2026-09-30T01:48:17.491278+00:00
2020-10-01,10,10,country,베트남,1186003000,잠정,2026-09-30T01:48:17.491278+00:00
2020-10-01,10,10,country,싱가포르,116985000,잠정,2026-09-30T01:48:17.491278+00:00
2020-10-01,10,10,country,유럽연합,877115000,잠정,2026-09-30T01:48:17.491278+00:00
2020-10-01,10,10,country,인도,224572000,잠정,2026-09-30T01:48:17.491278+00:00
2020-10-01,10,10,country,일본,437045000,잠정,2026-09-30T01:48:17.491278+00:00
2020-10-01,10,10,country,전체,9277053000,잠정,2026-09-30T01:48:17.491278+00:00
2020-10-01,10,10,country,중국,2795942000,잠정,2026-09-30T01:48:17.491278+00:00
2020-10-01,10,10,country,홍콩,416738000,잠정,2026-09-30T01:48:17.491278+00:00
2020-10-01,10,10,product,가전제품,129280000,잠정,2026-09-30T01:44:34.298566+00:00
2020-10-01,10,10,product,무선통신기기,664580000,잠정,2026-09-30T01:44:34.298566+00:00
2020-10-01,10,10,product,반도체,2298206000,잠정,2026-09-30T01:44:34.298566+00:00
2020-10-01,10,10,product,석유제품,409470000,잠정,2026-09-30T01:44:34.298566+00:00
2020-10-01,10,10,product,선박,42954000,잠정,2026-09-30T01:44:34.298566+00:00
2020-10-01,10,10,product,승용차,592113000,잠정,2026-09-30T01:44:34.298566+00:00
2020-10-01,10,10,product,자동차부품,339340000,잠정,2026-09-30T01:44:34.298566+00:00
2020-10-01,10,10,product,전체,9277053000,잠정,2026-09-30T01:44:34.298566+00:00
2020-10-01,10,10,product,정밀기기,222405000,잠정,2026-09-30T01:44:34.298566+00:00
2020-10-01,10,10,product,철강제품,647812000,잠정,2026-09-30T01:44:34.298566+00:00
2020-10-01,10,10,product,컴퓨터주변기기,180714000,잠정,2026-09-30T01:44:34.298566+00:00
2020-10-01,20,20,country,대만,840115000,잠정,2026-09-30T01:48:17.491278+00:00
2020-10-01,20,20,country,말레이시아,368160000,잠정,2026-09-30T01:48:17.491278+00:00
2020-10-01,20,20,country,미국,3527403000,잠정,2026-09-30T01:48:17.491278+00:00
2020-10-01,20,20,country,베트남,2683385000,잠정,2026-09-30T01:48:17.491278+00:00
2020-10-01,20,20,country,싱가포르,328622000,잠정,2026-09-30T01:48:17.491278+00:00
2020-10-01,20,20,country,유럽연합,2552563000,잠정,2026-09-30T01:48:17.491278+00:00
2020-10-01,20,20,country,인도,654462000,잠정,2026-09-30T01:48:17.491278+00:00
2020-10-01,20,20,country,일본,1085517000,잠정,2026-09-30T01:48:17.491278+00:00
2020-10-01,20,20,country,전체,25107953000,잠정,2026-09-30T01:48:17.491278+00:00
2020-10-01,20,20,country,중국,6946882000,잠정,2026-09-30T01:48:17.491278+00:00
2020-10-01,20,20,country,홍콩,1171540000,잠정,2026-09-30T01:48:17.491278+00:00
2020-10-01,20,20,product,가전제품,373694000,잠정,2026-09-30T01:44:34.298566+00:00
2020-10-01,20,20,product,무선통신기기,1487133000,잠정,2026-09-30T01:44:34.298566+00:00
2020-10-01,20,20,product,반도체,5161602000,잠정,2026-09-30T01:44:34.298566+00:00
2020-10-01,20,20,product,석유제품,1086008000,잠정,2026-09-30T01:44:34.298566+00:00
2020-10-01,20,20,product,선박,727523000,잠정,2026-09-30T01:44:34.298566+00:00
2020-10-01,20,20,product,승용차,1817602000,잠정,2026-09-30T01:44:34.298566+00:00
2020-10-01,20,20,product,자동차부품,976080000,잠정,2026-09-30T01:44:34.298566+00:00
2020-10-01,20,20,product,전체,25107953000,잠정,2026-09-30T01:44:34.298566+00:00
2020-10-01,20,20,product,정밀기기,589943000,잠정,2026-09-30T01:44:34.298566+00:00
2020-10-01,20,20,product,철강제품,1914525000,잠정,2026-09-30T01:44:34.298566+00:00
2020-10-01,20,20,product,컴퓨터주변기기,480212000,잠정,2026-09-30T01:44:34.298566+00:00
2020-10-01,month_end,31,country,대만,1551769000,잠정,2026-09-30T01:48:17.491278+00:00
2020-10-01,month_end,31,country,말레이시아,653090000,잠정,2026-09-30T01:48:17.491278+00:00
2020-10-01,month_end,31,country,미국,6562209000,잠정,2026-09-30T01:48:17.491278+00:00
2020-10-01,month_end,31,country,베트남,4508943000,잠정,2026-09-30T01:48:17.491278+00:00
2020-10-01,month_end,31,country,싱가포르,586414000,잠정,2026-09-30T01:48:17.491278+00:00
2020-10-01,month_end,31,country,유럽연합,4659319000,잠정,2026-09-30T01:48:17.491278+00:00
2020-10-01,month_end,31,country,인도,1079873000,잠정,2026-09-30T01:48:17.491278+00:00
2020-10-01,month_end,31,country,일본,1924047000,잠정,2026-09-30T01:48:17.491278+00:00
2020-10-01,month_end,31,country,전체,44818534000,잠정,2026-09-30T01:48:17.491278+00:00
2020-10-01,month_end,31,country,중국,11527356000,잠정,2026-09-30T01:48:17.491278+00:00
2020-10-01,month_end,31,country,홍콩,2731821000,잠정,2026-09-30T01:48:17.491278+00:00
2020-10-01,month_end,31,product,가전제품,629757000,잠정,2026-09-30T01:44:34.298566+00:00
2020-10-01,month_end,31,product,무선통신기기,2454082000,잠정,2026-09-30T01:44:34.298566+00:00
2020-10-01,month_end,31,product,반도체,8887797000,잠정,2026-09-30T01:44:34.298566+00:00
2020-10-01,month_end,31,product,석유제품,1693213000,잠정,2026-09-30T01:44:34.298566+00:00
2020-10-01,month_end,31,product,선박,1418611000,잠정,2026-09-30T01:44:34.298566+00:00
2020-10-01,month_end,31,product,승용차,3850403000,잠정,2026-09-30T01:44:34.298566+00:00
2020-10-01,month_end,31,product,자동차부품,1744560000,잠정,2026-09-30T01:44:34.298566+00:00
2020-10-01,month_end,31,product,전체,44818534000,잠정,2026-09-30T01:44:34.298566+00:00
2020-10-01,month_end,31,product,정밀기기,1020844000,잠정,2026-09-30T01:44:34.298566+00:00
2020-10-01,month_end,31,product,철강제품,3413558000,잠정,2026-09-30T01:44:34.298566+00:00
2020-10-01,month_end,31,product,컴퓨터주변기기,896232000,잠정,2026-09-30T01:44:34.298566+00:00
2020-11-01,10,10,country,대만,490091000,잠정,2026-09-30T01:48:17.491278+00:00
2020-11-01,10,10,country,말레이시아,173287000,잠정,2026-09-30T01:48:17.491278+00:00
2020-11-01,10,10,country,미국,2072851000,잠정,2026-09-30T01:48:17.491278+00:00
2020-11-01,10,10,country,베트남,1415813000,잠정,2026-09-30T01:48:17.491278+00:00
2020-11-01,10,10,country,싱가포르,339855000,잠정,2026-09-30T01:48:17.491278+00:00
2020-11-01,10,10,country,유럽연합,1490580000,잠정,2026-09-30T01:48:17.491278+00:00
2020-11-01,10,10,country,인도,312141000,잠정,2026-09-30T01:48:17.491278+00:00
2020-11-01,10,10,country,일본,628976000,잠정,2026-09-30T01:48:17.491278+00:00
2020-11-01,10,10,country,전체,14113417000,잠정,2026-09-30T01:48:17.491278+00:00
2020-11-01,10,10,country,중국,3868550000,잠정,2026-09-30T01:48:17.491278+00:00
2020-11-01,10,10,country,홍콩,657673000,잠정,2026-09-30T01:48:17.491278+00:00
2020-11-01,10,10,product,가전제품,192795000,잠정,2026-09-30T01:44:34.298566+00:00
2020-11-01,10,10,product,무선통신기기,896640000,잠정,2026-09-30T01:44:34.298566+00:00
2020-11-01,10,10,product,반도체,2600470000,잠정,2026-09-30T01:44:34.298566+00:00
2020-11-01,10,10,product,석유제품,672025000,잠정,2026-09-30T01:44:34.298566+00:00
2020-11-01,10,10,product,선박,590920000,잠정,2026-09-30T01:44:34.298566+00:00
2020-11-01,10,10,product,승용차,1042019000,잠정,2026-09-30T01:44:34.298566+00:00
2020-11-01,10,10,product,자동차부품,540387000,잠정,2026-09-30T01:44:34.298566+00:00
2020-11-01,10,10,product,전체,14113417000,잠정,2026-09-30T01:44:34.298566+00:00
2020-11-01,10,10,product,정밀기기,338838000,잠정,2026-09-30T01:44:34.298566+00:00
2020-11-01,10,10,product,철강제품,1021728000,잠정,2026-09-30T01:44:34.298566+00:00
2020-11-01,10,10,product,컴퓨터주변기기,231634000,잠정,2026-09-30T01:44:34.298566+00:00
2020-11-01,20,20,country,대만,1102617000,잠정,2026-09-30T01:48:17.491278+00:00
2020-11-01,20,20,country,말레이시아,435515000,잠정,2026-09-30T01:48:17.491278+00:00
2020-11-01,20,20,country,미국,4724169000,잠정,2026-09-30T01:48:17.491278+00:00
2020-11-01,20,20,country,베트남,3059861000,잠정,2026-09-30T01:48:17.491278+00:00
2020-11-01,20,20,country,싱가포르,536298000,잠정,2026-09-30T01:48:17.491278+00:00
2020-11-01,20,20,country,유럽연합,3250829000,잠정,2026-09-30T01:48:17.491278+00:00
2020-11-01,20,20,country,인도,784503000,잠정,2026-09-30T01:48:17.491278+00:00
2020-11-01,20,20,country,일본,1435006000,잠정,2026-09-30T01:48:17.491278+00:00
2020-11-01,20,20,country,전체,31252979000,잠정,2026-09-30T01:48:17.491278+00:00
2020-11-01,20,20,country,중국,8323015000,잠정,2026-09-30T01:48:17.491278+00:00
2020-11-01,20,20,country,홍콩,1470182000,잠정,2026-09-30T01:48:17.491278+00:00
2020-11-01,20,20,product,가전제품,418545000,잠정,2026-09-30T01:44:34.298566+00:00
2020-11-01,20,20,product,무선통신기기,1822165000,잠정,2026-09-30T01:44:34.298566+00:00
2020-11-01,20,20,product,반도체,5648287000,잠정,2026-09-30T01:44:34.298566+00:00
2020-11-01,20,20,product,석유제품,1260845000,잠정,2026-09-30T01:44:34.298566+00:00
2020-11-01,20,20,product,선박,887510000,잠정,2026-09-30T01:44:34.298566+00:00
2020-11-01,20,20,product,승용차,2498275000,잠정,2026-09-30T01:44:34.298566+00:00
2020-11-01,20,20,product,자동차부품,1284706000,잠정,2026-09-30T01:44:34.298566+00:00
2020-11-01,20,20,product,전체,31252979000,잠정,2026-09-30T01:44:34.298566+00:00
2020-11-01,20,20,product,정밀기기,766734000,잠정,2026-09-30T01:44:34.298566+00:00
2020-11-01,20,20,product,철강제품,2423813000,잠정,2026-09-30T01:44:34.298566+00:00
2020-11-01,20,20,product,컴퓨터주변기기,555862000,잠정,2026-09-30T01:44:34.298566+00:00
2020-11-01,month_end,30,country,대만,1593029000,잠정,2026-09-30T01:48:17.491278+00:00
2020-11-01,month_end,30,country,말레이시아,664589000,잠정,2026-09-30T01:48:17.491278+00:00
2020-11-01,month_end,30,country,미국,6664272000,잠정,2026-09-30T01:48:17.491278+00:00
2020-11-01,month_end,30,country,베트남,4506085000,잠정,2026-09-30T01:48:17.491278+00:00
2020-11-01,month_end,30,country,싱가포르,736473000,잠정,2026-09-30T01:48:17.491278+00:00
2020-11-01,month_end,30,country,유럽연합,4857148000,잠정,2026-09-30T01:48:17.491278+00:00
2020-11-01,month_end,30,country,인도,1133714000,잠정,2026-09-30T01:48:17.491278+00:00
2020-11-01,month_end,30,country,일본,2122870000,잠정,2026-09-30T01:48:17.491278+00:00
2020-11-01,month_end,30,country,전체,45751883000,잠정,2026-09-30T01:48:17.491278+00:00
2020-11-01,month_end,30,country,중국,12029854000,잠정,2026-09-30T01:48:17.491278+00:00
2020-11-01,month_end,30,country,홍콩,2635980000,잠정,2026-09-30T01:48:17.491278+00:00
2020-11-01,month_end,30,product,가전제품,593563000,잠정,2026-09-30T01:44:34.298566+00:00
2020-11-01,month_end,30,product,무선통신기기,2597808000,잠정,2026-09-30T01:44:34.298566+00:00
2020-11-01,month_end,30,product,반도체,8827529000,잠정,2026-09-30T01:44:34.298566+00:00
2020-11-01,month_end,30,product,석유제품,1800933000,잠정,2026-09-30T01:44:34.298566+00:00
2020-11-01,month_end,30,product,선박,978174000,잠정,2026-09-30T01:44:34.298566+00:00
2020-11-01,month_end,30,product,승용차,3801074000,잠정,2026-09-30T01:44:34.298566+00:00
2020-11-01,month_end,30,product,자동차부품,1820469000,잠정,2026-09-30T01:44:34.298566+00:00
2020-11-01,month_end,30,product,전체,45751883000,잠정,2026-09-30T01:44:34.298566+00:00
2020-11-01,month_end,30,product,정밀기기,1105166000,잠정,2026-09-30T01:44:34.298566+00:00
2020-11-01,month_end,30,product,철강제품,3538236000,잠정,2026-09-30T01:44:34.298566+00:00
2020-11-01,month_end,30,product,컴퓨터주변기기,907357000,잠정,2026-09-30T01:44:34.298566+00:00
2020-12-01,10,10,country,대만,559704000,잠정,2026-09-30T01:48:17.491278+00:00
2020-12-01,10,10,country,말레이시아,245810000,잠정,2026-09-30T01:48:17.491278+00:00
2020-12-01,10,10,country,미국,2203190000,잠정,2026-09-30T01:48:17.491278+00:00
2020-12-01,10,10,country,베트남,1801382000,잠정,2026-09-30T01:48:17.491278+00:00
2020-12-01,10,10,country,싱가포르,195764000,잠정,2026-09-30T01:48:17.491278+00:00
2020-12-01,10,10,country,유럽연합,1858739000,잠정,2026-09-30T01:48:17.491278+00:00
2020-12-01,10,10,country,인도,400573000,잠정,2026-09-30T01:48:17.491278+00:00
2020-12-01,10,10,country,일본,880471000,잠정,2026-09-30T01:48:17.491278+00:00
2020-12-01,10,10,country,전체,16190161000,잠정,2026-09-30T01:48:17.491278+00:00
2020-12-01,10,10,country,중국,4123309000,잠정,2026-09-30T01:48:17.491278+00:00
2020-12-01,10,10,country,홍콩,724468000,잠정,2026-09-30T01:48:17.491278+00:00
2020-12-01,10,10,product,가전제품,215216000,잠정,2026-09-30T01:44:34.298566+00:00
2020-12-01,10,10,product,무선통신기기,981189000,잠정,2026-09-30T01:44:34.298566+00:00
2020-12-01,10,10,product,반도체,2877605000,잠정,2026-09-30T01:44:34.298566+00:00
2020-12-01,10,10,product,석유제품,648634000,잠정,2026-09-30T01:44:34.298566+00:00
2020-12-01,10,10,product,선박,588933000,잠정,2026-09-30T01:44:34.298566+00:00
2020-12-01,10,10,product,승용차,1054080000,잠정,2026-09-30T01:44:34.298566+00:00
2020-12-01,10,10,product,자동차부품,731131000,잠정,2026-09-30T01:44:34.298566+00:00
2020-12-01,10,10,product,전체,16190161000,잠정,2026-09-30T01:44:34.298566+00:00
2020-12-01,10,10,product,정밀기기,410910000,잠정,2026-09-30T01:44:34.298566+00:00
2020-12-01,10,10,product,철강제품,1188223000,잠정,2026-09-30T01:44:34.298566+00:00
2020-12-01,10,10,product,컴퓨터주변기기,257269000,잠정,2026-09-30T01:44:34.298566+00:00
2020-12-01,20,20,country,대만,1027826000,잠정,2026-09-30T01:48:17.491278+00:00
2020-12-01,20,20,country,말레이시아,438232000,잠정,2026-09-30T01:48:17.491278+00:00
2020-12-01,20,20,country,미국,4244400000,잠정,2026-09-30T01:48:17.491278+00:00
2020-12-01,20,20,country,베트남,3305907000,잠정,2026-09-30T01:48:17.491278+00:00
2020-12-01,20,20,country,싱가포르,511596000,잠정,2026-09-30T01:48:17.491278+00:00
2020-12-01,20,20,country,유럽연합,3396321000,잠정,2026-09-30T01:48:17.491278+00:00
2020-12-01,20,20,country,인도,775007000,잠정,2026-09-30T01:48:17.491278+00:00
2020-12-01,20,20,country,일본,1575617000,잠정,2026-09-30T01:48:17.491278+00:00
2020-12-01,20,20,country,전체,30745327000,잠정,2026-09-30T01:48:17.491278+00:00
2020-12-01,20,20,country,중국,8007402000,잠정,2026-09-30T01:48:17.491278+00:00
2020-12-01,20,20,country,홍콩,1530349000,잠정,2026-09-30T01:48:17.491278+00:00
2020-12-01,20,20,product,가전제품,393856000,잠정,2026-09-30T01:44:34.298566+00:00
2020-12-01,20,20,product,무선통신기기,1847128000,잠정,2026-09-30T01:44:34.298566+00:00
2020-12-01,20,20,product,반도체,5784582000,잠정,2026-09-30T01:44:34.298566+00:00
2020-12-01,20,20,product,석유제품,1207927000,잠정,2026-09-30T01:44:34.298566+00:00
2020-12-01,20,20,product,선박,1266606000,잠정,2026-09-30T01:44:34.298566+00:00
2020-12-01,20,20,product,승용차,2111741000,잠정,2026-09-30T01:44:34.298566+00:00
2020-12-01,20,20,product,자동차부품,1272713000,잠정,2026-09-30T01:44:34.298566+00:00
2020-12-01,20,20,product,전체,30745327000,잠정,2026-09-30T01:44:34.298566+00:00
2020-12-01,20,20,product,정밀기기,737679000,잠정,2026-09-30T01:44:34.298566+00:00
2020-12-01,20,20,product,철강제품,2255489000,잠정,2026-09-30T01:44:34.298566+00:00
2020-12-01,20,20,product,컴퓨터주변기기,506919000,잠정,2026-09-30T01:44:34.298566+00:00
2020-12-01,month_end,31,country,대만,1774431000,잠정,2026-09-30T01:48:17.491278+00:00
2020-12-01,month_end,31,country,말레이시아,812077000,잠정,2026-09-30T01:48:17.491278+00:00
2020-12-01,month_end,31,country,미국,7157647000,잠정,2026-09-30T01:48:17.491278+00:00
2020-12-01,month_end,31,country,베트남,5242213000,잠정,2026-09-30T01:48:17.491278+00:00
2020-12-01,month_end,31,country,싱가포르,908473000,잠정,2026-09-30T01:48:17.491278+00:00
2020-12-01,month_end,31,country,유럽연합,5458728000,잠정,2026-09-30T01:48:17.491278+00:00
2020-12-01,month_end,31,country,인도,1258791000,잠정,2026-09-30T01:48:17.491278+00:00
2020-12-01,month_end,31,country,일본,2332173000,잠정,2026-09-30T01:48:17.491278+00:00
2020-12-01,month_end,31,country,전체,51332449000,잠정,2026-09-30T01:48:17.491278+00:00
2020-12-01,month_end,31,country,중국,12710301000,잠정,2026-09-30T01:48:17.491278+00:00
2020-12-01,month_end,31,country,홍콩,3102677000,잠정,2026-09-30T01:48:17.491278+00:00
2020-12-01,month_end,31,product,가전제품,601557000,잠정,2026-09-30T01:44:34.298566+00:00
2020-12-01,month_end,31,product,무선통신기기,2728538000,잠정,2026-09-30T01:44:34.298566+00:00
2020-12-01,month_end,31,product,반도체,9705310000,잠정,2026-09-30T01:44:34.298566+00:00
2020-12-01,month_end,31,product,석유제품,2192977000,잠정,2026-09-30T01:44:34.298566+00:00
2020-12-01,month_end,31,product,선박,2725530000,잠정,2026-09-30T01:44:34.298566+00:00
2020-12-01,month_end,31,product,승용차,3419613000,잠정,2026-09-30T01:44:34.298566+00:00
2020-12-01,month_end,31,product,자동차부품,2070125000,잠정,2026-09-30T01:44:34.298566+00:00
2020-12-01,month_end,31,product,전체,51332449000,잠정,2026-09-30T01:44:34.298566+00:00
2020-12-01,month_end,31,product,정밀기기,1174976000,잠정,2026-09-30T01:44:34.298566+00:00
2020-12-01,month_end,31,product,철강제품,3821773000,잠정,2026-09-30T01:44:34.298566+00:00
2020-12-01,month_end,31,product,컴퓨터주변기기,1025333000,잠정,2026-09-30T01:44:34.298566+00:00
2021-01-01,10,10,country,대만,377243000,잠정,2026-09-30T01:48:17.674314+00:00
2021-01-01,10,10,country,말레이시아,136482000,잠정,2026-09-30T01:48:17.674314+00:00
2021-01-01,10,10,country,미국,1442266000,잠정,2026-09-30T01:48:17.674314+00:00
2021-01-01,10,10,country,베트남,1248065000,잠정,2026-09-30T01:48:17.674314+00:00
2021-01-01,10,10,country,싱가포르,168596000,잠정,2026-09-30T01:48:17.674314+00:00
2021-01-01,10,10,country,유럽연합,1128073000,잠정,2026-09-30T01:48:17.674314+00:00
2021-01-01,10,10,country,인도,261051000,잠정,2026-09-30T01:48:17.674314+00:00
2021-01-01,10,10,country,일본,553707000,잠정,2026-09-30T01:48:17.674314+00:00
2021-01-01,10,10,country,전체,11209293000,잠정,2026-09-30T01:48:17.674314+00:00
2021-01-01,10,10,country,중국,3123936000,잠정,2026-09-30T01:48:17.674314+00:00
2021-01-01,10,10,country,홍콩,486386000,잠정,2026-09-30T01:48:17.674314+00:00
2021-01-01,10,10,product,가전제품,125584000,잠정,2026-09-30T01:44:34.480554+00:00
2021-01-01,10,10,product,무선통신기기,798305000,잠정,2026-09-30T01:44:34.480554+00:00
2021-01-01,10,10,product,반도체,2356315000,잠정,2026-09-30T01:44:34.480554+00:00
2021-01-01,10,10,product,석유제품,410786000,잠정,2026-09-30T01:44:34.480554+00:00
2021-01-01,10,10,product,선박,830432000,잠정,2026-09-30T01:44:34.480554+00:00
2021-01-01,10,10,product,승용차,665606000,잠정,2026-09-30T01:44:34.480554+00:00
2021-01-01,10,10,product,자동차부품,390473000,잠정,2026-09-30T01:44:34.480554+00:00
2021-01-01,10,10,product,전체,11209293000,잠정,2026-09-30T01:44:34.480554+00:00
2021-01-01,10,10,product,정밀기기,262910000,잠정,2026-09-30T01:44:34.480554+00:00
2021-01-01,10,10,product,철강제품,775039000,잠정,2026-09-30T01:44:34.480554+00:00
2021-01-01,10,10,product,컴퓨터주변기기,176985000,잠정,2026-09-30T01:44:34.480554+00:00
2021-01-01,20,20,country,대만,993500000,잠정,2026-09-30T01:48:17.674314+00:00
2021-01-01,20,20,country,말레이시아,377869000,잠정,2026-09-30T01:48:17.674314+00:00
2021-01-01,20,20,country,미국,3938615000,잠정,2026-09-30T01:48:17.674314+00:00
2021-01-01,20,20,country,베트남,2987645000,잠정,2026-09-30T01:48:17.674314+00:00
2021-01-01,20,20,country,싱가포르,377743000,잠정,2026-09-30T01:48:17.674314+00:00
2021-01-01,20,20,country,유럽연합,2884889000,잠정,2026-09-30T01:48:17.674314+00:00
2021-01-01,20,20,country,인도,778276000,잠정,2026-09-30T01:48:17.674314+00:00
2021-01-01,20,20,country,일본,1366538000,잠정,2026-09-30T01:48:17.674314+00:00
2021-01-01,20,20,country,전체,28224491000,잠정,2026-09-30T01:48:17.674314+00:00
2021-01-01,20,20,country,중국,7511989000,잠정,2026-09-30T01:48:17.674314+00:00
2021-01-01,20,20,country,홍콩,1150437000,잠정,2026-09-30T01:48:17.674314+00:00
2021-01-01,20,20,product,가전제품,369729000,잠정,2026-09-30T01:44:34.480554+00:00
2021-01-01,20,20,product,무선통신기기,1649636000,잠정,2026-09-30T01:44:34.480554+00:00
2021-01-01,20,20,product,반도체,5182780000,잠정,2026-09-30T01:44:34.480554+00:00
2021-01-01,20,20,product,석유제품,1211792000,잠정,2026-09-30T01:44:34.480554+00:00
2021-01-01,20,20,product,선박,1202698000,잠정,2026-09-30T01:44:34.480554+00:00
2021-01-01,20,20,product,승용차,1898391000,잠정,2026-09-30T01:44:34.480554+00:00
2021-01-01,20,20,product,자동차부품,1091263000,잠정,2026-09-30T01:44:34.480554+00:00
2021-01-01,20,20,product,전체,28224491000,잠정,2026-09-30T01:44:34.480554+00:00
2021-01-01,20,20,product,정밀기기,673672000,잠정,2026-09-30T01:44:34.480554+00:00
2021-01-01,20,20,product,철강제품,2171294000,잠정,2026-09-30T01:44:34.480554+00:00
2021-01-01,20,20,product,컴퓨터주변기기,486041000,잠정,2026-09-30T01:44:34.480554+00:00
2021-01-01,month_end,31,country,대만,1597108000,잠정,2026-09-30T01:48:17.674314+00:00
2021-01-01,month_end,31,country,말레이시아,640337000,잠정,2026-09-30T01:48:17.674314+00:00
2021-01-01,month_end,31,country,미국,8412355000,잠정,2026-09-30T01:48:17.674314+00:00
2021-01-01,month_end,31,country,베트남,4642318000,잠정,2026-09-30T01:48:17.674314+00:00
2021-01-01,month_end,31,country,싱가포르,630652000,잠정,2026-09-30T01:48:17.674314+00:00
2021-01-01,month_end,31,country,유럽연합,4783880000,잠정,2026-09-30T01:48:17.674314+00:00
2021-01-01,month_end,31,country,인도,1271503000,잠정,2026-09-30T01:48:17.674314+00:00
2021-01-01,month_end,31,country,일본,2237046000,잠정,2026-09-30T01:48:17.674314+00:00
2021-01-01,month_end,31,country,전체,48006974000,잠정,2026-09-30T01:48:17.674314+00:00
2021-01-01,month_end,31,country,중국,11787037000,잠정,2026-09-30T01:48:17.674314+00:00
2021-01-01,month_end,31,country,홍콩,2441565000,잠정,2026-09-30T01:48:17.674314+00:00
2021-01-01,month_end,31,product,가전제품,591156000,잠정,2026-09-30T01:44:34.480554+00:00
2021-01-01,month_end,31,product,무선통신기기,2384452000,잠정,2026-09-30T01:44:34.480554+00:00
2021-01-01,month_end,31,product,반도체,8908101000,잠정,2026-09-30T01:44:34.480554+00:00
2021-01-01,month_end,31,product,석유제품,1910154000,잠정,2026-09-30T01:44:34.480554+00:00
2021-01-01,month_end,31,product,선박,3460434000,잠정,2026-09-30T01:44:34.480554+00:00
2021-01-01,month_end,31,product,승용차,3815566000,잠정,2026-09-30T01:44:34.480554+00:00
2021-01-01,month_end,31,product,자동차부품,1738840000,잠정,2026-09-30T01:44:34.480554+00:00
2021-01-01,month_end,31,product,전체,48006974000,잠정,2026-09-30T01:44:34.480554+00:00
2021-01-01,month_end,31,product,정밀기기,1063384000,잠정,2026-09-30T01:44:34.480554+00:00
2021-01-01,month_end,31,product,철강제품,3635859000,잠정,2026-09-30T01:44:34.480554+00:00
2021-01-01,month_end,31,product,컴퓨터주변기기,898908000,잠정,2026-09-30T01:44:34.480554+00:00
2021-02-01,10,10,country,대만,614646000,잠정,2026-09-30T01:48:17.674314+00:00
2021-02-01,10,10,country,말레이시아,250237000,잠정,2026-09-30T01:48:17.674314+00:00
2021-02-01,10,10,country,미국,2658008000,잠정,2026-09-30T01:48:17.674314+00:00
2021-02-01,10,10,country,베트남,1804374000,잠정,2026-09-30T01:48:17.674314+00:00
2021-02-01,10,10,country,싱가포르,301736000,잠정,2026-09-30T01:48:17.674314+00:00
2021-02-01,10,10,country,유럽연합,2207003000,잠정,2026-09-30T01:48:17.674314+00:00
2021-02-01,10,10,country,인도,545689000,잠정,2026-09-30T01:48:17.674314+00:00
2021-02-01,10,10,country,일본,948126000,잠정,2026-09-30T01:48:17.674314+00:00
2021-02-01,10,10,country,전체,17967017000,잠정,2026-09-30T01:48:17.674314+00:00
2021-02-01,10,10,country,중국,4183238000,잠정,2026-09-30T01:48:17.674314+00:00
2021-02-01,10,10,country,홍콩,828556000,잠정,2026-09-30T01:48:17.674314+00:00
2021-02-01,10,10,product,가전제품,254635000,잠정,2026-09-30T01:44:34.480554+00:00
2021-02-01,10,10,product,무선통신기기,846432000,잠정,2026-09-30T01:44:34.480554+00:00
2021-02-01,10,10,product,반도체,3073222000,잠정,2026-09-30T01:44:34.480554+00:00
2021-02-01,10,10,product,석유제품,1023734000,잠정,2026-09-30T01:44:34.480554+00:00
2021-02-01,10,10,product,선박,702866000,잠정,2026-09-30T01:44:34.480554+00:00
2021-02-01,10,10,product,승용차,1243780000,잠정,2026-09-30T01:44:34.480554+00:00
2021-02-01,10,10,product,자동차부품,791837000,잠정,2026-09-30T01:44:34.480554+00:00
2021-02-01,10,10,product,전체,17967017000,잠정,2026-09-30T01:44:34.480554+00:00
2021-02-01,10,10,product,정밀기기,427601000,잠정,2026-09-30T01:44:34.480554+00:00
2021-02-01,10,10,product,철강제품,1332212000,잠정,2026-09-30T01:44:34.480554+00:00
2021-02-01,10,10,product,컴퓨터주변기기,292985000,잠정,2026-09-30T01:44:34.480554+00:00
2021-02-01,20,20,country,대만,1153130000,잠정,2026-09-30T01:48:17.674314+00:00
2021-02-01,20,20,country,말레이시아,490375000,잠정,2026-09-30T01:48:17.674314+00:00
2021-02-01,20,20,country,미국,4348391000,잠정,2026-09-30T01:48:17.674314+00:00
2021-02-01,20,20,country,베트남,2899706000,잠정,2026-09-30T01:48:17.674314+00:00
2021-02-01,20,20,country,싱가포르,515950000,잠정,2026-09-30T01:48:17.674314+00:00
2021-02-01,20,20,country,유럽연합,3549368000,잠정,2026-09-30T01:48:17.674314+00:00
2021-02-01,20,20,country,인도,924149000,잠정,2026-09-30T01:48:17.674314+00:00
2021-02-01,20,20,country,일본,1563853000,잠정,2026-09-30T01:48:17.674314+00:00
2021-02-01,20,20,country,전체,30342975000,잠정,2026-09-30T01:48:17.674314+00:00
2021-02-01,20,20,country,중국,7651149000,잠정,2026-09-30T01:48:17.674314+00:00
2021-02-01,20,20,country,홍콩,1345517000,잠정,2026-09-30T01:48:17.674314+00:00
2021-02-01,20,20,product,가전제품,401549000,잠정,2026-09-30T01:44:34.480554+00:00
2021-02-01,20,20,product,무선통신기기,1380929000,잠정,2026-09-30T01:44:34.480554+00:00
2021-02-01,20,20,product,반도체,5747254000,잠정,2026-09-30T01:44:34.480554+00:00
2021-02-01,20,20,product,석유제품,1641150000,잠정,2026-09-30T01:44:34.480554+00:00
2021-02-01,20,20,product,선박,1012462000,잠정,2026-09-30T01:44:34.480554+00:00
2021-02-01,20,20,product,승용차,1934345000,잠정,2026-09-30T01:44:34.480554+00:00
2021-02-01,20,20,product,자동차부품,1231535000,잠정,2026-09-30T01:44:34.480554+00:00
2021-02-01,20,20,product,전체,30342975000,잠정,2026-09-30T01:44:34.480554+00:00
2021-02-01,20,20,product,정밀기기,723318000,잠정,2026-09-30T01:44:34.480554+00:00
2021-02-01,20,20,product,철강제품,2329915000,잠정,2026-09-30T01:44:34.480554+00:00
2021-02-01,20,20,product,컴퓨터주변기기,591852000,잠정,2026-09-30T01:44:34.480554+00:00
2021-02-01,month_end,28,country,대만,1677060000,잠정,2026-09-30T01:48:17.674314+00:00
2021-02-01,month_end,28,country,말레이시아,719892000,잠정,2026-09-30T01:48:17.674314+00:00
2021-02-01,month_end,28,country,미국,6396235000,잠정,2026-09-30T01:48:17.674314+00:00
2021-02-01,month_end,28,country,베트남,3907994000,잠정,2026-09-30T01:48:17.674314+00:00
2021-02-01,month_end,28,country,싱가포르,698979000,잠정,2026-09-30T01:48:17.674314+00:00
2021-02-01,month_end,28,country,유럽연합,5043302000,잠정,2026-09-30T01:48:17.674314+00:00
2021-02-01,month_end,28,country,인도,1286165000,잠정,2026-09-30T01:48:17.674314+00:00
2021-02-01,month_end,28,country,일본,2191909000,잠정,2026-09-30T01:48:17.674314+00:00
2021-02-01,month_end,28,country,전체,44706907000,잠정,2026-09-30T01:48:17.674314+00:00
2021-02-01,month_end,28,country,중국,11208799000,잠정,2026-09-30T01:48:17.674314+00:00
2021-02-01,month_end,28,country,홍콩,2516269000,잠정,2026-09-30T01:48:17.674314+00:00
2021-02-01,month_end,28,product,가전제품,563550000,잠정,2026-09-30T01:44:34.480554+00:00
2021-02-01,month_end,28,product,무선통신기기,1845075000,잠정,2026-09-30T01:44:34.480554+00:00
2021-02-01,month_end,28,product,반도체,8556779000,잠정,2026-09-30T01:44:34.480554+00:00
2021-02-01,month_end,28,product,석유제품,2428358000,잠정,2026-09-30T01:44:34.480554+00:00
2021-02-01,month_end,28,product,선박,1450678000,잠정,2026-09-30T01:44:34.480554+00:00
2021-02-01,month_end,28,product,승용차,3373564000,잠정,2026-09-30T01:44:34.480554+00:00
2021-02-01,month_end,28,product,자동차부품,1738988000,잠정,2026-09-30T01:44:34.480554+00:00
2021-02-01,month_end,28,product,전체,44706907000,잠정,2026-09-30T01:44:34.480554+00:00
2021-02-01,month_end,28,product,정밀기기,1016984000,잠정,2026-09-30T01:44:34.480554+00:00
2021-02-01,month_end,28,product,철강제품,3539787000,잠정,2026-09-30T01:44:34.480554+00:00
2021-02-01,month_end,28,product,컴퓨터주변기기,967756000,잠정,2026-09-30T01:44:34.480554+00:00
2021-03-01,10,10,country,대만,603633000,잠정,2026-09-30T01:48:17.674314+00:00
2021-03-01,10,10,country,말레이시아,225993000,잠정,2026-09-30T01:48:17.674314+00:00
2021-03-01,10,10,country,미국,2514304000,잠정,2026-09-30T01:48:17.674314+00:00
2021-03-01,10,10,country,베트남,1371535000,잠정,2026-09-30T01:48:17.674314+00:00
2021-03-01,10,10,country,싱가포르,270520000,잠정,2026-09-30T01:48:17.674314+00:00
2021-03-01,10,10,country,유럽연합,1671988000,잠정,2026-09-30T01:48:17.674314+00:00
2021-03-01,10,10,country,인도,416023000,잠정,2026-09-30T01:48:17.674314+00:00
2021-03-01,10,10,country,일본,775498000,잠정,2026-09-30T01:48:17.674314+00:00
2021-03-01,10,10,country,전체,16303946000,잠정,2026-09-30T01:48:17.674314+00:00
2021-03-01,10,10,country,중국,4322246000,잠정,2026-09-30T01:48:17.674314+00:00
2021-03-01,10,10,country,홍콩,1019715000,잠정,2026-09-30T01:48:17.674314+00:00
2021-03-01,10,10,product,가전제품,231574000,잠정,2026-09-30T01:44:34.480554+00:00
2021-03-01,10,10,product,무선통신기기,658774000,잠정,2026-09-30T01:44:34.480554+00:00
2021-03-01,10,10,product,반도체,2993422000,잠정,2026-09-30T01:44:34.480554+00:00
2021-03-01,10,10,product,석유제품,863493000,잠정,2026-09-30T01:44:34.480554+00:00
2021-03-01,10,10,product,선박,527614000,잠정,2026-09-30T01:44:34.480554+00:00
2021-03-01,10,10,product,승용차,1007727000,잠정,2026-09-30T01:44:34.480554+00:00
2021-03-01,10,10,product,자동차부품,687766000,잠정,2026-09-30T01:44:34.480554+00:00
2021-03-01,10,10,product,전체,16303946000,잠정,2026-09-30T01:44:34.480554+00:00
2021-03-01,10,10,product,정밀기기,366949000,잠정,2026-09-30T01:44:34.480554+00:00
2021-03-01,10,10,product,철강제품,1214781000,잠정,2026-09-30T01:44:34.480554+00:00
2021-03-01,10,10,product,컴퓨터주변기기,305361000,잠정,2026-09-30T01:44:34.480554+00:00
2021-03-01,20,20,country,대만,1176881000,잠정,2026-09-30T01:48:17.674314+00:00
2021-03-01,20,20,country,말레이시아,444596000,잠정,2026-09-30T01:48:17.674314+00:00
2021-03-01,20,20,country,미국,5021162000,잠정,2026-09-30T01:48:17.674314+00:00
2021-03-01,20,20,country,베트남,2844254000,잠정,2026-09-30T01:48:17.674314+00:00
2021-03-01,20,20,country,싱가포르,749604000,잠정,2026-09-30T01:48:17.674314+00:00
2021-03-01,20,20,country,유럽연합,3994803000,잠정,2026-09-30T01:48:17.674314+00:00
2021-03-01,20,20,country,인도,916027000,잠정,2026-09-30T01:48:17.674314+00:00
2021-03-01,20,20,country,일본,1526286000,잠정,2026-09-30T01:48:17.674314+00:00
2021-03-01,20,20,country,전체,33843994000,잠정,2026-09-30T01:48:17.674314+00:00
2021-03-01,20,20,country,중국,8708102000,잠정,2026-09-30T01:48:17.674314+00:00
2021-03-01,20,20,country,홍콩,1776353000,잠정,2026-09-30T01:48:17.674314+00:00
2021-03-01,20,20,product,가전제품,437957000,잠정,2026-09-30T01:44:34.480554+00:00
2021-03-01,20,20,product,무선통신기기,1321320000,잠정,2026-09-30T01:44:34.480554+00:00
2021-03-01,20,20,product,반도체,5977145000,잠정,2026-09-30T01:44:34.480554+00:00
2021-03-01,20,20,product,석유제품,1710051000,잠정,2026-09-30T01:44:34.480554+00:00
2021-03-01,20,20,product,선박,1516982000,잠정,2026-09-30T01:44:34.480554+00:00
2021-03-01,20,20,product,승용차,2487603000,잠정,2026-09-30T01:44:34.480554+00:00
2021-03-01,20,20,product,자동차부품,1379885000,잠정,2026-09-30T01:44:34.480554+00:00
2021-03-01,20,20,product,전체,33843994000,잠정,2026-09-30T01:44:34.480554+00:00
2021-03-01,20,20,product,정밀기기,769600000,잠정,2026-09-30T01:44:34.480554+00:00
2021-03-01,20,20,product,철강제품,2597277000,잠정,2026-09-30T01:44:34.480554+00:00
2021-03-01,20,20,product,컴퓨터주변기기,629972000,잠정,2026-09-30T01:44:34.480554+00:00
2021-03-01,month_end,31,country,대만,1901696000,잠정,2026-09-30T01:48:17.674314+00:00
2021-03-01,month_end,31,country,말레이시아,729309000,잠정,2026-09-30T01:48:17.674314+00:00
2021-03-01,month_end,31,country,미국,7970756000,잠정,2026-09-30T01:48:17.674314+00:00
2021-03-01,month_end,31,country,베트남,4207079000,잠정,2026-09-30T01:48:17.674314+00:00
2021-03-01,month_end,31,country,싱가포르,1111517000,잠정,2026-09-30T01:48:17.674314+00:00
2021-03-01,month_end,31,country,유럽연합,6329354000,잠정,2026-09-30T01:48:17.674314+00:00
2021-03-01,month_end,31,country,인도,1335901000,잠정,2026-09-30T01:48:17.674314+00:00
2021-03-01,month_end,31,country,일본,2415077000,잠정,2026-09-30T01:48:17.674314+00:00
2021-03-01,month_end,31,country,전체,53690914000,잠정,2026-09-30T01:48:17.674314+00:00
2021-03-01,month_end,31,country,중국,13408119000,잠정,2026-09-30T01:48:17.674314+00:00
2021-03-01,month_end,31,country,홍콩,3402418000,잠정,2026-09-30T01:48:17.674314+00:00
2021-03-01,month_end,31,product,가전제품,706532000,잠정,2026-09-30T01:44:34.480554+00:00
2021-03-01,month_end,31,product,무선통신기기,1912330000,잠정,2026-09-30T01:44:34.480554+00:00
2021-03-01,month_end,31,product,반도체,9711666000,잠정,2026-09-30T01:44:34.480554+00:00
2021-03-01,month_end,31,product,석유제품,2783163000,잠정,2026-09-30T01:44:34.480554+00:00
2021-03-01,month_end,31,product,선박,2312452000,잠정,2026-09-30T01:44:34.480554+00:00
2021-03-01,month_end,31,product,승용차,4201058000,잠정,2026-09-30T01:44:34.480554+00:00
2021-03-01,month_end,31,product,자동차부품,2095282000,잠정,2026-09-30T01:44:34.480554+00:00
2021-03-01,month_end,31,product,전체,53690914000,잠정,2026-09-30T01:44:34.480554+00:00
2021-03-01,month_end,31,product,정밀기기,1162624000,잠정,2026-09-30T01:44:34.480554+00:00
2021-03-01,month_end,31,product,철강제품,4153911000,잠정,2026-09-30T01:44:34.480554+00:00
2021-03-01,month_end,31,product,컴퓨터주변기기,1193894000,잠정,2026-09-30T01:44:34.480554+00:00
2021-04-01,10,10,country,대만,510390000,잠정,2026-09-30T01:48:17.674314+00:00
2021-04-01,10,10,country,말레이시아,221655000,잠정,2026-09-30T01:48:17.674314+00:00
2021-04-01,10,10,country,미국,2215485000,잠정,2026-09-30T01:48:17.674314+00:00
2021-04-01,10,10,country,베트남,1378383000,잠정,2026-09-30T01:48:17.674314+00:00
2021-04-01,10,10,country,싱가포르,231478000,잠정,2026-09-30T01:48:17.674314+00:00
2021-04-01,10,10,country,유럽연합,1340765000,잠정,2026-09-30T01:48:17.674314+00:00
2021-04-01,10,10,country,인도,431858000,잠정,2026-09-30T01:48:17.674314+00:00
2021-04-01,10,10,country,일본,851642000,잠정,2026-09-30T01:48:17.674314+00:00
2021-04-01,10,10,country,전체,14896402000,잠정,2026-09-30T01:48:17.674314+00:00
2021-04-01,10,10,country,중국,4058786000,잠정,2026-09-30T01:48:17.674314+00:00
2021-04-01,10,10,country,홍콩,578618000,잠정,2026-09-30T01:48:17.674314+00:00
2021-04-01,10,10,product,가전제품,213984000,잠정,2026-09-30T01:44:34.480554+00:00
2021-04-01,10,10,product,무선통신기기,739550000,잠정,2026-09-30T01:44:34.480554+00:00
2021-04-01,10,10,product,반도체,2574540000,잠정,2026-09-30T01:44:34.480554+00:00
2021-04-01,10,10,product,석유제품,736992000,잠정,2026-09-30T01:44:34.480554+00:00
2021-04-01,10,10,product,선박,324956000,잠정,2026-09-30T01:44:34.480554+00:00
2021-04-01,10,10,product,승용차,1061151000,잠정,2026-09-30T01:44:34.480554+00:00
2021-04-01,10,10,product,자동차부품,625282000,잠정,2026-09-30T01:44:34.480554+00:00
2021-04-01,10,10,product,전체,14896402000,잠정,2026-09-30T01:44:34.480554+00:00
2021-04-01,10,10,product,정밀기기,333221000,잠정,2026-09-30T01:44:34.480554+00:00
2021-04-01,10,10,product,철강제품,1167799000,잠정,2026-09-30T01:44:34.480554+00:00
2021-04-01,10,10,product,컴퓨터주변기기,249528000,잠정,2026-09-30T01:44:34.480554+00:00
2021-04-01,20,20,country,대만,1045960000,잠정,2026-09-30T01:48:17.674314+00:00
2021-04-01,20,20,country,말레이시아,486898000,잠정,2026-09-30T01:48:17.674314+00:00
2021-04-01,20,20,country,미국,4472329000,잠정,2026-09-30T01:48:17.674314+00:00
2021-04-01,20,20,country,베트남,2595250000,잠정,2026-09-30T01:48:17.674314+00:00
2021-04-01,20,20,country,싱가포르,539154000,잠정,2026-09-30T01:48:17.674314+00:00
2021-04-01,20,20,country,유럽연합,3224449000,잠정,2026-09-30T01:48:17.674314+00:00
2021-04-01,20,20,country,인도,863048000,잠정,2026-09-30T01:48:17.674314+00:00
2021-04-01,20,20,country,일본,1635427000,잠정,2026-09-30T01:48:17.674314+00:00
2021-04-01,20,20,country,전체,31026874000,잠정,2026-09-30T01:48:17.674314+00:00
2021-04-01,20,20,country,중국,8459298000,잠정,2026-09-30T01:48:17.674314+00:00
2021-04-01,20,20,country,홍콩,1404567000,잠정,2026-09-30T01:48:17.674314+00:00
2021-04-01,20,20,product,가전제품,451929000,잠정,2026-09-30T01:44:34.480554+00:00
2021-04-01,20,20,product,무선통신기기,1381318000,잠정,2026-09-30T01:44:34.480554+00:00
2021-04-01,20,20,product,반도체,5485499000,잠정,2026-09-30T01:44:34.480554+00:00
2021-04-01,20,20,product,석유제품,1777454000,잠정,2026-09-30T01:44:34.480554+00:00
2021-04-01,20,20,product,선박,996645000,잠정,2026-09-30T01:44:34.480554+00:00
2021-04-01,20,20,product,승용차,2227183000,잠정,2026-09-30T01:44:34.480554+00:00
2021-04-01,20,20,product,자동차부품,1196512000,잠정,2026-09-30T01:44:34.480554+00:00
2021-04-01,20,20,product,전체,31026874000,잠정,2026-09-30T01:44:34.480554+00:00
2021-04-01,20,20,product,정밀기기,666973000,잠정,2026-09-30T01:44:34.480554+00:00
2021-04-01,20,20,product,철강제품,2484108000,잠정,2026-09-30T01:44:34.480554+00:00
2021-04-01,20,20,product,컴퓨터주변기기,564693000,잠정,2026-09-30T01:44:34.480554+00:00
2021-04-01,month_end,30,country,대만,1770535000,잠정,2026-09-30T01:48:17.674314+00:00
2021-04-01,month_end,30,country,말레이시아,799769000,잠정,2026-09-30T01:48:17.674314+00:00
2021-04-01,month_end,30,country,미국,7557229000,잠정,2026-09-30T01:48:17.674314+00:00
2021-04-01,month_end,30,country,베트남,4334987000,잠정,2026-09-30T01:48:17.674314+00:00
2021-04-01,month_end,30,country,싱가포르,884063000,잠정,2026-09-30T01:48:17.674314+00:00
2021-04-01,month_end,30,country,유럽연합,5161638000,잠정,2026-09-30T01:48:17.674314+00:00
2021-04-01,month_end,30,country,인도,1351273000,잠정,2026-09-30T01:48:17.674314+00:00
2021-04-01,month_end,30,country,일본,2489525000,잠정,2026-09-30T01:48:17.674314+00:00
2021-04-01,month_end,30,country,전체,51225991000,잠정,2026-09-30T01:48:17.674314+00:00
2021-04-01,month_end,30,country,중국,13401058000,잠정,2026-09-30T01:48:17.674314+00:00
2021-04-01,month_end,30,country,홍콩,2985366000,잠정,2026-09-30T01:48:17.674314+00:00
2021-04-01,month_end,30,product,가전제품,730147000,잠정,2026-09-30T01:44:34.480554+00:00
2021-04-01,month_end,30,product,무선통신기기,2062663000,잠정,2026-09-30T01:44:34.480554+00:00
2021-04-01,month_end,30,product,반도체,9516174000,잠정,2026-09-30T01:44:34.480554+00:00
2021-04-01,month_end,30,product,석유제품,2974647000,잠정,2026-09-30T01:44:34.480554+00:00
2021-04-01,month_end,30,product,선박,1158623000,잠정,2026-09-30T01:44:34.480554+00:00
2021-04-01,month_end,30,product,승용차,3975318000,잠정,2026-09-30T01:44:34.480554+00:00
2021-04-01,month_end,30,product,자동차부품,1953874000,잠정,2026-09-30T01:44:34.480554+00:00
2021-04-01,month_end,30,product,전체,51225991000,잠정,2026-09-30T01:44:34.480554+00:00
2021-04-01,month_end,30,product,정밀기기,1077834000,잠정,2026-09-30T01:44:34.480554+00:00
2021-04-01,month_end,30,product,철강제품,4184319000,잠정,2026-09-30T01:44:34.480554+00:00
2021-04-01,month_end,30,product,컴퓨터주변기기,1050254000,잠정,2026-09-30T01:44:34.480554+00:00
2021-05-01,10,10,country,대만,471401000,잠정,2026-09-30T01:48:17.674314+00:00
2021-05-01,10,10,country,말레이시아,191881000,잠정,2026-09-30T01:48:17.674314+00:00
2021-05-01,10,10,country,미국,1848473000,잠정,2026-09-30T01:48:17.674314+00:00
2021-05-01,10,10,country,베트남,1109158000,잠정,2026-09-30T01:48:17.674314+00:00
2021-05-01,10,10,country,싱가포르,255433000,잠정,2026-09-30T01:48:17.674314+00:00
2021-05-01,10,10,country,유럽연합,1141544000,잠정,2026-09-30T01:48:17.674314+00:00
2021-05-01,10,10,country,인도,234137000,잠정,2026-09-30T01:48:17.674314+00:00
2021-05-01,10,10,country,일본,608150000,잠정,2026-09-30T01:48:17.674314+00:00
2021-05-01,10,10,country,전체,12471926000,잠정,2026-09-30T01:48:17.674314+00:00
2021-05-01,10,10,country,중국,3426560000,잠정,2026-09-30T01:48:17.674314+00:00
2021-05-01,10,10,country,홍콩,502301000,잠정,2026-09-30T01:48:17.674314+00:00
2021-05-01,10,10,product,가전제품,213330000,잠정,2026-09-30T01:44:34.480554+00:00
2021-05-01,10,10,product,무선통신기기,633290000,잠정,2026-09-30T01:44:34.480554+00:00
2021-05-01,10,10,product,반도체,2525855000,잠정,2026-09-30T01:44:34.480554+00:00
2021-05-01,10,10,product,석유제품,660132000,잠정,2026-09-30T01:44:34.480554+00:00
2021-05-01,10,10,product,선박,411252000,잠정,2026-09-30T01:44:34.480554+00:00
2021-05-01,10,10,product,승용차,753012000,잠정,2026-09-30T01:44:34.480554+00:00
2021-05-01,10,10,product,자동차부품,444524000,잠정,2026-09-30T01:44:34.480554+00:00
2021-05-01,10,10,product,전체,12471926000,잠정,2026-09-30T01:44:34.480554+00:00
2021-05-01,10,10,product,정밀기기,256746000,잠정,2026-09-30T01:44:34.480554+00:00
2021-05-01,10,10,product,철강제품,976568000,잠정,2026-09-30T01:44:34.480554+00:00
2021-05-01,10,10,product,컴퓨터주변기기,200658000,잠정,2026-09-30T01:44:34.480554+00:00
2021-05-01,20,20,country,대만,1111635000,잠정,2026-09-30T01:48:17.674314+00:00
2021-05-01,20,20,country,말레이시아,499197000,잠정,2026-09-30T01:48:17.674314+00:00
2021-05-01,20,20,country,미국,4650472000,잠정,2026-09-30T01:48:17.674314+00:00
2021-05-01,20,20,country,베트남,2600351000,잠정,2026-09-30T01:48:17.674314+00:00
2021-05-01,20,20,country,싱가포르,973399000,잠정,2026-09-30T01:48:17.674314+00:00
2021-05-01,20,20,country,유럽연합,3013981000,잠정,2026-09-30T01:48:17.674314+00:00
2021-05-01,20,20,country,인도,661531000,잠정,2026-09-30T01:48:17.674314+00:00
2021-05-01,20,20,country,일본,1448348000,잠정,2026-09-30T01:48:17.674314+00:00
2021-05-01,20,20,country,전체,31111855000,잠정,2026-09-30T01:48:17.674314+00:00
2021-05-01,20,20,country,중국,8295411000,잠정,2026-09-30T01:48:17.674314+00:00
2021-05-01,20,20,country,홍콩,1398599000,잠정,2026-09-30T01:48:17.674314+00:00
2021-05-01,20,20,product,가전제품,488115000,잠정,2026-09-30T01:44:34.480554+00:00
2021-05-01,20,20,product,무선통신기기,1321484000,잠정,2026-09-30T01:44:34.480554+00:00
2021-05-01,20,20,product,반도체,5822198000,잠정,2026-09-30T01:44:34.480554+00:00
2021-05-01,20,20,product,석유제품,1824014000,잠정,2026-09-30T01:44:34.480554+00:00
2021-05-01,20,20,product,선박,926168000,잠정,2026-09-30T01:44:34.480554+00:00
2021-05-01,20,20,product,승용차,1893730000,잠정,2026-09-30T01:44:34.480554+00:00
2021-05-01,20,20,product,자동차부품,1162251000,잠정,2026-09-30T01:44:34.480554+00:00
2021-05-01,20,20,product,전체,31111855000,잠정,2026-09-30T01:44:34.480554+00:00
2021-05-01,20,20,product,정밀기기,638021000,잠정,2026-09-30T01:44:34.480554+00:00
2021-05-01,20,20,product,철강제품,2572691000,잠정,2026-09-30T01:44:34.480554+00:00
2021-05-01,20,20,product,컴퓨터주변기기,665362000,잠정,2026-09-30T01:44:34.480554+00:00
2021-05-01,month_end,31,country,대만,1950812000,잠정,2026-09-30T01:48:17.674314+00:00
2021-05-01,month_end,31,country,말레이시아,935343000,잠정,2026-09-30T01:48:17.674314+00:00
2021-05-01,month_end,31,country,미국,7448016000,잠정,2026-09-30T01:48:17.674314+00:00
2021-05-01,month_end,31,country,베트남,4167819000,잠정,2026-09-30T01:48:17.674314+00:00
2021-05-01,month_end,31,country,싱가포르,1381625000,잠정,2026-09-30T01:48:17.674314+00:00
2021-05-01,month_end,31,country,유럽연합,4904488000,잠정,2026-09-30T01:48:17.674314+00:00
2021-05-01,month_end,31,country,인도,993776000,잠정,2026-09-30T01:48:17.674314+00:00
2021-05-01,month_end,31,country,일본,2361627000,잠정,2026-09-30T01:48:17.674314+00:00
2021-05-01,month_end,31,country,전체,50725161000,잠정,2026-09-30T01:48:17.674314+00:00
2021-05-01,month_end,31,country,중국,13246809000,잠정,2026-09-30T01:48:17.674314+00:00
2021-05-01,month_end,31,country,홍콩,3093420000,잠정,2026-09-30T01:48:17.674314+00:00
2021-05-01,month_end,31,product,가전제품,746839000,잠정,2026-09-30T01:44:34.480554+00:00
2021-05-01,month_end,31,product,무선통신기기,1917326000,잠정,2026-09-30T01:44:34.480554+00:00
2021-05-01,month_end,31,product,반도체,10260720000,잠정,2026-09-30T01:44:34.480554+00:00
2021-05-01,month_end,31,product,석유제품,3127999000,잠정,2026-09-30T01:44:34.480554+00:00
2021-05-01,month_end,31,product,선박,1314529000,잠정,2026-09-30T01:44:34.480554+00:00
2021-05-01,month_end,31,product,승용차,3322196000,잠정,2026-09-30T01:44:34.480554+00:00
2021-05-01,month_end,31,product,자동차부품,1755162000,잠정,2026-09-30T01:44:34.480554+00:00
2021-05-01,month_end,31,product,전체,50725161000,잠정,2026-09-30T01:44:34.480554+00:00
2021-05-01,month_end,31,product,정밀기기,1026777000,잠정,2026-09-30T01:44:34.480554+00:00
2021-05-01,month_end,31,product,철강제품,4231339000,잠정,2026-09-30T01:44:34.480554+00:00
2021-05-01,month_end,31,product,컴퓨터주변기기,1220535000,잠정,2026-09-30T01:44:34.480554+00:00
2021-06-01,10,10,country,대만,625361000,잠정,2026-09-30T01:48:17.674314+00:00
2021-06-01,10,10,country,말레이시아,294502000,잠정,2026-09-30T01:48:17.674314+00:00
2021-06-01,10,10,country,미국,2670841000,잠정,2026-09-30T01:48:17.674314+00:00
2021-06-01,10,10,country,베트남,1496103000,잠정,2026-09-30T01:48:17.674314+00:00
2021-06-01,10,10,country,싱가포르,324402000,잠정,2026-09-30T01:48:17.674314+00:00
2021-06-01,10,10,country,유럽연합,1671659000,잠정,2026-09-30T01:48:17.674314+00:00
2021-06-01,10,10,country,인도,389463000,잠정,2026-09-30T01:48:17.674314+00:00
2021-06-01,10,10,country,일본,880417000,잠정,2026-09-30T01:48:17.674314+00:00
2021-06-01,10,10,country,전체,17261364000,잠정,2026-09-30T01:48:17.674314+00:00
2021-06-01,10,10,country,중국,4367352000,잠정,2026-09-30T01:48:17.674314+00:00
2021-06-01,10,10,country,홍콩,787234000,잠정,2026-09-30T01:48:17.674314+00:00
2021-06-01,10,10,product,가전제품,261754000,잠정,2026-09-30T01:44:34.480554+00:00
2021-06-01,10,10,product,무선통신기기,683575000,잠정,2026-09-30T01:44:34.480554+00:00
2021-06-01,10,10,product,반도체,3140821000,잠정,2026-09-30T01:44:34.480554+00:00
2021-06-01,10,10,product,석유제품,965297000,잠정,2026-09-30T01:44:34.480554+00:00
2021-06-01,10,10,product,선박,547942000,잠정,2026-09-30T01:44:34.480554+00:00
2021-06-01,10,10,product,승용차,968885000,잠정,2026-09-30T01:44:34.480554+00:00
2021-06-01,10,10,product,자동차부품,698710000,잠정,2026-09-30T01:44:34.480554+00:00
2021-06-01,10,10,product,전체,17261364000,잠정,2026-09-30T01:44:34.480554+00:00
2021-06-01,10,10,product,정밀기기,378237000,잠정,2026-09-30T01:44:34.480554+00:00
2021-06-01,10,10,product,철강제품,1460734000,잠정,2026-09-30T01:44:34.480554+00:00
2021-06-01,10,10,product,컴퓨터주변기기,311507000,잠정,2026-09-30T01:44:34.480554+00:00
2021-06-01,20,20,country,대만,1186126000,잠정,2026-09-30T01:48:17.674314+00:00
2021-06-01,20,20,country,말레이시아,487043000,잠정,2026-09-30T01:48:17.674314+00:00
2021-06-01,20,20,country,미국,4996694000,잠정,2026-09-30T01:48:17.674314+00:00
2021-06-01,20,20,country,베트남,2931845000,잠정,2026-09-30T01:48:17.674314+00:00
2021-06-01,20,20,country,싱가포르,647336000,잠정,2026-09-30T01:48:17.674314+00:00
2021-06-01,20,20,country,유럽연합,3112565000,잠정,2026-09-30T01:48:17.674314+00:00
2021-06-01,20,20,country,인도,721937000,잠정,2026-09-30T01:48:17.674314+00:00
2021-06-01,20,20,country,일본,1628558000,잠정,2026-09-30T01:48:17.674314+00:00
2021-06-01,20,20,country,전체,32368528000,잠정,2026-09-30T01:48:17.674314+00:00
2021-06-01,20,20,country,중국,8198209000,잠정,2026-09-30T01:48:17.674314+00:00
2021-06-01,20,20,country,홍콩,1438334000,잠정,2026-09-30T01:48:17.674314+00:00
2021-06-01,20,20,product,가전제품,454139000,잠정,2026-09-30T01:44:34.480554+00:00
2021-06-01,20,20,product,무선통신기기,1282311000,잠정,2026-09-30T01:44:34.480554+00:00
2021-06-01,20,20,product,반도체,6235696000,잠정,2026-09-30T01:44:34.480554+00:00
2021-06-01,20,20,product,석유제품,1888880000,잠정,2026-09-30T01:44:34.480554+00:00
2021-06-01,20,20,product,선박,858568000,잠정,2026-09-30T01:44:34.480554+00:00
2021-06-01,20,20,product,승용차,2092876000,잠정,2026-09-30T01:44:34.480554+00:00
2021-06-01,20,20,product,자동차부품,1211648000,잠정,2026-09-30T01:44:34.480554+00:00
2021-06-01,20,20,product,전체,32368528000,잠정,2026-09-30T01:44:34.480554+00:00
2021-06-01,20,20,product,정밀기기,683993000,잠정,2026-09-30T01:44:34.480554+00:00
2021-06-01,20,20,product,철강제품,2746054000,잠정,2026-09-30T01:44:34.480554+00:00
2021-06-01,20,20,product,컴퓨터주변기기,635716000,잠정,2026-09-30T01:44:34.480554+00:00
2021-06-01,month_end,30,country,대만,2062478000,잠정,2026-09-30T01:48:17.674314+00:00
2021-06-01,month_end,30,country,말레이시아,772821000,잠정,2026-09-30T01:48:17.674314+00:00
2021-06-01,month_end,30,country,미국,8717226000,잠정,2026-09-30T01:48:17.674314+00:00
2021-06-01,month_end,30,country,베트남,4581971000,잠정,2026-09-30T01:48:17.674314+00:00
2021-06-01,month_end,30,country,싱가포르,1181819000,잠정,2026-09-30T01:48:17.674314+00:00
2021-06-01,month_end,30,country,유럽연합,5207204000,잠정,2026-09-30T01:48:17.674314+00:00
2021-06-01,month_end,30,country,인도,1166422000,잠정,2026-09-30T01:48:17.674314+00:00
2021-06-01,month_end,30,country,일본,2597105000,잠정,2026-09-30T01:48:17.674314+00:00
2021-06-01,month_end,30,country,전체,54778905000,잠정,2026-09-30T01:48:17.674314+00:00
2021-06-01,month_end,30,country,중국,13070490000,잠정,2026-09-30T01:48:17.674314+00:00
2021-06-01,month_end,30,country,홍콩,3471242000,잠정,2026-09-30T01:48:17.674314+00:00
2021-06-01,month_end,30,product,가전제품,724713000,잠정,2026-09-30T01:44:34.480554+00:00
2021-06-01,month_end,30,product,무선통신기기,1930454000,잠정,2026-09-30T01:44:34.480554+00:00
2021-06-01,month_end,30,product,반도체,11359169000,잠정,2026-09-30T01:44:34.480554+00:00
2021-06-01,month_end,30,product,석유제품,3066694000,잠정,2026-09-30T01:44:34.480554+00:00
2021-06-01,month_end,30,product,선박,1896918000,잠정,2026-09-30T01:44:34.480554+00:00
2021-06-01,month_end,30,product,승용차,3846118000,잠정,2026-09-30T01:44:34.480554+00:00
2021-06-01,month_end,30,product,자동차부품,1886444000,잠정,2026-09-30T01:44:34.480554+00:00
2021-06-01,month_end,30,product,전체,54778905000,잠정,2026-09-30T01:44:34.480554+00:00
2021-06-01,month_end,30,product,정밀기기,1103699000,잠정,2026-09-30T01:44:34.480554+00:00
2021-06-01,month_end,30,product,철강제품,4563557000,잠정,2026-09-30T01:44:34.480554+00:00
2021-06-01,month_end,30,product,컴퓨터주변기기,1386692000,잠정,2026-09-30T01:44:34.480554+00:00
2021-07-01,10,10,country,대만,521053000,잠정,2026-09-30T01:48:17.674314+00:00
2021-07-01,10,10,country,말레이시아,203310000,잠정,2026-09-30T01:48:17.674314+00:00
2021-07-01,10,10,country,미국,2563470000,잠정,2026-09-30T01:48:17.674314+00:00
2021-07-01,10,10,country,베트남,1442639000,잠정,2026-09-30T01:48:17.674314+00:00
2021-07-01,10,10,country,싱가포르,480841000,잠정,2026-09-30T01:48:17.674314+00:00
2021-07-01,10,10,country,유럽연합,1450119000,잠정,2026-09-30T01:48:17.674314+00:00
2021-07-01,10,10,country,인도,311487000,잠정,2026-09-30T01:48:17.674314+00:00
2021-07-01,10,10,country,일본,797536000,잠정,2026-09-30T01:48:17.674314+00:00
2021-07-01,10,10,country,전체,15067806000,잠정,2026-09-30T01:48:17.674314+00:00
2021-07-01,10,10,country,중국,3803451000,잠정,2026-09-30T01:48:17.674314+00:00
2021-07-01,10,10,country,홍콩,424603000,잠정,2026-09-30T01:48:17.674314+00:00
2021-07-01,10,10,product,가전제품,269626000,잠정,2026-09-30T01:44:34.480554+00:00
2021-07-01,10,10,product,무선통신기기,639536000,잠정,2026-09-30T01:44:34.480554+00:00
2021-07-01,10,10,product,반도체,2619000000,잠정,2026-09-30T01:44:34.480554+00:00
2021-07-01,10,10,product,석유제품,1099649000,잠정,2026-09-30T01:44:34.480554+00:00
2021-07-01,10,10,product,선박,267774000,잠정,2026-09-30T01:44:34.480554+00:00
2021-07-01,10,10,product,승용차,1092703000,잠정,2026-09-30T01:44:34.480554+00:00
2021-07-01,10,10,product,자동차부품,595577000,잠정,2026-09-30T01:44:34.480554+00:00
2021-07-01,10,10,product,전체,15067806000,잠정,2026-09-30T01:44:34.480554+00:00
2021-07-01,10,10,product,정밀기기,322449000,잠정,2026-09-30T01:44:34.480554+00:00
2021-07-01,10,10,product,철강제품,1209648000,잠정,2026-09-30T01:44:34.480554+00:00
2021-07-01,10,10,product,컴퓨터주변기기,241785000,잠정,2026-09-30T01:44:34.480554+00:00
2021-07-01,20,20,country,대만,1115783000,잠정,2026-09-30T01:48:17.674314+00:00
2021-07-01,20,20,country,말레이시아,473378000,잠정,2026-09-30T01:48:17.674314+00:00
2021-07-01,20,20,country,미국,5162375000,잠정,2026-09-30T01:48:17.674314+00:00
2021-07-01,20,20,country,베트남,2988179000,잠정,2026-09-30T01:48:17.674314+00:00
2021-07-01,20,20,country,싱가포르,1120892000,잠정,2026-09-30T01:48:17.674314+00:00
2021-07-01,20,20,country,유럽연합,3266686000,잠정,2026-09-30T01:48:17.674314+00:00
2021-07-01,20,20,country,인도,696838000,잠정,2026-09-30T01:48:17.674314+00:00
2021-07-01,20,20,country,일본,1570991000,잠정,2026-09-30T01:48:17.674314+00:00
2021-07-01,20,20,country,전체,32522073000,잠정,2026-09-30T01:48:17.674314+00:00
2021-07-01,20,20,country,중국,8286978000,잠정,2026-09-30T01:48:17.674314+00:00
2021-07-01,20,20,country,홍콩,1020219000,잠정,2026-09-30T01:48:17.674314+00:00
2021-07-01,20,20,product,가전제품,498422000,잠정,2026-09-30T01:44:34.480554+00:00
2021-07-01,20,20,product,무선통신기기,1305580000,잠정,2026-09-30T01:44:34.480554+00:00
2021-07-01,20,20,product,반도체,5884166000,잠정,2026-09-30T01:44:34.480554+00:00
2021-07-01,20,20,product,석유제품,2248605000,잠정,2026-09-30T01:44:34.480554+00:00
2021-07-01,20,20,product,선박,1098560000,잠정,2026-09-30T01:44:34.480554+00:00
2021-07-01,20,20,product,승용차,2338078000,잠정,2026-09-30T01:44:34.480554+00:00
2021-07-01,20,20,product,자동차부품,1153996000,잠정,2026-09-30T01:44:34.480554+00:00
2021-07-01,20,20,product,전체,32522073000,잠정,2026-09-30T01:44:34.480554+00:00
2021-07-01,20,20,product,정밀기기,651759000,잠정,2026-09-30T01:44:34.480554+00:00
2021-07-01,20,20,product,철강제품,2741510000,잠정,2026-09-30T01:44:34.480554+00:00
2021-07-01,20,20,product,컴퓨터주변기기,586447000,잠정,2026-09-30T01:44:34.480554+00:00
2021-07-01,month_end,31,country,대만,2022050000,잠정,2026-09-30T01:48:17.674314+00:00
2021-07-01,month_end,31,country,말레이시아,745959000,잠정,2026-09-30T01:48:17.674314+00:00
2021-07-01,month_end,31,country,미국,8724016000,잠정,2026-09-30T01:48:17.674314+00:00
2021-07-01,month_end,31,country,베트남,4934034000,잠정,2026-09-30T01:48:17.674314+00:00
2021-07-01,month_end,31,country,싱가포르,1582735000,잠정,2026-09-30T01:48:17.674314+00:00
2021-07-01,month_end,31,country,유럽연합,5327622000,잠정,2026-09-30T01:48:17.674314+00:00
2021-07-01,month_end,31,country,인도,1229935000,잠정,2026-09-30T01:48:17.674314+00:00
2021-07-01,month_end,31,country,일본,2565014000,잠정,2026-09-30T01:48:17.674314+00:00
2021-07-01,month_end,31,country,전체,55461518000,잠정,2026-09-30T01:48:17.674314+00:00
2021-07-01,month_end,31,country,중국,13586374000,잠정,2026-09-30T01:48:17.674314+00:00
2021-07-01,month_end,31,country,홍콩,2872361000,잠정,2026-09-30T01:48:17.674314+00:00
2021-07-01,month_end,31,product,가전제품,788392000,잠정,2026-09-30T01:44:34.480554+00:00
2021-07-01,month_end,31,product,무선통신기기,2009290000,잠정,2026-09-30T01:44:34.480554+00:00
2021-07-01,month_end,31,product,반도체,11203191000,잠정,2026-09-30T01:44:34.480554+00:00
2021-07-01,month_end,31,product,석유제품,3670499000,잠정,2026-09-30T01:44:34.480554+00:00
2021-07-01,month_end,31,product,선박,1908411000,잠정,2026-09-30T01:44:34.480554+00:00
2021-07-01,month_end,31,product,승용차,3888586000,잠정,2026-09-30T01:44:34.480554+00:00
2021-07-01,month_end,31,product,자동차부품,1927077000,잠정,2026-09-30T01:44:34.480554+00:00
2021-07-01,month_end,31,product,전체,55461518000,잠정,2026-09-30T01:44:34.480554+00:00
2021-07-01,month_end,31,product,정밀기기,1073653000,잠정,2026-09-30T01:44:34.480554+00:00
2021-07-01,month_end,31,product,철강제품,4620559000,잠정,2026-09-30T01:44:34.480554+00:00
2021-07-01,month_end,31,product,컴퓨터주변기기,1415236000,잠정,2026-09-30T01:44:34.480554+00:00
2021-08-01,10,10,country,대만,627547000,잠정,2026-09-30T01:48:17.674314+00:00
2021-08-01,10,10,country,말레이시아,200164000,잠정,2026-09-30T01:48:17.674314+00:00
2021-08-01,10,10,country,미국,1652512000,잠정,2026-09-30T01:48:17.674314+00:00
2021-08-01,10,10,country,베트남,1325626000,잠정,2026-09-30T01:48:17.674314+00:00
2021-08-01,10,10,country,싱가포르,268335000,잠정,2026-09-30T01:48:17.674314+00:00
2021-08-01,10,10,country,유럽연합,983147000,잠정,2026-09-30T01:48:17.674314+00:00
2021-08-01,10,10,country,인도,329256000,잠정,2026-09-30T01:48:17.674314+00:00
2021-08-01,10,10,country,일본,579560000,잠정,2026-09-30T01:48:17.674314+00:00
2021-08-01,10,10,country,전체,12734452000,잠정,2026-09-30T01:48:17.674314+00:00
2021-08-01,10,10,country,중국,4023053000,잠정,2026-09-30T01:48:17.674314+00:00
2021-08-01,10,10,country,홍콩,592088000,잠정,2026-09-30T01:48:17.674314+00:00
2021-08-01,10,10,product,가전제품,136581000,잠정,2026-09-30T01:44:34.480554+00:00
2021-08-01,10,10,product,무선통신기기,685101000,잠정,2026-09-30T01:44:34.480554+00:00
2021-08-01,10,10,product,반도체,3151710000,잠정,2026-09-30T01:44:34.480554+00:00
2021-08-01,10,10,product,석유제품,812227000,잠정,2026-09-30T01:44:34.480554+00:00
2021-08-01,10,10,product,선박,38861000,잠정,2026-09-30T01:44:34.480554+00:00
2021-08-01,10,10,product,승용차,144604000,잠정,2026-09-30T01:44:34.480554+00:00
2021-08-01,10,10,product,자동차부품,311841000,잠정,2026-09-30T01:44:34.480554+00:00
2021-08-01,10,10,product,전체,12734452000,잠정,2026-09-30T01:44:34.480554+00:00
2021-08-01,10,10,product,정밀기기,287014000,잠정,2026-09-30T01:44:34.480554+00:00
2021-08-01,10,10,product,철강제품,984594000,잠정,2026-09-30T01:44:34.480554+00:00
2021-08-01,10,10,product,컴퓨터주변기기,293283000,잠정,2026-09-30T01:44:34.480554+00:00
2021-08-01,20,20,country,대만,1312311000,잠정,2026-09-30T01:48:17.674314+00:00
2021-08-01,20,20,country,말레이시아,416064000,잠정,2026-09-30T01:48:17.674314+00:00
2021-08-01,20,20,country,미국,4709862000,잠정,2026-09-30T01:48:17.674314+00:00
2021-08-01,20,20,country,베트남,2995384000,잠정,2026-09-30T01:48:17.674314+00:00
2021-08-01,20,20,country,싱가포르,646758000,잠정,2026-09-30T01:48:17.674314+00:00
2021-08-01,20,20,country,유럽연합,2778529000,잠정,2026-09-30T01:48:17.674314+00:00
2021-08-01,20,20,country,인도,879873000,잠정,2026-09-30T01:48:17.674314+00:00
2021-08-01,20,20,country,일본,1562476000,잠정,2026-09-30T01:48:17.674314+00:00
2021-08-01,20,20,country,전체,32173134000,잠정,2026-09-30T01:48:17.674314+00:00
2021-08-01,20,20,country,중국,9138127000,잠정,2026-09-30T01:48:17.674314+00:00
2021-08-01,20,20,country,홍콩,1405630000,잠정,2026-09-30T01:48:17.674314+00:00
2021-08-01,20,20,product,가전제품,413760000,잠정,2026-09-30T01:44:34.480554+00:00
2021-08-01,20,20,product,무선통신기기,1423565000,잠정,2026-09-30T01:44:34.480554+00:00
2021-08-01,20,20,product,반도체,6779227000,잠정,2026-09-30T01:44:34.480554+00:00
2021-08-01,20,20,product,석유제품,2022249000,잠정,2026-09-30T01:44:34.480554+00:00
2021-08-01,20,20,product,선박,584756000,잠정,2026-09-30T01:44:34.480554+00:00
2021-08-01,20,20,product,승용차,1446639000,잠정,2026-09-30T01:44:34.480554+00:00
2021-08-01,20,20,product,자동차부품,949478000,잠정,2026-09-30T01:44:34.480554+00:00
2021-08-01,20,20,product,전체,32173134000,잠정,2026-09-30T01:44:34.480554+00:00
2021-08-01,20,20,product,정밀기기,683943000,잠정,2026-09-30T01:44:34.480554+00:00
2021-08-01,20,20,product,철강제품,2745588000,잠정,2026-09-30T01:44:34.480554+00:00
2021-08-01,20,20,product,컴퓨터주변기기,757790000,잠정,2026-09-30T01:44:34.480554+00:00
2021-08-01,month_end,31,country,대만,2138340000,잠정,2026-09-30T01:48:17.674314+00:00
2021-08-01,month_end,31,country,말레이시아,714211000,잠정,2026-09-30T01:48:17.674314+00:00
2021-08-01,month_end,31,country,미국,7704224000,잠정,2026-09-30T01:48:17.674314+00:00
2021-08-01,month_end,31,country,베트남,4850338000,잠정,2026-09-30T01:48:17.674314+00:00
2021-08-01,month_end,31,country,싱가포르,1116604000,잠정,2026-09-30T01:48:17.674314+00:00
2021-08-01,month_end,31,country,유럽연합,5035500000,잠정,2026-09-30T01:48:17.674314+00:00
2021-08-01,month_end,31,country,인도,1285755000,잠정,2026-09-30T01:48:17.674314+00:00
2021-08-01,month_end,31,country,일본,2522980000,잠정,2026-09-30T01:48:17.674314+00:00
2021-08-01,month_end,31,country,전체,53165104000,잠정,2026-09-30T01:48:17.674314+00:00
2021-08-01,month_end,31,country,중국,13881328000,잠정,2026-09-30T01:48:17.674314+00:00
2021-08-01,month_end,31,country,홍콩,3415829000,잠정,2026-09-30T01:48:17.674314+00:00
2021-08-01,month_end,31,product,가전제품,671436000,잠정,2026-09-30T01:44:34.480554+00:00
2021-08-01,month_end,31,product,무선통신기기,2207421000,잠정,2026-09-30T01:44:34.480554+00:00
2021-08-01,month_end,31,product,반도체,11898826000,잠정,2026-09-30T01:44:34.480554+00:00
2021-08-01,month_end,31,product,석유제품,3122421000,잠정,2026-09-30T01:44:34.480554+00:00
2021-08-01,month_end,31,product,선박,1600931000,잠정,2026-09-30T01:44:34.480554+00:00
2021-08-01,month_end,31,product,승용차,2863877000,잠정,2026-09-30T01:44:34.480554+00:00
2021-08-01,month_end,31,product,자동차부품,1518929000,잠정,2026-09-30T01:44:34.480554+00:00
2021-08-01,month_end,31,product,전체,53165104000,잠정,2026-09-30T01:44:34.480554+00:00
2021-08-01,month_end,31,product,정밀기기,1119960000,잠정,2026-09-30T01:44:34.480554+00:00
2021-08-01,month_end,31,product,철강제품,4454150000,잠정,2026-09-30T01:44:34.480554+00:00
2021-08-01,month_end,31,product,컴퓨터주변기기,1581329000,잠정,2026-09-30T01:44:34.480554+00:00
2021-09-01,10,10,country,대만,688715000,잠정,2026-09-30T01:48:17.674314+00:00
2021-09-01,10,10,country,말레이시아,222713000,잠정,2026-09-30T01:48:17.674314+00:00
2021-09-01,10,10,country,미국,2833039000,잠정,2026-09-30T01:48:17.674314+00:00
2021-09-01,10,10,country,베트남,1683255000,잠정,2026-09-30T01:48:17.674314+00:00
2021-09-01,10,10,country,싱가포르,577161000,잠정,2026-09-30T01:48:17.674314+00:00
2021-09-01,10,10,country,유럽연합,2198758000,잠정,2026-09-30T01:48:17.674314+00:00
2021-09-01,10,10,country,인도,531294000,잠정,2026-09-30T01:48:17.674314+00:00
2021-09-01,10,10,country,일본,1005605000,잠정,2026-09-30T01:48:17.674314+00:00
2021-09-01,10,10,country,전체,19481599000,잠정,2026-09-30T01:48:17.674314+00:00
2021-09-01,10,10,country,중국,5226105000,잠정,2026-09-30T01:48:17.674314+00:00
2021-09-01,10,10,country,홍콩,690402000,잠정,2026-09-30T01:48:17.674314+00:00
2021-09-01,10,10,product,가전제품,275196000,잠정,2026-09-30T01:44:34.480554+00:00
2021-09-01,10,10,product,무선통신기기,807625000,잠정,2026-09-30T01:44:34.480554+00:00
2021-09-01,10,10,product,반도체,3226675000,잠정,2026-09-30T01:44:34.480554+00:00
2021-09-01,10,10,product,석유제품,1508224000,잠정,2026-09-30T01:44:34.480554+00:00
2021-09-01,10,10,product,선박,402027000,잠정,2026-09-30T01:44:34.480554+00:00
2021-09-01,10,10,product,승용차,1299853000,잠정,2026-09-30T01:44:34.480554+00:00
2021-09-01,10,10,product,자동차부품,723777000,잠정,2026-09-30T01:44:34.480554+00:00
2021-09-01,10,10,product,전체,19481599000,잠정,2026-09-30T01:44:34.480554+00:00
2021-09-01,10,10,product,정밀기기,485685000,잠정,2026-09-30T01:44:34.480554+00:00
2021-09-01,10,10,product,철강제품,1643375000,잠정,2026-09-30T01:44:34.480554+00:00
2021-09-01,10,10,product,컴퓨터주변기기,394277000,잠정,2026-09-30T01:44:34.480554+00:00
2021-09-01,20,20,country,대만,1339433000,잠정,2026-09-30T01:48:17.674314+00:00
2021-09-01,20,20,country,말레이시아,468738000,잠정,2026-09-30T01:48:17.674314+00:00
2021-09-01,20,20,country,미국,5069928000,잠정,2026-09-30T01:48:17.674314+00:00
2021-09-01,20,20,country,베트남,3304135000,잠정,2026-09-30T01:48:17.674314+00:00
2021-09-01,20,20,country,싱가포르,978833000,잠정,2026-09-30T01:48:17.674314+00:00
2021-09-01,20,20,country,유럽연합,3781137000,잠정,2026-09-30T01:48:17.674314+00:00
2021-09-01,20,20,country,인도,1039099000,잠정,2026-09-30T01:48:17.674314+00:00
2021-09-01,20,20,country,일본,1672398000,잠정,2026-09-30T01:48:17.674314+00:00
2021-09-01,20,20,country,전체,36114119000,잠정,2026-09-30T01:48:17.674314+00:00
2021-09-01,20,20,country,중국,9609787000,잠정,2026-09-30T01:48:17.674314+00:00
2021-09-01,20,20,country,홍콩,1524581000,잠정,2026-09-30T01:48:17.674314+00:00
2021-09-01,20,20,product,가전제품,478374000,잠정,2026-09-30T01:44:34.480554+00:00
2021-09-01,20,20,product,무선통신기기,1642039000,잠정,2026-09-30T01:44:34.480554+00:00
2021-09-01,20,20,product,반도체,6664492000,잠정,2026-09-30T01:44:34.480554+00:00
2021-09-01,20,20,product,석유제품,2507533000,잠정,2026-09-30T01:44:34.480554+00:00
2021-09-01,20,20,product,선박,508107000,잠정,2026-09-30T01:44:34.480554+00:00
2021-09-01,20,20,product,승용차,2373097000,잠정,2026-09-30T01:44:34.480554+00:00
2021-09-01,20,20,product,자동차부품,1273779000,잠정,2026-09-30T01:44:34.480554+00:00
2021-09-01,20,20,product,전체,36114119000,잠정,2026-09-30T01:44:34.480554+00:00
2021-09-01,20,20,product,정밀기기,829258000,잠정,2026-09-30T01:44:34.480554+00:00
2021-09-01,20,20,product,철강제품,3082515000,잠정,2026-09-30T01:44:34.480554+00:00
2021-09-01,20,20,product,컴퓨터주변기기,838393000,잠정,2026-09-30T01:44:34.480554+00:00
2021-09-01,month_end,30,country,대만,2206938000,잠정,2026-09-30T01:48:17.674314+00:00
2021-09-01,month_end,30,country,말레이시아,842732000,잠정,2026-09-30T01:48:17.674314+00:00
2021-09-01,month_end,30,country,미국,7983934000,잠정,2026-09-30T01:48:17.674314+00:00
2021-09-01,month_end,30,country,베트남,5101701000,잠정,2026-09-30T01:48:17.674314+00:00
2021-09-01,month_end,30,country,싱가포르,1332202000,잠정,2026-09-30T01:48:17.674314+00:00
2021-09-01,month_end,30,country,유럽연합,5459807000,잠정,2026-09-30T01:48:17.674314+00:00
2021-09-01,month_end,30,country,인도,1493611000,잠정,2026-09-30T01:48:17.674314+00:00
2021-09-01,month_end,30,country,일본,2541018000,잠정,2026-09-30T01:48:17.674314+00:00
2021-09-01,month_end,30,country,전체,55913862000,잠정,2026-09-30T01:48:17.674314+00:00
2021-09-01,month_end,30,country,중국,14291980000,잠정,2026-09-30T01:48:17.674314+00:00
2021-09-01,month_end,30,country,홍콩,3852088000,잠정,2026-09-30T01:48:17.674314+00:00
2021-09-01,month_end,30,product,가전제품,683852000,잠정,2026-09-30T01:44:34.480554+00:00
2021-09-01,month_end,30,product,무선통신기기,2405181000,잠정,2026-09-30T01:44:34.480554+00:00
2021-09-01,month_end,30,product,반도체,12375886000,잠정,2026-09-30T01:44:34.480554+00:00
2021-09-01,month_end,30,product,석유제품,3627056000,잠정,2026-09-30T01:44:34.480554+00:00
2021-09-01,month_end,30,product,선박,977972000,잠정,2026-09-30T01:44:34.480554+00:00
2021-09-01,month_end,30,product,승용차,3395841000,잠정,2026-09-30T01:44:34.480554+00:00
2021-09-01,month_end,30,product,자동차부품,1779617000,잠정,2026-09-30T01:44:34.480554+00:00
2021-09-01,month_end,30,product,전체,55913862000,잠정,2026-09-30T01:44:34.480554+00:00
2021-09-01,month_end,30,product,정밀기기,1238141000,잠정,2026-09-30T01:44:34.480554+00:00
2021-09-01,month_end,30,product,철강제품,4754873000,잠정,2026-09-30T01:44:34.480554+00:00
2021-09-01,month_end,30,product,컴퓨터주변기기,1797734000,잠정,2026-09-30T01:44:34.480554+00:00
2021-10-01,10,10,country,대만,662076000,잠정,2026-09-30T01:48:17.674314+00:00
2021-10-01,10,10,country,말레이시아,318166000,잠정,2026-09-30T01:48:17.674314+00:00
2021-10-01,10,10,country,미국,2077835000,잠정,2026-09-30T01:48:17.674314+00:00
2021-10-01,10,10,country,베트남,1450197000,잠정,2026-09-30T01:48:17.674314+00:00
2021-10-01,10,10,country,싱가포르,408583000,잠정,2026-09-30T01:48:17.674314+00:00
2021-10-01,10,10,country,유럽연합,1279395000,잠정,2026-09-30T01:48:17.674314+00:00
2021-10-01,10,10,country,인도,375083000,잠정,2026-09-30T01:48:17.674314+00:00
2021-10-01,10,10,country,일본,833546000,잠정,2026-09-30T01:48:17.674314+00:00
2021-10-01,10,10,country,전체,14781281000,잠정,2026-09-30T01:48:17.674314+00:00
2021-10-01,10,10,country,중국,3899036000,잠정,2026-09-30T01:48:17.674314+00:00
2021-10-01,10,10,country,홍콩,320536000,잠정,2026-09-30T01:48:17.674314+00:00
2021-10-01,10,10,product,가전제품,203224000,잠정,2026-09-30T01:44:34.480554+00:00
2021-10-01,10,10,product,무선통신기기,753526000,잠정,2026-09-30T01:44:34.480554+00:00
2021-10-01,10,10,product,반도체,2803547000,잠정,2026-09-30T01:44:34.480554+00:00
2021-10-01,10,10,product,석유제품,1323028000,잠정,2026-09-30T01:44:34.480554+00:00
2021-10-01,10,10,product,선박,287949000,잠정,2026-09-30T01:44:34.480554+00:00
2021-10-01,10,10,product,승용차,896794000,잠정,2026-09-30T01:44:34.480554+00:00
2021-10-01,10,10,product,자동차부품,444218000,잠정,2026-09-30T01:44:34.480554+00:00
2021-10-01,10,10,product,전체,14781281000,잠정,2026-09-30T01:44:34.480554+00:00
2021-10-01,10,10,product,정밀기기,323184000,잠정,2026-09-30T01:44:34.480554+00:00
2021-10-01,10,10,product,철강제품,1256123000,잠정,2026-09-30T01:44:34.480554+00:00
2021-10-01,10,10,product,컴퓨터주변기기,251934000,잠정,2026-09-30T01:44:34.480554+00:00
2021-10-01,20,20,country,대만,1364322000,잠정,2026-09-30T01:48:17.674314+00:00
2021-10-01,20,20,country,말레이시아,668917000,잠정,2026-09-30T01:48:17.674314+00:00
2021-10-01,20,20,country,미국,4838911000,잠정,2026-09-30T01:48:17.674314+00:00
2021-10-01,20,20,country,베트남,3084816000,잠정,2026-09-30T01:48:17.674314+00:00
2021-10-01,20,20,country,싱가포르,819848000,잠정,2026-09-30T01:48:17.674314+00:00
2021-10-01,20,20,country,유럽연합,3381551000,잠정,2026-09-30T01:48:17.674314+00:00
2021-10-01,20,20,country,인도,856876000,잠정,2026-09-30T01:48:17.674314+00:00
2021-10-01,20,20,country,일본,1660633000,잠정,2026-09-30T01:48:17.674314+00:00
2021-10-01,20,20,country,전체,34296898000,잠정,2026-09-30T01:48:17.674314+00:00
2021-10-01,20,20,country,중국,9108605000,잠정,2026-09-30T01:48:17.674314+00:00
2021-10-01,20,20,country,홍콩,972612000,잠정,2026-09-30T01:48:17.674314+00:00
2021-10-01,20,20,product,가전제품,468444000,잠정,2026-09-30T01:44:34.480554+00:00
2021-10-01,20,20,product,무선통신기기,1525835000,잠정,2026-09-30T01:44:34.480554+00:00
2021-10-01,20,20,product,반도체,6393621000,잠정,2026-09-30T01:44:34.480554+00:00
2021-10-01,20,20,product,석유제품,2616675000,잠정,2026-09-30T01:44:34.480554+00:00
2021-10-01,20,20,product,선박,1409225000,잠정,2026-09-30T01:44:34.480554+00:00
2021-10-01,20,20,product,승용차,2007633000,잠정,2026-09-30T01:44:34.480554+00:00
2021-10-01,20,20,product,자동차부품,1052915000,잠정,2026-09-30T01:44:34.480554+00:00
2021-10-01,20,20,product,전체,34296898000,잠정,2026-09-30T01:44:34.480554+00:00
2021-10-01,20,20,product,정밀기기,746403000,잠정,2026-09-30T01:44:34.480554+00:00
2021-10-01,20,20,product,철강제품,2900758000,잠정,2026-09-30T01:44:34.480554+00:00
2021-10-01,20,20,product,컴퓨터주변기기,611389000,잠정,2026-09-30T01:44:34.480554+00:00
2021-10-01,month_end,31,country,대만,2226232000,잠정,2026-09-30T01:48:17.674314+00:00
2021-10-01,month_end,31,country,말레이시아,1025860000,잠정,2026-09-30T01:48:17.674314+00:00
2021-10-01,month_end,31,country,미국,8066783000,잠정,2026-09-30T01:48:17.674314+00:00
2021-10-01,month_end,31,country,베트남,4904971000,잠정,2026-09-30T01:48:17.674314+00:00
2021-10-01,month_end,31,country,싱가포르,1353718000,잠정,2026-09-30T01:48:17.674314+00:00
2021-10-01,month_end,31,country,유럽연합,5088835000,잠정,2026-09-30T01:48:17.674314+00:00
2021-10-01,month_end,31,country,인도,1401205000,잠정,2026-09-30T01:48:17.674314+00:00
2021-10-01,month_end,31,country,일본,2614684000,잠정,2026-09-30T01:48:17.674314+00:00
2021-10-01,month_end,31,country,전체,55660373000,잠정,2026-09-30T01:48:17.674314+00:00
2021-10-01,month_end,31,country,중국,14415867000,잠정,2026-09-30T01:48:17.674314+00:00
2021-10-01,month_end,31,country,홍콩,2739663000,잠정,2026-09-30T01:48:17.674314+00:00
2021-10-01,month_end,31,product,가전제품,727345000,잠정,2026-09-30T01:44:34.480554+00:00
2021-10-01,month_end,31,product,무선통신기기,2248571000,잠정,2026-09-30T01:44:34.480554+00:00
2021-10-01,month_end,31,product,반도체,11387012000,잠정,2026-09-30T01:44:34.480554+00:00
2021-10-01,month_end,31,product,석유제품,4143569000,잠정,2026-09-30T01:44:34.480554+00:00
2021-10-01,month_end,31,product,선박,1485588000,잠정,2026-09-30T01:44:34.480554+00:00
2021-10-01,month_end,31,product,승용차,3655070000,잠정,2026-09-30T01:44:34.480554+00:00
2021-10-01,month_end,31,product,자동차부품,1726050000,잠정,2026-09-30T01:44:34.480554+00:00
2021-10-01,month_end,31,product,전체,55660373000,잠정,2026-09-30T01:44:34.480554+00:00
2021-10-01,month_end,31,product,정밀기기,1188546000,잠정,2026-09-30T01:44:34.480554+00:00
2021-10-01,month_end,31,product,철강제품,4612785000,잠정,2026-09-30T01:44:34.480554+00:00
2021-10-01,month_end,31,product,컴퓨터주변기기,1385185000,잠정,2026-09-30T01:44:34.480554+00:00
2021-11-01,10,10,country,대만,831656000,잠정,2026-09-30T01:48:17.674314+00:00
2021-11-01,10,10,country,말레이시아,344197000,잠정,2026-09-30T01:48:17.674314+00:00
2021-11-01,10,10,country,미국,2510378000,잠정,2026-09-30T01:48:17.674314+00:00
2021-11-01,10,10,country,베트남,1646226000,잠정,2026-09-30T01:48:17.674314+00:00
2021-11-01,10,10,country,싱가포르,464783000,잠정,2026-09-30T01:48:17.674314+00:00
2021-11-01,10,10,country,유럽연합,1740980000,잠정,2026-09-30T01:48:17.674314+00:00
2021-11-01,10,10,country,인도,404935000,잠정,2026-09-30T01:48:17.674314+00:00
2021-11-01,10,10,country,일본,824798000,잠정,2026-09-30T01:48:17.674314+00:00
2021-11-01,10,10,country,전체,18219156000,잠정,2026-09-30T01:48:17.674314+00:00
2021-11-01,10,10,country,중국,5208219000,잠정,2026-09-30T01:48:17.674314+00:00
2021-11-01,10,10,country,홍콩,783712000,잠정,2026-09-30T01:48:17.674314+00:00
2021-11-01,10,10,product,가전제품,261800000,잠정,2026-09-30T01:44:34.480554+00:00
2021-11-01,10,10,product,무선통신기기,806806000,잠정,2026-09-30T01:44:34.480554+00:00
2021-11-01,10,10,product,반도체,3776683000,잠정,2026-09-30T01:44:34.480554+00:00
2021-11-01,10,10,product,석유제품,1206221000,잠정,2026-09-30T01:44:34.480554+00:00
2021-11-01,10,10,product,선박,232072000,잠정,2026-09-30T01:44:34.480554+00:00
2021-11-01,10,10,product,승용차,1106809000,잠정,2026-09-30T01:44:34.480554+00:00
2021-11-01,10,10,product,자동차부품,578255000,잠정,2026-09-30T01:44:34.480554+00:00
2021-11-01,10,10,product,전체,18219156000,잠정,2026-09-30T01:44:34.480554+00:00
2021-11-01,10,10,product,정밀기기,426606000,잠정,2026-09-30T01:44:34.480554+00:00
2021-11-01,10,10,product,철강제품,1424842000,잠정,2026-09-30T01:44:34.480554+00:00
2021-11-01,10,10,product,컴퓨터주변기기,386882000,잠정,2026-09-30T01:44:34.480554+00:00
2021-11-01,20,20,country,대만,1554200000,잠정,2026-09-30T01:48:17.674314+00:00
2021-11-01,20,20,country,말레이시아,677396000,잠정,2026-09-30T01:48:17.674314+00:00
2021-11-01,20,20,country,미국,5143018000,잠정,2026-09-30T01:48:17.674314+00:00
2021-11-01,20,20,country,베트남,3582173000,잠정,2026-09-30T01:48:17.674314+00:00
2021-11-01,20,20,country,싱가포르,948863000,잠정,2026-09-30T01:48:17.674314+00:00
2021-11-01,20,20,country,유럽연합,3385562000,잠정,2026-09-30T01:48:17.674314+00:00
2021-11-01,20,20,country,인도,976913000,잠정,2026-09-30T01:48:17.674314+00:00
2021-11-01,20,20,country,일본,1793213000,잠정,2026-09-30T01:48:17.674314+00:00
2021-11-01,20,20,country,전체,39801144000,잠정,2026-09-30T01:48:17.674314+00:00
2021-11-01,20,20,country,중국,10315711000,잠정,2026-09-30T01:48:17.674314+00:00
2021-11-01,20,20,country,홍콩,1494624000,잠정,2026-09-30T01:48:17.674314+00:00
2021-11-01,20,20,product,가전제품,505503000,잠정,2026-09-30T01:44:34.480554+00:00
2021-11-01,20,20,product,무선통신기기,1720707000,잠정,2026-09-30T01:44:34.480554+00:00
2021-11-01,20,20,product,반도체,7480706000,잠정,2026-09-30T01:44:34.480554+00:00
2021-11-01,20,20,product,석유제품,2647477000,잠정,2026-09-30T01:44:34.480554+00:00
2021-11-01,20,20,product,선박,3127359000,잠정,2026-09-30T01:44:34.480554+00:00
2021-11-01,20,20,product,승용차,2450609000,잠정,2026-09-30T01:44:34.480554+00:00
2021-11-01,20,20,product,자동차부품,1199654000,잠정,2026-09-30T01:44:34.480554+00:00
2021-11-01,20,20,product,전체,39801144000,잠정,2026-09-30T01:44:34.480554+00:00
2021-11-01,20,20,product,정밀기기,831894000,잠정,2026-09-30T01:44:34.480554+00:00
2021-11-01,20,20,product,철강제품,3033013000,잠정,2026-09-30T01:44:34.480554+00:00
2021-11-01,20,20,product,컴퓨터주변기기,840989000,잠정,2026-09-30T01:44:34.480554+00:00
2021-11-01,month_end,30,country,대만,2398739000,잠정,2026-09-30T01:48:17.674314+00:00
2021-11-01,month_end,30,country,말레이시아,954468000,잠정,2026-09-30T01:48:17.674314+00:00
2021-11-01,month_end,30,country,미국,8133640000,잠정,2026-09-30T01:48:17.674314+00:00
2021-11-01,month_end,30,country,베트남,5478297000,잠정,2026-09-30T01:48:17.674314+00:00
2021-11-01,month_end,30,country,싱가포르,1463579000,잠정,2026-09-30T01:48:17.674314+00:00
2021-11-01,month_end,30,country,유럽연합,5299695000,잠정,2026-09-30T01:48:17.674314+00:00
2021-11-01,month_end,30,country,인도,1473320000,잠정,2026-09-30T01:48:17.674314+00:00
2021-11-01,month_end,30,country,일본,2813250000,잠정,2026-09-30T01:48:17.674314+00:00
2021-11-01,month_end,30,country,전체,60330542000,잠정,2026-09-30T01:48:17.674314+00:00
2021-11-01,month_end,30,country,중국,15272549000,잠정,2026-09-30T01:48:17.674314+00:00
2021-11-01,month_end,30,country,홍콩,3232583000,잠정,2026-09-30T01:48:17.674314+00:00
2021-11-01,month_end,30,product,가전제품,745999000,잠정,2026-09-30T01:44:34.480554+00:00
2021-11-01,month_end,30,product,무선통신기기,2429169000,잠정,2026-09-30T01:44:34.480554+00:00
2021-11-01,month_end,30,product,반도체,12251805000,잠정,2026-09-30T01:44:34.480554+00:00
2021-11-01,month_end,30,product,석유제품,4033437000,잠정,2026-09-30T01:44:34.480554+00:00
2021-11-01,month_end,30,product,선박,3477774000,잠정,2026-09-30T01:44:34.480554+00:00
2021-11-01,month_end,30,product,승용차,3926337000,잠정,2026-09-30T01:44:34.480554+00:00
2021-11-01,month_end,30,product,자동차부품,1770837000,잠정,2026-09-30T01:44:34.480554+00:00
2021-11-01,month_end,30,product,전체,60330542000,잠정,2026-09-30T01:44:34.480554+00:00
2021-11-01,month_end,30,product,정밀기기,1233398000,잠정,2026-09-30T01:44:34.480554+00:00
2021-11-01,month_end,30,product,철강제품,4728572000,잠정,2026-09-30T01:44:34.480554+00:00
2021-11-01,month_end,30,product,컴퓨터주변기기,1680779000,잠정,2026-09-30T01:44:34.480554+00:00
2021-12-01,10,10,country,대만,656805000,잠정,2026-09-30T01:48:17.674314+00:00
2021-12-01,10,10,country,말레이시아,476554000,잠정,2026-09-30T01:48:17.674314+00:00
2021-12-01,10,10,country,미국,2604658000,잠정,2026-09-30T01:48:17.674314+00:00
2021-12-01,10,10,country,베트남,1953918000,잠정,2026-09-30T01:48:17.674314+00:00
2021-12-01,10,10,country,싱가포르,426922000,잠정,2026-09-30T01:48:17.674314+00:00
2021-12-01,10,10,country,유럽연합,2095787000,잠정,2026-09-30T01:48:17.674314+00:00
2021-12-01,10,10,country,인도,450273000,잠정,2026-09-30T01:48:17.674314+00:00
2021-12-01,10,10,country,일본,1067919000,잠정,2026-09-30T01:48:17.674314+00:00
2021-12-01,10,10,country,전체,19462154000,잠정,2026-09-30T01:48:17.674314+00:00
2021-12-01,10,10,country,중국,5151331000,잠정,2026-09-30T01:48:17.674314+00:00
2021-12-01,10,10,country,홍콩,700555000,잠정,2026-09-30T01:48:17.674314+00:00
2021-12-01,10,10,product,가전제품,254172000,잠정,2026-09-30T01:44:34.480554+00:00
2021-12-01,10,10,product,무선통신기기,885480000,잠정,2026-09-30T01:44:34.480554+00:00
2021-12-01,10,10,product,반도체,3638412000,잠정,2026-09-30T01:44:34.480554+00:00
2021-12-01,10,10,product,석유제품,1237783000,잠정,2026-09-30T01:44:34.480554+00:00
2021-12-01,10,10,product,선박,466928000,잠정,2026-09-30T01:44:34.480554+00:00
2021-12-01,10,10,product,승용차,988398000,잠정,2026-09-30T01:44:34.480554+00:00
2021-12-01,10,10,product,자동차부품,715364000,잠정,2026-09-30T01:44:34.480554+00:00
2021-12-01,10,10,product,전체,19462154000,잠정,2026-09-30T01:44:34.480554+00:00
2021-12-01,10,10,product,정밀기기,442283000,잠정,2026-09-30T01:44:34.480554+00:00
2021-12-01,10,10,product,철강제품,1599332000,잠정,2026-09-30T01:44:34.480554+00:00
2021-12-01,10,10,product,컴퓨터주변기기,397990000,잠정,2026-09-30T01:44:34.480554+00:00
2021-12-01,20,20,country,대만,1328645000,잠정,2026-09-30T01:48:17.674314+00:00
2021-12-01,20,20,country,말레이시아,750532000,잠정,2026-09-30T01:48:17.674314+00:00
2021-12-01,20,20,country,미국,5056142000,잠정,2026-09-30T01:48:17.674314+00:00
2021-12-01,20,20,country,베트남,3664167000,잠정,2026-09-30T01:48:17.674314+00:00
2021-12-01,20,20,country,싱가포르,877585000,잠정,2026-09-30T01:48:17.674314+00:00
2021-12-01,20,20,country,유럽연합,4005956000,잠정,2026-09-30T01:48:17.674314+00:00
2021-12-01,20,20,country,인도,852838000,잠정,2026-09-30T01:48:17.674314+00:00
2021-12-01,20,20,country,일본,1853634000,잠정,2026-09-30T01:48:17.674314+00:00
2021-12-01,20,20,country,전체,36887008000,잠정,2026-09-30T01:48:17.674314+00:00
2021-12-01,20,20,country,중국,9809660000,잠정,2026-09-30T01:48:17.674314+00:00
2021-12-01,20,20,country,홍콩,1469246000,잠정,2026-09-30T01:48:17.674314+00:00
2021-12-01,20,20,product,가전제품,467046000,잠정,2026-09-30T01:44:34.480554+00:00
2021-12-01,20,20,product,무선통신기기,1610635000,잠정,2026-09-30T01:44:34.480554+00:00
2021-12-01,20,20,product,반도체,7371529000,잠정,2026-09-30T01:44:34.480554+00:00
2021-12-01,20,20,product,석유제품,2294546000,잠정,2026-09-30T01:44:34.480554+00:00
2021-12-01,20,20,product,선박,761347000,잠정,2026-09-30T01:44:34.480554+00:00
2021-12-01,20,20,product,승용차,2024498000,잠정,2026-09-30T01:44:34.480554+00:00
2021-12-01,20,20,product,자동차부품,1254424000,잠정,2026-09-30T01:44:34.480554+00:00
2021-12-01,20,20,product,전체,36887008000,잠정,2026-09-30T01:44:34.480554+00:00
2021-12-01,20,20,product,정밀기기,812255000,잠정,2026-09-30T01:44:34.480554+00:00
2021-12-01,20,20,product,철강제품,3138526000,잠정,2026-09-30T01:44:34.480554+00:00
2021-12-01,20,20,product,컴퓨터주변기기,881446000,잠정,2026-09-30T01:44:34.480554+00:00
2021-12-01,month_end,31,country,대만,2333288000,잠정,2026-09-30T01:48:17.674314+00:00
2021-12-01,month_end,31,country,말레이시아,1226627000,잠정,2026-09-30T01:48:17.674314+00:00
2021-12-01,month_end,31,country,미국,8787542000,잠정,2026-09-30T01:48:17.674314+00:00
2021-12-01,month_end,31,country,베트남,5617023000,잠정,2026-09-30T01:48:17.674314+00:00
2021-12-01,month_end,31,country,싱가포르,1411021000,잠정,2026-09-30T01:48:17.674314+00:00
2021-12-01,month_end,31,country,유럽연합,5972454000,잠정,2026-09-30T01:48:17.674314+00:00
2021-12-01,month_end,31,country,인도,1314390000,잠정,2026-09-30T01:48:17.674314+00:00
2021-12-01,month_end,31,country,일본,2712571000,잠정,2026-09-30T01:48:17.674314+00:00
2021-12-01,month_end,31,country,전체,60734117000,잠정,2026-09-30T01:48:17.674314+00:00
2021-12-01,month_end,31,country,중국,15342563000,잠정,2026-09-30T01:48:17.674314+00:00
2021-12-01,month_end,31,country,홍콩,3444273000,잠정,2026-09-30T01:48:17.674314+00:00
2021-12-01,month_end,31,product,가전제품,735376000,잠정,2026-09-30T01:44:34.480554+00:00
2021-12-01,month_end,31,product,무선통신기기,2303341000,잠정,2026-09-30T01:44:34.480554+00:00
2021-12-01,month_end,31,product,반도체,13014460000,잠정,2026-09-30T01:44:34.480554+00:00
2021-12-01,month_end,31,product,석유제품,3923110000,잠정,2026-09-30T01:44:34.480554+00:00
2021-12-01,month_end,31,product,선박,1339967000,잠정,2026-09-30T01:44:34.480554+00:00
2021-12-01,month_end,31,product,승용차,4053649000,잠정,2026-09-30T01:44:34.480554+00:00
2021-12-01,month_end,31,product,자동차부품,2038539000,잠정,2026-09-30T01:44:34.480554+00:00
2021-12-01,month_end,31,product,전체,60734117000,잠정,2026-09-30T01:44:34.480554+00:00
2021-12-01,month_end,31,product,정밀기기,1242750000,잠정,2026-09-30T01:44:34.480554+00:00
2021-12-01,month_end,31,product,철강제품,5138997000,잠정,2026-09-30T01:44:34.480554+00:00
2021-12-01,month_end,31,product,컴퓨터주변기기,1543449000,잠정,2026-09-30T01:44:34.480554+00:00
2022-01-01,10,10,country,대만,551872000,잠정,2026-09-30T01:48:17.853886+00:00
2022-01-01,10,10,country,말레이시아,245733000,잠정,2026-09-30T01:48:17.853886+00:00
2022-01-01,10,10,country,미국,1945855000,잠정,2026-09-30T01:48:17.853886+00:00
2022-01-01,10,10,country,베트남,1463100000,잠정,2026-09-30T01:48:17.853886+00:00
2022-01-01,10,10,country,싱가포르,347807000,잠정,2026-09-30T01:48:17.853886+00:00
2022-01-01,10,10,country,유럽연합,1170158000,잠정,2026-09-30T01:48:17.853886+00:00
2022-01-01,10,10,country,인도,375069000,잠정,2026-09-30T01:48:17.853886+00:00
2022-01-01,10,10,country,일본,652656000,잠정,2026-09-30T01:48:17.853886+00:00
2022-01-01,10,10,country,전체,13982440000,잠정,2026-09-30T01:48:17.853886+00:00
2022-01-01,10,10,country,중국,3841357000,잠정,2026-09-30T01:48:17.853886+00:00
2022-01-01,10,10,country,홍콩,372813000,잠정,2026-09-30T01:48:17.853886+00:00
2022-01-01,10,10,product,가전제품,318329000,잠정,2026-09-30T01:44:34.666473+00:00
2022-01-01,10,10,product,무선통신기기,390920000,잠정,2026-09-30T01:44:34.666473+00:00
2022-01-01,10,10,product,반도체,2903640000,잠정,2026-09-30T01:44:34.666473+00:00
2022-01-01,10,10,product,석유제품,1010409000,잠정,2026-09-30T01:44:34.666473+00:00
2022-01-01,10,10,product,선박,320332000,잠정,2026-09-30T01:44:34.666473+00:00
2022-01-01,10,10,product,승용차,839781000,잠정,2026-09-30T01:44:34.666473+00:00
2022-01-01,10,10,product,자동차부품,503068000,잠정,2026-09-30T01:44:34.666473+00:00
2022-01-01,10,10,product,전체,13982440000,잠정,2026-09-30T01:44:34.666473+00:00
2022-01-01,10,10,product,정밀기기,339711000,잠정,2026-09-30T01:44:34.666473+00:00
2022-01-01,10,10,product,철강제품,1149117000,잠정,2026-09-30T01:44:34.666473+00:00
2022-01-01,10,10,product,컴퓨터주변기기,209528000,잠정,2026-09-30T01:44:34.666473+00:00
2022-01-01,20,20,country,대만,1165363000,잠정,2026-09-30T01:48:17.853886+00:00
2022-01-01,20,20,country,말레이시아,580189000,잠정,2026-09-30T01:48:17.853886+00:00
2022-01-01,20,20,country,미국,5055710000,잠정,2026-09-30T01:48:17.853886+00:00
2022-01-01,20,20,country,베트남,3269610000,잠정,2026-09-30T01:48:17.853886+00:00
2022-01-01,20,20,country,싱가포르,783838000,잠정,2026-09-30T01:48:17.853886+00:00
2022-01-01,20,20,country,유럽연합,3345427000,잠정,2026-09-30T01:48:17.853886+00:00
2022-01-01,20,20,country,인도,914246000,잠정,2026-09-30T01:48:17.853886+00:00
2022-01-01,20,20,country,일본,1627798000,잠정,2026-09-30T01:48:17.853886+00:00
2022-01-01,20,20,country,전체,34553673000,잠정,2026-09-30T01:48:17.853886+00:00
2022-01-01,20,20,country,중국,8951176000,잠정,2026-09-30T01:48:17.853886+00:00
2022-01-01,20,20,country,홍콩,1256132000,잠정,2026-09-30T01:48:17.853886+00:00
2022-01-01,20,20,product,가전제품,754397000,잠정,2026-09-30T01:44:34.666473+00:00
2022-01-01,20,20,product,무선통신기기,983621000,잠정,2026-09-30T01:44:34.666473+00:00
2022-01-01,20,20,product,반도체,6712707000,잠정,2026-09-30T01:44:34.666473+00:00
2022-01-01,20,20,product,석유제품,2359567000,잠정,2026-09-30T01:44:34.666473+00:00
2022-01-01,20,20,product,선박,469446000,잠정,2026-09-30T01:44:34.666473+00:00
2022-01-01,20,20,product,승용차,2327894000,잠정,2026-09-30T01:44:34.666473+00:00
2022-01-01,20,20,product,자동차부품,1233100000,잠정,2026-09-30T01:44:34.666473+00:00
2022-01-01,20,20,product,전체,34553673000,잠정,2026-09-30T01:44:34.666473+00:00
2022-01-01,20,20,product,정밀기기,755546000,잠정,2026-09-30T01:44:34.666473+00:00
2022-01-01,20,20,product,철강제품,3021347000,잠정,2026-09-30T01:44:34.666473+00:00
2022-01-01,20,20,product,컴퓨터주변기기,743590000,잠정,2026-09-30T01:44:34.666473+00:00
2022-01-01,month_end,31,country,대만,1888769000,잠정,2026-09-30T01:48:17.853886+00:00
2022-01-01,month_end,31,country,말레이시아,852348000,잠정,2026-09-30T01:48:17.853886+00:00
2022-01-01,month_end,31,country,미국,8569920000,잠정,2026-09-30T01:48:17.853886+00:00
2022-01-01,month_end,31,country,베트남,5305471000,잠정,2026-09-30T01:48:17.853886+00:00
2022-01-01,month_end,31,country,싱가포르,1375445000,잠정,2026-09-30T01:48:17.853886+00:00
2022-01-01,month_end,31,country,유럽연합,5415309000,잠정,2026-09-30T01:48:17.853886+00:00
2022-01-01,month_end,31,country,인도,1465043000,잠정,2026-09-30T01:48:17.853886+00:00
2022-01-01,month_end,31,country,일본,2617191000,잠정,2026-09-30T01:48:17.853886+00:00
2022-01-01,month_end,31,country,전체,55455376000,잠정,2026-09-30T01:48:17.853886+00:00
2022-01-01,month_end,31,country,중국,13369829000,잠정,2026-09-30T01:48:17.853886+00:00
2022-01-01,month_end,31,country,홍콩,2497240000,잠정,2026-09-30T01:48:17.853886+00:00
2022-01-01,month_end,31,product,가전제품,1176873000,잠정,2026-09-30T01:44:34.666473+00:00
2022-01-01,month_end,31,product,무선통신기기,1663907000,잠정,2026-09-30T01:44:34.666473+00:00
2022-01-01,month_end,31,product,반도체,11015776000,잠정,2026-09-30T01:44:34.666473+00:00
2022-01-01,month_end,31,product,석유제품,3724347000,잠정,2026-09-30T01:44:34.666473+00:00
2022-01-01,month_end,31,product,선박,724661000,잠정,2026-09-30T01:44:34.666473+00:00
2022-01-01,month_end,31,product,승용차,3924053000,잠정,2026-09-30T01:44:34.666473+00:00
2022-01-01,month_end,31,product,자동차부품,1974136000,잠정,2026-09-30T01:44:34.666473+00:00
2022-01-01,month_end,31,product,전체,55455376000,잠정,2026-09-30T01:44:34.666473+00:00
2022-01-01,month_end,31,product,정밀기기,1153749000,잠정,2026-09-30T01:44:34.666473+00:00
2022-01-01,month_end,31,product,철강제품,5059390000,잠정,2026-09-30T01:44:34.666473+00:00
2022-01-01,month_end,31,product,컴퓨터주변기기,1527729000,잠정,2026-09-30T01:44:34.666473+00:00
2022-02-01,10,10,country,대만,677379000,잠정,2026-09-30T01:48:17.853886+00:00
2022-02-01,10,10,country,말레이시아,297835000,잠정,2026-09-30T01:48:17.853886+00:00
2022-02-01,10,10,country,미국,2196258000,잠정,2026-09-30T01:48:17.853886+00:00
2022-02-01,10,10,country,베트남,1566081000,잠정,2026-09-30T01:48:17.853886+00:00
2022-02-01,10,10,country,싱가포르,379977000,잠정,2026-09-30T01:48:17.853886+00:00
2022-02-01,10,10,country,유럽연합,1468424000,잠정,2026-09-30T01:48:17.853886+00:00
2022-02-01,10,10,country,인도,407518000,잠정,2026-09-30T01:48:17.853886+00:00
2022-02-01,10,10,country,일본,782487000,잠정,2026-09-30T01:48:17.853886+00:00
2022-02-01,10,10,country,전체,15747782000,잠정,2026-09-30T01:48:17.853886+00:00
2022-02-01,10,10,country,중국,4069820000,잠정,2026-09-30T01:48:17.853886+00:00
2022-02-01,10,10,country,홍콩,584667000,잠정,2026-09-30T01:48:17.853886+00:00
2022-02-01,10,10,product,가전제품,332477000,잠정,2026-09-30T01:44:34.666473+00:00
2022-02-01,10,10,product,무선통신기기,472113000,잠정,2026-09-30T01:44:34.666473+00:00
2022-02-01,10,10,product,반도체,3298815000,잠정,2026-09-30T01:44:34.666473+00:00
2022-02-01,10,10,product,석유제품,1358897000,잠정,2026-09-30T01:44:34.666473+00:00
2022-02-01,10,10,product,선박,457935000,잠정,2026-09-30T01:44:34.666473+00:00
2022-02-01,10,10,product,승용차,652796000,잠정,2026-09-30T01:44:34.666473+00:00
2022-02-01,10,10,product,자동차부품,512231000,잠정,2026-09-30T01:44:34.666473+00:00
2022-02-01,10,10,product,전체,15747782000,잠정,2026-09-30T01:44:34.666473+00:00
2022-02-01,10,10,product,정밀기기,347243000,잠정,2026-09-30T01:44:34.666473+00:00
2022-02-01,10,10,product,철강제품,1262209000,잠정,2026-09-30T01:44:34.666473+00:00
2022-02-01,10,10,product,컴퓨터주변기기,377410000,잠정,2026-09-30T01:44:34.666473+00:00
2022-02-01,20,20,country,대만,1429896000,잠정,2026-09-30T01:48:17.853886+00:00
2022-02-01,20,20,country,말레이시아,557014000,잠정,2026-09-30T01:48:17.853886+00:00
2022-02-01,20,20,country,미국,4648530000,잠정,2026-09-30T01:48:17.853886+00:00
2022-02-01,20,20,country,베트남,3554893000,잠정,2026-09-30T01:48:17.853886+00:00
2022-02-01,20,20,country,싱가포르,762118000,잠정,2026-09-30T01:48:17.853886+00:00
2022-02-01,20,20,country,유럽연합,3652345000,잠정,2026-09-30T01:48:17.853886+00:00
2022-02-01,20,20,country,인도,909219000,잠정,2026-09-30T01:48:17.853886+00:00
2022-02-01,20,20,country,일본,1645914000,잠정,2026-09-30T01:48:17.853886+00:00
2022-02-01,20,20,country,전체,34336310000,잠정,2026-09-30T01:48:17.853886+00:00
2022-02-01,20,20,country,중국,8624815000,잠정,2026-09-30T01:48:17.853886+00:00
2022-02-01,20,20,country,홍콩,1308277000,잠정,2026-09-30T01:48:17.853886+00:00
2022-02-01,20,20,product,가전제품,693226000,잠정,2026-09-30T01:44:34.666473+00:00
2022-02-01,20,20,product,무선통신기기,1136511000,잠정,2026-09-30T01:44:34.666473+00:00
2022-02-01,20,20,product,반도체,6775940000,잠정,2026-09-30T01:44:34.666473+00:00
2022-02-01,20,20,product,석유제품,2678587000,잠정,2026-09-30T01:44:34.666473+00:00
2022-02-01,20,20,product,선박,1071617000,잠정,2026-09-30T01:44:34.666473+00:00
2022-02-01,20,20,product,승용차,2144345000,잠정,2026-09-30T01:44:34.666473+00:00
2022-02-01,20,20,product,자동차부품,1098310000,잠정,2026-09-30T01:44:34.666473+00:00
2022-02-01,20,20,product,전체,34336310000,잠정,2026-09-30T01:44:34.666473+00:00
2022-02-01,20,20,product,정밀기기,749930000,잠정,2026-09-30T01:44:34.666473+00:00
2022-02-01,20,20,product,철강제품,2707761000,잠정,2026-09-30T01:44:34.666473+00:00
2022-02-01,20,20,product,컴퓨터주변기기,924084000,잠정,2026-09-30T01:44:34.666473+00:00
2022-02-01,month_end,28,country,대만,2243277000,잠정,2026-09-30T01:48:17.853886+00:00
2022-02-01,month_end,28,country,말레이시아,905119000,잠정,2026-09-30T01:48:17.853886+00:00
2022-02-01,month_end,28,country,미국,7740905000,잠정,2026-09-30T01:48:17.853886+00:00
2022-02-01,month_end,28,country,베트남,5236007000,잠정,2026-09-30T01:48:17.853886+00:00
2022-02-01,month_end,28,country,싱가포르,1426093000,잠정,2026-09-30T01:48:17.853886+00:00
2022-02-01,month_end,28,country,유럽연합,5480970000,잠정,2026-09-30T01:48:17.853886+00:00
2022-02-01,month_end,28,country,인도,1351392000,잠정,2026-09-30T01:48:17.853886+00:00
2022-02-01,month_end,28,country,일본,2480974000,잠정,2026-09-30T01:48:17.853886+00:00
2022-02-01,month_end,28,country,전체,54155835000,잠정,2026-09-30T01:48:17.853886+00:00
2022-02-01,month_end,28,country,중국,13042436000,잠정,2026-09-30T01:48:17.853886+00:00
2022-02-01,month_end,28,country,홍콩,2413335000,잠정,2026-09-30T01:48:17.853886+00:00
2022-02-01,month_end,28,product,가전제품,1040601000,잠정,2026-09-30T01:44:34.666473+00:00
2022-02-01,month_end,28,product,무선통신기기,1664385000,잠정,2026-09-30T01:44:34.666473+00:00
2022-02-01,month_end,28,product,반도체,10545025000,잠정,2026-09-30T01:44:34.666473+00:00
2022-02-01,month_end,28,product,석유제품,4209060000,잠정,2026-09-30T01:44:34.666473+00:00
2022-02-01,month_end,28,product,선박,1704024000,잠정,2026-09-30T01:44:34.666473+00:00
2022-02-01,month_end,28,product,승용차,3631862000,잠정,2026-09-30T01:44:34.666473+00:00
2022-02-01,month_end,28,product,자동차부품,1726005000,잠정,2026-09-30T01:44:34.666473+00:00
2022-02-01,month_end,28,product,전체,54155835000,잠정,2026-09-30T01:44:34.666473+00:00
2022-02-01,month_end,28,product,정밀기기,1145870000,잠정,2026-09-30T01:44:34.666473+00:00
2022-02-01,month_end,28,product,철강제품,4664288000,잠정,2026-09-30T01:44:34.666473+00:00
2022-02-01,month_end,28,product,컴퓨터주변기기,1628901000,잠정,2026-09-30T01:44:34.666473+00:00
2022-03-01,10,10,country,대만,908941000,잠정,2026-09-30T01:48:17.853886+00:00
2022-03-01,10,10,country,말레이시아,264437000,잠정,2026-09-30T01:48:17.853886+00:00
2022-03-01,10,10,country,미국,2662602000,잠정,2026-09-30T01:48:17.853886+00:00
2022-03-01,10,10,country,베트남,1830341000,잠정,2026-09-30T01:48:17.853886+00:00
2022-03-01,10,10,country,싱가포르,651268000,잠정,2026-09-30T01:48:17.853886+00:00
2022-03-01,10,10,country,유럽연합,1831585000,잠정,2026-09-30T01:48:17.853886+00:00
2022-03-01,10,10,country,인도,433263000,잠정,2026-09-30T01:48:17.853886+00:00
2022-03-01,10,10,country,일본,818122000,잠정,2026-09-30T01:48:17.853886+00:00
2022-03-01,10,10,country,전체,18838928000,잠정,2026-09-30T01:48:17.853886+00:00
2022-03-01,10,10,country,중국,4911391000,잠정,2026-09-30T01:48:17.853886+00:00
2022-03-01,10,10,country,홍콩,654071000,잠정,2026-09-30T01:48:17.853886+00:00
2022-03-01,10,10,product,가전제품,375851000,잠정,2026-09-30T01:44:34.666473+00:00
2022-03-01,10,10,product,무선통신기기,586415000,잠정,2026-09-30T01:44:34.666473+00:00
2022-03-01,10,10,product,반도체,3846212000,잠정,2026-09-30T01:44:34.666473+00:00
2022-03-01,10,10,product,석유제품,1847642000,잠정,2026-09-30T01:44:34.666473+00:00
2022-03-01,10,10,product,선박,252389000,잠정,2026-09-30T01:44:34.666473+00:00
2022-03-01,10,10,product,승용차,725828000,잠정,2026-09-30T01:44:34.666473+00:00
2022-03-01,10,10,product,자동차부품,711200000,잠정,2026-09-30T01:44:34.666473+00:00
2022-03-01,10,10,product,전체,18838928000,잠정,2026-09-30T01:44:34.666473+00:00
2022-03-01,10,10,product,정밀기기,409512000,잠정,2026-09-30T01:44:34.666473+00:00
2022-03-01,10,10,product,철강제품,1549276000,잠정,2026-09-30T01:44:34.666473+00:00
2022-03-01,10,10,product,컴퓨터주변기기,466478000,잠정,2026-09-30T01:44:34.666473+00:00
2022-03-01,20,20,country,대만,1659084000,잠정,2026-09-30T01:48:17.853886+00:00
2022-03-01,20,20,country,말레이시아,513509000,잠정,2026-09-30T01:48:17.853886+00:00
2022-03-01,20,20,country,미국,5360984000,잠정,2026-09-30T01:48:17.853886+00:00
2022-03-01,20,20,country,베트남,3731773000,잠정,2026-09-30T01:48:17.853886+00:00
2022-03-01,20,20,country,싱가포르,1192539000,잠정,2026-09-30T01:48:17.853886+00:00
2022-03-01,20,20,country,유럽연합,3852088000,잠정,2026-09-30T01:48:17.853886+00:00
2022-03-01,20,20,country,인도,931615000,잠정,2026-09-30T01:48:17.853886+00:00
2022-03-01,20,20,country,일본,1567060000,잠정,2026-09-30T01:48:17.853886+00:00
2022-03-01,20,20,country,전체,37467375000,잠정,2026-09-30T01:48:17.853886+00:00
2022-03-01,20,20,country,중국,9698813000,잠정,2026-09-30T01:48:17.853886+00:00
2022-03-01,20,20,country,홍콩,1358804000,잠정,2026-09-30T01:48:17.853886+00:00
2022-03-01,20,20,product,가전제품,711120000,잠정,2026-09-30T01:44:34.666473+00:00
2022-03-01,20,20,product,무선통신기기,1427183000,잠정,2026-09-30T01:44:34.666473+00:00
2022-03-01,20,20,product,반도체,7819558000,잠정,2026-09-30T01:44:34.666473+00:00
2022-03-01,20,20,product,석유제품,3283270000,잠정,2026-09-30T01:44:34.666473+00:00
2022-03-01,20,20,product,선박,695294000,잠정,2026-09-30T01:44:34.666473+00:00
2022-03-01,20,20,product,승용차,2036335000,잠정,2026-09-30T01:44:34.666473+00:00
2022-03-01,20,20,product,자동차부품,1252943000,잠정,2026-09-30T01:44:34.666473+00:00
2022-03-01,20,20,product,전체,37467375000,잠정,2026-09-30T01:44:34.666473+00:00
2022-03-01,20,20,product,정밀기기,795453000,잠정,2026-09-30T01:44:34.666473+00:00
2022-03-01,20,20,product,철강제품,3000057000,잠정,2026-09-30T01:44:34.666473+00:00
2022-03-01,20,20,product,컴퓨터주변기기,1029633000,잠정,2026-09-30T01:44:34.666473+00:00
2022-03-01,month_end,31,country,대만,2621276000,잠정,2026-09-30T01:48:17.853886+00:00
2022-03-01,month_end,31,country,말레이시아,982354000,잠정,2026-09-30T01:48:17.853886+00:00
2022-03-01,month_end,31,country,미국,9638757000,잠정,2026-09-30T01:48:17.853886+00:00
2022-03-01,month_end,31,country,베트남,6136686000,잠정,2026-09-30T01:48:17.853886+00:00
2022-03-01,month_end,31,country,싱가포르,2118976000,잠정,2026-09-30T01:48:17.853886+00:00
2022-03-01,month_end,31,country,유럽연합,6215615000,잠정,2026-09-30T01:48:17.853886+00:00
2022-03-01,month_end,31,country,인도,1508013000,잠정,2026-09-30T01:48:17.853886+00:00
2022-03-01,month_end,31,country,일본,2775632000,잠정,2026-09-30T01:48:17.853886+00:00
2022-03-01,month_end,31,country,전체,63786835000,잠정,2026-09-30T01:48:17.853886+00:00
2022-03-01,month_end,31,country,중국,15642332000,잠정,2026-09-30T01:48:17.853886+00:00
2022-03-01,month_end,31,country,홍콩,2845963000,잠정,2026-09-30T01:48:17.853886+00:00
2022-03-01,month_end,31,product,가전제품,1176426000,잠정,2026-09-30T01:44:34.666473+00:00
2022-03-01,month_end,31,product,무선통신기기,2241883000,잠정,2026-09-30T01:44:34.666473+00:00
2022-03-01,month_end,31,product,반도체,13297573000,잠정,2026-09-30T01:44:34.666473+00:00
2022-03-01,month_end,31,product,석유제품,5552821000,잠정,2026-09-30T01:44:34.666473+00:00
2022-03-01,month_end,31,product,선박,1454394000,잠정,2026-09-30T01:44:34.666473+00:00
2022-03-01,month_end,31,product,승용차,3782908000,잠정,2026-09-30T01:44:34.666473+00:00
2022-03-01,month_end,31,product,자동차부품,2111612000,잠정,2026-09-30T01:44:34.666473+00:00
2022-03-01,month_end,31,product,전체,63786835000,잠정,2026-09-30T01:44:34.666473+00:00
2022-03-01,month_end,31,product,정밀기기,1312612000,잠정,2026-09-30T01:44:34.666473+00:00
2022-03-01,month_end,31,product,철강제품,5075646000,잠정,2026-09-30T01:44:34.666473+00:00
2022-03-01,month_end,31,product,컴퓨터주변기기,1875292000,잠정,2026-09-30T01:44:34.666473+00:00
2022-04-01,10,10,country,대만,532743000,잠정,2026-09-30T01:48:17.853886+00:00
2022-04-01,10,10,country,말레이시아,239144000,잠정,2026-09-30T01:48:17.853886+00:00
2022-04-01,10,10,country,미국,2304884000,잠정,2026-09-30T01:48:17.853886+00:00
2022-04-01,10,10,country,베트남,1589165000,잠정,2026-09-30T01:48:17.853886+00:00
2022-04-01,10,10,country,싱가포르,475394000,잠정,2026-09-30T01:48:17.853886+00:00
2022-04-01,10,10,country,유럽연합,1372761000,잠정,2026-09-30T01:48:17.853886+00:00
2022-04-01,10,10,country,인도,388622000,잠정,2026-09-30T01:48:17.853886+00:00
2022-04-01,10,10,country,일본,752589000,잠정,2026-09-30T01:48:17.853886+00:00
2022-04-01,10,10,country,전체,15355040000,잠정,2026-09-30T01:48:17.853886+00:00
2022-04-01,10,10,country,중국,3915233000,잠정,2026-09-30T01:48:17.853886+00:00
2022-04-01,10,10,country,홍콩,346943000,잠정,2026-09-30T01:48:17.853886+00:00
2022-04-01,10,10,product,가전제품,298860000,잠정,2026-09-30T01:44:34.666473+00:00
2022-04-01,10,10,product,무선통신기기,663130000,잠정,2026-09-30T01:44:34.666473+00:00
2022-04-01,10,10,product,반도체,2940567000,잠정,2026-09-30T01:44:34.666473+00:00
2022-04-01,10,10,product,석유제품,1495364000,잠정,2026-09-30T01:44:34.666473+00:00
2022-04-01,10,10,product,선박,260795000,잠정,2026-09-30T01:44:34.666473+00:00
2022-04-01,10,10,product,승용차,921303000,잠정,2026-09-30T01:44:34.666473+00:00
2022-04-01,10,10,product,자동차부품,472646000,잠정,2026-09-30T01:44:34.666473+00:00
2022-04-01,10,10,product,전체,15355040000,잠정,2026-09-30T01:44:34.666473+00:00
2022-04-01,10,10,product,정밀기기,308573000,잠정,2026-09-30T01:44:34.666473+00:00
2022-04-01,10,10,product,철강제품,1221736000,잠정,2026-09-30T01:44:34.666473+00:00
2022-04-01,10,10,product,컴퓨터주변기기,304931000,잠정,2026-09-30T01:44:34.666473+00:00
2022-04-01,20,20,country,대만,1360754000,잠정,2026-09-30T01:48:17.853886+00:00
2022-04-01,20,20,country,말레이시아,528027000,잠정,2026-09-30T01:48:17.853886+00:00
2022-04-01,20,20,country,미국,5810764000,잠정,2026-09-30T01:48:17.853886+00:00
2022-04-01,20,20,country,베트남,3565052000,잠정,2026-09-30T01:48:17.853886+00:00
2022-04-01,20,20,country,싱가포르,1079075000,잠정,2026-09-30T01:48:17.853886+00:00
2022-04-01,20,20,country,유럽연합,3623843000,잠정,2026-09-30T01:48:17.853886+00:00
2022-04-01,20,20,country,인도,1008076000,잠정,2026-09-30T01:48:17.853886+00:00
2022-04-01,20,20,country,일본,1785258000,잠정,2026-09-30T01:48:17.853886+00:00
2022-04-01,20,20,country,전체,36368152000,잠정,2026-09-30T01:48:17.853886+00:00
2022-04-01,20,20,country,중국,8604312000,잠정,2026-09-30T01:48:17.853886+00:00
2022-04-01,20,20,country,홍콩,951374000,잠정,2026-09-30T01:48:17.853886+00:00
2022-04-01,20,20,product,가전제품,715695000,잠정,2026-09-30T01:44:34.666473+00:00
2022-04-01,20,20,product,무선통신기기,1233298000,잠정,2026-09-30T01:44:34.666473+00:00
2022-04-01,20,20,product,반도체,6741747000,잠정,2026-09-30T01:44:34.666473+00:00
2022-04-01,20,20,product,석유제품,3354034000,잠정,2026-09-30T01:44:34.666473+00:00
2022-04-01,20,20,product,선박,661110000,잠정,2026-09-30T01:44:34.666473+00:00
2022-04-01,20,20,product,승용차,2203448000,잠정,2026-09-30T01:44:34.666473+00:00
2022-04-01,20,20,product,자동차부품,1241963000,잠정,2026-09-30T01:44:34.666473+00:00
2022-04-01,20,20,product,전체,36368152000,잠정,2026-09-30T01:44:34.666473+00:00
2022-04-01,20,20,product,정밀기기,706232000,잠정,2026-09-30T01:44:34.666473+00:00
2022-04-01,20,20,product,철강제품,3128435000,잠정,2026-09-30T01:44:34.666473+00:00
2022-04-01,20,20,product,컴퓨터주변기기,754573000,잠정,2026-09-30T01:44:34.666473+00:00
2022-04-01,month_end,30,country,대만,2309273000,잠정,2026-09-30T01:48:17.853886+00:00
2022-04-01,month_end,30,country,말레이시아,1012967000,잠정,2026-09-30T01:48:17.853886+00:00
2022-04-01,month_end,30,country,미국,9605726000,잠정,2026-09-30T01:48:17.853886+00:00
2022-04-01,month_end,30,country,베트남,5405345000,잠정,2026-09-30T01:48:17.853886+00:00
2022-04-01,month_end,30,country,싱가포르,1857721000,잠정,2026-09-30T01:48:17.853886+00:00
2022-04-01,month_end,30,country,유럽연합,5542786000,잠정,2026-09-30T01:48:17.853886+00:00
2022-04-01,month_end,30,country,인도,1540595000,잠정,2026-09-30T01:48:17.853886+00:00
2022-04-01,month_end,30,country,일본,2624894000,잠정,2026-09-30T01:48:17.853886+00:00
2022-04-01,month_end,30,country,전체,57842816000,잠정,2026-09-30T01:48:17.853886+00:00
2022-04-01,month_end,30,country,중국,12949234000,잠정,2026-09-30T01:48:17.853886+00:00
2022-04-01,month_end,30,country,홍콩,2299944000,잠정,2026-09-30T01:48:17.853886+00:00
2022-04-01,month_end,30,product,가전제품,1062869000,잠정,2026-09-30T01:44:34.666473+00:00
2022-04-01,month_end,30,product,무선통신기기,1832280000,잠정,2026-09-30T01:44:34.666473+00:00
2022-04-01,month_end,30,product,반도체,11000265000,잠정,2026-09-30T01:44:34.666473+00:00
2022-04-01,month_end,30,product,석유제품,5201649000,잠정,2026-09-30T01:44:34.666473+00:00
2022-04-01,month_end,30,product,선박,951101000,잠정,2026-09-30T01:44:34.666473+00:00
2022-04-01,month_end,30,product,승용차,4191342000,잠정,2026-09-30T01:44:34.666473+00:00
2022-04-01,month_end,30,product,자동차부품,1888966000,잠정,2026-09-30T01:44:34.666473+00:00
2022-04-01,month_end,30,product,전체,57842816000,잠정,2026-09-30T01:44:34.666473+00:00
2022-04-01,month_end,30,product,정밀기기,1077163000,잠정,2026-09-30T01:44:34.666473+00:00
2022-04-01,month_end,30,product,철강제품,5065473000,잠정,2026-09-30T01:44:34.666473+00:00
2022-04-01,month_end,30,product,컴퓨터주변기기,1804001000,잠정,2026-09-30T01:44:34.666473+00:00
2022-05-01,10,10,country,대만,972715000,잠정,2026-09-30T01:48:17.853886+00:00
2022-05-01,10,10,country,말레이시아,210150000,잠정,2026-09-30T01:48:17.853886+00:00
2022-05-01,10,10,country,미국,2343725000,잠정,2026-09-30T01:48:17.853886+00:00
2022-05-01,10,10,country,베트남,1442745000,잠정,2026-09-30T01:48:17.853886+00:00
2022-05-01,10,10,country,싱가포르,580027000,잠정,2026-09-30T01:48:17.853886+00:00
2022-05-01,10,10,country,유럽연합,1446721000,잠정,2026-09-30T01:48:17.853886+00:00
2022-05-01,10,10,country,인도,428272000,잠정,2026-09-30T01:48:17.853886+00:00
2022-05-01,10,10,country,일본,827029000,잠정,2026-09-30T01:48:17.853886+00:00
2022-05-01,10,10,country,전체,16107911000,잠정,2026-09-30T01:48:17.853886+00:00
2022-05-01,10,10,country,중국,3758374000,잠정,2026-09-30T01:48:17.853886+00:00
2022-05-01,10,10,country,홍콩,324229000,잠정,2026-09-30T01:48:17.853886+00:00
2022-05-01,10,10,product,가전제품,311456000,잠정,2026-09-30T01:44:34.666473+00:00
2022-05-01,10,10,product,무선통신기기,460916000,잠정,2026-09-30T01:44:34.666473+00:00
2022-05-01,10,10,product,반도체,2798281000,잠정,2026-09-30T01:44:34.666473+00:00
2022-05-01,10,10,product,석유제품,2435632000,잠정,2026-09-30T01:44:34.666473+00:00
2022-05-01,10,10,product,선박,395873000,잠정,2026-09-30T01:44:34.666473+00:00
2022-05-01,10,10,product,승용차,596003000,잠정,2026-09-30T01:44:34.666473+00:00
2022-05-01,10,10,product,자동차부품,505821000,잠정,2026-09-30T01:44:34.666473+00:00
2022-05-01,10,10,product,전체,16107911000,잠정,2026-09-30T01:44:34.666473+00:00
2022-05-01,10,10,product,정밀기기,295649000,잠정,2026-09-30T01:44:34.666473+00:00
2022-05-01,10,10,product,철강제품,1233404000,잠정,2026-09-30T01:44:34.666473+00:00
2022-05-01,10,10,product,컴퓨터주변기기,337123000,잠정,2026-09-30T01:44:34.666473+00:00
2022-05-01,20,20,country,대만,1914072000,잠정,2026-09-30T01:48:17.853886+00:00
2022-05-01,20,20,country,말레이시아,472852000,잠정,2026-09-30T01:48:17.853886+00:00
2022-05-01,20,20,country,미국,5926634000,잠정,2026-09-30T01:48:17.853886+00:00
2022-05-01,20,20,country,베트남,3309543000,잠정,2026-09-30T01:48:17.853886+00:00
2022-05-01,20,20,country,싱가포르,1125088000,잠정,2026-09-30T01:48:17.853886+00:00
2022-05-01,20,20,country,유럽연합,3765513000,잠정,2026-09-30T01:48:17.853886+00:00
2022-05-01,20,20,country,인도,1060656000,잠정,2026-09-30T01:48:17.853886+00:00
2022-05-01,20,20,country,일본,1867783000,잠정,2026-09-30T01:48:17.853886+00:00
2022-05-01,20,20,country,전체,38645593000,잠정,2026-09-30T01:48:17.853886+00:00
2022-05-01,20,20,country,중국,8870589000,잠정,2026-09-30T01:48:17.853886+00:00
2022-05-01,20,20,country,홍콩,954041000,잠정,2026-09-30T01:48:17.853886+00:00
2022-05-01,20,20,product,가전제품,700474000,잠정,2026-09-30T01:44:34.666473+00:00
2022-05-01,20,20,product,무선통신기기,1039777000,잠정,2026-09-30T01:44:34.666473+00:00
2022-05-01,20,20,product,반도체,6607586000,잠정,2026-09-30T01:44:34.666473+00:00
2022-05-01,20,20,product,석유제품,4541567000,잠정,2026-09-30T01:44:34.666473+00:00
2022-05-01,20,20,product,선박,1189502000,잠정,2026-09-30T01:44:34.666473+00:00
2022-05-01,20,20,product,승용차,2223613000,잠정,2026-09-30T01:44:34.666473+00:00
2022-05-01,20,20,product,자동차부품,1258155000,잠정,2026-09-30T01:44:34.666473+00:00
2022-05-01,20,20,product,전체,38645593000,잠정,2026-09-30T01:44:34.666473+00:00
2022-05-01,20,20,product,정밀기기,707851000,잠정,2026-09-30T01:44:34.666473+00:00
2022-05-01,20,20,product,철강제품,3216328000,잠정,2026-09-30T01:44:34.666473+00:00
2022-05-01,20,20,product,컴퓨터주변기기,976701000,잠정,2026-09-30T01:44:34.666473+00:00
2022-05-01,month_end,31,country,대만,2949302000,잠정,2026-09-30T01:48:17.853886+00:00
2022-05-01,month_end,31,country,말레이시아,897014000,잠정,2026-09-30T01:48:17.853886+00:00
2022-05-01,month_end,31,country,미국,9620649000,잠정,2026-09-30T01:48:17.853886+00:00
2022-05-01,month_end,31,country,베트남,4951819000,잠정,2026-09-30T01:48:17.853886+00:00
2022-05-01,month_end,31,country,싱가포르,1652991000,잠정,2026-09-30T01:48:17.853886+00:00
2022-05-01,month_end,31,country,유럽연합,6041565000,잠정,2026-09-30T01:48:17.853886+00:00
2022-05-01,month_end,31,country,인도,1700823000,잠정,2026-09-30T01:48:17.853886+00:00
2022-05-01,month_end,31,country,일본,2830500000,잠정,2026-09-30T01:48:17.853886+00:00
2022-05-01,month_end,31,country,전체,61591326000,잠정,2026-09-30T01:48:17.853886+00:00
2022-05-01,month_end,31,country,중국,13419779000,잠정,2026-09-30T01:48:17.853886+00:00
2022-05-01,month_end,31,country,홍콩,2637335000,잠정,2026-09-30T01:48:17.853886+00:00
2022-05-01,month_end,31,product,가전제품,1065338000,잠정,2026-09-30T01:44:34.666473+00:00
2022-05-01,month_end,31,product,무선통신기기,1492113000,잠정,2026-09-30T01:44:34.666473+00:00
2022-05-01,month_end,31,product,반도체,11716680000,잠정,2026-09-30T01:44:34.666473+00:00
2022-05-01,month_end,31,product,석유제품,6560055000,잠정,2026-09-30T01:44:34.666473+00:00
2022-05-01,month_end,31,product,선박,1924034000,잠정,2026-09-30T01:44:34.666473+00:00
2022-05-01,month_end,31,product,승용차,3908749000,잠정,2026-09-30T01:44:34.666473+00:00
2022-05-01,month_end,31,product,자동차부품,1894156000,잠정,2026-09-30T01:44:34.666473+00:00
2022-05-01,month_end,31,product,전체,61591326000,잠정,2026-09-30T01:44:34.666473+00:00
2022-05-01,month_end,31,product,정밀기기,1082068000,잠정,2026-09-30T01:44:34.666473+00:00
2022-05-01,month_end,31,product,철강제품,5144964000,잠정,2026-09-30T01:44:34.666473+00:00
2022-05-01,month_end,31,product,컴퓨터주변기기,1800048000,잠정,2026-09-30T01:44:34.666473+00:00
2022-06-01,10,10,country,대만,700293000,잠정,2026-09-30T01:48:17.853886+00:00
2022-06-01,10,10,country,말레이시아,334761000,잠정,2026-09-30T01:48:17.853886+00:00
2022-06-01,10,10,country,미국,2406351000,잠정,2026-09-30T01:48:17.853886+00:00
2022-06-01,10,10,country,베트남,1385185000,잠정,2026-09-30T01:48:17.853886+00:00
2022-06-01,10,10,country,싱가포르,573044000,잠정,2026-09-30T01:48:17.853886+00:00
2022-06-01,10,10,country,유럽연합,1277410000,잠정,2026-09-30T01:48:17.853886+00:00
2022-06-01,10,10,country,인도,299771000,잠정,2026-09-30T01:48:17.853886+00:00
2022-06-01,10,10,country,일본,729056000,잠정,2026-09-30T01:48:17.853886+00:00
2022-06-01,10,10,country,전체,15083505000,잠정,2026-09-30T01:48:17.853886+00:00
2022-06-01,10,10,country,중국,3658390000,잠정,2026-09-30T01:48:17.853886+00:00
2022-06-01,10,10,country,홍콩,371185000,잠정,2026-09-30T01:48:17.853886+00:00
2022-06-01,10,10,product,가전제품,214921000,잠정,2026-09-30T01:44:34.666473+00:00
2022-06-01,10,10,product,무선통신기기,495399000,잠정,2026-09-30T01:44:34.666473+00:00
2022-06-01,10,10,product,반도체,3165137000,잠정,2026-09-30T01:44:34.666473+00:00
2022-06-01,10,10,product,석유제품,1920452000,잠정,2026-09-30T01:44:34.666473+00:00
2022-06-01,10,10,product,선박,388233000,잠정,2026-09-30T01:44:34.666473+00:00
2022-06-01,10,10,product,승용차,623559000,잠정,2026-09-30T01:44:34.666473+00:00
2022-06-01,10,10,product,자동차부품,494981000,잠정,2026-09-30T01:44:34.666473+00:00
2022-06-01,10,10,product,전체,15083505000,잠정,2026-09-30T01:44:34.666473+00:00
2022-06-01,10,10,product,정밀기기,271072000,잠정,2026-09-30T01:44:34.666473+00:00
2022-06-01,10,10,product,철강제품,1213786000,잠정,2026-09-30T01:44:34.666473+00:00
2022-06-01,10,10,product,컴퓨터주변기기,286224000,잠정,2026-09-30T01:44:34.666473+00:00
2022-06-01,20,20,country,대만,1384791000,잠정,2026-09-30T01:48:17.853886+00:00
2022-06-01,20,20,country,말레이시아,618386000,잠정,2026-09-30T01:48:17.853886+00:00
2022-06-01,20,20,country,미국,4879472000,잠정,2026-09-30T01:48:17.853886+00:00
2022-06-01,20,20,country,베트남,2805800000,잠정,2026-09-30T01:48:17.853886+00:00
2022-06-01,20,20,country,싱가포르,1010341000,잠정,2026-09-30T01:48:17.853886+00:00
2022-06-01,20,20,country,유럽연합,2848129000,잠정,2026-09-30T01:48:17.853886+00:00
2022-06-01,20,20,country,인도,711072000,잠정,2026-09-30T01:48:17.853886+00:00
2022-06-01,20,20,country,일본,1523850000,잠정,2026-09-30T01:48:17.853886+00:00
2022-06-01,20,20,country,전체,31251473000,잠정,2026-09-30T01:48:17.853886+00:00
2022-06-01,20,20,country,중국,7633489000,잠정,2026-09-30T01:48:17.853886+00:00
2022-06-01,20,20,country,홍콩,872779000,잠정,2026-09-30T01:48:17.853886+00:00
2022-06-01,20,20,product,가전제품,462233000,잠정,2026-09-30T01:44:34.666473+00:00
2022-06-01,20,20,product,무선통신기기,984612000,잠정,2026-09-30T01:44:34.666473+00:00
2022-06-01,20,20,product,반도체,6356781000,잠정,2026-09-30T01:44:34.666473+00:00
2022-06-01,20,20,product,석유제품,3673718000,잠정,2026-09-30T01:44:34.666473+00:00
2022-06-01,20,20,product,선박,704234000,잠정,2026-09-30T01:44:34.666473+00:00
2022-06-01,20,20,product,승용차,1600389000,잠정,2026-09-30T01:44:34.666473+00:00
2022-06-01,20,20,product,자동차부품,1032905000,잠정,2026-09-30T01:44:34.666473+00:00
2022-06-01,20,20,product,전체,31251473000,잠정,2026-09-30T01:44:34.666473+00:00
2022-06-01,20,20,product,정밀기기,572428000,잠정,2026-09-30T01:44:34.666473+00:00
2022-06-01,20,20,product,철강제품,2574703000,잠정,2026-09-30T01:44:34.666473+00:00
2022-06-01,20,20,product,컴퓨터주변기기,559901000,잠정,2026-09-30T01:44:34.666473+00:00
2022-06-01,month_end,30,country,대만,2415618000,잠정,2026-09-30T01:48:17.853886+00:00
2022-06-01,month_end,30,country,말레이시아,1007057000,잠정,2026-09-30T01:48:17.853886+00:00
2022-06-01,month_end,30,country,미국,9768741000,잠정,2026-09-30T01:48:17.853886+00:00
2022-06-01,month_end,30,country,베트남,4846173000,잠정,2026-09-30T01:48:17.853886+00:00
2022-06-01,month_end,30,country,싱가포르,1532102000,잠정,2026-09-30T01:48:17.853886+00:00
2022-06-01,month_end,30,country,유럽연합,5235366000,잠정,2026-09-30T01:48:17.853886+00:00
2022-06-01,month_end,30,country,인도,1428532000,잠정,2026-09-30T01:48:17.853886+00:00
2022-06-01,month_end,30,country,일본,2651096000,잠정,2026-09-30T01:48:17.853886+00:00
2022-06-01,month_end,30,country,전체,57679934000,잠정,2026-09-30T01:48:17.853886+00:00
2022-06-01,month_end,30,country,중국,12960973000,잠정,2026-09-30T01:48:17.853886+00:00
2022-06-01,month_end,30,country,홍콩,2819014000,잠정,2026-09-30T01:48:17.853886+00:00
2022-06-01,month_end,30,product,가전제품,783308000,잠정,2026-09-30T01:44:34.666473+00:00
2022-06-01,month_end,30,product,무선통신기기,1658342000,잠정,2026-09-30T01:44:34.666473+00:00
2022-06-01,month_end,30,product,반도체,12584790000,잠정,2026-09-30T01:44:34.666473+00:00
2022-06-01,month_end,30,product,석유제품,5613644000,잠정,2026-09-30T01:44:34.666473+00:00
2022-06-01,month_end,30,product,선박,1210207000,잠정,2026-09-30T01:44:34.666473+00:00
2022-06-01,month_end,30,product,승용차,3726499000,잠정,2026-09-30T01:44:34.666473+00:00
2022-06-01,month_end,30,product,자동차부품,1837424000,잠정,2026-09-30T01:44:34.666473+00:00
2022-06-01,month_end,30,product,전체,57679934000,잠정,2026-09-30T01:44:34.666473+00:00
2022-06-01,month_end,30,product,정밀기기,995090000,잠정,2026-09-30T01:44:34.666473+00:00
2022-06-01,month_end,30,product,철강제품,4794575000,잠정,2026-09-30T01:44:34.666473+00:00
2022-06-01,month_end,30,product,컴퓨터주변기기,1694572000,잠정,2026-09-30T01:44:34.666473+00:00
2022-07-01,10,10,country,대만,593169000,잠정,2026-09-30T01:48:17.853886+00:00
2022-07-01,10,10,country,말레이시아,342999000,잠정,2026-09-30T01:48:17.853886+00:00
2022-07-01,10,10,country,미국,2790114000,잠정,2026-09-30T01:48:17.853886+00:00
2022-07-01,10,10,country,베트남,1670738000,잠정,2026-09-30T01:48:17.853886+00:00
2022-07-01,10,10,country,싱가포르,620505000,잠정,2026-09-30T01:48:17.853886+00:00
2022-07-01,10,10,country,유럽연합,1221449000,잠정,2026-09-30T01:48:17.853886+00:00
2022-07-01,10,10,country,인도,367593000,잠정,2026-09-30T01:48:17.853886+00:00
2022-07-01,10,10,country,일본,714791000,잠정,2026-09-30T01:48:17.853886+00:00
2022-07-01,10,10,country,전체,15568067000,잠정,2026-09-30T01:48:17.853886+00:00
2022-07-01,10,10,country,중국,3454029000,잠정,2026-09-30T01:48:17.853886+00:00
2022-07-01,10,10,country,홍콩,220825000,잠정,2026-09-30T01:48:17.853886+00:00
2022-07-01,10,10,product,가전제품,196327000,잠정,2026-09-30T01:44:34.666473+00:00
2022-07-01,10,10,product,무선통신기기,609376000,잠정,2026-09-30T01:44:34.666473+00:00
2022-07-01,10,10,product,반도체,2891700000,잠정,2026-09-30T01:44:34.666473+00:00
2022-07-01,10,10,product,석유제품,1991588000,잠정,2026-09-30T01:44:34.666473+00:00
2022-07-01,10,10,product,선박,379583000,잠정,2026-09-30T01:44:34.666473+00:00
2022-07-01,10,10,product,승용차,1157183000,잠정,2026-09-30T01:44:34.666473+00:00
2022-07-01,10,10,product,자동차부품,509770000,잠정,2026-09-30T01:44:34.666473+00:00
2022-07-01,10,10,product,전체,15568067000,잠정,2026-09-30T01:44:34.666473+00:00
2022-07-01,10,10,product,정밀기기,256298000,잠정,2026-09-30T01:44:34.666473+00:00
2022-07-01,10,10,product,철강제품,1180478000,잠정,2026-09-30T01:44:34.666473+00:00
2022-07-01,10,10,product,컴퓨터주변기기,207073000,잠정,2026-09-30T01:44:34.666473+00:00
2022-07-01,20,20,country,대만,1283651000,잠정,2026-09-30T01:48:17.853886+00:00
2022-07-01,20,20,country,말레이시아,689833000,잠정,2026-09-30T01:48:17.853886+00:00
2022-07-01,20,20,country,미국,6225234000,잠정,2026-09-30T01:48:17.853886+00:00
2022-07-01,20,20,country,베트남,3444408000,잠정,2026-09-30T01:48:17.853886+00:00
2022-07-01,20,20,country,싱가포르,1304956000,잠정,2026-09-30T01:48:17.853886+00:00
2022-07-01,20,20,country,유럽연합,3917682000,잠정,2026-09-30T01:48:17.853886+00:00
2022-07-01,20,20,country,인도,895183000,잠정,2026-09-30T01:48:17.853886+00:00
2022-07-01,20,20,country,일본,1521185000,잠정,2026-09-30T01:48:17.853886+00:00
2022-07-01,20,20,country,전체,36845479000,잠정,2026-09-30T01:48:17.853886+00:00
2022-07-01,20,20,country,중국,8050955000,잠정,2026-09-30T01:48:17.853886+00:00
2022-07-01,20,20,country,홍콩,652028000,잠정,2026-09-30T01:48:17.853886+00:00
2022-07-01,20,20,product,가전제품,458347000,잠정,2026-09-30T01:44:34.666473+00:00
2022-07-01,20,20,product,무선통신기기,1145973000,잠정,2026-09-30T01:44:34.666473+00:00
2022-07-01,20,20,product,반도체,6657292000,잠정,2026-09-30T01:44:34.666473+00:00
2022-07-01,20,20,product,석유제품,4440259000,잠정,2026-09-30T01:44:34.666473+00:00
2022-07-01,20,20,product,선박,1117396000,잠정,2026-09-30T01:44:34.666473+00:00
2022-07-01,20,20,product,승용차,2684688000,잠정,2026-09-30T01:44:34.666473+00:00
2022-07-01,20,20,product,자동차부품,1274750000,잠정,2026-09-30T01:44:34.666473+00:00
2022-07-01,20,20,product,전체,36845479000,잠정,2026-09-30T01:44:34.666473+00:00
2022-07-01,20,20,product,정밀기기,634493000,잠정,2026-09-30T01:44:34.666473+00:00
2022-07-01,20,20,product,철강제품,2870562000,잠정,2026-09-30T01:44:34.666473+00:00
2022-07-01,20,20,product,컴퓨터주변기기,515256000,잠정,2026-09-30T01:44:34.666473+00:00
2022-07-01,month_end,31,country,대만,2031223000,잠정,2026-09-30T01:48:17.853886+00:00
2022-07-01,month_end,31,country,말레이시아,1335639000,잠정,2026-09-30T01:48:17.853886+00:00
2022-07-01,month_end,31,country,미국,10104092000,잠정,2026-09-30T01:48:17.853886+00:00
2022-07-01,month_end,31,country,베트남,5223837000,잠정,2026-09-30T01:48:17.853886+00:00
2022-07-01,month_end,31,country,싱가포르,1923476000,잠정,2026-09-30T01:48:17.853886+00:00
2022-07-01,month_end,31,country,유럽연합,6155318000,잠정,2026-09-30T01:48:17.853886+00:00
2022-07-01,month_end,31,country,인도,2361418000,잠정,2026-09-30T01:48:17.853886+00:00
2022-07-01,month_end,31,country,일본,2494966000,잠정,2026-09-30T01:48:17.853886+00:00
2022-07-01,month_end,31,country,전체,60241774000,잠정,2026-09-30T01:48:17.853886+00:00
2022-07-01,month_end,31,country,중국,13214288000,잠정,2026-09-30T01:48:17.853886+00:00
2022-07-01,month_end,31,country,홍콩,1683135000,잠정,2026-09-30T01:48:17.853886+00:00
2022-07-01,month_end,31,product,가전제품,709011000,잠정,2026-09-30T01:44:34.666473+00:00
2022-07-01,month_end,31,product,무선통신기기,1687164000,잠정,2026-09-30T01:44:34.666473+00:00
2022-07-01,month_end,31,product,반도체,11486116000,잠정,2026-09-30T01:44:34.666473+00:00
2022-07-01,month_end,31,product,석유제품,6428872000,잠정,2026-09-30T01:44:34.666473+00:00
2022-07-01,month_end,31,product,선박,2476499000,잠정,2026-09-30T01:44:34.666473+00:00
2022-07-01,month_end,31,product,승용차,4907226000,잠정,2026-09-30T01:44:34.666473+00:00
2022-07-01,month_end,31,product,자동차부품,1977865000,잠정,2026-09-30T01:44:34.666473+00:00
2022-07-01,month_end,31,product,전체,60241774000,잠정,2026-09-30T01:44:34.666473+00:00
2022-07-01,month_end,31,product,정밀기기,1008347000,잠정,2026-09-30T01:44:34.666473+00:00
2022-07-01,month_end,31,product,철강제품,4687672000,잠정,2026-09-30T01:44:34.666473+00:00
2022-07-01,month_end,31,product,컴퓨터주변기기,1203497000,잠정,2026-09-30T01:44:34.666473+00:00
2022-08-01,10,10,country,대만,660384000,잠정,2026-09-30T01:48:17.853886+00:00
2022-08-01,10,10,country,말레이시아,339680000,잠정,2026-09-30T01:48:17.853886+00:00
2022-08-01,10,10,country,미국,1937176000,잠정,2026-09-30T01:48:17.853886+00:00
2022-08-01,10,10,country,베트남,1462475000,잠정,2026-09-30T01:48:17.853886+00:00
2022-08-01,10,10,country,싱가포르,710855000,잠정,2026-09-30T01:48:17.853886+00:00
2022-08-01,10,10,country,유럽연합,1629259000,잠정,2026-09-30T01:48:17.853886+00:00
2022-08-01,10,10,country,인도,479243000,잠정,2026-09-30T01:48:17.853886+00:00
2022-08-01,10,10,country,일본,675571000,잠정,2026-09-30T01:48:17.853886+00:00
2022-08-01,10,10,country,전체,15608383000,잠정,2026-09-30T01:48:17.853886+00:00
2022-08-01,10,10,country,중국,3885710000,잠정,2026-09-30T01:48:17.853886+00:00
2022-08-01,10,10,country,홍콩,329189000,잠정,2026-09-30T01:48:17.853886+00:00
2022-08-01,10,10,product,가전제품,255219000,잠정,2026-09-30T01:44:34.666473+00:00
2022-08-01,10,10,product,무선통신기기,563974000,잠정,2026-09-30T01:44:34.666473+00:00
2022-08-01,10,10,product,반도체,2990284000,잠정,2026-09-30T01:44:34.666473+00:00
2022-08-01,10,10,product,석유제품,2213856000,잠정,2026-09-30T01:44:34.666473+00:00
2022-08-01,10,10,product,선박,76083000,잠정,2026-09-30T01:44:34.666473+00:00
2022-08-01,10,10,product,승용차,420925000,잠정,2026-09-30T01:44:34.666473+00:00
2022-08-01,10,10,product,자동차부품,399339000,잠정,2026-09-30T01:44:34.666473+00:00
2022-08-01,10,10,product,전체,15608383000,잠정,2026-09-30T01:44:34.666473+00:00
2022-08-01,10,10,product,정밀기기,314139000,잠정,2026-09-30T01:44:34.666473+00:00
2022-08-01,10,10,product,철강제품,1245951000,잠정,2026-09-30T01:44:34.666473+00:00
2022-08-01,10,10,product,컴퓨터주변기기,238223000,잠정,2026-09-30T01:44:34.666473+00:00
2022-08-01,20,20,country,대만,1304075000,잠정,2026-09-30T01:48:17.853886+00:00
2022-08-01,20,20,country,말레이시아,725512000,잠정,2026-09-30T01:48:17.853886+00:00
2022-08-01,20,20,country,미국,4738914000,잠정,2026-09-30T01:48:17.853886+00:00
2022-08-01,20,20,country,베트남,3066342000,잠정,2026-09-30T01:48:17.853886+00:00
2022-08-01,20,20,country,싱가포르,1374261000,잠정,2026-09-30T01:48:17.853886+00:00
2022-08-01,20,20,country,유럽연합,3342416000,잠정,2026-09-30T01:48:17.853886+00:00
2022-08-01,20,20,country,인도,1007135000,잠정,2026-09-30T01:48:17.853886+00:00
2022-08-01,20,20,country,일본,1451158000,잠정,2026-09-30T01:48:17.853886+00:00
2022-08-01,20,20,country,전체,33355057000,잠정,2026-09-30T01:48:17.853886+00:00
2022-08-01,20,20,country,중국,8089111000,잠정,2026-09-30T01:48:17.853886+00:00
2022-08-01,20,20,country,홍콩,772920000,잠정,2026-09-30T01:48:17.853886+00:00
2022-08-01,20,20,product,가전제품,452180000,잠정,2026-09-30T01:44:34.666473+00:00
2022-08-01,20,20,product,무선통신기기,1073360000,잠정,2026-09-30T01:44:34.666473+00:00
2022-08-01,20,20,product,반도체,6271259000,잠정,2026-09-30T01:44:34.666473+00:00
2022-08-01,20,20,product,석유제품,4252366000,잠정,2026-09-30T01:44:34.666473+00:00
2022-08-01,20,20,product,선박,668009000,잠정,2026-09-30T01:44:34.666473+00:00
2022-08-01,20,20,product,승용차,1763247000,잠정,2026-09-30T01:44:34.666473+00:00
2022-08-01,20,20,product,자동차부품,1028350000,잠정,2026-09-30T01:44:34.666473+00:00
2022-08-01,20,20,product,전체,33355057000,잠정,2026-09-30T01:44:34.666473+00:00
2022-08-01,20,20,product,정밀기기,674654000,잠정,2026-09-30T01:44:34.666473+00:00
2022-08-01,20,20,product,철강제품,2725596000,잠정,2026-09-30T01:44:34.666473+00:00
2022-08-01,20,20,product,컴퓨터주변기기,510464000,잠정,2026-09-30T01:44:34.666473+00:00
2022-08-01,month_end,31,country,대만,2219440000,잠정,2026-09-30T01:48:17.853886+00:00
2022-08-01,month_end,31,country,말레이시아,1213956000,잠정,2026-09-30T01:48:17.853886+00:00
2022-08-01,month_end,31,country,미국,8751247000,잠정,2026-09-30T01:48:17.853886+00:00
2022-08-01,month_end,31,country,베트남,4733042000,잠정,2026-09-30T01:48:17.853886+00:00
2022-08-01,month_end,31,country,싱가포르,2213095000,잠정,2026-09-30T01:48:17.853886+00:00
2022-08-01,month_end,31,country,유럽연합,5398354000,잠정,2026-09-30T01:48:17.853886+00:00
2022-08-01,month_end,31,country,인도,1630462000,잠정,2026-09-30T01:48:17.853886+00:00
2022-08-01,month_end,31,country,일본,2546588000,잠정,2026-09-30T01:48:17.853886+00:00
2022-08-01,month_end,31,country,전체,56605950000,잠정,2026-09-30T01:48:17.853886+00:00
2022-08-01,month_end,31,country,중국,13116160000,잠정,2026-09-30T01:48:17.853886+00:00
2022-08-01,month_end,31,country,홍콩,1949320000,잠정,2026-09-30T01:48:17.853886+00:00
2022-08-01,month_end,31,product,가전제품,750592000,잠정,2026-09-30T01:44:34.666473+00:00
2022-08-01,month_end,31,product,무선통신기기,1601817000,잠정,2026-09-30T01:44:34.666473+00:00
2022-08-01,month_end,31,product,반도체,11067131000,잠정,2026-09-30T01:44:34.666473+00:00
2022-08-01,month_end,31,product,석유제품,6671348000,잠정,2026-09-30T01:44:34.666473+00:00
2022-08-01,month_end,31,product,선박,1134136000,잠정,2026-09-30T01:44:34.666473+00:00
2022-08-01,month_end,31,product,승용차,3954946000,잠정,2026-09-30T01:44:34.666473+00:00
2022-08-01,month_end,31,product,자동차부품,1747597000,잠정,2026-09-30T01:44:34.666473+00:00
2022-08-01,month_end,31,product,전체,56605950000,잠정,2026-09-30T01:44:34.666473+00:00
2022-08-01,month_end,31,product,정밀기기,1103321000,잠정,2026-09-30T01:44:34.666473+00:00
2022-08-01,month_end,31,product,철강제품,4577755000,잠정,2026-09-30T01:44:34.666473+00:00
2022-08-01,month_end,31,product,컴퓨터주변기기,1257613000,잠정,2026-09-30T01:44:34.666473+00:00
2022-09-01,10,10,country,대만,515973000,잠정,2026-09-30T01:48:17.853886+00:00
2022-09-01,10,10,country,말레이시아,262010000,잠정,2026-09-30T01:48:17.853886+00:00
2022-09-01,10,10,country,미국,2496544000,잠정,2026-09-30T01:48:17.853886+00:00
2022-09-01,10,10,country,베트남,1490245000,잠정,2026-09-30T01:48:17.853886+00:00
2022-09-01,10,10,country,싱가포르,527692000,잠정,2026-09-30T01:48:17.853886+00:00
2022-09-01,10,10,country,유럽연합,1675223000,잠정,2026-09-30T01:48:17.853886+00:00
2022-09-01,10,10,country,인도,455987000,잠정,2026-09-30T01:48:17.853886+00:00
2022-09-01,10,10,country,일본,807699000,잠정,2026-09-30T01:48:17.853886+00:00
2022-09-01,10,10,country,전체,16130192000,잠정,2026-09-30T01:48:17.853886+00:00
2022-09-01,10,10,country,중국,4122316000,잠정,2026-09-30T01:48:17.853886+00:00
2022-09-01,10,10,country,홍콩,487763000,잠정,2026-09-30T01:48:17.853886+00:00
2022-09-01,10,10,product,가전제품,175381000,잠정,2026-09-30T01:44:34.666473+00:00
2022-09-01,10,10,product,무선통신기기,615336000,잠정,2026-09-30T01:44:34.666473+00:00
2022-09-01,10,10,product,반도체,3481612000,잠정,2026-09-30T01:44:34.666473+00:00
2022-09-01,10,10,product,석유제품,1616585000,잠정,2026-09-30T01:44:34.666473+00:00
2022-09-01,10,10,product,선박,142659000,잠정,2026-09-30T01:44:34.666473+00:00
2022-09-01,10,10,product,승용차,1062287000,잠정,2026-09-30T01:44:34.666473+00:00
2022-09-01,10,10,product,자동차부품,608979000,잠정,2026-09-30T01:44:34.666473+00:00
2022-09-01,10,10,product,전체,16130192000,잠정,2026-09-30T01:44:34.666473+00:00
2022-09-01,10,10,product,정밀기기,352036000,잠정,2026-09-30T01:44:34.666473+00:00
2022-09-01,10,10,product,철강제품,1026160000,잠정,2026-09-30T01:44:34.666473+00:00
2022-09-01,10,10,product,컴퓨터주변기기,311354000,잠정,2026-09-30T01:44:34.666473+00:00
2022-09-01,20,20,country,대만,1172285000,잠정,2026-09-30T01:48:17.853886+00:00
2022-09-01,20,20,country,말레이시아,600568000,잠정,2026-09-30T01:48:17.853886+00:00
2022-09-01,20,20,country,미국,5001990000,잠정,2026-09-30T01:48:17.853886+00:00
2022-09-01,20,20,country,베트남,2872437000,잠정,2026-09-30T01:48:17.853886+00:00
2022-09-01,20,20,country,싱가포르,1376631000,잠정,2026-09-30T01:48:17.853886+00:00
2022-09-01,20,20,country,유럽연합,3181949000,잠정,2026-09-30T01:48:17.853886+00:00
2022-09-01,20,20,country,인도,911963000,잠정,2026-09-30T01:48:17.853886+00:00
2022-09-01,20,20,country,일본,1516141000,잠정,2026-09-30T01:48:17.853886+00:00
2022-09-01,20,20,country,전체,32755635000,잠정,2026-09-30T01:48:17.853886+00:00
2022-09-01,20,20,country,중국,8246152000,잠정,2026-09-30T01:48:17.853886+00:00
2022-09-01,20,20,country,홍콩,1090731000,잠정,2026-09-30T01:48:17.853886+00:00
2022-09-01,20,20,product,가전제품,389021000,잠정,2026-09-30T01:44:34.666473+00:00
2022-09-01,20,20,product,무선통신기기,1216095000,잠정,2026-09-30T01:44:34.666473+00:00
2022-09-01,20,20,product,반도체,6898313000,잠정,2026-09-30T01:44:34.666473+00:00
2022-09-01,20,20,product,석유제품,3329216000,잠정,2026-09-30T01:44:34.666473+00:00
2022-09-01,20,20,product,선박,667477000,잠정,2026-09-30T01:44:34.666473+00:00
2022-09-01,20,20,product,승용차,2189756000,잠정,2026-09-30T01:44:34.666473+00:00
2022-09-01,20,20,product,자동차부품,1116733000,잠정,2026-09-30T01:44:34.666473+00:00
2022-09-01,20,20,product,전체,32755635000,잠정,2026-09-30T01:44:34.666473+00:00
2022-09-01,20,20,product,정밀기기,704912000,잠정,2026-09-30T01:44:34.666473+00:00
2022-09-01,20,20,product,철강제품,2100043000,잠정,2026-09-30T01:44:34.666473+00:00
2022-09-01,20,20,product,컴퓨터주변기기,624220000,잠정,2026-09-30T01:44:34.666473+00:00
2022-09-01,month_end,30,country,대만,1985916000,잠정,2026-09-30T01:48:17.853886+00:00
2022-09-01,month_end,30,country,말레이시아,919007000,잠정,2026-09-30T01:48:17.853886+00:00
2022-09-01,month_end,30,country,미국,9248928000,잠정,2026-09-30T01:48:17.853886+00:00
2022-09-01,month_end,30,country,베트남,4761384000,잠정,2026-09-30T01:48:17.853886+00:00
2022-09-01,month_end,30,country,싱가포르,1939090000,잠정,2026-09-30T01:48:17.853886+00:00
2022-09-01,month_end,30,country,유럽연합,5409112000,잠정,2026-09-30T01:48:17.853886+00:00
2022-09-01,month_end,30,country,인도,1615030000,잠정,2026-09-30T01:48:17.853886+00:00
2022-09-01,month_end,30,country,일본,2581743000,잠정,2026-09-30T01:48:17.853886+00:00
2022-09-01,month_end,30,country,전체,57176300000,잠정,2026-09-30T01:48:17.853886+00:00
2022-09-01,month_end,30,country,중국,13342692000,잠정,2026-09-30T01:48:17.853886+00:00
2022-09-01,month_end,30,country,홍콩,2873739000,잠정,2026-09-30T01:48:17.853886+00:00
2022-09-01,month_end,30,product,가전제품,640647000,잠정,2026-09-30T01:44:34.666473+00:00
2022-09-01,month_end,30,product,무선통신기기,1918478000,잠정,2026-09-30T01:44:34.666473+00:00
2022-09-01,month_end,30,product,반도체,11772503000,잠정,2026-09-30T01:44:34.666473+00:00
2022-09-01,month_end,30,product,석유제품,5292847000,잠정,2026-09-30T01:44:34.666473+00:00
2022-09-01,month_end,30,product,선박,1158512000,잠정,2026-09-30T01:44:34.666473+00:00
2022-09-01,month_end,30,product,승용차,4574495000,잠정,2026-09-30T01:44:34.666473+00:00
2022-09-01,month_end,30,product,자동차부품,1955883000,잠정,2026-09-30T01:44:34.666473+00:00
2022-09-01,month_end,30,product,전체,57176300000,잠정,2026-09-30T01:44:34.666473+00:00
2022-09-01,month_end,30,product,정밀기기,1233422000,잠정,2026-09-30T01:44:34.666473+00:00
2022-09-01,month_end,30,product,철강제품,3964009000,잠정,2026-09-30T01:44:34.666473+00:00
2022-09-01,month_end,30,product,컴퓨터주변기기,1507736000,잠정,2026-09-30T01:44:34.666473+00:00
2022-10-01,10,10,country,대만,409367000,잠정,2026-09-30T01:48:17.853886+00:00
2022-10-01,10,10,country,말레이시아,176326000,잠정,2026-09-30T01:48:17.853886+00:00
2022-10-01,10,10,country,미국,1635638000,잠정,2026-09-30T01:48:17.853886+00:00
2022-10-01,10,10,country,베트남,1276827000,잠정,2026-09-30T01:48:17.853886+00:00
2022-10-01,10,10,country,싱가포르,319096000,잠정,2026-09-30T01:48:17.853886+00:00
2022-10-01,10,10,country,유럽연합,1420342000,잠정,2026-09-30T01:48:17.853886+00:00
2022-10-01,10,10,country,인도,353073000,잠정,2026-09-30T01:48:17.853886+00:00
2022-10-01,10,10,country,일본,527455000,잠정,2026-09-30T01:48:17.853886+00:00
2022-10-01,10,10,country,전체,11784731000,잠정,2026-09-30T01:48:17.853886+00:00
2022-10-01,10,10,country,중국,2986149000,잠정,2026-09-30T01:48:17.853886+00:00
2022-10-01,10,10,country,홍콩,222887000,잠정,2026-09-30T01:48:17.853886+00:00
2022-10-01,10,10,product,가전제품,142319000,잠정,2026-09-30T01:44:34.666473+00:00
2022-10-01,10,10,product,무선통신기기,595140000,잠정,2026-09-30T01:44:34.666473+00:00
2022-10-01,10,10,product,반도체,2226543000,잠정,2026-09-30T01:44:34.666473+00:00
2022-10-01,10,10,product,석유제품,1049593000,잠정,2026-09-30T01:44:34.666473+00:00
2022-10-01,10,10,product,선박,508150000,잠정,2026-09-30T01:44:34.666473+00:00
2022-10-01,10,10,product,승용차,944714000,잠정,2026-09-30T01:44:34.666473+00:00
2022-10-01,10,10,product,자동차부품,380814000,잠정,2026-09-30T01:44:34.666473+00:00
2022-10-01,10,10,product,전체,11784731000,잠정,2026-09-30T01:44:34.666473+00:00
2022-10-01,10,10,product,정밀기기,289542000,잠정,2026-09-30T01:44:34.666473+00:00
2022-10-01,10,10,product,철강제품,795605000,잠정,2026-09-30T01:44:34.666473+00:00
2022-10-01,10,10,product,컴퓨터주변기기,159490000,잠정,2026-09-30T01:44:34.666473+00:00
2022-10-01,20,20,country,대만,999186000,잠정,2026-09-30T01:48:17.853886+00:00
2022-10-01,20,20,country,말레이시아,467117000,잠정,2026-09-30T01:48:17.853886+00:00
2022-10-01,20,20,country,미국,5138731000,잠정,2026-09-30T01:48:17.853886+00:00
2022-10-01,20,20,country,베트남,3141677000,잠정,2026-09-30T01:48:17.853886+00:00
2022-10-01,20,20,country,싱가포르,912653000,잠정,2026-09-30T01:48:17.853886+00:00
2022-10-01,20,20,country,유럽연합,3501481000,잠정,2026-09-30T01:48:17.853886+00:00
2022-10-01,20,20,country,인도,899409000,잠정,2026-09-30T01:48:17.853886+00:00
2022-10-01,20,20,country,일본,1394034000,잠정,2026-09-30T01:48:17.853886+00:00
2022-10-01,20,20,country,전체,32352884000,잠정,2026-09-30T01:48:17.853886+00:00
2022-10-01,20,20,country,중국,7621649000,잠정,2026-09-30T01:48:17.853886+00:00
2022-10-01,20,20,country,홍콩,1036298000,잠정,2026-09-30T01:48:17.853886+00:00
2022-10-01,20,20,product,가전제품,386425000,잠정,2026-09-30T01:44:34.666473+00:00
2022-10-01,20,20,product,무선통신기기,1287675000,잠정,2026-09-30T01:44:34.666473+00:00
2022-10-01,20,20,product,반도체,5572560000,잠정,2026-09-30T01:44:34.666473+00:00
2022-10-01,20,20,product,석유제품,3121861000,잠정,2026-09-30T01:44:34.666473+00:00
2022-10-01,20,20,product,선박,990900000,잠정,2026-09-30T01:44:34.666473+00:00
2022-10-01,20,20,product,승용차,2647824000,잠정,2026-09-30T01:44:34.666473+00:00
2022-10-01,20,20,product,자동차부품,1155271000,잠정,2026-09-30T01:44:34.666473+00:00
2022-10-01,20,20,product,전체,32352884000,잠정,2026-09-30T01:44:34.666473+00:00
2022-10-01,20,20,product,정밀기기,710984000,잠정,2026-09-30T01:44:34.666473+00:00
2022-10-01,20,20,product,철강제품,2388769000,잠정,2026-09-30T01:44:34.666473+00:00
2022-10-01,20,20,product,컴퓨터주변기기,426782000,잠정,2026-09-30T01:44:34.666473+00:00
2022-10-01,month_end,31,country,대만,1794126000,잠정,2026-09-30T01:48:17.853886+00:00
2022-10-01,month_end,31,country,말레이시아,717097000,잠정,2026-09-30T01:48:17.853886+00:00
2022-10-01,month_end,31,country,미국,8591668000,잠정,2026-09-30T01:48:17.853886+00:00
2022-10-01,month_end,31,country,베트남,4959096000,잠정,2026-09-30T01:48:17.853886+00:00
2022-10-01,month_end,31,country,싱가포르,1323398000,잠정,2026-09-30T01:48:17.853886+00:00
2022-10-01,month_end,31,country,유럽연합,5616301000,잠정,2026-09-30T01:48:17.853886+00:00
2022-10-01,month_end,31,country,인도,1403230000,잠정,2026-09-30T01:48:17.853886+00:00
2022-10-01,month_end,31,country,일본,2272321000,잠정,2026-09-30T01:48:17.853886+00:00
2022-10-01,month_end,31,country,전체,52428092000,잠정,2026-09-30T01:48:17.853886+00:00
2022-10-01,month_end,31,country,중국,12155841000,잠정,2026-09-30T01:48:17.853886+00:00
2022-10-01,month_end,31,country,홍콩,2006520000,잠정,2026-09-30T01:48:17.853886+00:00
2022-10-01,month_end,31,product,가전제품,565207000,잠정,2026-09-30T01:44:34.666473+00:00
2022-10-01,month_end,31,product,무선통신기기,1971231000,잠정,2026-09-30T01:44:34.666473+00:00
2022-10-01,month_end,31,product,반도체,9515297000,잠정,2026-09-30T01:44:34.666473+00:00
2022-10-01,month_end,31,product,석유제품,4500682000,잠정,2026-09-30T01:44:34.666473+00:00
2022-10-01,month_end,31,product,선박,1343085000,잠정,2026-09-30T01:44:34.666473+00:00
2022-10-01,month_end,31,product,승용차,4716609000,잠정,2026-09-30T01:44:34.666473+00:00
2022-10-01,month_end,31,product,자동차부품,1793371000,잠정,2026-09-30T01:44:34.666473+00:00
2022-10-01,month_end,31,product,전체,52428092000,잠정,2026-09-30T01:44:34.666473+00:00
2022-10-01,month_end,31,product,정밀기기,1128689000,잠정,2026-09-30T01:44:34.666473+00:00
2022-10-01,month_end,31,product,철강제품,4014704000,잠정,2026-09-30T01:44:34.666473+00:00
2022-10-01,month_end,31,product,컴퓨터주변기기,1008583000,잠정,2026-09-30T01:44:34.666473+00:00
2022-11-01,10,10,country,대만,571549000,잠정,2026-09-30T01:48:17.853886+00:00
2022-11-01,10,10,country,말레이시아,269311000,잠정,2026-09-30T01:48:17.853886+00:00
2022-11-01,10,10,country,미국,3023885000,잠정,2026-09-30T01:48:17.853886+00:00
2022-11-01,10,10,country,베트남,1665135000,잠정,2026-09-30T01:48:17.853886+00:00
2022-11-01,10,10,country,싱가포르,372402000,잠정,2026-09-30T01:48:17.853886+00:00
2022-11-01,10,10,country,유럽연합,1858436000,잠정,2026-09-30T01:48:17.853886+00:00
2022-11-01,10,10,country,인도,460239000,잠정,2026-09-30T01:48:17.853886+00:00
2022-11-01,10,10,country,일본,748420000,잠정,2026-09-30T01:48:17.853886+00:00
2022-11-01,10,10,country,전체,17673191000,잠정,2026-09-30T01:48:17.853886+00:00
2022-11-01,10,10,country,중국,3895999000,잠정,2026-09-30T01:48:17.853886+00:00
2022-11-01,10,10,country,홍콩,580608000,잠정,2026-09-30T01:48:17.853886+00:00
2022-11-01,10,10,product,가전제품,197671000,잠정,2026-09-30T01:44:34.666473+00:00
2022-11-01,10,10,product,무선통신기기,700334000,잠정,2026-09-30T01:44:34.666473+00:00
2022-11-01,10,10,product,반도체,2760437000,잠정,2026-09-30T01:44:34.666473+00:00
2022-11-01,10,10,product,석유제품,1964244000,잠정,2026-09-30T01:44:34.666473+00:00
2022-11-01,10,10,product,선박,384302000,잠정,2026-09-30T01:44:34.666473+00:00
2022-11-01,10,10,product,승용차,1456382000,잠정,2026-09-30T01:44:34.666473+00:00
2022-11-01,10,10,product,자동차부품,673774000,잠정,2026-09-30T01:44:34.666473+00:00
2022-11-01,10,10,product,전체,17673191000,잠정,2026-09-30T01:44:34.666473+00:00
2022-11-01,10,10,product,정밀기기,355502000,잠정,2026-09-30T01:44:34.666473+00:00
2022-11-01,10,10,product,철강제품,1272157000,잠정,2026-09-30T01:44:34.666473+00:00
2022-11-01,10,10,product,컴퓨터주변기기,282976000,잠정,2026-09-30T01:44:34.666473+00:00
2022-11-01,20,20,country,대만,1187447000,잠정,2026-09-30T01:48:17.853886+00:00
2022-11-01,20,20,country,말레이시아,586007000,잠정,2026-09-30T01:48:17.853886+00:00
2022-11-01,20,20,country,미국,5693714000,잠정,2026-09-30T01:48:17.853886+00:00
2022-11-01,20,20,country,베트남,3067422000,잠정,2026-09-30T01:48:17.853886+00:00
2022-11-01,20,20,country,싱가포르,764981000,잠정,2026-09-30T01:48:17.853886+00:00
2022-11-01,20,20,country,유럽연합,3310594000,잠정,2026-09-30T01:48:17.853886+00:00
2022-11-01,20,20,country,인도,804338000,잠정,2026-09-30T01:48:17.853886+00:00
2022-11-01,20,20,country,일본,1468837000,잠정,2026-09-30T01:48:17.853886+00:00
2022-11-01,20,20,country,전체,33073391000,잠정,2026-09-30T01:48:17.853886+00:00
2022-11-01,20,20,country,중국,7402890000,잠정,2026-09-30T01:48:17.853886+00:00
2022-11-01,20,20,country,홍콩,960841000,잠정,2026-09-30T01:48:17.853886+00:00
2022-11-01,20,20,product,가전제품,342231000,잠정,2026-09-30T01:44:34.666473+00:00
2022-11-01,20,20,product,무선통신기기,1365563000,잠정,2026-09-30T01:44:34.666473+00:00
2022-11-01,20,20,product,반도체,5284029000,잠정,2026-09-30T01:44:34.666473+00:00
2022-11-01,20,20,product,석유제품,3041060000,잠정,2026-09-30T01:44:34.666473+00:00
2022-11-01,20,20,product,선박,895494000,잠정,2026-09-30T01:44:34.666473+00:00
2022-11-01,20,20,product,승용차,3131728000,잠정,2026-09-30T01:44:34.666473+00:00
2022-11-01,20,20,product,자동차부품,1184300000,잠정,2026-09-30T01:44:34.666473+00:00
2022-11-01,20,20,product,전체,33073391000,잠정,2026-09-30T01:44:34.666473+00:00
2022-11-01,20,20,product,정밀기기,647964000,잠정,2026-09-30T01:44:34.666473+00:00
2022-11-01,20,20,product,철강제품,2467521000,잠정,2026-09-30T01:44:34.666473+00:00
2022-11-01,20,20,product,컴퓨터주변기기,485965000,잠정,2026-09-30T01:44:34.666473+00:00
2022-11-01,month_end,30,country,대만,1936579000,잠정,2026-09-30T01:48:17.853886+00:00
2022-11-01,month_end,30,country,말레이시아,827644000,잠정,2026-09-30T01:48:17.853886+00:00
2022-11-01,month_end,30,country,미국,8775694000,잠정,2026-09-30T01:48:17.853886+00:00
2022-11-01,month_end,30,country,베트남,4648870000,잠정,2026-09-30T01:48:17.853886+00:00
2022-11-01,month_end,30,country,싱가포르,1306892000,잠정,2026-09-30T01:48:17.853886+00:00
2022-11-01,month_end,30,country,유럽연합,5274216000,잠정,2026-09-30T01:48:17.853886+00:00
2022-11-01,month_end,30,country,인도,1379462000,잠정,2026-09-30T01:48:17.853886+00:00
2022-11-01,month_end,30,country,일본,2301716000,잠정,2026-09-30T01:48:17.853886+00:00
2022-11-01,month_end,30,country,전체,51771855000,잠정,2026-09-30T01:48:17.853886+00:00
2022-11-01,month_end,30,country,중국,11377960000,잠정,2026-09-30T01:48:17.853886+00:00
2022-11-01,month_end,30,country,홍콩,1811354000,잠정,2026-09-30T01:48:17.853886+00:00
2022-11-01,month_end,30,product,가전제품,497155000,잠정,2026-09-30T01:44:34.666473+00:00
2022-11-01,month_end,30,product,무선통신기기,1940223000,잠정,2026-09-30T01:44:34.666473+00:00
2022-11-01,month_end,30,product,반도체,8743404000,잠정,2026-09-30T01:44:34.666473+00:00
2022-11-01,month_end,30,product,석유제품,4854931000,잠정,2026-09-30T01:44:34.666473+00:00
2022-11-01,month_end,30,product,선박,1059596000,잠정,2026-09-30T01:44:34.666473+00:00
2022-11-01,month_end,30,product,승용차,5160253000,잠정,2026-09-30T01:44:34.666473+00:00
2022-11-01,month_end,30,product,자동차부품,1788629000,잠정,2026-09-30T01:44:34.666473+00:00
2022-11-01,month_end,30,product,전체,51771855000,잠정,2026-09-30T01:44:34.666473+00:00
2022-11-01,month_end,30,product,정밀기기,999407000,잠정,2026-09-30T01:44:34.666473+00:00
2022-11-01,month_end,30,product,철강제품,4189712000,잠정,2026-09-30T01:44:34.666473+00:00
2022-11-01,month_end,30,product,컴퓨터주변기기,951549000,잠정,2026-09-30T01:44:34.666473+00:00
2022-12-01,10,10,country,대만,484792000,잠정,2026-09-30T01:48:17.853886+00:00
2022-12-01,10,10,country,말레이시아,214829000,잠정,2026-09-30T01:48:17.853886+00:00
2022-12-01,10,10,country,미국,2521328000,잠정,2026-09-30T01:48:17.853886+00:00
2022-12-01,10,10,country,베트남,1488260000,잠정,2026-09-30T01:48:17.853886+00:00
2022-12-01,10,10,country,싱가포르,409934000,잠정,2026-09-30T01:48:17.853886+00:00
2022-12-01,10,10,country,유럽연합,1999536000,잠정,2026-09-30T01:48:17.853886+00:00
2022-12-01,10,10,country,인도,368297000,잠정,2026-09-30T01:48:17.853886+00:00
2022-12-01,10,10,country,일본,819800000,잠정,2026-09-30T01:48:17.853886+00:00
2022-12-01,10,10,country,전체,15292360000,잠정,2026-09-30T01:48:17.853886+00:00
2022-12-01,10,10,country,중국,3386874000,잠정,2026-09-30T01:48:17.853886+00:00
2022-12-01,10,10,country,홍콩,370847000,잠정,2026-09-30T01:48:17.853886+00:00
2022-12-01,10,10,product,가전제품,143440000,잠정,2026-09-30T01:44:34.666473+00:00
2022-12-01,10,10,product,무선통신기기,472928000,잠정,2026-09-30T01:44:34.666473+00:00
2022-12-01,10,10,product,반도체,2633211000,잠정,2026-09-30T01:44:34.666473+00:00
2022-12-01,10,10,product,석유제품,1439234000,잠정,2026-09-30T01:44:34.666473+00:00
2022-12-01,10,10,product,선박,491887000,잠정,2026-09-30T01:44:34.666473+00:00
2022-12-01,10,10,product,승용차,1398933000,잠정,2026-09-30T01:44:34.666473+00:00
2022-12-01,10,10,product,자동차부품,548660000,잠정,2026-09-30T01:44:34.666473+00:00
2022-12-01,10,10,product,전체,15292360000,잠정,2026-09-30T01:44:34.666473+00:00
2022-12-01,10,10,product,정밀기기,319847000,잠정,2026-09-30T01:44:34.666473+00:00
2022-12-01,10,10,product,철강제품,989605000,잠정,2026-09-30T01:44:34.666473+00:00
2022-12-01,10,10,product,컴퓨터주변기기,219805000,잠정,2026-09-30T01:44:34.666473+00:00
2022-12-01,20,20,country,대만,1032623000,잠정,2026-09-30T01:48:17.853886+00:00
2022-12-01,20,20,country,말레이시아,560068000,잠정,2026-09-30T01:48:17.853886+00:00
2022-12-01,20,20,country,미국,5849903000,잠정,2026-09-30T01:48:17.853886+00:00
2022-12-01,20,20,country,베트남,2907847000,잠정,2026-09-30T01:48:17.853886+00:00
2022-12-01,20,20,country,싱가포르,872809000,잠정,2026-09-30T01:48:17.853886+00:00
2022-12-01,20,20,country,유럽연합,4045824000,잠정,2026-09-30T01:48:17.853886+00:00
2022-12-01,20,20,country,인도,1053562000,잠정,2026-09-30T01:48:17.853886+00:00
2022-12-01,20,20,country,일본,1609291000,잠정,2026-09-30T01:48:17.853886+00:00
2022-12-01,20,20,country,전체,33526222000,잠정,2026-09-30T01:48:17.853886+00:00
2022-12-01,20,20,country,중국,7203629000,잠정,2026-09-30T01:48:17.853886+00:00
2022-12-01,20,20,country,홍콩,758747000,잠정,2026-09-30T01:48:17.853886+00:00
2022-12-01,20,20,product,가전제품,357131000,잠정,2026-09-30T01:44:34.666473+00:00
2022-12-01,20,20,product,무선통신기기,905767000,잠정,2026-09-30T01:44:34.666473+00:00
2022-12-01,20,20,product,반도체,5585861000,잠정,2026-09-30T01:44:34.666473+00:00
2022-12-01,20,20,product,석유제품,2854999000,잠정,2026-09-30T01:44:34.666473+00:00
2022-12-01,20,20,product,선박,983783000,잠정,2026-09-30T01:44:34.666473+00:00
2022-12-01,20,20,product,승용차,2932268000,잠정,2026-09-30T01:44:34.666473+00:00
2022-12-01,20,20,product,자동차부품,1210756000,잠정,2026-09-30T01:44:34.666473+00:00
2022-12-01,20,20,product,전체,33526222000,잠정,2026-09-30T01:44:34.666473+00:00
2022-12-01,20,20,product,정밀기기,719023000,잠정,2026-09-30T01:44:34.666473+00:00
2022-12-01,20,20,product,철강제품,2569383000,잠정,2026-09-30T01:44:34.666473+00:00
2022-12-01,20,20,product,컴퓨터주변기기,498168000,잠정,2026-09-30T01:44:34.666473+00:00
2022-12-01,month_end,31,country,대만,1803441000,잠정,2026-09-30T01:48:17.853886+00:00
2022-12-01,month_end,31,country,말레이시아,803277000,잠정,2026-09-30T01:48:17.853886+00:00
2022-12-01,month_end,31,country,미국,9349378000,잠정,2026-09-30T01:48:17.853886+00:00
2022-12-01,month_end,31,country,베트남,4755951000,잠정,2026-09-30T01:48:17.853886+00:00
2022-12-01,month_end,31,country,싱가포르,1536129000,잠정,2026-09-30T01:48:17.853886+00:00
2022-12-01,month_end,31,country,유럽연합,6287255000,잠정,2026-09-30T01:48:17.853886+00:00
2022-12-01,month_end,31,country,인도,1486070000,잠정,2026-09-30T01:48:17.853886+00:00
2022-12-01,month_end,31,country,일본,2428656000,잠정,2026-09-30T01:48:17.853886+00:00
2022-12-01,month_end,31,country,전체,54848666000,잠정,2026-09-30T01:48:17.853886+00:00
2022-12-01,month_end,31,country,중국,11197865000,잠정,2026-09-30T01:48:17.853886+00:00
2022-12-01,month_end,31,country,홍콩,1814288000,잠정,2026-09-30T01:48:17.853886+00:00
2022-12-01,month_end,31,product,가전제품,528852000,잠정,2026-09-30T01:44:34.666473+00:00
2022-12-01,month_end,31,product,무선통신기기,1338272000,잠정,2026-09-30T01:44:34.666473+00:00
2022-12-01,month_end,31,product,반도체,9401737000,잠정,2026-09-30T01:44:34.666473+00:00
2022-12-01,month_end,31,product,석유제품,4708403000,잠정,2026-09-30T01:44:34.666473+00:00
2022-12-01,month_end,31,product,선박,2448538000,잠정,2026-09-30T01:44:34.666473+00:00
2022-12-01,month_end,31,product,승용차,5201391000,잠정,2026-09-30T01:44:34.666473+00:00
2022-12-01,month_end,31,product,자동차부품,1920387000,잠정,2026-09-30T01:44:34.666473+00:00
2022-12-01,month_end,31,product,전체,54848666000,잠정,2026-09-30T01:44:34.666473+00:00
2022-12-01,month_end,31,product,정밀기기,1094999000,잠정,2026-09-30T01:44:34.666473+00:00
2022-12-01,month_end,31,product,철강제품,4084832000,잠정,2026-09-30T01:44:34.666473+00:00
2022-12-01,month_end,31,product,컴퓨터주변기기,1117778000,잠정,2026-09-30T01:44:34.666473+00:00
2023-01-01,10,10,country,대만,421432000,잠정,2026-09-30T01:48:18.035483+00:00
2023-01-01,10,10,country,말레이시아,258003000,잠정,2026-09-30T01:48:18.035483+00:00
2023-01-01,10,10,country,미국,2291580000,잠정,2026-09-30T01:48:18.035483+00:00
2023-01-01,10,10,country,베트남,1388408000,잠정,2026-09-30T01:48:18.035483+00:00
2023-01-01,10,10,country,싱가포르,265879000,잠정,2026-09-30T01:48:18.035483+00:00
2023-01-01,10,10,country,유럽연합,1425921000,잠정,2026-09-30T01:48:18.035483+00:00
2023-01-01,10,10,country,인도,408825000,잠정,2026-09-30T01:48:18.035483+00:00
2023-01-01,10,10,country,일본,691900000,잠정,2026-09-30T01:48:18.035483+00:00
2023-01-01,10,10,country,전체,13886115000,잠정,2026-09-30T01:48:18.035483+00:00
2023-01-01,10,10,country,중국,2942784000,잠정,2026-09-30T01:48:18.035483+00:00
2023-01-01,10,10,country,홍콩,305410000,잠정,2026-09-30T01:48:18.035483+00:00
2023-01-01,10,10,product,가전제품,158135000,잠정,2026-09-30T01:44:34.848599+00:00
2023-01-01,10,10,product,무선통신기기,560338000,잠정,2026-09-30T01:44:34.848599+00:00
2023-01-01,10,10,product,반도체,2047010000,잠정,2026-09-30T01:44:34.848599+00:00
2023-01-01,10,10,product,석유제품,1308812000,잠정,2026-09-30T01:44:34.848599+00:00
2023-01-01,10,10,product,선박,353774000,잠정,2026-09-30T01:44:34.848599+00:00
2023-01-01,10,10,product,승용차,1273254000,잠정,2026-09-30T01:44:34.848599+00:00
2023-01-01,10,10,product,자동차부품,509294000,잠정,2026-09-30T01:44:34.848599+00:00
2023-01-01,10,10,product,전체,13886115000,잠정,2026-09-30T01:44:34.848599+00:00
2023-01-01,10,10,product,정밀기기,299272000,잠정,2026-09-30T01:44:34.848599+00:00
2023-01-01,10,10,product,철강제품,1003783000,잠정,2026-09-30T01:44:34.848599+00:00
2023-01-01,10,10,product,컴퓨터주변기기,186809000,잠정,2026-09-30T01:44:34.848599+00:00
2023-01-01,20,20,country,대만,843797000,잠정,2026-09-30T01:48:18.035483+00:00
2023-01-01,20,20,country,말레이시아,628700000,잠정,2026-09-30T01:48:18.035483+00:00
2023-01-01,20,20,country,미국,5975059000,잠정,2026-09-30T01:48:18.035483+00:00
2023-01-01,20,20,country,베트남,2808587000,잠정,2026-09-30T01:48:18.035483+00:00
2023-01-01,20,20,country,싱가포르,917722000,잠정,2026-09-30T01:48:18.035483+00:00
2023-01-01,20,20,country,유럽연합,3903963000,잠정,2026-09-30T01:48:18.035483+00:00
2023-01-01,20,20,country,인도,1049639000,잠정,2026-09-30T01:48:18.035483+00:00
2023-01-01,20,20,country,일본,1679095000,잠정,2026-09-30T01:48:18.035483+00:00
2023-01-01,20,20,country,전체,33668056000,잠정,2026-09-30T01:48:18.035483+00:00
2023-01-01,20,20,country,중국,6798070000,잠정,2026-09-30T01:48:18.035483+00:00
2023-01-01,20,20,country,홍콩,678993000,잠정,2026-09-30T01:48:18.035483+00:00
2023-01-01,20,20,product,가전제품,395974000,잠정,2026-09-30T01:44:34.848599+00:00
2023-01-01,20,20,product,무선통신기기,1150042000,잠정,2026-09-30T01:44:34.848599+00:00
2023-01-01,20,20,product,반도체,4427339000,잠정,2026-09-30T01:44:34.848599+00:00
2023-01-01,20,20,product,석유제품,2882038000,잠정,2026-09-30T01:44:34.848599+00:00
2023-01-01,20,20,product,선박,1015508000,잠정,2026-09-30T01:44:34.848599+00:00
2023-01-01,20,20,product,승용차,3389523000,잠정,2026-09-30T01:44:34.848599+00:00
2023-01-01,20,20,product,자동차부품,1308750000,잠정,2026-09-30T01:44:34.848599+00:00
2023-01-01,20,20,product,전체,33668056000,잠정,2026-09-30T01:44:34.848599+00:00
2023-01-01,20,20,product,정밀기기,679296000,잠정,2026-09-30T01:44:34.848599+00:00
2023-01-01,20,20,product,철강제품,2665599000,잠정,2026-09-30T01:44:34.848599+00:00
2023-01-01,20,20,product,컴퓨터주변기기,409780000,잠정,2026-09-30T01:44:34.848599+00:00
2023-01-01,month_end,31,country,대만,1212507000,잠정,2026-09-30T01:48:18.035483+00:00
2023-01-01,month_end,31,country,말레이시아,852154000,잠정,2026-09-30T01:48:18.035483+00:00
2023-01-01,month_end,31,country,미국,8058604000,잠정,2026-09-30T01:48:18.035483+00:00
2023-01-01,month_end,31,country,베트남,3768005000,잠정,2026-09-30T01:48:18.035483+00:00
2023-01-01,month_end,31,country,싱가포르,1309949000,잠정,2026-09-30T01:48:18.035483+00:00
2023-01-01,month_end,31,country,유럽연합,5419457000,잠정,2026-09-30T01:48:18.035483+00:00
2023-01-01,month_end,31,country,인도,1452738000,잠정,2026-09-30T01:48:18.035483+00:00
2023-01-01,month_end,31,country,일본,2295203000,잠정,2026-09-30T01:48:18.035483+00:00
2023-01-01,month_end,31,country,전체,46339145000,잠정,2026-09-30T01:48:18.035483+00:00
2023-01-01,month_end,31,country,중국,9207639000,잠정,2026-09-30T01:48:18.035483+00:00
2023-01-01,month_end,31,country,홍콩,1113868000,잠정,2026-09-30T01:48:18.035483+00:00
2023-01-01,month_end,31,product,가전제품,540195000,잠정,2026-09-30T01:44:34.848599+00:00
2023-01-01,month_end,31,product,무선통신기기,1479275000,잠정,2026-09-30T01:44:34.848599+00:00
2023-01-01,month_end,31,product,반도체,6236188000,잠정,2026-09-30T01:44:34.848599+00:00
2023-01-01,month_end,31,product,석유제품,4253006000,잠정,2026-09-30T01:44:34.848599+00:00
2023-01-01,month_end,31,product,선박,1397147000,잠정,2026-09-30T01:44:34.848599+00:00
2023-01-01,month_end,31,product,승용차,4796499000,잠정,2026-09-30T01:44:34.848599+00:00
2023-01-01,month_end,31,product,자동차부품,1676651000,잠정,2026-09-30T01:44:34.848599+00:00
2023-01-01,month_end,31,product,전체,46339145000,잠정,2026-09-30T01:44:34.848599+00:00
2023-01-01,month_end,31,product,정밀기기,892949000,잠정,2026-09-30T01:44:34.848599+00:00
2023-01-01,month_end,31,product,철강제품,3844257000,잠정,2026-09-30T01:44:34.848599+00:00
2023-01-01,month_end,31,product,컴퓨터주변기기,605545000,잠정,2026-09-30T01:44:34.848599+00:00
2023-02-01,10,10,country,대만,522148000,잠정,2026-09-30T01:48:18.035483+00:00
2023-02-01,10,10,country,말레이시아,238657000,잠정,2026-09-30T01:48:18.035483+00:00
2023-02-01,10,10,country,미국,3246377000,잠정,2026-09-30T01:48:18.035483+00:00
2023-02-01,10,10,country,베트남,1581534000,잠정,2026-09-30T01:48:18.035483+00:00
2023-02-01,10,10,country,싱가포르,553594000,잠정,2026-09-30T01:48:18.035483+00:00
2023-02-01,10,10,country,유럽연합,2240515000,잠정,2026-09-30T01:48:18.035483+00:00
2023-02-01,10,10,country,인도,547064000,잠정,2026-09-30T01:48:18.035483+00:00
2023-02-01,10,10,country,일본,912925000,잠정,2026-09-30T01:48:18.035483+00:00
2023-02-01,10,10,country,전체,17572590000,잠정,2026-09-30T01:48:18.035483+00:00
2023-02-01,10,10,country,중국,3532838000,잠정,2026-09-30T01:48:18.035483+00:00
2023-02-01,10,10,country,홍콩,334518000,잠정,2026-09-30T01:48:18.035483+00:00
2023-02-01,10,10,product,가전제품,222948000,잠정,2026-09-30T01:44:34.848599+00:00
2023-02-01,10,10,product,무선통신기기,432332000,잠정,2026-09-30T01:44:34.848599+00:00
2023-02-01,10,10,product,반도체,1957190000,잠정,2026-09-30T01:44:34.848599+00:00
2023-02-01,10,10,product,석유제품,1737184000,잠정,2026-09-30T01:44:34.848599+00:00
2023-02-01,10,10,product,선박,475796000,잠정,2026-09-30T01:44:34.848599+00:00
2023-02-01,10,10,product,승용차,1739292000,잠정,2026-09-30T01:44:34.848599+00:00
2023-02-01,10,10,product,자동차부품,725182000,잠정,2026-09-30T01:44:34.848599+00:00
2023-02-01,10,10,product,전체,17572590000,잠정,2026-09-30T01:44:34.848599+00:00
2023-02-01,10,10,product,정밀기기,345676000,잠정,2026-09-30T01:44:34.848599+00:00
2023-02-01,10,10,product,철강제품,1367473000,잠정,2026-09-30T01:44:34.848599+00:00
2023-02-01,10,10,product,컴퓨터주변기기,205089000,잠정,2026-09-30T01:44:34.848599+00:00
2023-02-01,20,20,country,대만,896061000,잠정,2026-09-30T01:48:18.035483+00:00
2023-02-01,20,20,country,말레이시아,454891000,잠정,2026-09-30T01:48:18.035483+00:00
2023-02-01,20,20,country,미국,5995946000,잠정,2026-09-30T01:48:18.035483+00:00
2023-02-01,20,20,country,베트남,2903918000,잠정,2026-09-30T01:48:18.035483+00:00
2023-02-01,20,20,country,싱가포르,924636000,잠정,2026-09-30T01:48:18.035483+00:00
2023-02-01,20,20,country,유럽연합,4264916000,잠정,2026-09-30T01:48:18.035483+00:00
2023-02-01,20,20,country,인도,1028626000,잠정,2026-09-30T01:48:18.035483+00:00
2023-02-01,20,20,country,일본,1592050000,잠정,2026-09-30T01:48:18.035483+00:00
2023-02-01,20,20,country,전체,33332355000,잠정,2026-09-30T01:48:18.035483+00:00
2023-02-01,20,20,country,중국,6669958000,잠정,2026-09-30T01:48:18.035483+00:00
2023-02-01,20,20,country,홍콩,617181000,잠정,2026-09-30T01:48:18.035483+00:00
2023-02-01,20,20,product,가전제품,429479000,잠정,2026-09-30T01:44:34.848599+00:00
2023-02-01,20,20,product,무선통신기기,851246000,잠정,2026-09-30T01:44:34.848599+00:00
2023-02-01,20,20,product,반도체,3803005000,잠정,2026-09-30T01:44:34.848599+00:00
2023-02-01,20,20,product,석유제품,3073809000,잠정,2026-09-30T01:44:34.848599+00:00
2023-02-01,20,20,product,선박,1307243000,잠정,2026-09-30T01:44:34.848599+00:00
2023-02-01,20,20,product,승용차,3355625000,잠정,2026-09-30T01:44:34.848599+00:00
2023-02-01,20,20,product,자동차부품,1344975000,잠정,2026-09-30T01:44:34.848599+00:00
2023-02-01,20,20,product,전체,33332355000,잠정,2026-09-30T01:44:34.848599+00:00
2023-02-01,20,20,product,정밀기기,630337000,잠정,2026-09-30T01:44:34.848599+00:00
2023-02-01,20,20,product,철강제품,2690650000,잠정,2026-09-30T01:44:34.848599+00:00
2023-02-01,20,20,product,컴퓨터주변기기,411062000,잠정,2026-09-30T01:44:34.848599+00:00
2023-02-01,month_end,28,country,대만,1413003000,잠정,2026-09-30T01:48:18.035483+00:00
2023-02-01,month_end,28,country,말레이시아,781237000,잠정,2026-09-30T01:48:18.035483+00:00
2023-02-01,month_end,28,country,미국,8991831000,잠정,2026-09-30T01:48:18.035483+00:00
2023-02-01,month_end,28,country,베트남,4042170000,잠정,2026-09-30T01:48:18.035483+00:00
2023-02-01,month_end,28,country,싱가포르,1395943000,잠정,2026-09-30T01:48:18.035483+00:00
2023-02-01,month_end,28,country,유럽연합,6182089000,잠정,2026-09-30T01:48:18.035483+00:00
2023-02-01,month_end,28,country,인도,1499353000,잠정,2026-09-30T01:48:18.035483+00:00
2023-02-01,month_end,28,country,일본,2345910000,잠정,2026-09-30T01:48:18.035483+00:00
2023-02-01,month_end,28,country,전체,49994593000,잠정,2026-09-30T01:48:18.035483+00:00
2023-02-01,month_end,28,country,중국,9885693000,잠정,2026-09-30T01:48:18.035483+00:00
2023-02-01,month_end,28,country,홍콩,1186205000,잠정,2026-09-30T01:48:18.035483+00:00
2023-02-01,month_end,28,product,가전제품,632437000,잠정,2026-09-30T01:44:34.848599+00:00
2023-02-01,month_end,28,product,무선통신기기,1144405000,잠정,2026-09-30T01:44:34.848599+00:00
2023-02-01,month_end,28,product,반도체,6167225000,잠정,2026-09-30T01:44:34.848599+00:00
2023-02-01,month_end,28,product,석유제품,4639290000,잠정,2026-09-30T01:44:34.848599+00:00
2023-02-01,month_end,28,product,선박,1482106000,잠정,2026-09-30T01:44:34.848599+00:00
2023-02-01,month_end,28,product,승용차,5369418000,잠정,2026-09-30T01:44:34.848599+00:00
2023-02-01,month_end,28,product,자동차부품,1955291000,잠정,2026-09-30T01:44:34.848599+00:00
2023-02-01,month_end,28,product,전체,49994593000,잠정,2026-09-30T01:44:34.848599+00:00
2023-02-01,month_end,28,product,정밀기기,934625000,잠정,2026-09-30T01:44:34.848599+00:00
2023-02-01,month_end,28,product,철강제품,4228524000,잠정,2026-09-30T01:44:34.848599+00:00
2023-02-01,month_end,28,product,컴퓨터주변기기,635158000,잠정,2026-09-30T01:44:34.848599+00:00
2023-03-01,10,10,country,대만,424342000,잠정,2026-09-30T01:48:18.035483+00:00
2023-03-01,10,10,country,말레이시아,189088000,잠정,2026-09-30T01:48:18.035483+00:00
2023-03-01,10,10,country,미국,2810754000,잠정,2026-09-30T01:48:18.035483+00:00
2023-03-01,10,10,country,베트남,1526756000,잠정,2026-09-30T01:48:18.035483+00:00
2023-03-01,10,10,country,싱가포르,480406000,잠정,2026-09-30T01:48:18.035483+00:00
2023-03-01,10,10,country,유럽연합,1709538000,잠정,2026-09-30T01:48:18.035483+00:00
2023-03-01,10,10,country,인도,455093000,잠정,2026-09-30T01:48:18.035483+00:00
2023-03-01,10,10,country,일본,754099000,잠정,2026-09-30T01:48:18.035483+00:00
2023-03-01,10,10,country,전체,15637051000,잠정,2026-09-30T01:48:18.035483+00:00
2023-03-01,10,10,country,중국,3176169000,잠정,2026-09-30T01:48:18.035483+00:00
2023-03-01,10,10,country,홍콩,361951000,잠정,2026-09-30T01:48:18.035483+00:00
2023-03-01,10,10,product,가전제품,207223000,잠정,2026-09-30T01:44:34.848599+00:00
2023-03-01,10,10,product,무선통신기기,399369000,잠정,2026-09-30T01:44:34.848599+00:00
2023-03-01,10,10,product,반도체,2259206000,잠정,2026-09-30T01:44:34.848599+00:00
2023-03-01,10,10,product,석유제품,1422304000,잠정,2026-09-30T01:44:34.848599+00:00
2023-03-01,10,10,product,선박,155911000,잠정,2026-09-30T01:44:34.848599+00:00
2023-03-01,10,10,product,승용차,1694810000,잠정,2026-09-30T01:44:34.848599+00:00
2023-03-01,10,10,product,자동차부품,626160000,잠정,2026-09-30T01:44:34.848599+00:00
2023-03-01,10,10,product,전체,15637051000,잠정,2026-09-30T01:44:34.848599+00:00
2023-03-01,10,10,product,정밀기기,310940000,잠정,2026-09-30T01:44:34.848599+00:00
2023-03-01,10,10,product,철강제품,1323991000,잠정,2026-09-30T01:44:34.848599+00:00
2023-03-01,10,10,product,컴퓨터주변기기,192261000,잠정,2026-09-30T01:44:34.848599+00:00
2023-03-01,20,20,country,대만,785931000,잠정,2026-09-30T01:48:18.035483+00:00
2023-03-01,20,20,country,말레이시아,401028000,잠정,2026-09-30T01:48:18.035483+00:00
2023-03-01,20,20,country,미국,5591875000,잠정,2026-09-30T01:48:18.035483+00:00
2023-03-01,20,20,country,베트남,2672370000,잠정,2026-09-30T01:48:18.035483+00:00
2023-03-01,20,20,country,싱가포르,880286000,잠정,2026-09-30T01:48:18.035483+00:00
2023-03-01,20,20,country,유럽연합,3492025000,잠정,2026-09-30T01:48:18.035483+00:00
2023-03-01,20,20,country,인도,900995000,잠정,2026-09-30T01:48:18.035483+00:00
2023-03-01,20,20,country,일본,1425879000,잠정,2026-09-30T01:48:18.035483+00:00
2023-03-01,20,20,country,전체,30696039000,잠정,2026-09-30T01:48:18.035483+00:00
2023-03-01,20,20,country,중국,6177938000,잠정,2026-09-30T01:48:18.035483+00:00
2023-03-01,20,20,country,홍콩,747576000,잠정,2026-09-30T01:48:18.035483+00:00
2023-03-01,20,20,product,가전제품,386664000,잠정,2026-09-30T01:44:34.848599+00:00
2023-03-01,20,20,product,무선통신기기,844768000,잠정,2026-09-30T01:44:34.848599+00:00
2023-03-01,20,20,product,반도체,4323297000,잠정,2026-09-30T01:44:34.848599+00:00
2023-03-01,20,20,product,석유제품,2856549000,잠정,2026-09-30T01:44:34.848599+00:00
2023-03-01,20,20,product,선박,270295000,잠정,2026-09-30T01:44:34.848599+00:00
2023-03-01,20,20,product,승용차,3448594000,잠정,2026-09-30T01:44:34.848599+00:00
2023-03-01,20,20,product,자동차부품,1194742000,잠정,2026-09-30T01:44:34.848599+00:00
2023-03-01,20,20,product,전체,30696039000,잠정,2026-09-30T01:44:34.848599+00:00
2023-03-01,20,20,product,정밀기기,588485000,잠정,2026-09-30T01:44:34.848599+00:00
2023-03-01,20,20,product,철강제품,2595414000,잠정,2026-09-30T01:44:34.848599+00:00
2023-03-01,20,20,product,컴퓨터주변기기,402919000,잠정,2026-09-30T01:44:34.848599+00:00
2023-03-01,month_end,31,country,대만,1657083000,잠정,2026-09-30T01:48:18.035483+00:00
2023-03-01,month_end,31,country,말레이시아,758261000,잠정,2026-09-30T01:48:18.035483+00:00
2023-03-01,month_end,31,country,미국,9775068000,잠정,2026-09-30T01:48:18.035483+00:00
2023-03-01,month_end,31,country,베트남,4629034000,잠정,2026-09-30T01:48:18.035483+00:00
2023-03-01,month_end,31,country,싱가포르,1663557000,잠정,2026-09-30T01:48:18.035483+00:00
2023-03-01,month_end,31,country,유럽연합,6121980000,잠정,2026-09-30T01:48:18.035483+00:00
2023-03-01,month_end,31,country,인도,1575913000,잠정,2026-09-30T01:48:18.035483+00:00
2023-03-01,month_end,31,country,일본,2411770000,잠정,2026-09-30T01:48:18.035483+00:00
2023-03-01,month_end,31,country,전체,54882484000,잠정,2026-09-30T01:48:18.035483+00:00
2023-03-01,month_end,31,country,중국,10478065000,잠정,2026-09-30T01:48:18.035483+00:00
2023-03-01,month_end,31,country,홍콩,2204146000,잠정,2026-09-30T01:48:18.035483+00:00
2023-03-01,month_end,31,product,가전제품,650394000,잠정,2026-09-30T01:44:34.848599+00:00
2023-03-01,month_end,31,product,무선통신기기,1337645000,잠정,2026-09-30T01:44:34.848599+00:00
2023-03-01,month_end,31,product,반도체,8796319000,잠정,2026-09-30T01:44:34.848599+00:00
2023-03-01,month_end,31,product,석유제품,4523433000,잠정,2026-09-30T01:44:34.848599+00:00
2023-03-01,month_end,31,product,선박,985497000,잠정,2026-09-30T01:44:34.848599+00:00
2023-03-01,month_end,31,product,승용차,6251042000,잠정,2026-09-30T01:44:34.848599+00:00
2023-03-01,month_end,31,product,자동차부품,1991874000,잠정,2026-09-30T01:44:34.848599+00:00
2023-03-01,month_end,31,product,전체,54882484000,잠정,2026-09-30T01:44:34.848599+00:00
2023-03-01,month_end,31,product,정밀기기,1016612000,잠정,2026-09-30T01:44:34.848599+00:00
2023-03-01,month_end,31,product,철강제품,4510763000,잠정,2026-09-30T01:44:34.848599+00:00
2023-03-01,month_end,31,product,컴퓨터주변기기,815049000,잠정,2026-09-30T01:44:34.848599+00:00
2023-04-01,10,10,country,대만,355373000,잠정,2026-09-30T01:48:18.035483+00:00
2023-04-01,10,10,country,말레이시아,205277000,잠정,2026-09-30T01:48:18.035483+00:00
2023-04-01,10,10,country,미국,2563092000,잠정,2026-09-30T01:48:18.035483+00:00
2023-04-01,10,10,country,베트남,1069817000,잠정,2026-09-30T01:48:18.035483+00:00
2023-04-01,10,10,country,싱가포르,467245000,잠정,2026-09-30T01:48:18.035483+00:00
2023-04-01,10,10,country,유럽연합,1567323000,잠정,2026-09-30T01:48:18.035483+00:00
2023-04-01,10,10,country,인도,390289000,잠정,2026-09-30T01:48:18.035483+00:00
2023-04-01,10,10,country,일본,648820000,잠정,2026-09-30T01:48:18.035483+00:00
2023-04-01,10,10,country,전체,13521988000,잠정,2026-09-30T01:48:18.035483+00:00
2023-04-01,10,10,country,중국,2671436000,잠정,2026-09-30T01:48:18.035483+00:00
2023-04-01,10,10,country,홍콩,293392000,잠정,2026-09-30T01:48:18.035483+00:00
2023-04-01,10,10,product,가전제품,161414000,잠정,2026-09-30T01:44:34.848599+00:00
2023-04-01,10,10,product,무선통신기기,405876000,잠정,2026-09-30T01:44:34.848599+00:00
2023-04-01,10,10,product,반도체,1769026000,잠정,2026-09-30T01:44:34.848599+00:00
2023-04-01,10,10,product,석유제품,1192991000,잠정,2026-09-30T01:44:34.848599+00:00
2023-04-01,10,10,product,선박,631396000,잠정,2026-09-30T01:44:34.848599+00:00
2023-04-01,10,10,product,승용차,1511785000,잠정,2026-09-30T01:44:34.848599+00:00
2023-04-01,10,10,product,자동차부품,503252000,잠정,2026-09-30T01:44:34.848599+00:00
2023-04-01,10,10,product,전체,13521988000,잠정,2026-09-30T01:44:34.848599+00:00
2023-04-01,10,10,product,정밀기기,226753000,잠정,2026-09-30T01:44:34.848599+00:00
2023-04-01,10,10,product,철강제품,1031292000,잠정,2026-09-30T01:44:34.848599+00:00
2023-04-01,10,10,product,컴퓨터주변기기,141998000,잠정,2026-09-30T01:44:34.848599+00:00
2023-04-01,20,20,country,대만,897992000,잠정,2026-09-30T01:48:18.035483+00:00
2023-04-01,20,20,country,말레이시아,410954000,잠정,2026-09-30T01:48:18.035483+00:00
2023-04-01,20,20,country,미국,5887618000,잠정,2026-09-30T01:48:18.035483+00:00
2023-04-01,20,20,country,베트남,2465091000,잠정,2026-09-30T01:48:18.035483+00:00
2023-04-01,20,20,country,싱가포르,1064243000,잠정,2026-09-30T01:48:18.035483+00:00
2023-04-01,20,20,country,유럽연합,4118827000,잠정,2026-09-30T01:48:18.035483+00:00
2023-04-01,20,20,country,인도,835544000,잠정,2026-09-30T01:48:18.035483+00:00
2023-04-01,20,20,country,일본,1429170000,잠정,2026-09-30T01:48:18.035483+00:00
2023-04-01,20,20,country,전체,32252925000,잠정,2026-09-30T01:48:18.035483+00:00
2023-04-01,20,20,country,중국,6304802000,잠정,2026-09-30T01:48:18.035483+00:00
2023-04-01,20,20,country,홍콩,887054000,잠정,2026-09-30T01:48:18.035483+00:00
2023-04-01,20,20,product,가전제품,416482000,잠정,2026-09-30T01:44:34.848599+00:00
2023-04-01,20,20,product,무선통신기기,919598000,잠정,2026-09-30T01:44:34.848599+00:00
2023-04-01,20,20,product,반도체,4089065000,잠정,2026-09-30T01:44:34.848599+00:00
2023-04-01,20,20,product,석유제품,2452238000,잠정,2026-09-30T01:44:34.848599+00:00
2023-04-01,20,20,product,선박,1335039000,잠정,2026-09-30T01:44:34.848599+00:00
2023-04-01,20,20,product,승용차,3481387000,잠정,2026-09-30T01:44:34.848599+00:00
2023-04-01,20,20,product,자동차부품,1238700000,잠정,2026-09-30T01:44:34.848599+00:00
2023-04-01,20,20,product,전체,32252925000,잠정,2026-09-30T01:44:34.848599+00:00
2023-04-01,20,20,product,정밀기기,576752000,잠정,2026-09-30T01:44:34.848599+00:00
2023-04-01,20,20,product,철강제품,2711356000,잠정,2026-09-30T01:44:34.848599+00:00
2023-04-01,20,20,product,컴퓨터주변기기,359003000,잠정,2026-09-30T01:44:34.848599+00:00
2023-04-01,month_end,30,country,대만,1490713000,잠정,2026-09-30T01:48:18.035483+00:00
2023-04-01,month_end,30,country,말레이시아,649434000,잠정,2026-09-30T01:48:18.035483+00:00
2023-04-01,month_end,30,country,미국,9181047000,잠정,2026-09-30T01:48:18.035483+00:00
2023-04-01,month_end,30,country,베트남,3798916000,잠정,2026-09-30T01:48:18.035483+00:00
2023-04-01,month_end,30,country,싱가포르,1545394000,잠정,2026-09-30T01:48:18.035483+00:00
2023-04-01,month_end,30,country,유럽연합,6080172000,잠정,2026-09-30T01:48:18.035483+00:00
2023-04-01,month_end,30,country,인도,1330360000,잠정,2026-09-30T01:48:18.035483+00:00
2023-04-01,month_end,30,country,일본,2066011000,잠정,2026-09-30T01:48:18.035483+00:00
2023-04-01,month_end,30,country,전체,49430879000,잠정,2026-09-30T01:48:18.035483+00:00
2023-04-01,month_end,30,country,중국,9522777000,잠정,2026-09-30T01:48:18.035483+00:00
2023-04-01,month_end,30,country,홍콩,1469549000,잠정,2026-09-30T01:48:18.035483+00:00
2023-04-01,month_end,30,product,가전제품,615905000,잠정,2026-09-30T01:44:34.848599+00:00
2023-04-01,month_end,30,product,무선통신기기,1359188000,잠정,2026-09-30T01:44:34.848599+00:00
2023-04-01,month_end,30,product,반도체,6537687000,잠정,2026-09-30T01:44:34.848599+00:00
2023-04-01,month_end,30,product,석유제품,3703130000,잠정,2026-09-30T01:44:34.848599+00:00
2023-04-01,month_end,30,product,선박,1546174000,잠정,2026-09-30T01:44:34.848599+00:00
2023-04-01,month_end,30,product,승용차,5906031000,잠정,2026-09-30T01:44:34.848599+00:00
2023-04-01,month_end,30,product,자동차부품,1856093000,잠정,2026-09-30T01:44:34.848599+00:00
2023-04-01,month_end,30,product,전체,49430879000,잠정,2026-09-30T01:44:34.848599+00:00
2023-04-01,month_end,30,product,정밀기기,861199000,잠정,2026-09-30T01:44:34.848599+00:00
2023-04-01,month_end,30,product,철강제품,4247108000,잠정,2026-09-30T01:44:34.848599+00:00
2023-04-01,month_end,30,product,컴퓨터주변기기,559462000,잠정,2026-09-30T01:44:34.848599+00:00
2023-05-01,10,10,country,대만,413443000,잠정,2026-09-30T01:48:18.035483+00:00
2023-05-01,10,10,country,말레이시아,187848000,잠정,2026-09-30T01:48:18.035483+00:00
2023-05-01,10,10,country,미국,2544372000,잠정,2026-09-30T01:48:18.035483+00:00
2023-05-01,10,10,country,베트남,1309578000,잠정,2026-09-30T01:48:18.035483+00:00
2023-05-01,10,10,country,싱가포르,330330000,잠정,2026-09-30T01:48:18.035483+00:00
2023-05-01,10,10,country,유럽연합,1606598000,잠정,2026-09-30T01:48:18.035483+00:00
2023-05-01,10,10,country,인도,368865000,잠정,2026-09-30T01:48:18.035483+00:00
2023-05-01,10,10,country,일본,769781000,잠정,2026-09-30T01:48:18.035483+00:00
2023-05-01,10,10,country,전체,14433318000,잠정,2026-09-30T01:48:18.035483+00:00
2023-05-01,10,10,country,중국,3199610000,잠정,2026-09-30T01:48:18.035483+00:00
2023-05-01,10,10,country,홍콩,393065000,잠정,2026-09-30T01:48:18.035483+00:00
2023-05-01,10,10,product,가전제품,201327000,잠정,2026-09-30T01:44:34.848599+00:00
2023-05-01,10,10,product,무선통신기기,466314000,잠정,2026-09-30T01:44:34.848599+00:00
2023-05-01,10,10,product,반도체,1974307000,잠정,2026-09-30T01:44:34.848599+00:00
2023-05-01,10,10,product,석유제품,1418268000,잠정,2026-09-30T01:44:34.848599+00:00
2023-05-01,10,10,product,선박,200479000,잠정,2026-09-30T01:44:34.848599+00:00
2023-05-01,10,10,product,승용차,1342220000,잠정,2026-09-30T01:44:34.848599+00:00
2023-05-01,10,10,product,자동차부품,545220000,잠정,2026-09-30T01:44:34.848599+00:00
2023-05-01,10,10,product,전체,14433318000,잠정,2026-09-30T01:44:34.848599+00:00
2023-05-01,10,10,product,정밀기기,265564000,잠정,2026-09-30T01:44:34.848599+00:00
2023-05-01,10,10,product,철강제품,1169887000,잠정,2026-09-30T01:44:34.848599+00:00
2023-05-01,10,10,product,컴퓨터주변기기,296587000,잠정,2026-09-30T01:44:34.848599+00:00
2023-05-01,20,20,country,대만,871534000,잠정,2026-09-30T01:48:18.035483+00:00
2023-05-01,20,20,country,말레이시아,386816000,잠정,2026-09-30T01:48:18.035483+00:00
2023-05-01,20,20,country,미국,5799641000,잠정,2026-09-30T01:48:18.035483+00:00
2023-05-01,20,20,country,베트남,2780910000,잠정,2026-09-30T01:48:18.035483+00:00
2023-05-01,20,20,country,싱가포르,769999000,잠정,2026-09-30T01:48:18.035483+00:00
2023-05-01,20,20,country,유럽연합,3713329000,잠정,2026-09-30T01:48:18.035483+00:00
2023-05-01,20,20,country,인도,862316000,잠정,2026-09-30T01:48:18.035483+00:00
2023-05-01,20,20,country,일본,1584461000,잠정,2026-09-30T01:48:18.035483+00:00
2023-05-01,20,20,country,전체,32272483000,잠정,2026-09-30T01:48:18.035483+00:00
2023-05-01,20,20,country,중국,6742411000,잠정,2026-09-30T01:48:18.035483+00:00
2023-05-01,20,20,country,홍콩,909245000,잠정,2026-09-30T01:48:18.035483+00:00
2023-05-01,20,20,product,가전제품,442653000,잠정,2026-09-30T01:44:34.848599+00:00
2023-05-01,20,20,product,무선통신기기,1031151000,잠정,2026-09-30T01:44:34.848599+00:00
2023-05-01,20,20,product,반도체,4257659000,잠정,2026-09-30T01:44:34.848599+00:00
2023-05-01,20,20,product,석유제품,2941973000,잠정,2026-09-30T01:44:34.848599+00:00
2023-05-01,20,20,product,선박,461804000,잠정,2026-09-30T01:44:34.848599+00:00
2023-05-01,20,20,product,승용차,3431893000,잠정,2026-09-30T01:44:34.848599+00:00
2023-05-01,20,20,product,자동차부품,1220186000,잠정,2026-09-30T01:44:34.848599+00:00
2023-05-01,20,20,product,전체,32272483000,잠정,2026-09-30T01:44:34.848599+00:00
2023-05-01,20,20,product,정밀기기,560059000,잠정,2026-09-30T01:44:34.848599+00:00
2023-05-01,20,20,product,철강제품,2961393000,잠정,2026-09-30T01:44:34.848599+00:00
2023-05-01,20,20,product,컴퓨터주변기기,514521000,잠정,2026-09-30T01:44:34.848599+00:00
2023-05-01,month_end,31,country,대만,1597982000,잠정,2026-09-30T01:48:18.035483+00:00
2023-05-01,month_end,31,country,말레이시아,651712000,잠정,2026-09-30T01:48:18.035483+00:00
2023-05-01,month_end,31,country,미국,9459648000,잠정,2026-09-30T01:48:18.035483+00:00
2023-05-01,month_end,31,country,베트남,4268866000,잠정,2026-09-30T01:48:18.035483+00:00
2023-05-01,month_end,31,country,싱가포르,1167728000,잠정,2026-09-30T01:48:18.035483+00:00
2023-05-01,month_end,31,country,유럽연합,5850160000,잠정,2026-09-30T01:48:18.035483+00:00
2023-05-01,month_end,31,country,인도,1347610000,잠정,2026-09-30T01:48:18.035483+00:00
2023-05-01,month_end,31,country,일본,2565089000,잠정,2026-09-30T01:48:18.035483+00:00
2023-05-01,month_end,31,country,전체,52054195000,잠정,2026-09-30T01:48:18.035483+00:00
2023-05-01,month_end,31,country,중국,10579849000,잠정,2026-09-30T01:48:18.035483+00:00
2023-05-01,month_end,31,country,홍콩,1866608000,잠정,2026-09-30T01:48:18.035483+00:00
2023-05-01,month_end,31,product,가전제품,656478000,잠정,2026-09-30T01:44:34.848599+00:00
2023-05-01,month_end,31,product,무선통신기기,1497770000,잠정,2026-09-30T01:44:34.848599+00:00
2023-05-01,month_end,31,product,반도체,7550349000,잠정,2026-09-30T01:44:34.848599+00:00
2023-05-01,month_end,31,product,석유제품,4285583000,잠정,2026-09-30T01:44:34.848599+00:00
2023-05-01,month_end,31,product,선박,937981000,잠정,2026-09-30T01:44:34.848599+00:00
2023-05-01,month_end,31,product,승용차,5974136000,잠정,2026-09-30T01:44:34.848599+00:00
2023-05-01,month_end,31,product,자동차부품,1876797000,잠정,2026-09-30T01:44:34.848599+00:00
2023-05-01,month_end,31,product,전체,52054195000,잠정,2026-09-30T01:44:34.848599+00:00
2023-05-01,month_end,31,product,정밀기기,881624000,잠정,2026-09-30T01:44:34.848599+00:00
2023-05-01,month_end,31,product,철강제품,4700526000,잠정,2026-09-30T01:44:34.848599+00:00
2023-05-01,month_end,31,product,컴퓨터주변기기,786864000,잠정,2026-09-30T01:44:34.848599+00:00
2023-06-01,10,10,country,대만,339178000,잠정,2026-09-30T01:48:18.035483+00:00
2023-06-01,10,10,country,말레이시아,245025000,잠정,2026-09-30T01:48:18.035483+00:00
2023-06-01,10,10,country,미국,2569224000,잠정,2026-09-30T01:48:18.035483+00:00
2023-06-01,10,10,country,베트남,1382750000,잠정,2026-09-30T01:48:18.035483+00:00
2023-06-01,10,10,country,싱가포르,319123000,잠정,2026-09-30T01:48:18.035483+00:00
2023-06-01,10,10,country,유럽연합,1623412000,잠정,2026-09-30T01:48:18.035483+00:00
2023-06-01,10,10,country,인도,379794000,잠정,2026-09-30T01:48:18.035483+00:00
2023-06-01,10,10,country,일본,788445000,잠정,2026-09-30T01:48:18.035483+00:00
2023-06-01,10,10,country,전체,15298064000,잠정,2026-09-30T01:48:18.035483+00:00
2023-06-01,10,10,country,중국,3250606000,잠정,2026-09-30T01:48:18.035483+00:00
2023-06-01,10,10,country,홍콩,391890000,잠정,2026-09-30T01:48:18.035483+00:00
2023-06-01,10,10,product,가전제품,169089000,잠정,2026-09-30T01:44:34.848599+00:00
2023-06-01,10,10,product,무선통신기기,523711000,잠정,2026-09-30T01:44:34.848599+00:00
2023-06-01,10,10,product,반도체,2178188000,잠정,2026-09-30T01:44:34.848599+00:00
2023-06-01,10,10,product,석유제품,1250739000,잠정,2026-09-30T01:44:34.848599+00:00
2023-06-01,10,10,product,선박,1064070000,잠정,2026-09-30T01:44:34.848599+00:00
2023-06-01,10,10,product,승용차,1478929000,잠정,2026-09-30T01:44:34.848599+00:00
2023-06-01,10,10,product,자동차부품,578387000,잠정,2026-09-30T01:44:34.848599+00:00
2023-06-01,10,10,product,전체,15298064000,잠정,2026-09-30T01:44:34.848599+00:00
2023-06-01,10,10,product,정밀기기,264535000,잠정,2026-09-30T01:44:34.848599+00:00
2023-06-01,10,10,product,철강제품,1113922000,잠정,2026-09-30T01:44:34.848599+00:00
2023-06-01,10,10,product,컴퓨터주변기기,222252000,잠정,2026-09-30T01:44:34.848599+00:00
2023-06-01,20,20,country,대만,842751000,잠정,2026-09-30T01:48:18.035483+00:00
2023-06-01,20,20,country,말레이시아,500666000,잠정,2026-09-30T01:48:18.035483+00:00
2023-06-01,20,20,country,미국,5778445000,잠정,2026-09-30T01:48:18.035483+00:00
2023-06-01,20,20,country,베트남,2701904000,잠정,2026-09-30T01:48:18.035483+00:00
2023-06-01,20,20,country,싱가포르,843140000,잠정,2026-09-30T01:48:18.035483+00:00
2023-06-01,20,20,country,유럽연합,3591890000,잠정,2026-09-30T01:48:18.035483+00:00
2023-06-01,20,20,country,인도,823074000,잠정,2026-09-30T01:48:18.035483+00:00
2023-06-01,20,20,country,일본,1570689000,잠정,2026-09-30T01:48:18.035483+00:00
2023-06-01,20,20,country,전체,32936268000,잠정,2026-09-30T01:48:18.035483+00:00
2023-06-01,20,20,country,중국,6663573000,잠정,2026-09-30T01:48:18.035483+00:00
2023-06-01,20,20,country,홍콩,1100322000,잠정,2026-09-30T01:48:18.035483+00:00
2023-06-01,20,20,product,가전제품,468620000,잠정,2026-09-30T01:44:34.848599+00:00
2023-06-01,20,20,product,무선통신기기,977568000,잠정,2026-09-30T01:44:34.848599+00:00
2023-06-01,20,20,product,반도체,4861976000,잠정,2026-09-30T01:44:34.848599+00:00
2023-06-01,20,20,product,석유제품,2381625000,잠정,2026-09-30T01:44:34.848599+00:00
2023-06-01,20,20,product,선박,1800388000,잠정,2026-09-30T01:44:34.848599+00:00
2023-06-01,20,20,product,승용차,3363760000,잠정,2026-09-30T01:44:34.848599+00:00
2023-06-01,20,20,product,자동차부품,1186913000,잠정,2026-09-30T01:44:34.848599+00:00
2023-06-01,20,20,product,전체,32936268000,잠정,2026-09-30T01:44:34.848599+00:00
2023-06-01,20,20,product,정밀기기,555330000,잠정,2026-09-30T01:44:34.848599+00:00
2023-06-01,20,20,product,철강제품,2579252000,잠정,2026-09-30T01:44:34.848599+00:00
2023-06-01,20,20,product,컴퓨터주변기기,478353000,잠정,2026-09-30T01:44:34.848599+00:00
2023-06-01,month_end,30,country,대만,1839431000,잠정,2026-09-30T01:48:18.035483+00:00
2023-06-01,month_end,30,country,말레이시아,759755000,잠정,2026-09-30T01:48:18.035483+00:00
2023-06-01,month_end,30,country,미국,9599198000,잠정,2026-09-30T01:48:18.035483+00:00
2023-06-01,month_end,30,country,베트남,4314222000,잠정,2026-09-30T01:48:18.035483+00:00
2023-06-01,month_end,30,country,싱가포르,1221124000,잠정,2026-09-30T01:48:18.035483+00:00
2023-06-01,month_end,30,country,유럽연합,6182294000,잠정,2026-09-30T01:48:18.035483+00:00
2023-06-01,month_end,30,country,인도,1427372000,잠정,2026-09-30T01:48:18.035483+00:00
2023-06-01,month_end,30,country,일본,2555961000,잠정,2026-09-30T01:48:18.035483+00:00
2023-06-01,month_end,30,country,전체,54297754000,잠정,2026-09-30T01:48:18.035483+00:00
2023-06-01,month_end,30,country,중국,10501952000,잠정,2026-09-30T01:48:18.035483+00:00
2023-06-01,month_end,30,country,홍콩,2359143000,잠정,2026-09-30T01:48:18.035483+00:00
2023-06-01,month_end,30,product,가전제품,717105000,잠정,2026-09-30T01:44:34.848599+00:00
2023-06-01,month_end,30,product,무선통신기기,1381129000,잠정,2026-09-30T01:44:34.848599+00:00
2023-06-01,month_end,30,product,반도체,9057613000,잠정,2026-09-30T01:44:34.848599+00:00
2023-06-01,month_end,30,product,석유제품,3380451000,잠정,2026-09-30T01:44:34.848599+00:00
2023-06-01,month_end,30,product,선박,2431547000,잠정,2026-09-30T01:44:34.848599+00:00
2023-06-01,month_end,30,product,승용차,5988307000,잠정,2026-09-30T01:44:34.848599+00:00
2023-06-01,month_end,30,product,자동차부품,1916500000,잠정,2026-09-30T01:44:34.848599+00:00
2023-06-01,month_end,30,product,전체,54297754000,잠정,2026-09-30T01:44:34.848599+00:00
2023-06-01,month_end,30,product,정밀기기,911013000,잠정,2026-09-30T01:44:34.848599+00:00
2023-06-01,month_end,30,product,철강제품,4632836000,잠정,2026-09-30T01:44:34.848599+00:00
2023-06-01,month_end,30,product,컴퓨터주변기기,825165000,잠정,2026-09-30T01:44:34.848599+00:00
2023-07-01,10,10,country,대만,325182000,잠정,2026-09-30T01:48:18.035483+00:00
2023-07-01,10,10,country,말레이시아,156993000,잠정,2026-09-30T01:48:18.035483+00:00
2023-07-01,10,10,country,미국,2549176000,잠정,2026-09-30T01:48:18.035483+00:00
2023-07-01,10,10,country,베트남,1130877000,잠정,2026-09-30T01:48:18.035483+00:00
2023-07-01,10,10,country,싱가포르,490334000,잠정,2026-09-30T01:48:18.035483+00:00
2023-07-01,10,10,country,유럽연합,1497983000,잠정,2026-09-30T01:48:18.035483+00:00
2023-07-01,10,10,country,인도,409504000,잠정,2026-09-30T01:48:18.035483+00:00
2023-07-01,10,10,country,일본,570616000,잠정,2026-09-30T01:48:18.035483+00:00
2023-07-01,10,10,country,전체,13258526000,잠정,2026-09-30T01:48:18.035483+00:00
2023-07-01,10,10,country,중국,2746381000,잠정,2026-09-30T01:48:18.035483+00:00
2023-07-01,10,10,country,홍콩,244176000,잠정,2026-09-30T01:48:18.035483+00:00
2023-07-01,10,10,product,가전제품,171420000,잠정,2026-09-30T01:44:34.848599+00:00
2023-07-01,10,10,product,무선통신기기,444313000,잠정,2026-09-30T01:44:34.848599+00:00
2023-07-01,10,10,product,반도체,1827212000,잠정,2026-09-30T01:44:34.848599+00:00
2023-07-01,10,10,product,석유제품,1020014000,잠정,2026-09-30T01:44:34.848599+00:00
2023-07-01,10,10,product,선박,605949000,잠정,2026-09-30T01:44:34.848599+00:00
2023-07-01,10,10,product,승용차,1448399000,잠정,2026-09-30T01:44:34.848599+00:00
2023-07-01,10,10,product,자동차부품,523564000,잠정,2026-09-30T01:44:34.848599+00:00
2023-07-01,10,10,product,전체,13258526000,잠정,2026-09-30T01:44:34.848599+00:00
2023-07-01,10,10,product,정밀기기,240046000,잠정,2026-09-30T01:44:34.848599+00:00
2023-07-01,10,10,product,철강제품,1008140000,잠정,2026-09-30T01:44:34.848599+00:00
2023-07-01,10,10,product,컴퓨터주변기기,291553000,잠정,2026-09-30T01:44:34.848599+00:00
2023-07-01,20,20,country,대만,775725000,잠정,2026-09-30T01:48:18.035483+00:00
2023-07-01,20,20,country,말레이시아,406945000,잠정,2026-09-30T01:48:18.035483+00:00
2023-07-01,20,20,country,미국,5764056000,잠정,2026-09-30T01:48:18.035483+00:00
2023-07-01,20,20,country,베트남,2709042000,잠정,2026-09-30T01:48:18.035483+00:00
2023-07-01,20,20,country,싱가포르,846681000,잠정,2026-09-30T01:48:18.035483+00:00
2023-07-01,20,20,country,유럽연합,3591805000,잠정,2026-09-30T01:48:18.035483+00:00
2023-07-01,20,20,country,인도,929525000,잠정,2026-09-30T01:48:18.035483+00:00
2023-07-01,20,20,country,일본,1497718000,잠정,2026-09-30T01:48:18.035483+00:00
2023-07-01,20,20,country,전체,31275665000,잠정,2026-09-30T01:48:18.035483+00:00
2023-07-01,20,20,country,중국,6357624000,잠정,2026-09-30T01:48:18.035483+00:00
2023-07-01,20,20,country,홍콩,786635000,잠정,2026-09-30T01:48:18.035483+00:00
2023-07-01,20,20,product,가전제품,452156000,잠정,2026-09-30T01:44:34.848599+00:00
2023-07-01,20,20,product,무선통신기기,987246000,잠정,2026-09-30T01:44:34.848599+00:00
2023-07-01,20,20,product,반도체,4303084000,잠정,2026-09-30T01:44:34.848599+00:00
2023-07-01,20,20,product,석유제품,2387796000,잠정,2026-09-30T01:44:34.848599+00:00
2023-07-01,20,20,product,선박,1036848000,잠정,2026-09-30T01:44:34.848599+00:00
2023-07-01,20,20,product,승용차,3430773000,잠정,2026-09-30T01:44:34.848599+00:00
2023-07-01,20,20,product,자동차부품,1258253000,잠정,2026-09-30T01:44:34.848599+00:00
2023-07-01,20,20,product,전체,31275665000,잠정,2026-09-30T01:44:34.848599+00:00
2023-07-01,20,20,product,정밀기기,583609000,잠정,2026-09-30T01:44:34.848599+00:00
2023-07-01,20,20,product,철강제품,2426893000,잠정,2026-09-30T01:44:34.848599+00:00
2023-07-01,20,20,product,컴퓨터주변기기,601739000,잠정,2026-09-30T01:44:34.848599+00:00
2023-07-01,month_end,31,country,대만,1416002000,잠정,2026-09-30T01:48:18.035483+00:00
2023-07-01,month_end,31,country,말레이시아,663330000,잠정,2026-09-30T01:48:18.035483+00:00
2023-07-01,month_end,31,country,미국,9309186000,잠정,2026-09-30T01:48:18.035483+00:00
2023-07-01,month_end,31,country,베트남,4416951000,잠정,2026-09-30T01:48:18.035483+00:00
2023-07-01,month_end,31,country,싱가포르,1477334000,잠정,2026-09-30T01:48:18.035483+00:00
2023-07-01,month_end,31,country,유럽연합,5631597000,잠정,2026-09-30T01:48:18.035483+00:00
2023-07-01,month_end,31,country,인도,1430716000,잠정,2026-09-30T01:48:18.035483+00:00
2023-07-01,month_end,31,country,일본,2363451000,잠정,2026-09-30T01:48:18.035483+00:00
2023-07-01,month_end,31,country,전체,50457776000,잠정,2026-09-30T01:48:18.035483+00:00
2023-07-01,month_end,31,country,중국,9928339000,잠정,2026-09-30T01:48:18.035483+00:00
2023-07-01,month_end,31,country,홍콩,1734290000,잠정,2026-09-30T01:48:18.035483+00:00
2023-07-01,month_end,31,product,가전제품,753441000,잠정,2026-09-30T01:44:34.848599+00:00
2023-07-01,month_end,31,product,무선통신기기,1656773000,잠정,2026-09-30T01:44:34.848599+00:00
2023-07-01,month_end,31,product,반도체,7603652000,잠정,2026-09-30T01:44:34.848599+00:00
2023-07-01,month_end,31,product,석유제품,3908575000,잠정,2026-09-30T01:44:34.848599+00:00
2023-07-01,month_end,31,product,선박,1601409000,잠정,2026-09-30T01:44:34.848599+00:00
2023-07-01,month_end,31,product,승용차,5678889000,잠정,2026-09-30T01:44:34.848599+00:00
2023-07-01,month_end,31,product,자동차부품,1974101000,잠정,2026-09-30T01:44:34.848599+00:00
2023-07-01,month_end,31,product,전체,50457776000,잠정,2026-09-30T01:44:34.848599+00:00
2023-07-01,month_end,31,product,정밀기기,903234000,잠정,2026-09-30T01:44:34.848599+00:00
2023-07-01,month_end,31,product,철강제품,4099313000,잠정,2026-09-30T01:44:34.848599+00:00
2023-07-01,month_end,31,product,컴퓨터주변기기,821915000,잠정,2026-09-30T01:44:34.848599+00:00
2023-08-01,10,10,country,대만,456343000,잠정,2026-09-30T01:48:18.035483+00:00
2023-08-01,10,10,country,말레이시아,317204000,잠정,2026-09-30T01:48:18.035483+00:00
2023-08-01,10,10,country,미국,1924771000,잠정,2026-09-30T01:48:18.035483+00:00
2023-08-01,10,10,country,베트남,1526711000,잠정,2026-09-30T01:48:18.035483+00:00
2023-08-01,10,10,country,싱가포르,512767000,잠정,2026-09-30T01:48:18.035483+00:00
2023-08-01,10,10,country,유럽연합,1260121000,잠정,2026-09-30T01:48:18.035483+00:00
2023-08-01,10,10,country,인도,426904000,잠정,2026-09-30T01:48:18.035483+00:00
2023-08-01,10,10,country,일본,605632000,잠정,2026-09-30T01:48:18.035483+00:00
2023-08-01,10,10,country,전체,13259501000,잠정,2026-09-30T01:48:18.035483+00:00
2023-08-01,10,10,country,중국,2885382000,잠정,2026-09-30T01:48:18.035483+00:00
2023-08-01,10,10,country,홍콩,580813000,잠정,2026-09-30T01:48:18.035483+00:00
2023-08-01,10,10,product,가전제품,206792000,잠정,2026-09-30T01:44:34.848599+00:00
2023-08-01,10,10,product,무선통신기기,540183000,잠정,2026-09-30T01:44:34.848599+00:00
2023-08-01,10,10,product,반도체,2449188000,잠정,2026-09-30T01:44:34.848599+00:00
2023-08-01,10,10,product,석유제품,1463558000,잠정,2026-09-30T01:44:34.848599+00:00
2023-08-01,10,10,product,선박,177898000,잠정,2026-09-30T01:44:34.848599+00:00
2023-08-01,10,10,product,승용차,534281000,잠정,2026-09-30T01:44:34.848599+00:00
2023-08-01,10,10,product,자동차부품,385180000,잠정,2026-09-30T01:44:34.848599+00:00
2023-08-01,10,10,product,전체,13259501000,잠정,2026-09-30T01:44:34.848599+00:00
2023-08-01,10,10,product,정밀기기,274073000,잠정,2026-09-30T01:44:34.848599+00:00
2023-08-01,10,10,product,철강제품,963784000,잠정,2026-09-30T01:44:34.848599+00:00
2023-08-01,10,10,product,컴퓨터주변기기,187765000,잠정,2026-09-30T01:44:34.848599+00:00
2023-08-01,20,20,country,대만,849611000,잠정,2026-09-30T01:48:18.035483+00:00
2023-08-01,20,20,country,말레이시아,537427000,잠정,2026-09-30T01:48:18.035483+00:00
2023-08-01,20,20,country,미국,4398836000,잠정,2026-09-30T01:48:18.035483+00:00
2023-08-01,20,20,country,베트남,2842482000,잠정,2026-09-30T01:48:18.035483+00:00
2023-08-01,20,20,country,싱가포르,884842000,잠정,2026-09-30T01:48:18.035483+00:00
2023-08-01,20,20,country,유럽연합,3106120000,잠정,2026-09-30T01:48:18.035483+00:00
2023-08-01,20,20,country,인도,866867000,잠정,2026-09-30T01:48:18.035483+00:00
2023-08-01,20,20,country,일본,1313272000,잠정,2026-09-30T01:48:18.035483+00:00
2023-08-01,20,20,country,전체,27939623000,잠정,2026-09-30T01:48:18.035483+00:00
2023-08-01,20,20,country,중국,5866155000,잠정,2026-09-30T01:48:18.035483+00:00
2023-08-01,20,20,country,홍콩,1054238000,잠정,2026-09-30T01:48:18.035483+00:00
2023-08-01,20,20,product,가전제품,389593000,잠정,2026-09-30T01:44:34.848599+00:00
2023-08-01,20,20,product,무선통신기기,1136161000,잠정,2026-09-30T01:44:34.848599+00:00
2023-08-01,20,20,product,반도체,4721096000,잠정,2026-09-30T01:44:34.848599+00:00
2023-08-01,20,20,product,석유제품,2620608000,잠정,2026-09-30T01:44:34.848599+00:00
2023-08-01,20,20,product,선박,997890000,잠정,2026-09-30T01:44:34.848599+00:00
2023-08-01,20,20,product,승용차,2117415000,잠정,2026-09-30T01:44:34.848599+00:00
2023-08-01,20,20,product,자동차부품,936922000,잠정,2026-09-30T01:44:34.848599+00:00
2023-08-01,20,20,product,전체,27939623000,잠정,2026-09-30T01:44:34.848599+00:00
2023-08-01,20,20,product,정밀기기,515584000,잠정,2026-09-30T01:44:34.848599+00:00
2023-08-01,20,20,product,철강제품,2162935000,잠정,2026-09-30T01:44:34.848599+00:00
2023-08-01,20,20,product,컴퓨터주변기기,340080000,잠정,2026-09-30T01:44:34.848599+00:00
2023-08-01,month_end,31,country,대만,1845128000,잠정,2026-09-30T01:48:18.035483+00:00
2023-08-01,month_end,31,country,말레이시아,996971000,잠정,2026-09-30T01:48:18.035483+00:00
2023-08-01,month_end,31,country,미국,8959141000,잠정,2026-09-30T01:48:18.035483+00:00
2023-08-01,month_end,31,country,베트남,4946445000,잠정,2026-09-30T01:48:18.035483+00:00
2023-08-01,month_end,31,country,싱가포르,1488688000,잠정,2026-09-30T01:48:18.035483+00:00
2023-08-01,month_end,31,country,유럽연합,5541555000,잠정,2026-09-30T01:48:18.035483+00:00
2023-08-01,month_end,31,country,인도,1602896000,잠정,2026-09-30T01:48:18.035483+00:00
2023-08-01,month_end,31,country,일본,2363482000,잠정,2026-09-30T01:48:18.035483+00:00
2023-08-01,month_end,31,country,전체,51994074000,잠정,2026-09-30T01:48:18.035483+00:00
2023-08-01,month_end,31,country,중국,10515041000,잠정,2026-09-30T01:48:18.035483+00:00
2023-08-01,month_end,31,country,홍콩,2293514000,잠정,2026-09-30T01:48:18.035483+00:00
2023-08-01,month_end,31,product,가전제품,726495000,잠정,2026-09-30T01:44:34.848599+00:00
2023-08-01,month_end,31,product,무선통신기기,1814156000,잠정,2026-09-30T01:44:34.848599+00:00
2023-08-01,month_end,31,product,반도체,8721670000,잠정,2026-09-30T01:44:34.848599+00:00
2023-08-01,month_end,31,product,석유제품,4493760000,잠정,2026-09-30T01:44:34.848599+00:00
2023-08-01,month_end,31,product,선박,1500919000,잠정,2026-09-30T01:44:34.848599+00:00
2023-08-01,month_end,31,product,승용차,5066248000,잠정,2026-09-30T01:44:34.848599+00:00
2023-08-01,month_end,31,product,자동차부품,1834908000,잠정,2026-09-30T01:44:34.848599+00:00
2023-08-01,month_end,31,product,전체,51994074000,잠정,2026-09-30T01:44:34.848599+00:00
2023-08-01,month_end,31,product,정밀기기,969486000,잠정,2026-09-30T01:44:34.848599+00:00
2023-08-01,month_end,31,product,철강제품,4052257000,잠정,2026-09-30T01:44:34.848599+00:00
2023-08-01,month_end,31,product,컴퓨터주변기기,630401000,잠정,2026-09-30T01:44:34.848599+00:00
2023-09-01,10,10,country,대만,491542000,잠정,2026-09-30T01:48:18.035483+00:00
2023-09-01,10,10,country,말레이시아,228801000,잠정,2026-09-30T01:48:18.035483+00:00
2023-09-01,10,10,country,미국,2588035000,잠정,2026-09-30T01:48:18.035483+00:00
2023-09-01,10,10,country,베트남,1474938000,잠정,2026-09-30T01:48:18.035483+00:00
2023-09-01,10,10,country,싱가포르,461458000,잠정,2026-09-30T01:48:18.035483+00:00
2023-09-01,10,10,country,유럽연합,1426710000,잠정,2026-09-30T01:48:18.035483+00:00
2023-09-01,10,10,country,인도,438177000,잠정,2026-09-30T01:48:18.035483+00:00
2023-09-01,10,10,country,일본,739357000,잠정,2026-09-30T01:48:18.035483+00:00
2023-09-01,10,10,country,전체,14906293000,잠정,2026-09-30T01:48:18.035483+00:00
2023-09-01,10,10,country,중국,3392766000,잠정,2026-09-30T01:48:18.035483+00:00
2023-09-01,10,10,country,홍콩,503017000,잠정,2026-09-30T01:48:18.035483+00:00
2023-09-01,10,10,product,가전제품,200920000,잠정,2026-09-30T01:44:34.848599+00:00
2023-09-01,10,10,product,무선통신기기,650003000,잠정,2026-09-30T01:44:34.848599+00:00
2023-09-01,10,10,product,반도체,2500647000,잠정,2026-09-30T01:44:34.848599+00:00
2023-09-01,10,10,product,석유제품,1436560000,잠정,2026-09-30T01:44:34.848599+00:00
2023-09-01,10,10,product,선박,219946000,잠정,2026-09-30T01:44:34.848599+00:00
2023-09-01,10,10,product,승용차,1403510000,잠정,2026-09-30T01:44:34.848599+00:00
2023-09-01,10,10,product,자동차부품,516292000,잠정,2026-09-30T01:44:34.848599+00:00
2023-09-01,10,10,product,전체,14906293000,잠정,2026-09-30T01:44:34.848599+00:00
2023-09-01,10,10,product,정밀기기,293633000,잠정,2026-09-30T01:44:34.848599+00:00
2023-09-01,10,10,product,철강제품,1063808000,잠정,2026-09-30T01:44:34.848599+00:00
2023-09-01,10,10,product,컴퓨터주변기기,166586000,잠정,2026-09-30T01:44:34.848599+00:00
2023-09-01,20,20,country,대만,1106908000,잠정,2026-09-30T01:48:18.035483+00:00
2023-09-01,20,20,country,말레이시아,495838000,잠정,2026-09-30T01:48:18.035483+00:00
2023-09-01,20,20,country,미국,6562308000,잠정,2026-09-30T01:48:18.035483+00:00
2023-09-01,20,20,country,베트남,3286805000,잠정,2026-09-30T01:48:18.035483+00:00
2023-09-01,20,20,country,싱가포르,923903000,잠정,2026-09-30T01:48:18.035483+00:00
2023-09-01,20,20,country,유럽연합,4181370000,잠정,2026-09-30T01:48:18.035483+00:00
2023-09-01,20,20,country,인도,1130370000,잠정,2026-09-30T01:48:18.035483+00:00
2023-09-01,20,20,country,일본,1708215000,잠정,2026-09-30T01:48:18.035483+00:00
2023-09-01,20,20,country,전체,35968700000,잠정,2026-09-30T01:48:18.035483+00:00
2023-09-01,20,20,country,중국,7503704000,잠정,2026-09-30T01:48:18.035483+00:00
2023-09-01,20,20,country,홍콩,1346249000,잠정,2026-09-30T01:48:18.035483+00:00
2023-09-01,20,20,product,가전제품,528487000,잠정,2026-09-30T01:44:34.848599+00:00
2023-09-01,20,20,product,무선통신기기,1262291000,잠정,2026-09-30T01:44:34.848599+00:00
2023-09-01,20,20,product,반도체,5928978000,잠정,2026-09-30T01:44:34.848599+00:00
2023-09-01,20,20,product,석유제품,2997891000,잠정,2026-09-30T01:44:34.848599+00:00
2023-09-01,20,20,product,선박,1152242000,잠정,2026-09-30T01:44:34.848599+00:00
2023-09-01,20,20,product,승용차,3262194000,잠정,2026-09-30T01:44:34.848599+00:00
2023-09-01,20,20,product,자동차부품,1301054000,잠정,2026-09-30T01:44:34.848599+00:00
2023-09-01,20,20,product,전체,35968700000,잠정,2026-09-30T01:44:34.848599+00:00
2023-09-01,20,20,product,정밀기기,684846000,잠정,2026-09-30T01:44:34.848599+00:00
2023-09-01,20,20,product,철강제품,2628876000,잠정,2026-09-30T01:44:34.848599+00:00
2023-09-01,20,20,product,컴퓨터주변기기,435260000,잠정,2026-09-30T01:44:34.848599+00:00
2023-09-01,month_end,30,country,대만,2145494000,잠정,2026-09-30T01:48:18.035483+00:00
2023-09-01,month_end,30,country,말레이시아,783620000,잠정,2026-09-30T01:48:18.035483+00:00
2023-09-01,month_end,30,country,미국,10078334000,잠정,2026-09-30T01:48:18.035483+00:00
2023-09-01,month_end,30,country,베트남,4919327000,잠정,2026-09-30T01:48:18.035483+00:00
2023-09-01,month_end,30,country,싱가포르,1604598000,잠정,2026-09-30T01:48:18.035483+00:00
2023-09-01,month_end,30,country,유럽연합,5735391000,잠정,2026-09-30T01:48:18.035483+00:00
2023-09-01,month_end,30,country,인도,1638480000,잠정,2026-09-30T01:48:18.035483+00:00
2023-09-01,month_end,30,country,일본,2512162000,잠정,2026-09-30T01:48:18.035483+00:00
2023-09-01,month_end,30,country,전체,54650691000,잠정,2026-09-30T01:48:18.035483+00:00
2023-09-01,month_end,30,country,중국,10997619000,잠정,2026-09-30T01:48:18.035483+00:00
2023-09-01,month_end,30,country,홍콩,2440824000,잠정,2026-09-30T01:48:18.035483+00:00
2023-09-01,month_end,30,product,가전제품,754352000,잠정,2026-09-30T01:44:34.848599+00:00
2023-09-01,month_end,30,product,무선통신기기,1878436000,잠정,2026-09-30T01:44:34.848599+00:00
2023-09-01,month_end,30,product,반도체,10058864000,잠정,2026-09-30T01:44:34.848599+00:00
2023-09-01,month_end,30,product,석유제품,4948551000,잠정,2026-09-30T01:44:34.848599+00:00
2023-09-01,month_end,30,product,선박,1276528000,잠정,2026-09-30T01:44:34.848599+00:00
2023-09-01,month_end,30,product,승용차,4986770000,잠정,2026-09-30T01:44:34.848599+00:00
2023-09-01,month_end,30,product,자동차부품,1880018000,잠정,2026-09-30T01:44:34.848599+00:00
2023-09-01,month_end,30,product,전체,54650691000,잠정,2026-09-30T01:44:34.848599+00:00
2023-09-01,month_end,30,product,정밀기기,1021259000,잠정,2026-09-30T01:44:34.848599+00:00
2023-09-01,month_end,30,product,철강제품,3997324000,잠정,2026-09-30T01:44:34.848599+00:00
2023-09-01,month_end,30,product,컴퓨터주변기기,741108000,잠정,2026-09-30T01:44:34.848599+00:00
2023-10-01,10,10,country,대만,327020000,잠정,2026-09-30T01:48:18.035483+00:00
2023-10-01,10,10,country,말레이시아,229769000,잠정,2026-09-30T01:48:18.035483+00:00
2023-10-01,10,10,country,미국,1870226000,잠정,2026-09-30T01:48:18.035483+00:00
2023-10-01,10,10,country,베트남,1256175000,잠정,2026-09-30T01:48:18.035483+00:00
2023-10-01,10,10,country,싱가포르,327998000,잠정,2026-09-30T01:48:18.035483+00:00
2023-10-01,10,10,country,유럽연합,1032785000,잠정,2026-09-30T01:48:18.035483+00:00
2023-10-01,10,10,country,인도,291212000,잠정,2026-09-30T01:48:18.035483+00:00
2023-10-01,10,10,country,일본,575496000,잠정,2026-09-30T01:48:18.035483+00:00
2023-10-01,10,10,country,전체,11495533000,잠정,2026-09-30T01:48:18.035483+00:00
2023-10-01,10,10,country,중국,2846671000,잠정,2026-09-30T01:48:18.035483+00:00
2023-10-01,10,10,country,홍콩,307455000,잠정,2026-09-30T01:48:18.035483+00:00
2023-10-01,10,10,product,가전제품,153392000,잠정,2026-09-30T01:44:34.848599+00:00
2023-10-01,10,10,product,무선통신기기,570755000,잠정,2026-09-30T01:44:34.848599+00:00
2023-10-01,10,10,product,반도체,2106581000,잠정,2026-09-30T01:44:34.848599+00:00
2023-10-01,10,10,product,석유제품,1480258000,잠정,2026-09-30T01:44:34.848599+00:00
2023-10-01,10,10,product,선박,247196000,잠정,2026-09-30T01:44:34.848599+00:00
2023-10-01,10,10,product,승용차,1078963000,잠정,2026-09-30T01:44:34.848599+00:00
2023-10-01,10,10,product,자동차부품,323670000,잠정,2026-09-30T01:44:34.848599+00:00
2023-10-01,10,10,product,전체,11495533000,잠정,2026-09-30T01:44:34.848599+00:00
2023-10-01,10,10,product,정밀기기,217387000,잠정,2026-09-30T01:44:34.848599+00:00
2023-10-01,10,10,product,철강제품,735482000,잠정,2026-09-30T01:44:34.848599+00:00
2023-10-01,10,10,product,컴퓨터주변기기,182058000,잠정,2026-09-30T01:44:34.848599+00:00
2023-10-01,20,20,country,대만,1009927000,잠정,2026-09-30T01:48:18.035483+00:00
2023-10-01,20,20,country,말레이시아,618110000,잠정,2026-09-30T01:48:18.035483+00:00
2023-10-01,20,20,country,미국,5772416000,잠정,2026-09-30T01:48:18.035483+00:00
2023-10-01,20,20,country,베트남,3158780000,잠정,2026-09-30T01:48:18.035483+00:00
2023-10-01,20,20,country,싱가포르,1243663000,잠정,2026-09-30T01:48:18.035483+00:00
2023-10-01,20,20,country,유럽연합,3467773000,잠정,2026-09-30T01:48:18.035483+00:00
2023-10-01,20,20,country,인도,949965000,잠정,2026-09-30T01:48:18.035483+00:00
2023-10-01,20,20,country,일본,1656777000,잠정,2026-09-30T01:48:18.035483+00:00
2023-10-01,20,20,country,전체,33739771000,잠정,2026-09-30T01:48:18.035483+00:00
2023-10-01,20,20,country,중국,7152622000,잠정,2026-09-30T01:48:18.035483+00:00
2023-10-01,20,20,country,홍콩,1042540000,잠정,2026-09-30T01:48:18.035483+00:00
2023-10-01,20,20,product,가전제품,447645000,잠정,2026-09-30T01:44:34.848599+00:00
2023-10-01,20,20,product,무선통신기기,1366428000,잠정,2026-09-30T01:44:34.848599+00:00
2023-10-01,20,20,product,반도체,5215242000,잠정,2026-09-30T01:44:34.848599+00:00
2023-10-01,20,20,product,석유제품,3503786000,잠정,2026-09-30T01:44:34.848599+00:00
2023-10-01,20,20,product,선박,1617219000,잠정,2026-09-30T01:44:34.848599+00:00
2023-10-01,20,20,product,승용차,3298181000,잠정,2026-09-30T01:44:34.848599+00:00
2023-10-01,20,20,product,자동차부품,1045964000,잠정,2026-09-30T01:44:34.848599+00:00
2023-10-01,20,20,product,전체,33739771000,잠정,2026-09-30T01:44:34.848599+00:00
2023-10-01,20,20,product,정밀기기,622777000,잠정,2026-09-30T01:44:34.848599+00:00
2023-10-01,20,20,product,철강제품,2372323000,잠정,2026-09-30T01:44:34.848599+00:00
2023-10-01,20,20,product,컴퓨터주변기기,440823000,잠정,2026-09-30T01:44:34.848599+00:00
2023-10-01,month_end,31,country,대만,1702460000,잠정,2026-09-30T01:48:18.035483+00:00
2023-10-01,month_end,31,country,말레이시아,999501000,잠정,2026-09-30T01:48:18.035483+00:00
2023-10-01,month_end,31,country,미국,10059689000,잠정,2026-09-30T01:48:18.035483+00:00
2023-10-01,month_end,31,country,베트남,4832318000,잠정,2026-09-30T01:48:18.035483+00:00
2023-10-01,month_end,31,country,싱가포르,2238050000,잠정,2026-09-30T01:48:18.035483+00:00
2023-10-01,month_end,31,country,유럽연합,5013518000,잠정,2026-09-30T01:48:18.035483+00:00
2023-10-01,month_end,31,country,인도,1531651000,잠정,2026-09-30T01:48:18.035483+00:00
2023-10-01,month_end,31,country,일본,2492283000,잠정,2026-09-30T01:48:18.035483+00:00
2023-10-01,month_end,31,country,전체,54989950000,잠정,2026-09-30T01:48:18.035483+00:00
2023-10-01,month_end,31,country,중국,10993481000,잠정,2026-09-30T01:48:18.035483+00:00
2023-10-01,month_end,31,country,홍콩,2430688000,잠정,2026-09-30T01:48:18.035483+00:00
2023-10-01,month_end,31,product,가전제품,696316000,잠정,2026-09-30T01:44:34.848599+00:00
2023-10-01,month_end,31,product,무선통신기기,2148541000,잠정,2026-09-30T01:44:34.848599+00:00
2023-10-01,month_end,31,product,반도체,9061404000,잠정,2026-09-30T01:44:34.848599+00:00
2023-10-01,month_end,31,product,석유제품,5212322000,잠정,2026-09-30T01:44:34.848599+00:00
2023-10-01,month_end,31,product,선박,2751456000,잠정,2026-09-30T01:44:34.848599+00:00
2023-10-01,month_end,31,product,승용차,5705540000,잠정,2026-09-30T01:44:34.848599+00:00
2023-10-01,month_end,31,product,자동차부품,1701366000,잠정,2026-09-30T01:44:34.848599+00:00
2023-10-01,month_end,31,product,전체,54989950000,잠정,2026-09-30T01:44:34.848599+00:00
2023-10-01,month_end,31,product,정밀기기,985390000,잠정,2026-09-30T01:44:34.848599+00:00
2023-10-01,month_end,31,product,철강제품,3809956000,잠정,2026-09-30T01:44:34.848599+00:00
2023-10-01,month_end,31,product,컴퓨터주변기기,722284000,잠정,2026-09-30T01:44:34.848599+00:00
2023-11-01,10,10,country,대만,558653000,잠정,2026-09-30T01:48:18.035483+00:00
2023-11-01,10,10,country,말레이시아,265453000,잠정,2026-09-30T01:48:18.035483+00:00
2023-11-01,10,10,country,미국,3713912000,잠정,2026-09-30T01:48:18.035483+00:00
2023-11-01,10,10,country,베트남,1786730000,잠정,2026-09-30T01:48:18.035483+00:00
2023-11-01,10,10,country,싱가포르,586749000,잠정,2026-09-30T01:48:18.035483+00:00
2023-11-01,10,10,country,유럽연합,1768049000,잠정,2026-09-30T01:48:18.035483+00:00
2023-11-01,10,10,country,인도,475130000,잠정,2026-09-30T01:48:18.035483+00:00
2023-11-01,10,10,country,일본,923599000,잠정,2026-09-30T01:48:18.035483+00:00
2023-11-01,10,10,country,전체,18129507000,잠정,2026-09-30T01:48:18.035483+00:00
2023-11-01,10,10,country,중국,3881336000,잠정,2026-09-30T01:48:18.035483+00:00
2023-11-01,10,10,country,홍콩,540398000,잠정,2026-09-30T01:48:18.035483+00:00
2023-11-01,10,10,product,가전제품,230047000,잠정,2026-09-30T01:44:34.848599+00:00
2023-11-01,10,10,product,무선통신기기,728765000,잠정,2026-09-30T01:44:34.848599+00:00
2023-11-01,10,10,product,반도체,2795594000,잠정,2026-09-30T01:44:34.848599+00:00
2023-11-01,10,10,product,석유제품,1715690000,잠정,2026-09-30T01:44:34.848599+00:00
2023-11-01,10,10,product,선박,126280000,잠정,2026-09-30T01:44:34.848599+00:00
2023-11-01,10,10,product,승용차,1997799000,잠정,2026-09-30T01:44:34.848599+00:00
2023-11-01,10,10,product,자동차부품,629858000,잠정,2026-09-30T01:44:34.848599+00:00
2023-11-01,10,10,product,전체,18129507000,잠정,2026-09-30T01:44:34.848599+00:00
2023-11-01,10,10,product,정밀기기,406379000,잠정,2026-09-30T01:44:34.848599+00:00
2023-11-01,10,10,product,철강제품,1198697000,잠정,2026-09-30T01:44:34.848599+00:00
2023-11-01,10,10,product,컴퓨터주변기기,233160000,잠정,2026-09-30T01:44:34.848599+00:00
2023-11-01,20,20,country,대만,1002477000,잠정,2026-09-30T01:48:18.035483+00:00
2023-11-01,20,20,country,말레이시아,596374000,잠정,2026-09-30T01:48:18.035483+00:00
2023-11-01,20,20,country,미국,6583607000,잠정,2026-09-30T01:48:18.035483+00:00
2023-11-01,20,20,country,베트남,3103800000,잠정,2026-09-30T01:48:18.035483+00:00
2023-11-01,20,20,country,싱가포르,977116000,잠정,2026-09-30T01:48:18.035483+00:00
2023-11-01,20,20,country,유럽연합,3174623000,잠정,2026-09-30T01:48:18.035483+00:00
2023-11-01,20,20,country,인도,929810000,잠정,2026-09-30T01:48:18.035483+00:00
2023-11-01,20,20,country,일본,1604157000,잠정,2026-09-30T01:48:18.035483+00:00
2023-11-01,20,20,country,전체,33647826000,잠정,2026-09-30T01:48:18.035483+00:00
2023-11-01,20,20,country,중국,7213046000,잠정,2026-09-30T01:48:18.035483+00:00
2023-11-01,20,20,country,홍콩,1232172000,잠정,2026-09-30T01:48:18.035483+00:00
2023-11-01,20,20,product,가전제품,428872000,잠정,2026-09-30T01:44:34.848599+00:00
2023-11-01,20,20,product,무선통신기기,1366981000,잠정,2026-09-30T01:44:34.848599+00:00
2023-11-01,20,20,product,반도체,5410257000,잠정,2026-09-30T01:44:34.848599+00:00
2023-11-01,20,20,product,석유제품,2959778000,잠정,2026-09-30T01:44:34.848599+00:00
2023-11-01,20,20,product,선박,635189000,잠정,2026-09-30T01:44:34.848599+00:00
2023-11-01,20,20,product,승용차,3761958000,잠정,2026-09-30T01:44:34.848599+00:00
2023-11-01,20,20,product,자동차부품,1140622000,잠정,2026-09-30T01:44:34.848599+00:00
2023-11-01,20,20,product,전체,33647826000,잠정,2026-09-30T01:44:34.848599+00:00
2023-11-01,20,20,product,정밀기기,684662000,잠정,2026-09-30T01:44:34.848599+00:00
2023-11-01,20,20,product,철강제품,2234803000,잠정,2026-09-30T01:44:34.848599+00:00
2023-11-01,20,20,product,컴퓨터주변기기,425130000,잠정,2026-09-30T01:44:34.848599+00:00
2023-11-01,month_end,30,country,대만,1691821000,잠정,2026-09-30T01:48:18.035483+00:00
2023-11-01,month_end,30,country,말레이시아,940532000,잠정,2026-09-30T01:48:18.035483+00:00
2023-11-01,month_end,30,country,미국,10943600000,잠정,2026-09-30T01:48:18.035483+00:00
2023-11-01,month_end,30,country,베트남,4913358000,잠정,2026-09-30T01:48:18.035483+00:00
2023-11-01,month_end,30,country,싱가포르,1684766000,잠정,2026-09-30T01:48:18.035483+00:00
2023-11-01,month_end,30,country,유럽연합,5395912000,잠정,2026-09-30T01:48:18.035483+00:00
2023-11-01,month_end,30,country,인도,1523664000,잠정,2026-09-30T01:48:18.035483+00:00
2023-11-01,month_end,30,country,일본,2542677000,잠정,2026-09-30T01:48:18.035483+00:00
2023-11-01,month_end,30,country,전체,55561090000,잠정,2026-09-30T01:48:18.035483+00:00
2023-11-01,month_end,30,country,중국,11342928000,잠정,2026-09-30T01:48:18.035483+00:00
2023-11-01,month_end,30,country,홍콩,2753504000,잠정,2026-09-30T01:48:18.035483+00:00
2023-11-01,month_end,30,product,가전제품,716326000,잠정,2026-09-30T01:44:34.848599+00:00
2023-11-01,month_end,30,product,무선통신기기,1970203000,잠정,2026-09-30T01:44:34.848599+00:00
2023-11-01,month_end,30,product,반도체,9688869000,잠정,2026-09-30T01:44:34.848599+00:00
2023-11-01,month_end,30,product,석유제품,4529005000,잠정,2026-09-30T01:44:34.848599+00:00
2023-11-01,month_end,30,product,선박,1380822000,잠정,2026-09-30T01:44:34.848599+00:00
2023-11-01,month_end,30,product,승용차,6341506000,잠정,2026-09-30T01:44:34.848599+00:00
2023-11-01,month_end,30,product,자동차부품,1841477000,잠정,2026-09-30T01:44:34.848599+00:00
2023-11-01,month_end,30,product,전체,55561090000,잠정,2026-09-30T01:44:34.848599+00:00
2023-11-01,month_end,30,product,정밀기기,1061265000,잠정,2026-09-30T01:44:34.848599+00:00
2023-11-01,month_end,30,product,철강제품,3845882000,잠정,2026-09-30T01:44:34.848599+00:00
2023-11-01,month_end,30,product,컴퓨터주변기기,713520000,잠정,2026-09-30T01:44:34.848599+00:00
2023-12-01,10,10,country,대만,549723000,잠정,2026-09-30T01:48:18.035483+00:00
2023-12-01,10,10,country,말레이시아,273893000,잠정,2026-09-30T01:48:18.035483+00:00
2023-12-01,10,10,country,미국,3099354000,잠정,2026-09-30T01:48:18.035483+00:00
2023-12-01,10,10,country,베트남,1472465000,잠정,2026-09-30T01:48:18.035483+00:00
2023-12-01,10,10,country,싱가포르,366905000,잠정,2026-09-30T01:48:18.035483+00:00
2023-12-01,10,10,country,유럽연합,1410325000,잠정,2026-09-30T01:48:18.035483+00:00
2023-12-01,10,10,country,인도,397789000,잠정,2026-09-30T01:48:18.035483+00:00
2023-12-01,10,10,country,일본,784351000,잠정,2026-09-30T01:48:18.035483+00:00
2023-12-01,10,10,country,전체,15633586000,잠정,2026-09-30T01:48:18.035483+00:00
2023-12-01,10,10,country,중국,3154759000,잠정,2026-09-30T01:48:18.035483+00:00
2023-12-01,10,10,country,홍콩,549194000,잠정,2026-09-30T01:48:18.035483+00:00
2023-12-01,10,10,product,가전제품,171480000,잠정,2026-09-30T01:44:34.848599+00:00
2023-12-01,10,10,product,무선통신기기,557667000,잠정,2026-09-30T01:44:34.848599+00:00
2023-12-01,10,10,product,반도체,2527469000,잠정,2026-09-30T01:44:34.848599+00:00
2023-12-01,10,10,product,석유제품,1350959000,잠정,2026-09-30T01:44:34.848599+00:00
2023-12-01,10,10,product,선박,1105233000,잠정,2026-09-30T01:44:34.848599+00:00
2023-12-01,10,10,product,승용차,1583328000,잠정,2026-09-30T01:44:34.848599+00:00
2023-12-01,10,10,product,자동차부품,463633000,잠정,2026-09-30T01:44:34.848599+00:00
2023-12-01,10,10,product,전체,15633586000,잠정,2026-09-30T01:44:34.848599+00:00
2023-12-01,10,10,product,정밀기기,308368000,잠정,2026-09-30T01:44:34.848599+00:00
2023-12-01,10,10,product,철강제품,986926000,잠정,2026-09-30T01:44:34.848599+00:00
2023-12-01,10,10,product,컴퓨터주변기기,195464000,잠정,2026-09-30T01:44:34.848599+00:00
2023-12-01,20,20,country,대만,1186506000,잠정,2026-09-30T01:48:18.035483+00:00
2023-12-01,20,20,country,말레이시아,625448000,잠정,2026-09-30T01:48:18.035483+00:00
2023-12-01,20,20,country,미국,7560915000,잠정,2026-09-30T01:48:18.035483+00:00
2023-12-01,20,20,country,베트남,3272617000,잠정,2026-09-30T01:48:18.035483+00:00
2023-12-01,20,20,country,싱가포르,720704000,잠정,2026-09-30T01:48:18.035483+00:00
2023-12-01,20,20,country,유럽연합,3366499000,잠정,2026-09-30T01:48:18.035483+00:00
2023-12-01,20,20,country,인도,1098013000,잠정,2026-09-30T01:48:18.035483+00:00
2023-12-01,20,20,country,일본,1858460000,잠정,2026-09-30T01:48:18.035483+00:00
2023-12-01,20,20,country,전체,37729966000,잠정,2026-09-30T01:48:18.035483+00:00
2023-12-01,20,20,country,중국,7168287000,잠정,2026-09-30T01:48:18.035483+00:00
2023-12-01,20,20,country,홍콩,1767060000,잠정,2026-09-30T01:48:18.035483+00:00
2023-12-01,20,20,product,가전제품,469200000,잠정,2026-09-30T01:44:34.848599+00:00
2023-12-01,20,20,product,무선통신기기,1009384000,잠정,2026-09-30T01:44:34.848599+00:00
2023-12-01,20,20,product,반도체,6656218000,잠정,2026-09-30T01:44:34.848599+00:00
2023-12-01,20,20,product,석유제품,3088796000,잠정,2026-09-30T01:44:34.848599+00:00
2023-12-01,20,20,product,선박,2466779000,잠정,2026-09-30T01:44:34.848599+00:00
2023-12-01,20,20,product,승용차,3739452000,잠정,2026-09-30T01:44:34.848599+00:00
2023-12-01,20,20,product,자동차부품,1142842000,잠정,2026-09-30T01:44:34.848599+00:00
2023-12-01,20,20,product,전체,37729966000,잠정,2026-09-30T01:44:34.848599+00:00
2023-12-01,20,20,product,정밀기기,706849000,잠정,2026-09-30T01:44:34.848599+00:00
2023-12-01,20,20,product,철강제품,2498976000,잠정,2026-09-30T01:44:34.848599+00:00
2023-12-01,20,20,product,컴퓨터주변기기,451133000,잠정,2026-09-30T01:44:34.848599+00:00
2023-12-01,month_end,31,country,대만,2167143000,잠정,2026-09-30T01:48:18.035483+00:00
2023-12-01,month_end,31,country,말레이시아,923568000,잠정,2026-09-30T01:48:18.035483+00:00
2023-12-01,month_end,31,country,미국,11280989000,잠정,2026-09-30T01:48:18.035483+00:00
2023-12-01,month_end,31,country,베트남,4629922000,잠정,2026-09-30T01:48:18.035483+00:00
2023-12-01,month_end,31,country,싱가포르,1954859000,잠정,2026-09-30T01:48:18.035483+00:00
2023-12-01,month_end,31,country,유럽연합,5034248000,잠정,2026-09-30T01:48:18.035483+00:00
2023-12-01,month_end,31,country,인도,1588847000,잠정,2026-09-30T01:48:18.035483+00:00
2023-12-01,month_end,31,country,일본,2486618000,잠정,2026-09-30T01:48:18.035483+00:00
2023-12-01,month_end,31,country,전체,57573193000,잠정,2026-09-30T01:48:18.035483+00:00
2023-12-01,month_end,31,country,중국,10864298000,잠정,2026-09-30T01:48:18.035483+00:00
2023-12-01,month_end,31,country,홍콩,3341216000,잠정,2026-09-30T01:48:18.035483+00:00
2023-12-01,month_end,31,product,가전제품,636298000,잠정,2026-09-30T01:44:34.848599+00:00
2023-12-01,month_end,31,product,무선통신기기,1325633000,잠정,2026-09-30T01:44:34.848599+00:00
2023-12-01,month_end,31,product,반도체,11192340000,잠정,2026-09-30T01:44:34.848599+00:00
2023-12-01,month_end,31,product,석유제품,4514938000,잠정,2026-09-30T01:44:34.848599+00:00
2023-12-01,month_end,31,product,선박,3523654000,잠정,2026-09-30T01:44:34.848599+00:00
2023-12-01,month_end,31,product,승용차,6196407000,잠정,2026-09-30T01:44:34.848599+00:00
2023-12-01,month_end,31,product,자동차부품,1712154000,잠정,2026-09-30T01:44:34.848599+00:00
2023-12-01,month_end,31,product,전체,57573193000,잠정,2026-09-30T01:44:34.848599+00:00
2023-12-01,month_end,31,product,정밀기기,1001780000,잠정,2026-09-30T01:44:34.848599+00:00
2023-12-01,month_end,31,product,철강제품,3861379000,잠정,2026-09-30T01:44:34.848599+00:00
2023-12-01,month_end,31,product,컴퓨터주변기기,791998000,잠정,2026-09-30T01:44:34.848599+00:00
2024-01-01,10,10,country,대만,501553000,잠정,2026-09-30T01:48:18.213475+00:00
2024-01-01,10,10,country,말레이시아,189342000,잠정,2026-09-30T01:48:18.213475+00:00
2024-01-01,10,10,country,미국,2633459000,잠정,2026-09-30T01:48:18.213475+00:00
2024-01-01,10,10,country,베트남,1326182000,잠정,2026-09-30T01:48:18.213475+00:00
2024-01-01,10,10,country,싱가포르,584680000,잠정,2026-09-30T01:48:18.213475+00:00
2024-01-01,10,10,country,유럽연합,1661664000,잠정,2026-09-30T01:48:18.213475+00:00
2024-01-01,10,10,country,인도,443709000,잠정,2026-09-30T01:48:18.213475+00:00
2024-01-01,10,10,country,일본,819636000,잠정,2026-09-30T01:48:18.213475+00:00
2024-01-01,10,10,country,전체,15422243000,잠정,2026-09-30T01:48:18.213475+00:00
2024-01-01,10,10,country,중국,3244538000,잠정,2026-09-30T01:48:18.213475+00:00
2024-01-01,10,10,country,홍콩,449655000,잠정,2026-09-30T01:48:18.213475+00:00
2024-01-01,10,10,product,가전제품,161935000,잠정,2026-09-30T01:44:35.037576+00:00
2024-01-01,10,10,product,무선통신기기,437098000,잠정,2026-09-30T01:44:35.037576+00:00
2024-01-01,10,10,product,반도체,2571669000,잠정,2026-09-30T01:44:35.037576+00:00
2024-01-01,10,10,product,석유제품,1604041000,잠정,2026-09-30T01:44:35.037576+00:00
2024-01-01,10,10,product,선박,993895000,잠정,2026-09-30T01:44:35.037576+00:00
2024-01-01,10,10,product,승용차,1297173000,잠정,2026-09-30T01:44:35.037576+00:00
2024-01-01,10,10,product,자동차부품,508896000,잠정,2026-09-30T01:44:35.037576+00:00
2024-01-01,10,10,product,전체,15422243000,잠정,2026-09-30T01:44:35.037576+00:00
2024-01-01,10,10,product,정밀기기,292047000,잠정,2026-09-30T01:44:35.037576+00:00
2024-01-01,10,10,product,철강제품,1063288000,잠정,2026-09-30T01:44:35.037576+00:00
2024-01-01,10,10,product,컴퓨터주변기기,217458000,잠정,2026-09-30T01:44:35.037576+00:00
2024-01-01,20,20,country,대만,1031407000,잠정,2026-09-30T01:48:18.213475+00:00
2024-01-01,20,20,country,말레이시아,504864000,잠정,2026-09-30T01:48:18.213475+00:00
2024-01-01,20,20,country,미국,6186136000,잠정,2026-09-30T01:48:18.213475+00:00
2024-01-01,20,20,country,베트남,2692755000,잠정,2026-09-30T01:48:18.213475+00:00
2024-01-01,20,20,country,싱가포르,952340000,잠정,2026-09-30T01:48:18.213475+00:00
2024-01-01,20,20,country,유럽연합,3538389000,잠정,2026-09-30T01:48:18.213475+00:00
2024-01-01,20,20,country,인도,995476000,잠정,2026-09-30T01:48:18.213475+00:00
2024-01-01,20,20,country,일본,1605360000,잠정,2026-09-30T01:48:18.213475+00:00
2024-01-01,20,20,country,전체,33319854000,잠정,2026-09-30T01:48:18.213475+00:00
2024-01-01,20,20,country,중국,6819362000,잠정,2026-09-30T01:48:18.213475+00:00
2024-01-01,20,20,country,홍콩,1006262000,잠정,2026-09-30T01:48:18.213475+00:00
2024-01-01,20,20,product,가전제품,427317000,잠정,2026-09-30T01:44:35.037576+00:00
2024-01-01,20,20,product,무선통신기기,871535000,잠정,2026-09-30T01:44:35.037576+00:00
2024-01-01,20,20,product,반도체,5297202000,잠정,2026-09-30T01:44:35.037576+00:00
2024-01-01,20,20,product,석유제품,2904876000,잠정,2026-09-30T01:44:35.037576+00:00
2024-01-01,20,20,product,선박,1919785000,잠정,2026-09-30T01:44:35.037576+00:00
2024-01-01,20,20,product,승용차,3472991000,잠정,2026-09-30T01:44:35.037576+00:00
2024-01-01,20,20,product,자동차부품,1099700000,잠정,2026-09-30T01:44:35.037576+00:00
2024-01-01,20,20,product,전체,33319854000,잠정,2026-09-30T01:44:35.037576+00:00
2024-01-01,20,20,product,정밀기기,598458000,잠정,2026-09-30T01:44:35.037576+00:00
2024-01-01,20,20,product,철강제품,2467132000,잠정,2026-09-30T01:44:35.037576+00:00
2024-01-01,20,20,product,컴퓨터주변기기,509244000,잠정,2026-09-30T01:44:35.037576+00:00
2024-01-01,month_end,31,country,대만,1773976000,잠정,2026-09-30T01:48:18.213475+00:00
2024-01-01,month_end,31,country,말레이시아,774737000,잠정,2026-09-30T01:48:18.213475+00:00
2024-01-01,month_end,31,country,미국,10252308000,잠정,2026-09-30T01:48:18.213475+00:00
2024-01-01,month_end,31,country,베트남,4189458000,잠정,2026-09-30T01:48:18.213475+00:00
2024-01-01,month_end,31,country,싱가포르,1757142000,잠정,2026-09-30T01:48:18.213475+00:00
2024-01-01,month_end,31,country,유럽연합,5699835000,잠정,2026-09-30T01:48:18.213475+00:00
2024-01-01,month_end,31,country,인도,1538078000,잠정,2026-09-30T01:48:18.213475+00:00
2024-01-01,month_end,31,country,일본,2542909000,잠정,2026-09-30T01:48:18.213475+00:00
2024-01-01,month_end,31,country,전체,54709823000,잠정,2026-09-30T01:48:18.213475+00:00
2024-01-01,month_end,31,country,중국,10695827000,잠정,2026-09-30T01:48:18.213475+00:00
2024-01-01,month_end,31,country,홍콩,2678154000,잠정,2026-09-30T01:48:18.213475+00:00
2024-01-01,month_end,31,product,가전제품,734908000,잠정,2026-09-30T01:44:35.037576+00:00
2024-01-01,month_end,31,product,무선통신기기,1262803000,잠정,2026-09-30T01:44:35.037576+00:00
2024-01-01,month_end,31,product,반도체,9529970000,잠정,2026-09-30T01:44:35.037576+00:00
2024-01-01,month_end,31,product,석유제품,4835458000,잠정,2026-09-30T01:44:35.037576+00:00
2024-01-01,month_end,31,product,선박,2457555000,잠정,2026-09-30T01:44:35.037576+00:00
2024-01-01,month_end,31,product,승용차,5985821000,잠정,2026-09-30T01:44:35.037576+00:00
2024-01-01,month_end,31,product,자동차부품,1830200000,잠정,2026-09-30T01:44:35.037576+00:00
2024-01-01,month_end,31,product,전체,54709823000,잠정,2026-09-30T01:44:35.037576+00:00
2024-01-01,month_end,31,product,정밀기기,961706000,잠정,2026-09-30T01:44:35.037576+00:00
2024-01-01,month_end,31,product,철강제품,4038358000,잠정,2026-09-30T01:44:35.037576+00:00
2024-01-01,month_end,31,product,컴퓨터주변기기,804623000,잠정,2026-09-30T01:44:35.037576+00:00
2024-02-01,10,10,country,대만,436794000,잠정,2026-09-30T01:48:18.213475+00:00
2024-02-01,10,10,country,말레이시아,403552000,잠정,2026-09-30T01:48:18.213475+00:00
2024-02-01,10,10,country,미국,2850079000,잠정,2026-09-30T01:48:18.213475+00:00
2024-02-01,10,10,country,베트남,1275600000,잠정,2026-09-30T01:48:18.213475+00:00
2024-02-01,10,10,country,싱가포르,322205000,잠정,2026-09-30T01:48:18.213475+00:00
2024-02-01,10,10,country,유럽연합,1437109000,잠정,2026-09-30T01:48:18.213475+00:00
2024-02-01,10,10,country,인도,456239000,잠정,2026-09-30T01:48:18.213475+00:00
2024-02-01,10,10,country,일본,751257000,잠정,2026-09-30T01:48:18.213475+00:00
2024-02-01,10,10,country,전체,14757600000,잠정,2026-09-30T01:48:18.213475+00:00
2024-02-01,10,10,country,중국,2824889000,잠정,2026-09-30T01:48:18.213475+00:00
2024-02-01,10,10,country,홍콩,629048000,잠정,2026-09-30T01:48:18.213475+00:00
2024-02-01,10,10,product,가전제품,224325000,잠정,2026-09-30T01:44:35.037576+00:00
2024-02-01,10,10,product,무선통신기기,374575000,잠정,2026-09-30T01:44:35.037576+00:00
2024-02-01,10,10,product,반도체,2782701000,잠정,2026-09-30T01:44:35.037576+00:00
2024-02-01,10,10,product,석유제품,1398748000,잠정,2026-09-30T01:44:35.037576+00:00
2024-02-01,10,10,product,선박,58628000,잠정,2026-09-30T01:44:35.037576+00:00
2024-02-01,10,10,product,승용차,1108032000,잠정,2026-09-30T01:44:35.037576+00:00
2024-02-01,10,10,product,자동차부품,628455000,잠정,2026-09-30T01:44:35.037576+00:00
2024-02-01,10,10,product,전체,14757600000,잠정,2026-09-30T01:44:35.037576+00:00
2024-02-01,10,10,product,정밀기기,260804000,잠정,2026-09-30T01:44:35.037576+00:00
2024-02-01,10,10,product,철강제품,1041104000,잠정,2026-09-30T01:44:35.037576+00:00
2024-02-01,10,10,product,컴퓨터주변기기,203335000,잠정,2026-09-30T01:44:35.037576+00:00
2024-02-01,20,20,country,대만,883697000,잠정,2026-09-30T01:48:18.213475+00:00
2024-02-01,20,20,country,말레이시아,676161000,잠정,2026-09-30T01:48:18.213475+00:00
2024-02-01,20,20,country,미국,5691285000,잠정,2026-09-30T01:48:18.213475+00:00
2024-02-01,20,20,country,베트남,2543449000,잠정,2026-09-30T01:48:18.213475+00:00
2024-02-01,20,20,country,싱가포르,701695000,잠정,2026-09-30T01:48:18.213475+00:00
2024-02-01,20,20,country,유럽연합,3252740000,잠정,2026-09-30T01:48:18.213475+00:00
2024-02-01,20,20,country,인도,862702000,잠정,2026-09-30T01:48:18.213475+00:00
2024-02-01,20,20,country,일본,1529541000,잠정,2026-09-30T01:48:18.213475+00:00
2024-02-01,20,20,country,전체,30436349000,잠정,2026-09-30T01:48:18.213475+00:00
2024-02-01,20,20,country,중국,5831596000,잠정,2026-09-30T01:48:18.213475+00:00
2024-02-01,20,20,country,홍콩,1225422000,잠정,2026-09-30T01:48:18.213475+00:00
2024-02-01,20,20,product,가전제품,456453000,잠정,2026-09-30T01:44:35.037576+00:00
2024-02-01,20,20,product,무선통신기기,772717000,잠정,2026-09-30T01:44:35.037576+00:00
2024-02-01,20,20,product,반도체,5286142000,잠정,2026-09-30T01:44:35.037576+00:00
2024-02-01,20,20,product,석유제품,2902843000,잠정,2026-09-30T01:44:35.037576+00:00
2024-02-01,20,20,product,선박,848631000,잠정,2026-09-30T01:44:35.037576+00:00
2024-02-01,20,20,product,승용차,2570010000,잠정,2026-09-30T01:44:35.037576+00:00
2024-02-01,20,20,product,자동차부품,1122644000,잠정,2026-09-30T01:44:35.037576+00:00
2024-02-01,20,20,product,전체,30436349000,잠정,2026-09-30T01:44:35.037576+00:00
2024-02-01,20,20,product,정밀기기,513025000,잠정,2026-09-30T01:44:35.037576+00:00
2024-02-01,20,20,product,철강제품,2233463000,잠정,2026-09-30T01:44:35.037576+00:00
2024-02-01,20,20,product,컴퓨터주변기기,404455000,잠정,2026-09-30T01:44:35.037576+00:00
2024-02-01,month_end,29,country,대만,1531945000,잠정,2026-09-30T01:48:18.213475+00:00
2024-02-01,month_end,29,country,말레이시아,938591000,잠정,2026-09-30T01:48:18.213475+00:00
2024-02-01,month_end,29,country,미국,9809053000,잠정,2026-09-30T01:48:18.213475+00:00
2024-02-01,month_end,29,country,베트남,4207880000,잠정,2026-09-30T01:48:18.213475+00:00
2024-02-01,month_end,29,country,싱가포르,1116630000,잠정,2026-09-30T01:48:18.213475+00:00
2024-02-01,month_end,29,country,유럽연합,5663444000,잠정,2026-09-30T01:48:18.213475+00:00
2024-02-01,month_end,29,country,인도,1474545000,잠정,2026-09-30T01:48:18.213475+00:00
2024-02-01,month_end,29,country,일본,2374211000,잠정,2026-09-30T01:48:18.213475+00:00
2024-02-01,month_end,29,country,전체,52076390000,잠정,2026-09-30T01:48:18.213475+00:00
2024-02-01,month_end,29,country,중국,9644037000,잠정,2026-09-30T01:48:18.213475+00:00
2024-02-01,month_end,29,country,홍콩,2983274000,잠정,2026-09-30T01:48:18.213475+00:00
2024-02-01,month_end,29,product,가전제품,716519000,잠정,2026-09-30T01:44:35.037576+00:00
2024-02-01,month_end,29,product,무선통신기기,1252575000,잠정,2026-09-30T01:44:35.037576+00:00
2024-02-01,month_end,29,product,반도체,10051003000,잠정,2026-09-30T01:44:35.037576+00:00
2024-02-01,month_end,29,product,석유제품,4472387000,잠정,2026-09-30T01:44:35.037576+00:00
2024-02-01,month_end,29,product,선박,1645263000,잠정,2026-09-30T01:44:35.037576+00:00
2024-02-01,month_end,29,product,승용차,4926226000,잠정,2026-09-30T01:44:35.037576+00:00
2024-02-01,month_end,29,product,자동차부품,1880966000,잠정,2026-09-30T01:44:35.037576+00:00
2024-02-01,month_end,29,product,전체,52076390000,잠정,2026-09-30T01:44:35.037576+00:00
2024-02-01,month_end,29,product,정밀기기,865522000,잠정,2026-09-30T01:44:35.037576+00:00
2024-02-01,month_end,29,product,철강제품,3855480000,잠정,2026-09-30T01:44:35.037576+00:00
2024-02-01,month_end,29,product,컴퓨터주변기기,749509000,잠정,2026-09-30T01:44:35.037576+00:00
2024-03-01,10,10,country,대만,439054000,잠정,2026-09-30T01:48:18.213475+00:00
2024-03-01,10,10,country,말레이시아,169292000,잠정,2026-09-30T01:48:18.213475+00:00
2024-03-01,10,10,country,미국,2351337000,잠정,2026-09-30T01:48:18.213475+00:00
2024-03-01,10,10,country,베트남,1261161000,잠정,2026-09-30T01:48:18.213475+00:00
2024-03-01,10,10,country,싱가포르,526945000,잠정,2026-09-30T01:48:18.213475+00:00
2024-03-01,10,10,country,유럽연합,1461179000,잠정,2026-09-30T01:48:18.213475+00:00
2024-03-01,10,10,country,인도,355782000,잠정,2026-09-30T01:48:18.213475+00:00
2024-03-01,10,10,country,일본,521288000,잠정,2026-09-30T01:48:18.213475+00:00
2024-03-01,10,10,country,전체,13481826000,잠정,2026-09-30T01:48:18.213475+00:00
2024-03-01,10,10,country,중국,2891951000,잠정,2026-09-30T01:48:18.213475+00:00
2024-03-01,10,10,country,홍콩,582526000,잠정,2026-09-30T01:48:18.213475+00:00
2024-03-01,10,10,product,가전제품,179889000,잠정,2026-09-30T01:44:35.037576+00:00
2024-03-01,10,10,product,무선통신기기,387940000,잠정,2026-09-30T01:44:35.037576+00:00
2024-03-01,10,10,product,반도체,2750362000,잠정,2026-09-30T01:44:35.037576+00:00
2024-03-01,10,10,product,석유제품,1010248000,잠정,2026-09-30T01:44:35.037576+00:00
2024-03-01,10,10,product,선박,787437000,잠정,2026-09-30T01:44:35.037576+00:00
2024-03-01,10,10,product,승용차,1135906000,잠정,2026-09-30T01:44:35.037576+00:00
2024-03-01,10,10,product,자동차부품,472652000,잠정,2026-09-30T01:44:35.037576+00:00
2024-03-01,10,10,product,전체,13481826000,잠정,2026-09-30T01:44:35.037576+00:00
2024-03-01,10,10,product,정밀기기,233812000,잠정,2026-09-30T01:44:35.037576+00:00
2024-03-01,10,10,product,철강제품,915141000,잠정,2026-09-30T01:44:35.037576+00:00
2024-03-01,10,10,product,컴퓨터주변기기,204456000,잠정,2026-09-30T01:44:35.037576+00:00
2024-03-01,20,20,country,대만,1061857000,잠정,2026-09-30T01:48:18.213475+00:00
2024-03-01,20,20,country,말레이시아,468020000,잠정,2026-09-30T01:48:18.213475+00:00
2024-03-01,20,20,country,미국,6524736000,잠정,2026-09-30T01:48:18.213475+00:00
2024-03-01,20,20,country,베트남,3113950000,잠정,2026-09-30T01:48:18.213475+00:00
2024-03-01,20,20,country,싱가포르,1139825000,잠정,2026-09-30T01:48:18.213475+00:00
2024-03-01,20,20,country,유럽연합,3657889000,잠정,2026-09-30T01:48:18.213475+00:00
2024-03-01,20,20,country,인도,1012803000,잠정,2026-09-30T01:48:18.213475+00:00
2024-03-01,20,20,country,일본,1334747000,잠정,2026-09-30T01:48:18.213475+00:00
2024-03-01,20,20,country,전체,34008930000,잠정,2026-09-30T01:48:18.213475+00:00
2024-03-01,20,20,country,중국,6644518000,잠정,2026-09-30T01:48:18.213475+00:00
2024-03-01,20,20,country,홍콩,1457161000,잠정,2026-09-30T01:48:18.213475+00:00
2024-03-01,20,20,product,가전제품,461653000,잠정,2026-09-30T01:44:35.037576+00:00
2024-03-01,20,20,product,무선통신기기,845137000,잠정,2026-09-30T01:44:35.037576+00:00
2024-03-01,20,20,product,반도체,6335694000,잠정,2026-09-30T01:44:35.037576+00:00
2024-03-01,20,20,product,석유제품,2842956000,잠정,2026-09-30T01:44:35.037576+00:00
2024-03-01,20,20,product,선박,1237534000,잠정,2026-09-30T01:44:35.037576+00:00
2024-03-01,20,20,product,승용차,3181426000,잠정,2026-09-30T01:44:35.037576+00:00
2024-03-01,20,20,product,자동차부품,1257285000,잠정,2026-09-30T01:44:35.037576+00:00
2024-03-01,20,20,product,전체,34008930000,잠정,2026-09-30T01:44:35.037576+00:00
2024-03-01,20,20,product,정밀기기,586117000,잠정,2026-09-30T01:44:35.037576+00:00
2024-03-01,20,20,product,철강제품,2556703000,잠정,2026-09-30T01:44:35.037576+00:00
2024-03-01,20,20,product,컴퓨터주변기기,535580000,잠정,2026-09-30T01:44:35.037576+00:00
2024-03-01,month_end,31,country,대만,1988528000,잠정,2026-09-30T01:48:18.213475+00:00
2024-03-01,month_end,31,country,말레이시아,805262000,잠정,2026-09-30T01:48:18.213475+00:00
2024-03-01,month_end,31,country,미국,10880793000,잠정,2026-09-30T01:48:18.213475+00:00
2024-03-01,month_end,31,country,베트남,4830494000,잠정,2026-09-30T01:48:18.213475+00:00
2024-03-01,month_end,31,country,싱가포르,1950908000,잠정,2026-09-30T01:48:18.213475+00:00
2024-03-01,month_end,31,country,유럽연합,5705361000,잠정,2026-09-30T01:48:18.213475+00:00
2024-03-01,month_end,31,country,인도,1512489000,잠정,2026-09-30T01:48:18.213475+00:00
2024-03-01,month_end,31,country,일본,2127249000,잠정,2026-09-30T01:48:18.213475+00:00
2024-03-01,month_end,31,country,전체,56518309000,잠정,2026-09-30T01:48:18.213475+00:00
2024-03-01,month_end,31,country,중국,10520355000,잠정,2026-09-30T01:48:18.213475+00:00
2024-03-01,month_end,31,country,홍콩,3698705000,잠정,2026-09-30T01:48:18.213475+00:00
2024-03-01,month_end,31,product,가전제품,737465000,잠정,2026-09-30T01:44:35.037576+00:00
2024-03-01,month_end,31,product,무선통신기기,1302894000,잠정,2026-09-30T01:44:35.037576+00:00
2024-03-01,month_end,31,product,반도체,11828220000,잠정,2026-09-30T01:44:35.037576+00:00
2024-03-01,month_end,31,product,석유제품,4684902000,잠정,2026-09-30T01:44:35.037576+00:00
2024-03-01,month_end,31,product,선박,2010119000,잠정,2026-09-30T01:44:35.037576+00:00
2024-03-01,month_end,31,product,승용차,5895260000,잠정,2026-09-30T01:44:35.037576+00:00
2024-03-01,month_end,31,product,자동차부품,1843098000,잠정,2026-09-30T01:44:35.037576+00:00
2024-03-01,month_end,31,product,전체,56518309000,잠정,2026-09-30T01:44:35.037576+00:00
2024-03-01,month_end,31,product,정밀기기,913231000,잠정,2026-09-30T01:44:35.037576+00:00
2024-03-01,month_end,31,product,철강제품,4088495000,잠정,2026-09-30T01:44:35.037576+00:00
2024-03-01,month_end,31,product,컴퓨터주변기기,1023607000,잠정,2026-09-30T01:44:35.037576+00:00
2024-04-01,10,10,country,대만,592113000,잠정,2026-09-30T01:48:18.213475+00:00
2024-04-01,10,10,country,말레이시아,225468000,잠정,2026-09-30T01:48:18.213475+00:00
2024-04-01,10,10,country,미국,3495634000,잠정,2026-09-30T01:48:18.213475+00:00
2024-04-01,10,10,country,베트남,1490496000,잠정,2026-09-30T01:48:18.213475+00:00
2024-04-01,10,10,country,싱가포르,347456000,잠정,2026-09-30T01:48:18.213475+00:00
2024-04-01,10,10,country,유럽연합,1690677000,잠정,2026-09-30T01:48:18.213475+00:00
2024-04-01,10,10,country,인도,486980000,잠정,2026-09-30T01:48:18.213475+00:00
2024-04-01,10,10,country,일본,862904000,잠정,2026-09-30T01:48:18.213475+00:00
2024-04-01,10,10,country,전체,16351815000,잠정,2026-09-30T01:48:18.213475+00:00
2024-04-01,10,10,country,중국,3231732000,잠정,2026-09-30T01:48:18.213475+00:00
2024-04-01,10,10,country,홍콩,485607000,잠정,2026-09-30T01:48:18.213475+00:00
2024-04-01,10,10,product,가전제품,276639000,잠정,2026-09-30T01:44:35.037576+00:00
2024-04-01,10,10,product,무선통신기기,448641000,잠정,2026-09-30T01:44:35.037576+00:00
2024-04-01,10,10,product,반도체,2572297000,잠정,2026-09-30T01:44:35.037576+00:00
2024-04-01,10,10,product,석유제품,1359830000,잠정,2026-09-30T01:44:35.037576+00:00
2024-04-01,10,10,product,선박,81586000,잠정,2026-09-30T01:44:35.037576+00:00
2024-04-01,10,10,product,승용차,1640356000,잠정,2026-09-30T01:44:35.037576+00:00
2024-04-01,10,10,product,자동차부품,640044000,잠정,2026-09-30T01:44:35.037576+00:00
2024-04-01,10,10,product,전체,16351815000,잠정,2026-09-30T01:44:35.037576+00:00
2024-04-01,10,10,product,정밀기기,307619000,잠정,2026-09-30T01:44:35.037576+00:00
2024-04-01,10,10,product,철강제품,1247392000,잠정,2026-09-30T01:44:35.037576+00:00
2024-04-01,10,10,product,컴퓨터주변기기,259251000,잠정,2026-09-30T01:44:35.037576+00:00
2024-04-01,20,20,country,대만,1234289000,잠정,2026-09-30T01:48:18.213475+00:00
2024-04-01,20,20,country,말레이시아,570566000,잠정,2026-09-30T01:48:18.213475+00:00
2024-04-01,20,20,country,미국,7212556000,잠정,2026-09-30T01:48:18.213475+00:00
2024-04-01,20,20,country,베트남,3061735000,잠정,2026-09-30T01:48:18.213475+00:00
2024-04-01,20,20,country,싱가포르,869570000,잠정,2026-09-30T01:48:18.213475+00:00
2024-04-01,20,20,country,유럽연합,3524581000,잠정,2026-09-30T01:48:18.213475+00:00
2024-04-01,20,20,country,인도,1014134000,잠정,2026-09-30T01:48:18.213475+00:00
2024-04-01,20,20,country,일본,1756600000,잠정,2026-09-30T01:48:18.213475+00:00
2024-04-01,20,20,country,전체,35745087000,잠정,2026-09-30T01:48:18.213475+00:00
2024-04-01,20,20,country,중국,6857959000,잠정,2026-09-30T01:48:18.213475+00:00
2024-04-01,20,20,country,홍콩,1451021000,잠정,2026-09-30T01:48:18.213475+00:00
2024-04-01,20,20,product,가전제품,534008000,잠정,2026-09-30T01:44:35.037576+00:00
2024-04-01,20,20,product,무선통신기기,919798000,잠정,2026-09-30T01:44:35.037576+00:00
2024-04-01,20,20,product,반도체,5845510000,잠정,2026-09-30T01:44:35.037576+00:00
2024-04-01,20,20,product,석유제품,2825625000,잠정,2026-09-30T01:44:35.037576+00:00
2024-04-01,20,20,product,선박,1114562000,잠정,2026-09-30T01:44:35.037576+00:00
2024-04-01,20,20,product,승용차,3925128000,잠정,2026-09-30T01:44:35.037576+00:00
2024-04-01,20,20,product,자동차부품,1226422000,잠정,2026-09-30T01:44:35.037576+00:00
2024-04-01,20,20,product,전체,35745087000,잠정,2026-09-30T01:44:35.037576+00:00
2024-04-01,20,20,product,정밀기기,609527000,잠정,2026-09-30T01:44:35.037576+00:00
2024-04-01,20,20,product,철강제품,2644750000,잠정,2026-09-30T01:44:35.037576+00:00
2024-04-01,20,20,product,컴퓨터주변기기,574259000,잠정,2026-09-30T01:44:35.037576+00:00
2024-04-01,month_end,30,country,대만,2086951000,잠정,2026-09-30T01:48:18.213475+00:00
2024-04-01,month_end,30,country,말레이시아,862003000,잠정,2026-09-30T01:48:18.213475+00:00
2024-04-01,month_end,30,country,미국,11400587000,잠정,2026-09-30T01:48:18.213475+00:00
2024-04-01,month_end,30,country,베트남,4552004000,잠정,2026-09-30T01:48:18.213475+00:00
2024-04-01,month_end,30,country,싱가포르,1355784000,잠정,2026-09-30T01:48:18.213475+00:00
2024-04-01,month_end,30,country,유럽연합,5649026000,잠정,2026-09-30T01:48:18.213475+00:00
2024-04-01,month_end,30,country,인도,1568004000,잠정,2026-09-30T01:48:18.213475+00:00
2024-04-01,month_end,30,country,일본,2438708000,잠정,2026-09-30T01:48:18.213475+00:00
2024-04-01,month_end,30,country,전체,56148299000,잠정,2026-09-30T01:48:18.213475+00:00
2024-04-01,month_end,30,country,중국,10475410000,잠정,2026-09-30T01:48:18.213475+00:00
2024-04-01,month_end,30,country,홍콩,2933525000,잠정,2026-09-30T01:48:18.213475+00:00
2024-04-01,month_end,30,product,가전제품,807984000,잠정,2026-09-30T01:44:35.037576+00:00
2024-04-01,month_end,30,product,무선통신기기,1319708000,잠정,2026-09-30T01:44:35.037576+00:00
2024-04-01,month_end,30,product,반도체,10098828000,잠정,2026-09-30T01:44:35.037576+00:00
2024-04-01,month_end,30,product,석유제품,4367812000,잠정,2026-09-30T01:44:35.037576+00:00
2024-04-01,month_end,30,product,선박,1595345000,잠정,2026-09-30T01:44:35.037576+00:00
2024-04-01,month_end,30,product,승용차,6571649000,잠정,2026-09-30T01:44:35.037576+00:00
2024-04-01,month_end,30,product,자동차부품,1865845000,잠정,2026-09-30T01:44:35.037576+00:00
2024-04-01,month_end,30,product,전체,56148299000,잠정,2026-09-30T01:44:35.037576+00:00
2024-04-01,month_end,30,product,정밀기기,942337000,잠정,2026-09-30T01:44:35.037576+00:00
2024-04-01,month_end,30,product,철강제품,4043924000,잠정,2026-09-30T01:44:35.037576+00:00
2024-04-01,month_end,30,product,컴퓨터주변기기,896911000,잠정,2026-09-30T01:44:35.037576+00:00
2024-05-01,10,10,country,대만,610797000,잠정,2026-09-30T01:48:18.213475+00:00
2024-05-01,10,10,country,말레이시아,215769000,잠정,2026-09-30T01:48:18.213475+00:00
2024-05-01,10,10,country,미국,2862982000,잠정,2026-09-30T01:48:18.213475+00:00
2024-05-01,10,10,country,베트남,1706106000,잠정,2026-09-30T01:48:18.213475+00:00
2024-05-01,10,10,country,싱가포르,470595000,잠정,2026-09-30T01:48:18.213475+00:00
2024-05-01,10,10,country,유럽연합,1846134000,잠정,2026-09-30T01:48:18.213475+00:00
2024-05-01,10,10,country,인도,530475000,잠정,2026-09-30T01:48:18.213475+00:00
2024-05-01,10,10,country,일본,847630000,잠정,2026-09-30T01:48:18.213475+00:00
2024-05-01,10,10,country,전체,16844225000,잠정,2026-09-30T01:48:18.213475+00:00
2024-05-01,10,10,country,중국,3505364000,잠정,2026-09-30T01:48:18.213475+00:00
2024-05-01,10,10,country,홍콩,617013000,잠정,2026-09-30T01:48:18.213475+00:00
2024-05-01,10,10,product,가전제품,226564000,잠정,2026-09-30T01:44:35.037576+00:00
2024-05-01,10,10,product,무선통신기기,514744000,잠정,2026-09-30T01:44:35.037576+00:00
2024-05-01,10,10,product,반도체,3000345000,잠정,2026-09-30T01:44:35.037576+00:00
2024-05-01,10,10,product,석유제품,1571089000,잠정,2026-09-30T01:44:35.037576+00:00
2024-05-01,10,10,product,선박,686723000,잠정,2026-09-30T01:44:35.037576+00:00
2024-05-01,10,10,product,승용차,1461719000,잠정,2026-09-30T01:44:35.037576+00:00
2024-05-01,10,10,product,자동차부품,531534000,잠정,2026-09-30T01:44:35.037576+00:00
2024-05-01,10,10,product,전체,16844225000,잠정,2026-09-30T01:44:35.037576+00:00
2024-05-01,10,10,product,정밀기기,325464000,잠정,2026-09-30T01:44:35.037576+00:00
2024-05-01,10,10,product,철강제품,1297926000,잠정,2026-09-30T01:44:35.037576+00:00
2024-05-01,10,10,product,컴퓨터주변기기,362018000,잠정,2026-09-30T01:44:35.037576+00:00
2024-05-01,20,20,country,대만,1293026000,잠정,2026-09-30T01:48:18.213475+00:00
2024-05-01,20,20,country,말레이시아,426483000,잠정,2026-09-30T01:48:18.213475+00:00
2024-05-01,20,20,country,미국,6154533000,잠정,2026-09-30T01:48:18.213475+00:00
2024-05-01,20,20,country,베트남,3068963000,잠정,2026-09-30T01:48:18.213475+00:00
2024-05-01,20,20,country,싱가포르,1061475000,잠정,2026-09-30T01:48:18.213475+00:00
2024-05-01,20,20,country,유럽연합,3366970000,잠정,2026-09-30T01:48:18.213475+00:00
2024-05-01,20,20,country,인도,993578000,잠정,2026-09-30T01:48:18.213475+00:00
2024-05-01,20,20,country,일본,1488581000,잠정,2026-09-30T01:48:18.213475+00:00
2024-05-01,20,20,country,전체,32744481000,잠정,2026-09-30T01:48:18.213475+00:00
2024-05-01,20,20,country,중국,6832030000,잠정,2026-09-30T01:48:18.213475+00:00
2024-05-01,20,20,country,홍콩,1118574000,잠정,2026-09-30T01:48:18.213475+00:00
2024-05-01,20,20,product,가전제품,441752000,잠정,2026-09-30T01:44:35.037576+00:00
2024-05-01,20,20,product,무선통신기기,937923000,잠정,2026-09-30T01:44:35.037576+00:00
2024-05-01,20,20,product,반도체,6194388000,잠정,2026-09-30T01:44:35.037576+00:00
2024-05-01,20,20,product,석유제품,2924832000,잠정,2026-09-30T01:44:35.037576+00:00
2024-05-01,20,20,product,선박,1281921000,잠정,2026-09-30T01:44:35.037576+00:00
2024-05-01,20,20,product,승용차,3288392000,잠정,2026-09-30T01:44:35.037576+00:00
2024-05-01,20,20,product,자동차부품,1008812000,잠정,2026-09-30T01:44:35.037576+00:00
2024-05-01,20,20,product,전체,32744481000,잠정,2026-09-30T01:44:35.037576+00:00
2024-05-01,20,20,product,정밀기기,535755000,잠정,2026-09-30T01:44:35.037576+00:00
2024-05-01,20,20,product,철강제품,2404996000,잠정,2026-09-30T01:44:35.037576+00:00
2024-05-01,20,20,product,컴퓨터주변기기,642059000,잠정,2026-09-30T01:44:35.037576+00:00
2024-05-01,month_end,31,country,대만,2516984000,잠정,2026-09-30T01:48:18.213475+00:00
2024-05-01,month_end,31,country,말레이시아,834675000,잠정,2026-09-30T01:48:18.213475+00:00
2024-05-01,month_end,31,country,미국,10930529000,잠정,2026-09-30T01:48:18.213475+00:00
2024-05-01,month_end,31,country,베트남,5115764000,잠정,2026-09-30T01:48:18.213475+00:00
2024-05-01,month_end,31,country,싱가포르,1776947000,잠정,2026-09-30T01:48:18.213475+00:00
2024-05-01,month_end,31,country,유럽연합,5815811000,잠정,2026-09-30T01:48:18.213475+00:00
2024-05-01,month_end,31,country,인도,1678333000,잠정,2026-09-30T01:48:18.213475+00:00
2024-05-01,month_end,31,country,일본,2606050000,잠정,2026-09-30T01:48:18.213475+00:00
2024-05-01,month_end,31,country,전체,58020557000,잠정,2026-09-30T01:48:18.213475+00:00
2024-05-01,month_end,31,country,중국,11378217000,잠정,2026-09-30T01:48:18.213475+00:00
2024-05-01,month_end,31,country,홍콩,2706663000,잠정,2026-09-30T01:48:18.213475+00:00
2024-05-01,month_end,31,product,가전제품,747199000,잠정,2026-09-30T01:44:35.037576+00:00
2024-05-01,month_end,31,product,무선통신기기,1557773000,잠정,2026-09-30T01:44:35.037576+00:00
2024-05-01,month_end,31,product,반도체,11548564000,잠정,2026-09-30T01:44:35.037576+00:00
2024-05-01,month_end,31,product,석유제품,4555694000,잠정,2026-09-30T01:44:35.037576+00:00
2024-05-01,month_end,31,product,선박,2048236000,잠정,2026-09-30T01:44:35.037576+00:00
2024-05-01,month_end,31,product,승용차,6292123000,잠정,2026-09-30T01:44:35.037576+00:00
2024-05-01,month_end,31,product,자동차부품,1749614000,잠정,2026-09-30T01:44:35.037576+00:00
2024-05-01,month_end,31,product,전체,58020557000,잠정,2026-09-30T01:44:35.037576+00:00
2024-05-01,month_end,31,product,정밀기기,956457000,잠정,2026-09-30T01:44:35.037576+00:00
2024-05-01,month_end,31,product,철강제품,4187795000,잠정,2026-09-30T01:44:35.037576+00:00
2024-05-01,month_end,31,product,컴퓨터주변기기,1183022000,잠정,2026-09-30T01:44:35.037576+00:00
2024-06-01,10,10,country,대만,575472000,잠정,2026-09-30T01:48:18.213475+00:00
2024-06-01,10,10,country,말레이시아,198801000,잠정,2026-09-30T01:48:18.213475+00:00
2024-06-01,10,10,country,미국,2837556000,잠정,2026-09-30T01:48:18.213475+00:00
2024-06-01,10,10,country,베트남,1539462000,잠정,2026-09-30T01:48:18.213475+00:00
2024-06-01,10,10,country,싱가포르,533800000,잠정,2026-09-30T01:48:18.213475+00:00
2024-06-01,10,10,country,유럽연합,1312062000,잠정,2026-09-30T01:48:18.213475+00:00
2024-06-01,10,10,country,인도,399766000,잠정,2026-09-30T01:48:18.213475+00:00
2024-06-01,10,10,country,일본,684013000,잠정,2026-09-30T01:48:18.213475+00:00
2024-06-01,10,10,country,전체,14683823000,잠정,2026-09-30T01:48:18.213475+00:00
2024-06-01,10,10,country,중국,2975162000,잠정,2026-09-30T01:48:18.213475+00:00
2024-06-01,10,10,country,홍콩,386014000,잠정,2026-09-30T01:48:18.213475+00:00
2024-06-01,10,10,product,가전제품,202936000,잠정,2026-09-30T01:44:35.037576+00:00
2024-06-01,10,10,product,무선통신기기,518259000,잠정,2026-09-30T01:44:35.037576+00:00
2024-06-01,10,10,product,반도체,2974252000,잠정,2026-09-30T01:44:35.037576+00:00
2024-06-01,10,10,product,석유제품,1395778000,잠정,2026-09-30T01:44:35.037576+00:00
2024-06-01,10,10,product,선박,725916000,잠정,2026-09-30T01:44:35.037576+00:00
2024-06-01,10,10,product,승용차,1199200000,잠정,2026-09-30T01:44:35.037576+00:00
2024-06-01,10,10,product,자동차부품,432335000,잠정,2026-09-30T01:44:35.037576+00:00
2024-06-01,10,10,product,전체,14683823000,잠정,2026-09-30T01:44:35.037576+00:00
2024-06-01,10,10,product,정밀기기,225111000,잠정,2026-09-30T01:44:35.037576+00:00
2024-06-01,10,10,product,철강제품,980464000,잠정,2026-09-30T01:44:35.037576+00:00
2024-06-01,10,10,product,컴퓨터주변기기,186584000,잠정,2026-09-30T01:44:35.037576+00:00
2024-06-01,20,20,country,대만,1526277000,잠정,2026-09-30T01:48:18.213475+00:00
2024-06-01,20,20,country,말레이시아,554273000,잠정,2026-09-30T01:48:18.213475+00:00
2024-06-01,20,20,country,미국,7117249000,잠정,2026-09-30T01:48:18.213475+00:00
2024-06-01,20,20,country,베트남,3533595000,잠정,2026-09-30T01:48:18.213475+00:00
2024-06-01,20,20,country,싱가포르,886182000,잠정,2026-09-30T01:48:18.213475+00:00
2024-06-01,20,20,country,유럽연합,3318183000,잠정,2026-09-30T01:48:18.213475+00:00
2024-06-01,20,20,country,인도,1002028000,잠정,2026-09-30T01:48:18.213475+00:00
2024-06-01,20,20,country,일본,1593143000,잠정,2026-09-30T01:48:18.213475+00:00
2024-06-01,20,20,country,전체,35696916000,잠정,2026-09-30T01:48:18.213475+00:00
2024-06-01,20,20,country,중국,7039054000,잠정,2026-09-30T01:48:18.213475+00:00
2024-06-01,20,20,country,홍콩,1277509000,잠정,2026-09-30T01:48:18.213475+00:00
2024-06-01,20,20,product,가전제품,480657000,잠정,2026-09-30T01:44:35.037576+00:00
2024-06-01,20,20,product,무선통신기기,1074610000,잠정,2026-09-30T01:44:35.037576+00:00
2024-06-01,20,20,product,반도체,7274456000,잠정,2026-09-30T01:44:35.037576+00:00
2024-06-01,20,20,product,석유제품,2567126000,잠정,2026-09-30T01:44:35.037576+00:00
2024-06-01,20,20,product,선박,1066905000,잠정,2026-09-30T01:44:35.037576+00:00
2024-06-01,20,20,product,승용차,3349374000,잠정,2026-09-30T01:44:35.037576+00:00
2024-06-01,20,20,product,자동차부품,1160835000,잠정,2026-09-30T01:44:35.037576+00:00
2024-06-01,20,20,product,전체,35696916000,잠정,2026-09-30T01:44:35.037576+00:00
2024-06-01,20,20,product,정밀기기,566999000,잠정,2026-09-30T01:44:35.037576+00:00
2024-06-01,20,20,product,철강제품,2451977000,잠정,2026-09-30T01:44:35.037576+00:00
2024-06-01,20,20,product,컴퓨터주변기기,588047000,잠정,2026-09-30T01:44:35.037576+00:00
2024-06-01,month_end,30,country,대만,3314386000,잠정,2026-09-30T01:48:18.213475+00:00
2024-06-01,month_end,30,country,말레이시아,841755000,잠정,2026-09-30T01:48:18.213475+00:00
2024-06-01,month_end,30,country,미국,11295693000,잠정,2026-09-30T01:48:18.213475+00:00
2024-06-01,month_end,30,country,베트남,5124412000,잠정,2026-09-30T01:48:18.213475+00:00
2024-06-01,month_end,30,country,싱가포르,1419483000,잠정,2026-09-30T01:48:18.213475+00:00
2024-06-01,month_end,30,country,유럽연합,5057021000,잠정,2026-09-30T01:48:18.213475+00:00
2024-06-01,month_end,30,country,인도,1554083000,잠정,2026-09-30T01:48:18.213475+00:00
2024-06-01,month_end,30,country,일본,2382041000,잠정,2026-09-30T01:48:18.213475+00:00
2024-06-01,month_end,30,country,전체,57341634000,잠정,2026-09-30T01:48:18.213475+00:00
2024-06-01,month_end,30,country,중국,10706131000,잠정,2026-09-30T01:48:18.213475+00:00
2024-06-01,month_end,30,country,홍콩,3430045000,잠정,2026-09-30T01:48:18.213475+00:00
2024-06-01,month_end,30,product,가전제품,717811000,잠정,2026-09-30T01:44:35.037576+00:00
2024-06-01,month_end,30,product,무선통신기기,1570229000,잠정,2026-09-30T01:44:35.037576+00:00
2024-06-01,month_end,30,product,반도체,13617989000,잠정,2026-09-30T01:44:35.037576+00:00
2024-06-01,month_end,30,product,석유제품,3721189000,잠정,2026-09-30T01:44:35.037576+00:00
2024-06-01,month_end,30,product,선박,1412705000,잠정,2026-09-30T01:44:35.037576+00:00
2024-06-01,month_end,30,product,승용차,6018509000,잠정,2026-09-30T01:44:35.037576+00:00
2024-06-01,month_end,30,product,자동차부품,1685582000,잠정,2026-09-30T01:44:35.037576+00:00
2024-06-01,month_end,30,product,전체,57341634000,잠정,2026-09-30T01:44:35.037576+00:00
2024-06-01,month_end,30,product,정밀기기,865675000,잠정,2026-09-30T01:44:35.037576+00:00
2024-06-01,month_end,30,product,철강제품,3802935000,잠정,2026-09-30T01:44:35.037576+00:00
2024-06-01,month_end,30,product,컴퓨터주변기기,1286149000,잠정,2026-09-30T01:44:35.037576+00:00
2024-07-01,10,10,country,대만,678908000,잠정,2026-09-30T01:48:18.213475+00:00
2024-07-01,10,10,country,말레이시아,343140000,잠정,2026-09-30T01:48:18.213475+00:00
2024-07-01,10,10,country,미국,3230716000,잠정,2026-09-30T01:48:18.213475+00:00
2024-07-01,10,10,country,베트남,1751063000,잠정,2026-09-30T01:48:18.213475+00:00
2024-07-01,10,10,country,싱가포르,486955000,잠정,2026-09-30T01:48:18.213475+00:00
2024-07-01,10,10,country,유럽연합,1888162000,잠정,2026-09-30T01:48:18.213475+00:00
2024-07-01,10,10,country,인도,541183000,잠정,2026-09-30T01:48:18.213475+00:00
2024-07-01,10,10,country,일본,753921000,잠정,2026-09-30T01:48:18.213475+00:00
2024-07-01,10,10,country,전체,17723084000,잠정,2026-09-30T01:48:18.213475+00:00
2024-07-01,10,10,country,중국,3516346000,잠정,2026-09-30T01:48:18.213475+00:00
2024-07-01,10,10,country,홍콩,790730000,잠정,2026-09-30T01:48:18.213475+00:00
2024-07-01,10,10,product,가전제품,252465000,잠정,2026-09-30T01:44:35.037576+00:00
2024-07-01,10,10,product,무선통신기기,476568000,잠정,2026-09-30T01:44:35.037576+00:00
2024-07-01,10,10,product,반도체,3392657000,잠정,2026-09-30T01:44:35.037576+00:00
2024-07-01,10,10,product,석유제품,1424865000,잠정,2026-09-30T01:44:35.037576+00:00
2024-07-01,10,10,product,선박,378636000,잠정,2026-09-30T01:44:35.037576+00:00
2024-07-01,10,10,product,승용차,1589141000,잠정,2026-09-30T01:44:35.037576+00:00
2024-07-01,10,10,product,자동차부품,686209000,잠정,2026-09-30T01:44:35.037576+00:00
2024-07-01,10,10,product,전체,17723084000,잠정,2026-09-30T01:44:35.037576+00:00
2024-07-01,10,10,product,정밀기기,271316000,잠정,2026-09-30T01:44:35.037576+00:00
2024-07-01,10,10,product,철강제품,1245727000,잠정,2026-09-30T01:44:35.037576+00:00
2024-07-01,10,10,product,컴퓨터주변기기,250712000,잠정,2026-09-30T01:44:35.037576+00:00
2024-07-01,20,20,country,대만,1516968000,잠정,2026-09-30T01:48:18.213475+00:00
2024-07-01,20,20,country,말레이시아,625041000,잠정,2026-09-30T01:48:18.213475+00:00
2024-07-01,20,20,country,미국,6553370000,잠정,2026-09-30T01:48:18.213475+00:00
2024-07-01,20,20,country,베트남,3343944000,잠정,2026-09-30T01:48:18.213475+00:00
2024-07-01,20,20,country,싱가포르,1032701000,잠정,2026-09-30T01:48:18.213475+00:00
2024-07-01,20,20,country,유럽연합,3705093000,잠정,2026-09-30T01:48:18.213475+00:00
2024-07-01,20,20,country,인도,1015757000,잠정,2026-09-30T01:48:18.213475+00:00
2024-07-01,20,20,country,일본,1595317000,잠정,2026-09-30T01:48:18.213475+00:00
2024-07-01,20,20,country,전체,36881422000,잠정,2026-09-30T01:48:18.213475+00:00
2024-07-01,20,20,country,중국,7309725000,잠정,2026-09-30T01:48:18.213475+00:00
2024-07-01,20,20,country,홍콩,1516861000,잠정,2026-09-30T01:48:18.213475+00:00
2024-07-01,20,20,product,가전제품,506242000,잠정,2026-09-30T01:44:35.037576+00:00
2024-07-01,20,20,product,무선통신기기,973634000,잠정,2026-09-30T01:44:35.037576+00:00
2024-07-01,20,20,product,반도체,6774622000,잠정,2026-09-30T01:44:35.037576+00:00
2024-07-01,20,20,product,석유제품,3050268000,잠정,2026-09-30T01:44:35.037576+00:00
2024-07-01,20,20,product,선박,527921000,잠정,2026-09-30T01:44:35.037576+00:00
2024-07-01,20,20,product,승용차,3491826000,잠정,2026-09-30T01:44:35.037576+00:00
2024-07-01,20,20,product,자동차부품,1271812000,잠정,2026-09-30T01:44:35.037576+00:00
2024-07-01,20,20,product,전체,36881422000,잠정,2026-09-30T01:44:35.037576+00:00
2024-07-01,20,20,product,정밀기기,563224000,잠정,2026-09-30T01:44:35.037576+00:00
2024-07-01,20,20,product,철강제품,2642261000,잠정,2026-09-30T01:44:35.037576+00:00
2024-07-01,20,20,product,컴퓨터주변기기,667075000,잠정,2026-09-30T01:44:35.037576+00:00
2024-07-01,month_end,31,country,대만,2773161000,잠정,2026-09-30T01:48:18.213475+00:00
2024-07-01,month_end,31,country,말레이시아,944802000,잠정,2026-09-30T01:48:18.213475+00:00
2024-07-01,month_end,31,country,미국,10184399000,잠정,2026-09-30T01:48:18.213475+00:00
2024-07-01,month_end,31,country,베트남,4968830000,잠정,2026-09-30T01:48:18.213475+00:00
2024-07-01,month_end,31,country,싱가포르,1443110000,잠정,2026-09-30T01:48:18.213475+00:00
2024-07-01,month_end,31,country,유럽연합,5545655000,잠정,2026-09-30T01:48:18.213475+00:00
2024-07-01,month_end,31,country,인도,1616303000,잠정,2026-09-30T01:48:18.213475+00:00
2024-07-01,month_end,31,country,일본,2597690000,잠정,2026-09-30T01:48:18.213475+00:00
2024-07-01,month_end,31,country,전체,57458788000,잠정,2026-09-30T01:48:18.213475+00:00
2024-07-01,month_end,31,country,중국,11388071000,잠정,2026-09-30T01:48:18.213475+00:00
2024-07-01,month_end,31,country,홍콩,2594654000,잠정,2026-09-30T01:48:18.213475+00:00
2024-07-01,month_end,31,product,가전제품,802783000,잠정,2026-09-30T01:44:35.037576+00:00
2024-07-01,month_end,31,product,무선통신기기,1489947000,잠정,2026-09-30T01:44:35.037576+00:00
2024-07-01,month_end,31,product,반도체,11413079000,잠정,2026-09-30T01:44:35.037576+00:00
2024-07-01,month_end,31,product,석유제품,4521513000,잠정,2026-09-30T01:44:35.037576+00:00
2024-07-01,month_end,31,product,선박,988217000,잠정,2026-09-30T01:44:35.037576+00:00
2024-07-01,month_end,31,product,승용차,5168203000,잠정,2026-09-30T01:44:35.037576+00:00
2024-07-01,month_end,31,product,자동차부품,1995921000,잠정,2026-09-30T01:44:35.037576+00:00
2024-07-01,month_end,31,product,전체,57458788000,잠정,2026-09-30T01:44:35.037576+00:00
2024-07-01,month_end,31,product,정밀기기,872338000,잠정,2026-09-30T01:44:35.037576+00:00
2024-07-01,month_end,31,product,철강제품,4164877000,잠정,2026-09-30T01:44:35.037576+00:00
2024-07-01,month_end,31,product,컴퓨터주변기기,1340198000,잠정,2026-09-30T01:44:35.037576+00:00
2024-08-01,10,10,country,대만,782574000,잠정,2026-09-30T01:48:18.213475+00:00
2024-08-01,10,10,country,말레이시아,283321000,잠정,2026-09-30T01:48:18.213475+00:00
2024-08-01,10,10,country,미국,2411503000,잠정,2026-09-30T01:48:18.213475+00:00
2024-08-01,10,10,country,베트남,1580754000,잠정,2026-09-30T01:48:18.213475+00:00
2024-08-01,10,10,country,싱가포르,354480000,잠정,2026-09-30T01:48:18.213475+00:00
2024-08-01,10,10,country,유럽연합,1491762000,잠정,2026-09-30T01:48:18.213475+00:00
2024-08-01,10,10,country,인도,472661000,잠정,2026-09-30T01:48:18.213475+00:00
2024-08-01,10,10,country,일본,672679000,잠정,2026-09-30T01:48:18.213475+00:00
2024-08-01,10,10,country,전체,15369466000,잠정,2026-09-30T01:48:18.213475+00:00
2024-08-01,10,10,country,중국,3201656000,잠정,2026-09-30T01:48:18.213475+00:00
2024-08-01,10,10,country,홍콩,904673000,잠정,2026-09-30T01:48:18.213475+00:00
2024-08-01,10,10,product,가전제품,216615000,잠정,2026-09-30T01:44:35.037576+00:00
2024-08-01,10,10,product,무선통신기기,542079000,잠정,2026-09-30T01:44:35.037576+00:00
2024-08-01,10,10,product,반도체,3478623000,잠정,2026-09-30T01:44:35.037576+00:00
2024-08-01,10,10,product,석유제품,1517540000,잠정,2026-09-30T01:44:35.037576+00:00
2024-08-01,10,10,product,선박,619461000,잠정,2026-09-30T01:44:35.037576+00:00
2024-08-01,10,10,product,승용차,875451000,잠정,2026-09-30T01:44:35.037576+00:00
2024-08-01,10,10,product,자동차부품,403559000,잠정,2026-09-30T01:44:35.037576+00:00
2024-08-01,10,10,product,전체,15369466000,잠정,2026-09-30T01:44:35.037576+00:00
2024-08-01,10,10,product,정밀기기,244633000,잠정,2026-09-30T01:44:35.037576+00:00
2024-08-01,10,10,product,철강제품,1063847000,잠정,2026-09-30T01:44:35.037576+00:00
2024-08-01,10,10,product,컴퓨터주변기기,300838000,잠정,2026-09-30T01:44:35.037576+00:00
2024-08-01,20,20,country,대만,1682520000,잠정,2026-09-30T01:48:18.213475+00:00
2024-08-01,20,20,country,말레이시아,548750000,잠정,2026-09-30T01:48:18.213475+00:00
2024-08-01,20,20,country,미국,5176532000,잠정,2026-09-30T01:48:18.213475+00:00
2024-08-01,20,20,country,베트남,3180813000,잠정,2026-09-30T01:48:18.213475+00:00
2024-08-01,20,20,country,싱가포르,803425000,잠정,2026-09-30T01:48:18.213475+00:00
2024-08-01,20,20,country,유럽연합,3687101000,잠정,2026-09-30T01:48:18.213475+00:00
2024-08-01,20,20,country,인도,1053603000,잠정,2026-09-30T01:48:18.213475+00:00
2024-08-01,20,20,country,일본,1428502000,잠정,2026-09-30T01:48:18.213475+00:00
2024-08-01,20,20,country,전체,33003156000,잠정,2026-09-30T01:48:18.213475+00:00
2024-08-01,20,20,country,중국,6814339000,잠정,2026-09-30T01:48:18.213475+00:00
2024-08-01,20,20,country,홍콩,1460702000,잠정,2026-09-30T01:48:18.213475+00:00
2024-08-01,20,20,product,가전제품,390489000,잠정,2026-09-30T01:44:35.037576+00:00
2024-08-01,20,20,product,무선통신기기,1125303000,잠정,2026-09-30T01:44:35.037576+00:00
2024-08-01,20,20,product,반도체,6726551000,잠정,2026-09-30T01:44:35.037576+00:00
2024-08-01,20,20,product,석유제품,2863981000,잠정,2026-09-30T01:44:35.037576+00:00
2024-08-01,20,20,product,선박,1790615000,잠정,2026-09-30T01:44:35.037576+00:00
2024-08-01,20,20,product,승용차,2278060000,잠정,2026-09-30T01:44:35.037576+00:00
2024-08-01,20,20,product,자동차부품,1029232000,잠정,2026-09-30T01:44:35.037576+00:00
2024-08-01,20,20,product,전체,33003156000,잠정,2026-09-30T01:44:35.037576+00:00
2024-08-01,20,20,product,정밀기기,513996000,잠정,2026-09-30T01:44:35.037576+00:00
2024-08-01,20,20,product,철강제품,2286044000,잠정,2026-09-30T01:44:35.037576+00:00
2024-08-01,20,20,product,컴퓨터주변기기,670859000,잠정,2026-09-30T01:44:35.037576+00:00
2024-08-01,month_end,31,country,대만,3146045000,잠정,2026-09-30T01:48:18.213475+00:00
2024-08-01,month_end,31,country,말레이시아,921760000,잠정,2026-09-30T01:48:18.213475+00:00
2024-08-01,month_end,31,country,미국,9937504000,잠정,2026-09-30T01:48:18.213475+00:00
2024-08-01,month_end,31,country,베트남,5049343000,잠정,2026-09-30T01:48:18.213475+00:00
2024-08-01,month_end,31,country,싱가포르,1397637000,잠정,2026-09-30T01:48:18.213475+00:00
2024-08-01,month_end,31,country,유럽연합,6404849000,잠정,2026-09-30T01:48:18.213475+00:00
2024-08-01,month_end,31,country,인도,1636206000,잠정,2026-09-30T01:48:18.213475+00:00
2024-08-01,month_end,31,country,일본,2500141000,잠정,2026-09-30T01:48:18.213475+00:00
2024-08-01,month_end,31,country,전체,57642924000,잠정,2026-09-30T01:48:18.213475+00:00
2024-08-01,month_end,31,country,중국,11340799000,잠정,2026-09-30T01:48:18.213475+00:00
2024-08-01,month_end,31,country,홍콩,2966813000,잠정,2026-09-30T01:48:18.213475+00:00
2024-08-01,month_end,31,product,가전제품,675842000,잠정,2026-09-30T01:44:35.037576+00:00
2024-08-01,month_end,31,product,무선통신기기,1784600000,잠정,2026-09-30T01:44:35.037576+00:00
2024-08-01,month_end,31,product,반도체,12061638000,잠정,2026-09-30T01:44:35.037576+00:00
2024-08-01,month_end,31,product,석유제품,4416588000,잠정,2026-09-30T01:44:35.037576+00:00
2024-08-01,month_end,31,product,선박,2730852000,잠정,2026-09-30T01:44:35.037576+00:00
2024-08-01,month_end,31,product,승용차,4876018000,잠정,2026-09-30T01:44:35.037576+00:00
2024-08-01,month_end,31,product,자동차부품,1775009000,잠정,2026-09-30T01:44:35.037576+00:00
2024-08-01,month_end,31,product,전체,57642924000,잠정,2026-09-30T01:44:35.037576+00:00
2024-08-01,month_end,31,product,정밀기기,914610000,잠정,2026-09-30T01:44:35.037576+00:00
2024-08-01,month_end,31,product,철강제품,4035867000,잠정,2026-09-30T01:44:35.037576+00:00
2024-08-01,month_end,31,product,컴퓨터주변기기,1640029000,잠정,2026-09-30T01:44:35.037576+00:00
2024-09-01,10,10,country,대만,878846000,잠정,2026-09-30T01:48:18.213475+00:00
2024-09-01,10,10,country,말레이시아,277293000,잠정,2026-09-30T01:48:18.213475+00:00
2024-09-01,10,10,country,미국,3222850000,잠정,2026-09-30T01:48:18.213475+00:00
2024-09-01,10,10,country,베트남,1670739000,잠정,2026-09-30T01:48:18.213475+00:00
2024-09-01,10,10,country,싱가포르,365910000,잠정,2026-09-30T01:48:18.213475+00:00
2024-09-01,10,10,country,유럽연합,2079950000,잠정,2026-09-30T01:48:18.213475+00:00
2024-09-01,10,10,country,인도,518841000,잠정,2026-09-30T01:48:18.213475+00:00
2024-09-01,10,10,country,일본,812155000,잠정,2026-09-30T01:48:18.213475+00:00
2024-09-01,10,10,country,전체,18470294000,잠정,2026-09-30T01:48:18.213475+00:00
2024-09-01,10,10,country,중국,3914137000,잠정,2026-09-30T01:48:18.213475+00:00
2024-09-01,10,10,country,홍콩,622778000,잠정,2026-09-30T01:48:18.213475+00:00
2024-09-01,10,10,product,가전제품,222775000,잠정,2026-09-30T01:44:35.037576+00:00
2024-09-01,10,10,product,무선통신기기,634417000,잠정,2026-09-30T01:44:35.037576+00:00
2024-09-01,10,10,product,반도체,3469509000,잠정,2026-09-30T01:44:35.037576+00:00
2024-09-01,10,10,product,석유제품,1487601000,잠정,2026-09-30T01:44:35.037576+00:00
2024-09-01,10,10,product,선박,579392000,잠정,2026-09-30T01:44:35.037576+00:00
2024-09-01,10,10,product,승용차,1582684000,잠정,2026-09-30T01:44:35.037576+00:00
2024-09-01,10,10,product,자동차부품,643234000,잠정,2026-09-30T01:44:35.037576+00:00
2024-09-01,10,10,product,전체,18470294000,잠정,2026-09-30T01:44:35.037576+00:00
2024-09-01,10,10,product,정밀기기,326225000,잠정,2026-09-30T01:44:35.037576+00:00
2024-09-01,10,10,product,철강제품,1271192000,잠정,2026-09-30T01:44:35.037576+00:00
2024-09-01,10,10,product,컴퓨터주변기기,314928000,잠정,2026-09-30T01:44:35.037576+00:00
2024-09-01,20,20,country,대만,1976717000,잠정,2026-09-30T01:48:18.213475+00:00
2024-09-01,20,20,country,말레이시아,500811000,잠정,2026-09-30T01:48:18.213475+00:00
2024-09-01,20,20,country,미국,6171140000,잠정,2026-09-30T01:48:18.213475+00:00
2024-09-01,20,20,country,베트남,3324565000,잠정,2026-09-30T01:48:18.213475+00:00
2024-09-01,20,20,country,싱가포르,739674000,잠정,2026-09-30T01:48:18.213475+00:00
2024-09-01,20,20,country,유럽연합,3514373000,잠정,2026-09-30T01:48:18.213475+00:00
2024-09-01,20,20,country,인도,914023000,잠정,2026-09-30T01:48:18.213475+00:00
2024-09-01,20,20,country,일본,1478006000,잠정,2026-09-30T01:48:18.213475+00:00
2024-09-01,20,20,country,전체,35354624000,잠정,2026-09-30T01:48:18.213475+00:00
2024-09-01,20,20,country,중국,7642440000,잠정,2026-09-30T01:48:18.213475+00:00
2024-09-01,20,20,country,홍콩,1395287000,잠정,2026-09-30T01:48:18.213475+00:00
2024-09-01,20,20,product,가전제품,400679000,잠정,2026-09-30T01:44:35.037576+00:00
2024-09-01,20,20,product,무선통신기기,1210188000,잠정,2026-09-30T01:44:35.037576+00:00
2024-09-01,20,20,product,반도체,7472921000,잠정,2026-09-30T01:44:35.037576+00:00
2024-09-01,20,20,product,석유제품,2804007000,잠정,2026-09-30T01:44:35.037576+00:00
2024-09-01,20,20,product,선박,1029714000,잠정,2026-09-30T01:44:35.037576+00:00
2024-09-01,20,20,product,승용차,2975256000,잠정,2026-09-30T01:44:35.037576+00:00
2024-09-01,20,20,product,자동차부품,1127614000,잠정,2026-09-30T01:44:35.037576+00:00
2024-09-01,20,20,product,전체,35354624000,잠정,2026-09-30T01:44:35.037576+00:00
2024-09-01,20,20,product,정밀기기,610698000,잠정,2026-09-30T01:44:35.037576+00:00
2024-09-01,20,20,product,철강제품,2362523000,잠정,2026-09-30T01:44:35.037576+00:00
2024-09-01,20,20,product,컴퓨터주변기기,763757000,잠정,2026-09-30T01:44:35.037576+00:00
2024-09-01,month_end,30,country,대만,3719390000,잠정,2026-09-30T01:48:18.213475+00:00
2024-09-01,month_end,30,country,말레이시아,822186000,잠정,2026-09-30T01:48:18.213475+00:00
2024-09-01,month_end,30,country,미국,10411877000,잠정,2026-09-30T01:48:18.213475+00:00
2024-09-01,month_end,30,country,베트남,4980950000,잠정,2026-09-30T01:48:18.213475+00:00
2024-09-01,month_end,30,country,싱가포르,1297264000,잠정,2026-09-30T01:48:18.213475+00:00
2024-09-01,month_end,30,country,유럽연합,6001959000,잠정,2026-09-30T01:48:18.213475+00:00
2024-09-01,month_end,30,country,인도,1469018000,잠정,2026-09-30T01:48:18.213475+00:00
2024-09-01,month_end,30,country,일본,2478851000,잠정,2026-09-30T01:48:18.213475+00:00
2024-09-01,month_end,30,country,전체,58544693000,잠정,2026-09-30T01:48:18.213475+00:00
2024-09-01,month_end,30,country,중국,11626573000,잠정,2026-09-30T01:48:18.213475+00:00
2024-09-01,month_end,30,country,홍콩,3105513000,잠정,2026-09-30T01:48:18.213475+00:00
2024-09-01,month_end,30,product,가전제품,601200000,잠정,2026-09-30T01:44:35.037576+00:00
2024-09-01,month_end,30,product,무선통신기기,1750910000,잠정,2026-09-30T01:44:35.037576+00:00
2024-09-01,month_end,30,product,반도체,13751072000,잠정,2026-09-30T01:44:35.037576+00:00
2024-09-01,month_end,30,product,석유제품,4038055000,잠정,2026-09-30T01:44:35.037576+00:00
2024-09-01,month_end,30,product,선박,2237197000,잠정,2026-09-30T01:44:35.037576+00:00
2024-09-01,month_end,30,product,승용차,5302123000,잠정,2026-09-30T01:44:35.037576+00:00
2024-09-01,month_end,30,product,자동차부품,1742391000,잠정,2026-09-30T01:44:35.037576+00:00
2024-09-01,month_end,30,product,전체,58544693000,잠정,2026-09-30T01:44:35.037576+00:00
2024-09-01,month_end,30,product,정밀기기,988484000,잠정,2026-09-30T01:44:35.037576+00:00
2024-09-01,month_end,30,product,철강제품,3908378000,잠정,2026-09-30T01:44:35.037576+00:00
2024-09-01,month_end,30,product,컴퓨터주변기기,1681512000,잠정,2026-09-30T01:44:35.037576+00:00
2024-10-01,10,10,country,대만,648124000,잠정,2026-09-30T01:48:18.213475+00:00
2024-10-01,10,10,country,말레이시아,196300000,잠정,2026-09-30T01:48:18.213475+00:00
2024-10-01,10,10,country,미국,2486416000,잠정,2026-09-30T01:48:18.213475+00:00
2024-10-01,10,10,country,베트남,1567745000,잠정,2026-09-30T01:48:18.213475+00:00
2024-10-01,10,10,country,싱가포르,464057000,잠정,2026-09-30T01:48:18.213475+00:00
2024-10-01,10,10,country,유럽연합,1280495000,잠정,2026-09-30T01:48:18.213475+00:00
2024-10-01,10,10,country,인도,454280000,잠정,2026-09-30T01:48:18.213475+00:00
2024-10-01,10,10,country,일본,715516000,잠정,2026-09-30T01:48:18.213475+00:00
2024-10-01,10,10,country,전체,15298567000,잠정,2026-09-30T01:48:18.213475+00:00
2024-10-01,10,10,country,중국,3492840000,잠정,2026-09-30T01:48:18.213475+00:00
2024-10-01,10,10,country,홍콩,426732000,잠정,2026-09-30T01:48:18.213475+00:00
2024-10-01,10,10,product,가전제품,187531000,잠정,2026-09-30T01:44:35.037576+00:00
2024-10-01,10,10,product,무선통신기기,515318000,잠정,2026-09-30T01:44:35.037576+00:00
2024-10-01,10,10,product,반도체,3064714000,잠정,2026-09-30T01:44:35.037576+00:00
2024-10-01,10,10,product,석유제품,1142189000,잠정,2026-09-30T01:44:35.037576+00:00
2024-10-01,10,10,product,선박,907010000,잠정,2026-09-30T01:44:35.037576+00:00
2024-10-01,10,10,product,승용차,1380222000,잠정,2026-09-30T01:44:35.037576+00:00
2024-10-01,10,10,product,자동차부품,512435000,잠정,2026-09-30T01:44:35.037576+00:00
2024-10-01,10,10,product,전체,15298567000,잠정,2026-09-30T01:44:35.037576+00:00
2024-10-01,10,10,product,정밀기기,264330000,잠정,2026-09-30T01:44:35.037576+00:00
2024-10-01,10,10,product,철강제품,1070140000,잠정,2026-09-30T01:44:35.037576+00:00
2024-10-01,10,10,product,컴퓨터주변기기,197305000,잠정,2026-09-30T01:44:35.037576+00:00
2024-10-01,20,20,country,대만,1890128000,잠정,2026-09-30T01:48:18.213475+00:00
2024-10-01,20,20,country,말레이시아,498929000,잠정,2026-09-30T01:48:18.213475+00:00
2024-10-01,20,20,country,미국,5618900000,잠정,2026-09-30T01:48:18.213475+00:00
2024-10-01,20,20,country,베트남,3189955000,잠정,2026-09-30T01:48:18.213475+00:00
2024-10-01,20,20,country,싱가포르,847390000,잠정,2026-09-30T01:48:18.213475+00:00
2024-10-01,20,20,country,유럽연합,3159736000,잠정,2026-09-30T01:48:18.213475+00:00
2024-10-01,20,20,country,인도,835671000,잠정,2026-09-30T01:48:18.213475+00:00
2024-10-01,20,20,country,일본,1445435000,잠정,2026-09-30T01:48:18.213475+00:00
2024-10-01,20,20,country,전체,32711578000,잠정,2026-09-30T01:48:18.213475+00:00
2024-10-01,20,20,country,중국,7224187000,잠정,2026-09-30T01:48:18.213475+00:00
2024-10-01,20,20,country,홍콩,1095560000,잠정,2026-09-30T01:48:18.213475+00:00
2024-10-01,20,20,product,가전제품,367237000,잠정,2026-09-30T01:44:35.037576+00:00
2024-10-01,20,20,product,무선통신기기,1070089000,잠정,2026-09-30T01:44:35.037576+00:00
2024-10-01,20,20,product,반도체,7097664000,잠정,2026-09-30T01:44:35.037576+00:00
2024-10-01,20,20,product,석유제품,2112065000,잠정,2026-09-30T01:44:35.037576+00:00
2024-10-01,20,20,product,선박,1359068000,잠정,2026-09-30T01:44:35.037576+00:00
2024-10-01,20,20,product,승용차,3184806000,잠정,2026-09-30T01:44:35.037576+00:00
2024-10-01,20,20,product,자동차부품,1024100000,잠정,2026-09-30T01:44:35.037576+00:00
2024-10-01,20,20,product,전체,32711578000,잠정,2026-09-30T01:44:35.037576+00:00
2024-10-01,20,20,product,정밀기기,548267000,잠정,2026-09-30T01:44:35.037576+00:00
2024-10-01,20,20,product,철강제품,2238009000,잠정,2026-09-30T01:44:35.037576+00:00
2024-10-01,20,20,product,컴퓨터주변기기,509724000,잠정,2026-09-30T01:44:35.037576+00:00
2024-10-01,month_end,31,country,대만,3528893000,잠정,2026-09-30T01:48:18.213475+00:00
2024-10-01,month_end,31,country,말레이시아,1038699000,잠정,2026-09-30T01:48:18.213475+00:00
2024-10-01,month_end,31,country,미국,10394328000,잠정,2026-09-30T01:48:18.213475+00:00
2024-10-01,month_end,31,country,베트남,5231509000,잠정,2026-09-30T01:48:18.213475+00:00
2024-10-01,month_end,31,country,싱가포르,1397107000,잠정,2026-09-30T01:48:18.213475+00:00
2024-10-01,month_end,31,country,유럽연합,5296955000,잠정,2026-09-30T01:48:18.213475+00:00
2024-10-01,month_end,31,country,인도,1511925000,잠정,2026-09-30T01:48:18.213475+00:00
2024-10-01,month_end,31,country,일본,2423573000,잠정,2026-09-30T01:48:18.213475+00:00
2024-10-01,month_end,31,country,전체,57500192000,잠정,2026-09-30T01:48:18.213475+00:00
2024-10-01,month_end,31,country,중국,12172811000,잠정,2026-09-30T01:48:18.213475+00:00
2024-10-01,month_end,31,country,홍콩,2210877000,잠정,2026-09-30T01:48:18.213475+00:00
2024-10-01,month_end,31,product,가전제품,653883000,잠정,2026-09-30T01:44:35.037576+00:00
2024-10-01,month_end,31,product,무선통신기기,1691457000,잠정,2026-09-30T01:44:35.037576+00:00
2024-10-01,month_end,31,product,반도체,12670057000,잠정,2026-09-30T01:44:35.037576+00:00
2024-10-01,month_end,31,product,석유제품,3434887000,잠정,2026-09-30T01:44:35.037576+00:00
2024-10-01,month_end,31,product,선박,1958620000,잠정,2026-09-30T01:44:35.037576+00:00
2024-10-01,month_end,31,product,승용차,6004017000,잠정,2026-09-30T01:44:35.037576+00:00
2024-10-01,month_end,31,product,자동차부품,1814224000,잠정,2026-09-30T01:44:35.037576+00:00
2024-10-01,month_end,31,product,전체,57500192000,잠정,2026-09-30T01:44:35.037576+00:00
2024-10-01,month_end,31,product,정밀기기,981203000,잠정,2026-09-30T01:44:35.037576+00:00
2024-10-01,month_end,31,product,철강제품,4074297000,잠정,2026-09-30T01:44:35.037576+00:00
2024-10-01,month_end,31,product,컴퓨터주변기기,1095272000,잠정,2026-09-30T01:44:35.037576+00:00
2024-11-01,10,10,country,대만,722510000,잠정,2026-09-30T01:48:18.213475+00:00
2024-11-01,10,10,country,말레이시아,192067000,잠정,2026-09-30T01:48:18.213475+00:00
2024-11-01,10,10,country,미국,2317086000,잠정,2026-09-30T01:48:18.213475+00:00
2024-11-01,10,10,country,베트남,1695480000,잠정,2026-09-30T01:48:18.213475+00:00
2024-11-01,10,10,country,싱가포르,483919000,잠정,2026-09-30T01:48:18.213475+00:00
2024-11-01,10,10,country,유럽연합,1309531000,잠정,2026-09-30T01:48:18.213475+00:00
2024-11-01,10,10,country,인도,411711000,잠정,2026-09-30T01:48:18.213475+00:00
2024-11-01,10,10,country,일본,743620000,잠정,2026-09-30T01:48:18.213475+00:00
2024-11-01,10,10,country,전체,14872900000,잠정,2026-09-30T01:48:18.213475+00:00
2024-11-01,10,10,country,중국,3315177000,잠정,2026-09-30T01:48:18.213475+00:00
2024-11-01,10,10,country,홍콩,538975000,잠정,2026-09-30T01:48:18.213475+00:00
2024-11-01,10,10,product,가전제품,160786000,잠정,2026-09-30T01:44:35.037576+00:00
2024-11-01,10,10,product,무선통신기기,590161000,잠정,2026-09-30T01:44:35.037576+00:00
2024-11-01,10,10,product,반도체,3279955000,잠정,2026-09-30T01:44:35.037576+00:00
2024-11-01,10,10,product,석유제품,1152318000,잠정,2026-09-30T01:44:35.037576+00:00
2024-11-01,10,10,product,선박,601506000,잠정,2026-09-30T01:44:35.037576+00:00
2024-11-01,10,10,product,승용차,1326421000,잠정,2026-09-30T01:44:35.037576+00:00
2024-11-01,10,10,product,자동차부품,454584000,잠정,2026-09-30T01:44:35.037576+00:00
2024-11-01,10,10,product,전체,14872900000,잠정,2026-09-30T01:44:35.037576+00:00
2024-11-01,10,10,product,정밀기기,259190000,잠정,2026-09-30T01:44:35.037576+00:00
2024-11-01,10,10,product,철강제품,1009766000,잠정,2026-09-30T01:44:35.037576+00:00
2024-11-01,10,10,product,컴퓨터주변기기,253148000,잠정,2026-09-30T01:44:35.037576+00:00
2024-11-01,20,20,country,대만,1973074000,잠정,2026-09-30T01:48:18.213475+00:00
2024-11-01,20,20,country,말레이시아,520441000,잠정,2026-09-30T01:48:18.213475+00:00
2024-11-01,20,20,country,미국,6412220000,잠정,2026-09-30T01:48:18.213475+00:00
2024-11-01,20,20,country,베트남,3599392000,잠정,2026-09-30T01:48:18.213475+00:00
2024-11-01,20,20,country,싱가포르,888715000,잠정,2026-09-30T01:48:18.213475+00:00
2024-11-01,20,20,country,유럽연합,3411128000,잠정,2026-09-30T01:48:18.213475+00:00
2024-11-01,20,20,country,인도,1024129000,잠정,2026-09-30T01:48:18.213475+00:00
2024-11-01,20,20,country,일본,1592797000,잠정,2026-09-30T01:48:18.213475+00:00
2024-11-01,20,20,country,전체,35559900000,잠정,2026-09-30T01:48:18.213475+00:00
2024-11-01,20,20,country,중국,7456554000,잠정,2026-09-30T01:48:18.213475+00:00
2024-11-01,20,20,country,홍콩,1366387000,잠정,2026-09-30T01:48:18.213475+00:00
2024-11-01,20,20,product,가전제품,355286000,잠정,2026-09-30T01:44:35.037576+00:00
2024-11-01,20,20,product,무선통신기기,1199964000,잠정,2026-09-30T01:44:35.037576+00:00
2024-11-01,20,20,product,반도체,7711150000,잠정,2026-09-30T01:44:35.037576+00:00
2024-11-01,20,20,product,석유제품,2656318000,잠정,2026-09-30T01:44:35.037576+00:00
2024-11-01,20,20,product,선박,1128325000,잠정,2026-09-30T01:44:35.037576+00:00
2024-11-01,20,20,product,승용차,3096549000,잠정,2026-09-30T01:44:35.037576+00:00
2024-11-01,20,20,product,자동차부품,1136715000,잠정,2026-09-30T01:44:35.037576+00:00
2024-11-01,20,20,product,전체,35559900000,잠정,2026-09-30T01:44:35.037576+00:00
2024-11-01,20,20,product,정밀기기,594781000,잠정,2026-09-30T01:44:35.037576+00:00
2024-11-01,20,20,product,철강제품,2480112000,잠정,2026-09-30T01:44:35.037576+00:00
2024-11-01,20,20,product,컴퓨터주변기기,737302000,잠정,2026-09-30T01:44:35.037576+00:00
2024-11-01,month_end,30,country,대만,3253132000,잠정,2026-09-30T01:48:18.213475+00:00
2024-11-01,month_end,30,country,말레이시아,855432000,잠정,2026-09-30T01:48:18.213475+00:00
2024-11-01,month_end,30,country,미국,10370481000,잠정,2026-09-30T01:48:18.213475+00:00
2024-11-01,month_end,30,country,베트남,5142173000,잠정,2026-09-30T01:48:18.213475+00:00
2024-11-01,month_end,30,country,싱가포르,1565073000,잠정,2026-09-30T01:48:18.213475+00:00
2024-11-01,month_end,30,country,유럽연합,5439585000,잠정,2026-09-30T01:48:18.213475+00:00
2024-11-01,month_end,30,country,인도,1452203000,잠정,2026-09-30T01:48:18.213475+00:00
2024-11-01,month_end,30,country,일본,2491515000,잠정,2026-09-30T01:48:18.213475+00:00
2024-11-01,month_end,30,country,전체,56288629000,잠정,2026-09-30T01:48:18.213475+00:00
2024-11-01,month_end,30,country,중국,11290362000,잠정,2026-09-30T01:48:18.213475+00:00
2024-11-01,month_end,30,country,홍콩,2425723000,잠정,2026-09-30T01:48:18.213475+00:00
2024-11-01,month_end,30,product,가전제품,566892000,잠정,2026-09-30T01:44:35.037576+00:00
2024-11-01,month_end,30,product,무선통신기기,1638511000,잠정,2026-09-30T01:44:35.037576+00:00
2024-11-01,month_end,30,product,반도체,12578985000,잠정,2026-09-30T01:44:35.037576+00:00
2024-11-01,month_end,30,product,석유제품,3694379000,잠정,2026-09-30T01:44:35.037576+00:00
2024-11-01,month_end,30,product,선박,2435682000,잠정,2026-09-30T01:44:35.037576+00:00
2024-11-01,month_end,30,product,승용차,5449951000,잠정,2026-09-30T01:44:35.037576+00:00
2024-11-01,month_end,30,product,자동차부품,1694134000,잠정,2026-09-30T01:44:35.037576+00:00
2024-11-01,month_end,30,product,전체,56288629000,잠정,2026-09-30T01:44:35.037576+00:00
2024-11-01,month_end,30,product,정밀기기,932883000,잠정,2026-09-30T01:44:35.037576+00:00
2024-11-01,month_end,30,product,철강제품,3872988000,잠정,2026-09-30T01:44:35.037576+00:00
2024-11-01,month_end,30,product,컴퓨터주변기기,1490034000,잠정,2026-09-30T01:44:35.037576+00:00
2024-12-01,10,10,country,대만,876981000,잠정,2026-09-30T01:48:18.213475+00:00
2024-12-01,10,10,country,말레이시아,202778000,잠정,2026-09-30T01:48:18.213475+00:00
2024-12-01,10,10,country,미국,3690625000,잠정,2026-09-30T01:48:18.213475+00:00
2024-12-01,10,10,country,베트남,1570104000,잠정,2026-09-30T01:48:18.213475+00:00
2024-12-01,10,10,country,싱가포르,525681000,잠정,2026-09-30T01:48:18.213475+00:00
2024-12-01,10,10,country,유럽연합,1553975000,잠정,2026-09-30T01:48:18.213475+00:00
2024-12-01,10,10,country,인도,483946000,잠정,2026-09-30T01:48:18.213475+00:00
2024-12-01,10,10,country,일본,847494000,잠정,2026-09-30T01:48:18.213475+00:00
2024-12-01,10,10,country,전체,17541285000,잠정,2026-09-30T01:48:18.213475+00:00
2024-12-01,10,10,country,중국,3745365000,잠정,2026-09-30T01:48:18.213475+00:00
2024-12-01,10,10,country,홍콩,608667000,잠정,2026-09-30T01:48:18.213475+00:00
2024-12-01,10,10,product,가전제품,196808000,잠정,2026-09-30T01:44:35.037576+00:00
2024-12-01,10,10,product,무선통신기기,505990000,잠정,2026-09-30T01:44:35.037576+00:00
2024-12-01,10,10,product,반도체,3613270000,잠정,2026-09-30T01:44:35.037576+00:00
2024-12-01,10,10,product,석유제품,1229316000,잠정,2026-09-30T01:44:35.037576+00:00
2024-12-01,10,10,product,선박,1083986000,잠정,2026-09-30T01:44:35.037576+00:00
2024-12-01,10,10,product,승용차,1444340000,잠정,2026-09-30T01:44:35.037576+00:00
2024-12-01,10,10,product,자동차부품,570762000,잠정,2026-09-30T01:44:35.037576+00:00
2024-12-01,10,10,product,전체,17541285000,잠정,2026-09-30T01:44:35.037576+00:00
2024-12-01,10,10,product,정밀기기,296492000,잠정,2026-09-30T01:44:35.037576+00:00
2024-12-01,10,10,product,철강제품,1175688000,잠정,2026-09-30T01:44:35.037576+00:00
2024-12-01,10,10,product,컴퓨터주변기기,291192000,잠정,2026-09-30T01:44:35.037576+00:00
2024-12-01,20,20,country,대만,2000641000,잠정,2026-09-30T01:48:18.213475+00:00
2024-12-01,20,20,country,말레이시아,532931000,잠정,2026-09-30T01:48:18.213475+00:00
2024-12-01,20,20,country,미국,8001710000,잠정,2026-09-30T01:48:18.213475+00:00
2024-12-01,20,20,country,베트남,3521580000,잠정,2026-09-30T01:48:18.213475+00:00
2024-12-01,20,20,country,싱가포르,1056886000,잠정,2026-09-30T01:48:18.213475+00:00
2024-12-01,20,20,country,유럽연합,4318938000,잠정,2026-09-30T01:48:18.213475+00:00
2024-12-01,20,20,country,인도,1148542000,잠정,2026-09-30T01:48:18.213475+00:00
2024-12-01,20,20,country,일본,2027943000,잠정,2026-09-30T01:48:18.213475+00:00
2024-12-01,20,20,country,전체,40285842000,잠정,2026-09-30T01:48:18.213475+00:00
2024-12-01,20,20,country,중국,8057528000,잠정,2026-09-30T01:48:18.213475+00:00
2024-12-01,20,20,country,홍콩,1587284000,잠정,2026-09-30T01:48:18.213475+00:00
2024-12-01,20,20,product,가전제품,477061000,잠정,2026-09-30T01:44:35.037576+00:00
2024-12-01,20,20,product,무선통신기기,1028518000,잠정,2026-09-30T01:44:35.037576+00:00
2024-12-01,20,20,product,반도체,8211201000,잠정,2026-09-30T01:44:35.037576+00:00
2024-12-01,20,20,product,석유제품,2661446000,잠정,2026-09-30T01:44:35.037576+00:00
2024-12-01,20,20,product,선박,1867912000,잠정,2026-09-30T01:44:35.037576+00:00
2024-12-01,20,20,product,승용차,3726732000,잠정,2026-09-30T01:44:35.037576+00:00
2024-12-01,20,20,product,자동차부품,1240474000,잠정,2026-09-30T01:44:35.037576+00:00
2024-12-01,20,20,product,전체,40285842000,잠정,2026-09-30T01:44:35.037576+00:00
2024-12-01,20,20,product,정밀기기,700002000,잠정,2026-09-30T01:44:35.037576+00:00
2024-12-01,20,20,product,철강제품,2787902000,잠정,2026-09-30T01:44:35.037576+00:00
2024-12-01,20,20,product,컴퓨터주변기기,809087000,잠정,2026-09-30T01:44:35.037576+00:00
2024-12-01,month_end,31,country,대만,4335694000,잠정,2026-09-30T01:48:18.213475+00:00
2024-12-01,month_end,31,country,말레이시아,803343000,잠정,2026-09-30T01:48:18.213475+00:00
2024-12-01,month_end,31,country,미국,11893820000,잠정,2026-09-30T01:48:18.213475+00:00
2024-12-01,month_end,31,country,베트남,4930153000,잠정,2026-09-30T01:48:18.213475+00:00
2024-12-01,month_end,31,country,싱가포르,1747126000,잠정,2026-09-30T01:48:18.213475+00:00
2024-12-01,month_end,31,country,유럽연합,5800800000,잠정,2026-09-30T01:48:18.213475+00:00
2024-12-01,month_end,31,country,인도,1684867000,잠정,2026-09-30T01:48:18.213475+00:00
2024-12-01,month_end,31,country,일본,2644228000,잠정,2026-09-30T01:48:18.213475+00:00
2024-12-01,month_end,31,country,전체,61359250000,잠정,2026-09-30T01:48:18.213475+00:00
2024-12-01,month_end,31,country,중국,11772793000,잠정,2026-09-30T01:48:18.213475+00:00
2024-12-01,month_end,31,country,홍콩,3287666000,잠정,2026-09-30T01:48:18.213475+00:00
2024-12-01,month_end,31,product,가전제품,606962000,잠정,2026-09-30T01:44:35.037576+00:00
2024-12-01,month_end,31,product,무선통신기기,1319215000,잠정,2026-09-30T01:44:35.037576+00:00
2024-12-01,month_end,31,product,반도체,14619210000,잠정,2026-09-30T01:44:35.037576+00:00
2024-12-01,month_end,31,product,석유제품,4000311000,잠정,2026-09-30T01:44:35.037576+00:00
2024-12-01,month_end,31,product,선박,2981019000,잠정,2026-09-30T01:44:35.037576+00:00
2024-12-01,month_end,31,product,승용차,5833631000,잠정,2026-09-30T01:44:35.037576+00:00
2024-12-01,month_end,31,product,자동차부품,1803834000,잠정,2026-09-30T01:44:35.037576+00:00
2024-12-01,month_end,31,product,전체,61359250000,잠정,2026-09-30T01:44:35.037576+00:00
2024-12-01,month_end,31,product,정밀기기,976061000,잠정,2026-09-30T01:44:35.037576+00:00
2024-12-01,month_end,31,product,철강제품,4093382000,잠정,2026-09-30T01:44:35.037576+00:00
2024-12-01,month_end,31,product,컴퓨터주변기기,1639594000,잠정,2026-09-30T01:44:35.037576+00:00
2025-01-01,10,10,country,대만,548123000,잠정,2026-09-30T01:48:18.391896+00:00
2025-01-01,10,10,country,말레이시아,309153000,잠정,2026-09-30T01:48:18.391896+00:00
2025-01-01,10,10,country,미국,2666213000,잠정,2026-09-30T01:48:18.391896+00:00
2025-01-01,10,10,country,베트남,1675043000,잠정,2026-09-30T01:48:18.391896+00:00
2025-01-01,10,10,country,싱가포르,341738000,잠정,2026-09-30T01:48:18.391896+00:00
2025-01-01,10,10,country,유럽연합,1622487000,잠정,2026-09-30T01:48:18.391896+00:00
2025-01-01,10,10,country,인도,485371000,잠정,2026-09-30T01:48:18.391896+00:00
2025-01-01,10,10,country,일본,792036000,잠정,2026-09-30T01:48:18.391896+00:00
2025-01-01,10,10,country,전체,15918926000,잠정,2026-09-30T01:48:18.391896+00:00
2025-01-01,10,10,country,중국,3355701000,잠정,2026-09-30T01:48:18.391896+00:00
2025-01-01,10,10,country,홍콩,460804000,잠정,2026-09-30T01:48:18.391896+00:00
2025-01-01,10,10,product,가전제품,200275000,잠정,2026-09-30T01:44:35.223965+00:00
2025-01-01,10,10,product,무선통신기기,335369000,잠정,2026-09-30T01:44:35.223965+00:00
2025-01-01,10,10,product,반도체,3183772000,잠정,2026-09-30T01:44:35.223965+00:00
2025-01-01,10,10,product,석유제품,883329000,잠정,2026-09-30T01:44:35.223965+00:00
2025-01-01,10,10,product,선박,1056787000,잠정,2026-09-30T01:44:35.223965+00:00
2025-01-01,10,10,product,승용차,1352570000,잠정,2026-09-30T01:44:35.223965+00:00
2025-01-01,10,10,product,자동차부품,474471000,잠정,2026-09-30T01:44:35.223965+00:00
2025-01-01,10,10,product,전체,15918926000,잠정,2026-09-30T01:44:35.223965+00:00
2025-01-01,10,10,product,정밀기기,272982000,잠정,2026-09-30T01:44:35.223965+00:00
2025-01-01,10,10,product,철강제품,1200349000,잠정,2026-09-30T01:44:35.223965+00:00
2025-01-01,10,10,product,컴퓨터주변기기,203270000,잠정,2026-09-30T01:44:35.223965+00:00
2025-01-01,20,20,country,대만,1172152000,잠정,2026-09-30T01:48:18.391896+00:00
2025-01-01,20,20,country,말레이시아,586311000,잠정,2026-09-30T01:48:18.391896+00:00
2025-01-01,20,20,country,미국,5579374000,잠정,2026-09-30T01:48:18.391896+00:00
2025-01-01,20,20,country,베트남,3053340000,잠정,2026-09-30T01:48:18.391896+00:00
2025-01-01,20,20,country,싱가포르,681980000,잠정,2026-09-30T01:48:18.391896+00:00
2025-01-01,20,20,country,유럽연합,3409873000,잠정,2026-09-30T01:48:18.391896+00:00
2025-01-01,20,20,country,인도,1004481000,잠정,2026-09-30T01:48:18.391896+00:00
2025-01-01,20,20,country,일본,1491319000,잠정,2026-09-30T01:48:18.391896+00:00
2025-01-01,20,20,country,전체,31633210000,잠정,2026-09-30T01:48:18.391896+00:00
2025-01-01,20,20,country,중국,6490827000,잠정,2026-09-30T01:48:18.391896+00:00
2025-01-01,20,20,country,홍콩,994057000,잠정,2026-09-30T01:48:18.391896+00:00
2025-01-01,20,20,product,가전제품,404078000,잠정,2026-09-30T01:44:35.223965+00:00
2025-01-01,20,20,product,무선통신기기,707985000,잠정,2026-09-30T01:44:35.223965+00:00
2025-01-01,20,20,product,반도체,6307186000,잠정,2026-09-30T01:44:35.223965+00:00
2025-01-01,20,20,product,석유제품,2092175000,잠정,2026-09-30T01:44:35.223965+00:00
2025-01-01,20,20,product,선박,1621617000,잠정,2026-09-30T01:44:35.223965+00:00
2025-01-01,20,20,product,승용차,3213179000,잠정,2026-09-30T01:44:35.223965+00:00
2025-01-01,20,20,product,자동차부품,985609000,잠정,2026-09-30T01:44:35.223965+00:00
2025-01-01,20,20,product,전체,31633210000,잠정,2026-09-30T01:44:35.223965+00:00
2025-01-01,20,20,product,정밀기기,518310000,잠정,2026-09-30T01:44:35.223965+00:00
2025-01-01,20,20,product,철강제품,2388604000,잠정,2026-09-30T01:44:35.223965+00:00
2025-01-01,20,20,product,컴퓨터주변기기,456252000,잠정,2026-09-30T01:44:35.223965+00:00
2025-01-01,month_end,31,country,대만,2438188000,잠정,2026-09-30T01:48:18.391896+00:00
2025-01-01,month_end,31,country,말레이시아,921582000,잠정,2026-09-30T01:48:18.391896+00:00
2025-01-01,month_end,31,country,미국,9282567000,잠정,2026-09-30T01:48:18.391896+00:00
2025-01-01,month_end,31,country,베트남,4356972000,잠정,2026-09-30T01:48:18.391896+00:00
2025-01-01,month_end,31,country,싱가포르,1162020000,잠정,2026-09-30T01:48:18.391896+00:00
2025-01-01,month_end,31,country,유럽연합,5040759000,잠정,2026-09-30T01:48:18.391896+00:00
2025-01-01,month_end,31,country,인도,1463921000,잠정,2026-09-30T01:48:18.391896+00:00
2025-01-01,month_end,31,country,일본,2363797000,잠정,2026-09-30T01:48:18.391896+00:00
2025-01-01,month_end,31,country,전체,49176984000,잠정,2026-09-30T01:48:18.391896+00:00
2025-01-01,month_end,31,country,중국,9204172000,잠정,2026-09-30T01:48:18.391896+00:00
2025-01-01,month_end,31,country,홍콩,1685484000,잠정,2026-09-30T01:48:18.391896+00:00
2025-01-01,month_end,31,product,가전제품,564601000,잠정,2026-09-30T01:44:35.223965+00:00
2025-01-01,month_end,31,product,무선통신기기,1008827000,잠정,2026-09-30T01:44:35.223965+00:00
2025-01-01,month_end,31,product,반도체,10218918000,잠정,2026-09-30T01:44:35.223965+00:00
2025-01-01,month_end,31,product,석유제품,3480879000,잠정,2026-09-30T01:44:35.223965+00:00
2025-01-01,month_end,31,product,선박,2396385000,잠정,2026-09-30T01:44:35.223965+00:00
2025-01-01,month_end,31,product,승용차,4828883000,잠정,2026-09-30T01:44:35.223965+00:00
2025-01-01,month_end,31,product,자동차부품,1515262000,잠정,2026-09-30T01:44:35.223965+00:00
2025-01-01,month_end,31,product,전체,49176984000,잠정,2026-09-30T01:44:35.223965+00:00
2025-01-01,month_end,31,product,정밀기기,756434000,잠정,2026-09-30T01:44:35.223965+00:00
2025-01-01,month_end,31,product,철강제품,3731804000,잠정,2026-09-30T01:44:35.223965+00:00
2025-01-01,month_end,31,product,컴퓨터주변기기,931936000,잠정,2026-09-30T01:44:35.223965+00:00
2025-02-01,10,10,country,대만,551359000,잠정,2026-09-30T01:48:18.391896+00:00
2025-02-01,10,10,country,말레이시아,287440000,잠정,2026-09-30T01:48:18.391896+00:00
2025-02-01,10,10,country,미국,2605530000,잠정,2026-09-30T01:48:18.391896+00:00
2025-02-01,10,10,country,베트남,1534375000,잠정,2026-09-30T01:48:18.391896+00:00
2025-02-01,10,10,country,싱가포르,466281000,잠정,2026-09-30T01:48:18.391896+00:00
2025-02-01,10,10,country,유럽연합,1570718000,잠정,2026-09-30T01:48:18.391896+00:00
2025-02-01,10,10,country,인도,486480000,잠정,2026-09-30T01:48:18.391896+00:00
2025-02-01,10,10,country,일본,583135000,잠정,2026-09-30T01:48:18.391896+00:00
2025-02-01,10,10,country,전체,14811188000,잠정,2026-09-30T01:48:18.391896+00:00
2025-02-01,10,10,country,중국,2951772000,잠정,2026-09-30T01:48:18.391896+00:00
2025-02-01,10,10,country,홍콩,408367000,잠정,2026-09-30T01:48:18.391896+00:00
2025-02-01,10,10,product,가전제품,149065000,잠정,2026-09-30T01:44:35.223965+00:00
2025-02-01,10,10,product,무선통신기기,446569000,잠정,2026-09-30T01:44:35.223965+00:00
2025-02-01,10,10,product,반도체,2832428000,잠정,2026-09-30T01:44:35.223965+00:00
2025-02-01,10,10,product,석유제품,1086454000,잠정,2026-09-30T01:44:35.223965+00:00
2025-02-01,10,10,product,선박,934921000,잠정,2026-09-30T01:44:35.223965+00:00
2025-02-01,10,10,product,승용차,1384207000,잠정,2026-09-30T01:44:35.223965+00:00
2025-02-01,10,10,product,자동차부품,457219000,잠정,2026-09-30T01:44:35.223965+00:00
2025-02-01,10,10,product,전체,14811188000,잠정,2026-09-30T01:44:35.223965+00:00
2025-02-01,10,10,product,정밀기기,270530000,잠정,2026-09-30T01:44:35.223965+00:00
2025-02-01,10,10,product,철강제품,947107000,잠정,2026-09-30T01:44:35.223965+00:00
2025-02-01,10,10,product,컴퓨터주변기기,242978000,잠정,2026-09-30T01:44:35.223965+00:00
2025-02-01,20,20,country,대만,1593730000,잠정,2026-09-30T01:48:18.391896+00:00
2025-02-01,20,20,country,말레이시아,802681000,잠정,2026-09-30T01:48:18.391896+00:00
2025-02-01,20,20,country,미국,6589617000,잠정,2026-09-30T01:48:18.391896+00:00
2025-02-01,20,20,country,베트남,3368563000,잠정,2026-09-30T01:48:18.391896+00:00
2025-02-01,20,20,country,싱가포르,1004700000,잠정,2026-09-30T01:48:18.391896+00:00
2025-02-01,20,20,country,유럽연합,3445205000,잠정,2026-09-30T01:48:18.391896+00:00
2025-02-01,20,20,country,인도,1155327000,잠정,2026-09-30T01:48:18.391896+00:00
2025-02-01,20,20,country,일본,1529965000,잠정,2026-09-30T01:48:18.391896+00:00
2025-02-01,20,20,country,전체,35228231000,잠정,2026-09-30T01:48:18.391896+00:00
2025-02-01,20,20,country,중국,6626587000,잠정,2026-09-30T01:48:18.391896+00:00
2025-02-01,20,20,country,홍콩,1151862000,잠정,2026-09-30T01:48:18.391896+00:00
2025-02-01,20,20,product,가전제품,388397000,잠정,2026-09-30T01:44:35.223965+00:00
2025-02-01,20,20,product,무선통신기기,839548000,잠정,2026-09-30T01:44:35.223965+00:00
2025-02-01,20,20,product,반도체,6455746000,잠정,2026-09-30T01:44:35.223965+00:00
2025-02-01,20,20,product,석유제품,2624725000,잠정,2026-09-30T01:44:35.223965+00:00
2025-02-01,20,20,product,선박,1058665000,잠정,2026-09-30T01:44:35.223965+00:00
2025-02-01,20,20,product,승용차,3604913000,잠정,2026-09-30T01:44:35.223965+00:00
2025-02-01,20,20,product,자동차부품,1223908000,잠정,2026-09-30T01:44:35.223965+00:00
2025-02-01,20,20,product,전체,35228231000,잠정,2026-09-30T01:44:35.223965+00:00
2025-02-01,20,20,product,정밀기기,648037000,잠정,2026-09-30T01:44:35.223965+00:00
2025-02-01,20,20,product,철강제품,2486991000,잠정,2026-09-30T01:44:35.223965+00:00
2025-02-01,20,20,product,컴퓨터주변기기,585809000,잠정,2026-09-30T01:44:35.223965+00:00
2025-02-01,month_end,28,country,대만,2751970000,잠정,2026-09-30T01:48:18.391896+00:00
2025-02-01,month_end,28,country,말레이시아,1033844000,잠정,2026-09-30T01:48:18.391896+00:00
2025-02-01,month_end,28,country,미국,9889640000,잠정,2026-09-30T01:48:18.391896+00:00
2025-02-01,month_end,28,country,베트남,4733818000,잠정,2026-09-30T01:48:18.391896+00:00
2025-02-01,month_end,28,country,싱가포르,1629460000,잠정,2026-09-30T01:48:18.391896+00:00
2025-02-01,month_end,28,country,유럽연합,5072726000,잠정,2026-09-30T01:48:18.391896+00:00
2025-02-01,month_end,28,country,인도,1595804000,잠정,2026-09-30T01:48:18.391896+00:00
2025-02-01,month_end,28,country,일본,2265014000,잠정,2026-09-30T01:48:18.391896+00:00
2025-02-01,month_end,28,country,전체,52292301000,잠정,2026-09-30T01:48:18.391896+00:00
2025-02-01,month_end,28,country,중국,9505605000,잠정,2026-09-30T01:48:18.391896+00:00
2025-02-01,month_end,28,country,홍콩,1888440000,잠정,2026-09-30T01:48:18.391896+00:00
2025-02-01,month_end,28,product,가전제품,603499000,잠정,2026-09-30T01:44:35.223965+00:00
2025-02-01,month_end,28,product,무선통신기기,1145297000,잠정,2026-09-30T01:44:35.223965+00:00
2025-02-01,month_end,28,product,반도체,9795611000,잠정,2026-09-30T01:44:35.223965+00:00
2025-02-01,month_end,28,product,석유제품,3908568000,잠정,2026-09-30T01:44:35.223965+00:00
2025-02-01,month_end,28,product,선박,1472970000,잠정,2026-09-30T01:44:35.223965+00:00
2025-02-01,month_end,28,product,승용차,5848945000,잠정,2026-09-30T01:44:35.223965+00:00
2025-02-01,month_end,28,product,자동차부품,1808863000,잠정,2026-09-30T01:44:35.223965+00:00
2025-02-01,month_end,28,product,전체,52292301000,잠정,2026-09-30T01:44:35.223965+00:00
2025-02-01,month_end,28,product,정밀기기,934408000,잠정,2026-09-30T01:44:35.223965+00:00
2025-02-01,month_end,28,product,철강제품,3778184000,잠정,2026-09-30T01:44:35.223965+00:00
2025-02-01,month_end,28,product,컴퓨터주변기기,963189000,잠정,2026-09-30T01:44:35.223965+00:00
2025-03-01,10,10,country,대만,593297000,잠정,2026-09-30T01:48:18.391896+00:00
2025-03-01,10,10,country,말레이시아,216707000,잠정,2026-09-30T01:48:18.391896+00:00
2025-03-01,10,10,country,미국,2466535000,잠정,2026-09-30T01:48:18.391896+00:00
2025-03-01,10,10,country,베트남,1344937000,잠정,2026-09-30T01:48:18.391896+00:00
2025-03-01,10,10,country,싱가포르,688309000,잠정,2026-09-30T01:48:18.391896+00:00
2025-03-01,10,10,country,유럽연합,1541458000,잠정,2026-09-30T01:48:18.391896+00:00
2025-03-01,10,10,country,인도,389770000,잠정,2026-09-30T01:48:18.391896+00:00
2025-03-01,10,10,country,일본,546923000,잠정,2026-09-30T01:48:18.391896+00:00
2025-03-01,10,10,country,전체,13798090000,잠정,2026-09-30T01:48:18.391896+00:00
2025-03-01,10,10,country,중국,2692843000,잠정,2026-09-30T01:48:18.391896+00:00
2025-03-01,10,10,country,홍콩,441047000,잠정,2026-09-30T01:48:18.391896+00:00
2025-03-01,10,10,product,가전제품,146652000,잠정,2026-09-30T01:44:35.223965+00:00
2025-03-01,10,10,product,무선통신기기,451641000,잠정,2026-09-30T01:44:35.223965+00:00
2025-03-01,10,10,product,반도체,2750586000,잠정,2026-09-30T01:44:35.223965+00:00
2025-03-01,10,10,product,석유제품,987011000,잠정,2026-09-30T01:44:35.223965+00:00
2025-03-01,10,10,product,선박,1222229000,잠정,2026-09-30T01:44:35.223965+00:00
2025-03-01,10,10,product,승용차,1205666000,잠정,2026-09-30T01:44:35.223965+00:00
2025-03-01,10,10,product,자동차부품,436837000,잠정,2026-09-30T01:44:35.223965+00:00
2025-03-01,10,10,product,전체,13798090000,잠정,2026-09-30T01:44:35.223965+00:00
2025-03-01,10,10,product,정밀기기,216006000,잠정,2026-09-30T01:44:35.223965+00:00
2025-03-01,10,10,product,철강제품,833473000,잠정,2026-09-30T01:44:35.223965+00:00
2025-03-01,10,10,product,컴퓨터주변기기,173185000,잠정,2026-09-30T01:44:35.223965+00:00
2025-03-01,20,20,country,대만,1850075000,잠정,2026-09-30T01:48:18.391896+00:00
2025-03-01,20,20,country,말레이시아,554609000,잠정,2026-09-30T01:48:18.391896+00:00
2025-03-01,20,20,country,미국,6706878000,잠정,2026-09-30T01:48:18.391896+00:00
2025-03-01,20,20,country,베트남,3233852000,잠정,2026-09-30T01:48:18.391896+00:00
2025-03-01,20,20,country,싱가포르,1202558000,잠정,2026-09-30T01:48:18.391896+00:00
2025-03-01,20,20,country,유럽연합,4214794000,잠정,2026-09-30T01:48:18.391896+00:00
2025-03-01,20,20,country,인도,984148000,잠정,2026-09-30T01:48:18.391896+00:00
2025-03-01,20,20,country,일본,1361503000,잠정,2026-09-30T01:48:18.391896+00:00
2025-03-01,20,20,country,전체,35436582000,잠정,2026-09-30T01:48:18.391896+00:00
2025-03-01,20,20,country,중국,6374992000,잠정,2026-09-30T01:48:18.391896+00:00
2025-03-01,20,20,country,홍콩,1214917000,잠정,2026-09-30T01:48:18.391896+00:00
2025-03-01,20,20,product,가전제품,355099000,잠정,2026-09-30T01:44:35.223965+00:00
2025-03-01,20,20,product,무선통신기기,946188000,잠정,2026-09-30T01:44:35.223965+00:00
2025-03-01,20,20,product,반도체,7070184000,잠정,2026-09-30T01:44:35.223965+00:00
2025-03-01,20,20,product,석유제품,2114983000,잠정,2026-09-30T01:44:35.223965+00:00
2025-03-01,20,20,product,선박,2227638000,잠정,2026-09-30T01:44:35.223965+00:00
2025-03-01,20,20,product,승용차,3297757000,잠정,2026-09-30T01:44:35.223965+00:00
2025-03-01,20,20,product,자동차부품,1182877000,잠정,2026-09-30T01:44:35.223965+00:00
2025-03-01,20,20,product,전체,35436582000,잠정,2026-09-30T01:44:35.223965+00:00
2025-03-01,20,20,product,정밀기기,583409000,잠정,2026-09-30T01:44:35.223965+00:00
2025-03-01,20,20,product,철강제품,2274120000,잠정,2026-09-30T01:44:35.223965+00:00
2025-03-01,20,20,product,컴퓨터주변기기,603470000,잠정,2026-09-30T01:44:35.223965+00:00
2025-03-01,month_end,31,country,대만,3820712000,잠정,2026-09-30T01:48:18.391896+00:00
2025-03-01,month_end,31,country,말레이시아,980220000,잠정,2026-09-30T01:48:18.391896+00:00
2025-03-01,month_end,31,country,미국,11109476000,잠정,2026-09-30T01:48:18.391896+00:00
2025-03-01,month_end,31,country,베트남,5025872000,잠정,2026-09-30T01:48:18.391896+00:00
2025-03-01,month_end,31,country,싱가포르,1894030000,잠정,2026-09-30T01:48:18.391896+00:00
2025-03-01,month_end,31,country,유럽연합,6258648000,잠정,2026-09-30T01:48:18.391896+00:00
2025-03-01,month_end,31,country,인도,1502347000,잠정,2026-09-30T01:48:18.391896+00:00
2025-03-01,month_end,31,country,일본,2158842000,잠정,2026-09-30T01:48:18.391896+00:00
2025-03-01,month_end,31,country,전체,58064562000,잠정,2026-09-30T01:48:18.391896+00:00
2025-03-01,month_end,31,country,중국,10057086000,잠정,2026-09-30T01:48:18.391896+00:00
2025-03-01,month_end,31,country,홍콩,2681760000,잠정,2026-09-30T01:48:18.391896+00:00
2025-03-01,month_end,31,product,가전제품,567422000,잠정,2026-09-30T01:44:35.223965+00:00
2025-03-01,month_end,31,product,무선통신기기,1392090000,잠정,2026-09-30T01:44:35.223965+00:00
2025-03-01,month_end,31,product,반도체,13196760000,잠정,2026-09-30T01:44:35.223965+00:00
2025-03-01,month_end,31,product,석유제품,3324448000,잠정,2026-09-30T01:44:35.223965+00:00
2025-03-01,month_end,31,product,선박,3062292000,잠정,2026-09-30T01:44:35.223965+00:00
2025-03-01,month_end,31,product,승용차,6011597000,잠정,2026-09-30T01:44:35.223965+00:00
2025-03-01,month_end,31,product,자동차부품,1793278000,잠정,2026-09-30T01:44:35.223965+00:00
2025-03-01,month_end,31,product,전체,58064562000,잠정,2026-09-30T01:44:35.223965+00:00
2025-03-01,month_end,31,product,정밀기기,900999000,잠정,2026-09-30T01:44:35.223965+00:00
2025-03-01,month_end,31,product,철강제품,3874596000,잠정,2026-09-30T01:44:35.223965+00:00
2025-03-01,month_end,31,product,컴퓨터주변기기,1348200000,잠정,2026-09-30T01:44:35.223965+00:00
2025-04-01,10,10,country,대만,761952000,잠정,2026-09-30T01:48:18.391896+00:00
2025-04-01,10,10,country,말레이시아,342451000,잠정,2026-09-30T01:48:18.391896+00:00
2025-04-01,10,10,country,미국,3459434000,잠정,2026-09-30T01:48:18.391896+00:00
2025-04-01,10,10,country,베트남,1702574000,잠정,2026-09-30T01:48:18.391896+00:00
2025-04-01,10,10,country,싱가포르,525375000,잠정,2026-09-30T01:48:18.391896+00:00
2025-04-01,10,10,country,유럽연합,2171628000,잠정,2026-09-30T01:48:18.391896+00:00
2025-04-01,10,10,country,인도,539622000,잠정,2026-09-30T01:48:18.391896+00:00
2025-04-01,10,10,country,일본,865874000,잠정,2026-09-30T01:48:18.391896+00:00
2025-04-01,10,10,country,전체,18444823000,잠정,2026-09-30T01:48:18.391896+00:00
2025-04-01,10,10,country,중국,3501528000,잠정,2026-09-30T01:48:18.391896+00:00
2025-04-01,10,10,country,홍콩,527691000,잠정,2026-09-30T01:48:18.391896+00:00
2025-04-01,10,10,product,가전제품,214993000,잠정,2026-09-30T01:44:35.223965+00:00
2025-04-01,10,10,product,무선통신기기,490722000,잠정,2026-09-30T01:44:35.223965+00:00
2025-04-01,10,10,product,반도체,3394493000,잠정,2026-09-30T01:44:35.223965+00:00
2025-04-01,10,10,product,석유제품,1264689000,잠정,2026-09-30T01:44:35.223965+00:00
2025-04-01,10,10,product,선박,643529000,잠정,2026-09-30T01:44:35.223965+00:00
2025-04-01,10,10,product,승용차,1830140000,잠정,2026-09-30T01:44:35.223965+00:00
2025-04-01,10,10,product,자동차부품,706082000,잠정,2026-09-30T01:44:35.223965+00:00
2025-04-01,10,10,product,전체,18444823000,잠정,2026-09-30T01:44:35.223965+00:00
2025-04-01,10,10,product,정밀기기,323956000,잠정,2026-09-30T01:44:35.223965+00:00
2025-04-01,10,10,product,철강제품,1298966000,잠정,2026-09-30T01:44:35.223965+00:00
2025-04-01,10,10,product,컴퓨터주변기기,222733000,잠정,2026-09-30T01:44:35.223965+00:00
2025-04-01,20,20,country,대만,1505958000,잠정,2026-09-30T01:48:18.391896+00:00
2025-04-01,20,20,country,말레이시아,533799000,잠정,2026-09-30T01:48:18.391896+00:00
2025-04-01,20,20,country,미국,6160152000,잠정,2026-09-30T01:48:18.391896+00:00
2025-04-01,20,20,country,베트남,3057233000,잠정,2026-09-30T01:48:18.391896+00:00
2025-04-01,20,20,country,싱가포르,890383000,잠정,2026-09-30T01:48:18.391896+00:00
2025-04-01,20,20,country,유럽연합,3978838000,잠정,2026-09-30T01:48:18.391896+00:00
2025-04-01,20,20,country,인도,1052521000,잠정,2026-09-30T01:48:18.391896+00:00
2025-04-01,20,20,country,일본,1493893000,잠정,2026-09-30T01:48:18.391896+00:00
2025-04-01,20,20,country,전체,33718845000,잠정,2026-09-30T01:48:18.391896+00:00
2025-04-01,20,20,country,중국,6606915000,잠정,2026-09-30T01:48:18.391896+00:00
2025-04-01,20,20,country,홍콩,1124309000,잠정,2026-09-30T01:48:18.391896+00:00
2025-04-01,20,20,product,가전제품,374316000,잠정,2026-09-30T01:44:35.223965+00:00
2025-04-01,20,20,product,무선통신기기,914781000,잠정,2026-09-30T01:44:35.223965+00:00
2025-04-01,20,20,product,반도체,6471961000,잠정,2026-09-30T01:44:35.223965+00:00
2025-04-01,20,20,product,석유제품,2146809000,잠정,2026-09-30T01:44:35.223965+00:00
2025-04-01,20,20,product,선박,1008645000,잠정,2026-09-30T01:44:35.223965+00:00
2025-04-01,20,20,product,승용차,3662348000,잠정,2026-09-30T01:44:35.223965+00:00
2025-04-01,20,20,product,자동차부품,1203792000,잠정,2026-09-30T01:44:35.223965+00:00
2025-04-01,20,20,product,전체,33718845000,잠정,2026-09-30T01:44:35.223965+00:00
2025-04-01,20,20,product,정밀기기,573607000,잠정,2026-09-30T01:44:35.223965+00:00
2025-04-01,20,20,product,철강제품,2404359000,잠정,2026-09-30T01:44:35.223965+00:00
2025-04-01,20,20,product,컴퓨터주변기기,440859000,잠정,2026-09-30T01:44:35.223965+00:00
2025-04-01,month_end,30,country,대만,3302394000,잠정,2026-09-30T01:48:18.391896+00:00
2025-04-01,month_end,30,country,말레이시아,868690000,잠정,2026-09-30T01:48:18.391896+00:00
2025-04-01,month_end,30,country,미국,10605998000,잠정,2026-09-30T01:48:18.391896+00:00
2025-04-01,month_end,30,country,베트남,4836983000,잠정,2026-09-30T01:48:18.391896+00:00
2025-04-01,month_end,30,country,싱가포르,1449396000,잠정,2026-09-30T01:48:18.391896+00:00
2025-04-01,month_end,30,country,유럽연합,6621594000,잠정,2026-09-30T01:48:18.391896+00:00
2025-04-01,month_end,30,country,인도,1702787000,잠정,2026-09-30T01:48:18.391896+00:00
2025-04-01,month_end,30,country,일본,2304321000,잠정,2026-09-30T01:48:18.391896+00:00
2025-04-01,month_end,30,country,전체,58035745000,잠정,2026-09-30T01:48:18.391896+00:00
2025-04-01,month_end,30,country,중국,10870289000,잠정,2026-09-30T01:48:18.391896+00:00
2025-04-01,month_end,30,country,홍콩,2515707000,잠정,2026-09-30T01:48:18.391896+00:00
2025-04-01,month_end,30,product,가전제품,659422000,잠정,2026-09-30T01:44:35.223965+00:00
2025-04-01,month_end,30,product,무선통신기기,1402528000,잠정,2026-09-30T01:44:35.223965+00:00
2025-04-01,month_end,30,product,반도체,11803393000,잠정,2026-09-30T01:44:35.223965+00:00
2025-04-01,month_end,30,product,석유제품,3696099000,잠정,2026-09-30T01:44:35.223965+00:00
2025-04-01,month_end,30,product,선박,1845260000,잠정,2026-09-30T01:44:35.223965+00:00
2025-04-01,month_end,30,product,승용차,6298092000,잠정,2026-09-30T01:44:35.223965+00:00
2025-04-01,month_end,30,product,자동차부품,1963757000,잠정,2026-09-30T01:44:35.223965+00:00
2025-04-01,month_end,30,product,전체,58035745000,잠정,2026-09-30T01:44:35.223965+00:00
2025-04-01,month_end,30,product,정밀기기,942102000,잠정,2026-09-30T01:44:35.223965+00:00
2025-04-01,month_end,30,product,철강제품,4360393000,잠정,2026-09-30T01:44:35.223965+00:00
2025-04-01,month_end,30,product,컴퓨터주변기기,829446000,잠정,2026-09-30T01:44:35.223965+00:00
2025-05-01,10,10,country,대만,699249000,잠정,2026-09-30T01:48:18.391896+00:00
2025-05-01,10,10,country,말레이시아,243676000,잠정,2026-09-30T01:48:18.391896+00:00
2025-05-01,10,10,country,미국,1985544000,잠정,2026-09-30T01:48:18.391896+00:00
2025-05-01,10,10,country,베트남,1455983000,잠정,2026-09-30T01:48:18.391896+00:00
2025-05-01,10,10,country,싱가포르,286750000,잠정,2026-09-30T01:48:18.391896+00:00
2025-05-01,10,10,country,유럽연합,1142754000,잠정,2026-09-30T01:48:18.391896+00:00
2025-05-01,10,10,country,인도,384617000,잠정,2026-09-30T01:48:18.391896+00:00
2025-05-01,10,10,country,일본,590695000,잠정,2026-09-30T01:48:18.391896+00:00
2025-05-01,10,10,country,전체,12824191000,잠정,2026-09-30T01:48:18.391896+00:00
2025-05-01,10,10,country,중국,2801447000,잠정,2026-09-30T01:48:18.391896+00:00
2025-05-01,10,10,country,홍콩,432634000,잠정,2026-09-30T01:48:18.391896+00:00
2025-05-01,10,10,product,가전제품,119640000,잠정,2026-09-30T01:44:35.223965+00:00
2025-05-01,10,10,product,무선통신기기,396598000,잠정,2026-09-30T01:44:35.223965+00:00
2025-05-01,10,10,product,반도체,3417924000,잠정,2026-09-30T01:44:35.223965+00:00
2025-05-01,10,10,product,석유제품,995574000,잠정,2026-09-30T01:44:35.223965+00:00
2025-05-01,10,10,product,선박,632597000,잠정,2026-09-30T01:44:35.223965+00:00
2025-05-01,10,10,product,승용차,1121561000,잠정,2026-09-30T01:44:35.223965+00:00
2025-05-01,10,10,product,자동차부품,304651000,잠정,2026-09-30T01:44:35.223965+00:00
2025-05-01,10,10,product,전체,12824191000,잠정,2026-09-30T01:44:35.223965+00:00
2025-05-01,10,10,product,정밀기기,198223000,잠정,2026-09-30T01:44:35.223965+00:00
2025-05-01,10,10,product,철강제품,761170000,잠정,2026-09-30T01:44:35.223965+00:00
2025-05-01,10,10,product,컴퓨터주변기기,236742000,잠정,2026-09-30T01:44:35.223965+00:00
2025-05-01,20,20,country,대만,1658461000,잠정,2026-09-30T01:48:18.391896+00:00
2025-05-01,20,20,country,말레이시아,547582000,잠정,2026-09-30T01:48:18.391896+00:00
2025-05-01,20,20,country,미국,5243821000,잠정,2026-09-30T01:48:18.391896+00:00
2025-05-01,20,20,country,베트남,3158604000,잠정,2026-09-30T01:48:18.391896+00:00
2025-05-01,20,20,country,싱가포르,915347000,잠정,2026-09-30T01:48:18.391896+00:00
2025-05-01,20,20,country,유럽연합,3273462000,잠정,2026-09-30T01:48:18.391896+00:00
2025-05-01,20,20,country,인도,960129000,잠정,2026-09-30T01:48:18.391896+00:00
2025-05-01,20,20,country,일본,1407655000,잠정,2026-09-30T01:48:18.391896+00:00
2025-05-01,20,20,country,전체,31953120000,잠정,2026-09-30T01:48:18.391896+00:00
2025-05-01,20,20,country,중국,6352286000,잠정,2026-09-30T01:48:18.391896+00:00
2025-05-01,20,20,country,홍콩,1167782000,잠정,2026-09-30T01:48:18.391896+00:00
2025-05-01,20,20,product,가전제품,353986000,잠정,2026-09-30T01:44:35.223965+00:00
2025-05-01,20,20,product,무선통신기기,881997000,잠정,2026-09-30T01:44:35.223965+00:00
2025-05-01,20,20,product,반도체,7265549000,잠정,2026-09-30T01:44:35.223965+00:00
2025-05-01,20,20,product,석유제품,2212067000,잠정,2026-09-30T01:44:35.223965+00:00
2025-05-01,20,20,product,선박,1289371000,잠정,2026-09-30T01:44:35.223965+00:00
2025-05-01,20,20,product,승용차,3077966000,잠정,2026-09-30T01:44:35.223965+00:00
2025-05-01,20,20,product,자동차부품,901198000,잠정,2026-09-30T01:44:35.223965+00:00
2025-05-01,20,20,product,전체,31953120000,잠정,2026-09-30T01:44:35.223965+00:00
2025-05-01,20,20,product,정밀기기,520396000,잠정,2026-09-30T01:44:35.223965+00:00
2025-05-01,20,20,product,철강제품,2115130000,잠정,2026-09-30T01:44:35.223965+00:00
2025-05-01,20,20,product,컴퓨터주변기기,604528000,잠정,2026-09-30T01:44:35.223965+00:00
2025-05-01,month_end,31,country,대만,3773435000,잠정,2026-09-30T01:48:18.391896+00:00
2025-05-01,month_end,31,country,말레이시아,1026452000,잠정,2026-09-30T01:48:18.391896+00:00
2025-05-01,month_end,31,country,미국,10036995000,잠정,2026-09-30T01:48:18.391896+00:00
2025-05-01,month_end,31,country,베트남,5236200000,잠정,2026-09-30T01:48:18.391896+00:00
2025-05-01,month_end,31,country,싱가포르,1587493000,잠정,2026-09-30T01:48:18.391896+00:00
2025-05-01,month_end,31,country,유럽연합,6044196000,잠정,2026-09-30T01:48:18.391896+00:00
2025-05-01,month_end,31,country,인도,1615438000,잠정,2026-09-30T01:48:18.391896+00:00
2025-05-01,month_end,31,country,일본,2372099000,잠정,2026-09-30T01:48:18.391896+00:00
2025-05-01,month_end,31,country,전체,57261063000,잠정,2026-09-30T01:48:18.391896+00:00
2025-05-01,month_end,31,country,중국,10446428000,잠정,2026-09-30T01:48:18.391896+00:00
2025-05-01,month_end,31,country,홍콩,2855506000,잠정,2026-09-30T01:48:18.391896+00:00
2025-05-01,month_end,31,product,가전제품,591566000,잠정,2026-09-30T01:44:35.223965+00:00
2025-05-01,month_end,31,product,무선통신기기,1388196000,잠정,2026-09-30T01:44:35.223965+00:00
2025-05-01,month_end,31,product,반도체,13929723000,잠정,2026-09-30T01:44:35.223965+00:00
2025-05-01,month_end,31,product,석유제품,3646694000,잠정,2026-09-30T01:44:35.223965+00:00
2025-05-01,month_end,31,product,선박,2166226000,잠정,2026-09-30T01:44:35.223965+00:00
2025-05-01,month_end,31,product,승용차,5939575000,잠정,2026-09-30T01:44:35.223965+00:00
2025-05-01,month_end,31,product,자동차부품,1602541000,잠정,2026-09-30T01:44:35.223965+00:00
2025-05-01,month_end,31,product,전체,57261063000,잠정,2026-09-30T01:44:35.223965+00:00
2025-05-01,month_end,31,product,정밀기기,861826000,잠정,2026-09-30T01:44:35.223965+00:00
2025-05-01,month_end,31,product,철강제품,3789307000,잠정,2026-09-30T01:44:35.223965+00:00
2025-05-01,month_end,31,product,컴퓨터주변기기,1244659000,잠정,2026-09-30T01:44:35.223965+00:00
2025-06-01,10,10,country,대만,803061000,잠정,2026-09-30T01:48:18.391896+00:00
2025-06-01,10,10,country,말레이시아,309093000,잠정,2026-09-30T01:48:18.391896+00:00
2025-06-01,10,10,country,미국,2938135000,잠정,2026-09-30T01:48:18.391896+00:00
2025-06-01,10,10,country,베트남,1394052000,잠정,2026-09-30T01:48:18.391896+00:00
2025-06-01,10,10,country,싱가포르,474396000,잠정,2026-09-30T01:48:18.391896+00:00
2025-06-01,10,10,country,유럽연합,1477606000,잠정,2026-09-30T01:48:18.391896+00:00
2025-06-01,10,10,country,인도,447377000,잠정,2026-09-30T01:48:18.391896+00:00
2025-06-01,10,10,country,일본,589326000,잠정,2026-09-30T01:48:18.391896+00:00
2025-06-01,10,10,country,전체,15400571000,잠정,2026-09-30T01:48:18.391896+00:00
2025-06-01,10,10,country,중국,3070702000,잠정,2026-09-30T01:48:18.391896+00:00
2025-06-01,10,10,country,홍콩,565711000,잠정,2026-09-30T01:48:18.391896+00:00
2025-06-01,10,10,product,가전제품,141520000,잠정,2026-09-30T01:44:35.223965+00:00
2025-06-01,10,10,product,무선통신기기,294700000,잠정,2026-09-30T01:44:35.223965+00:00
2025-06-01,10,10,product,반도체,3619434000,잠정,2026-09-30T01:44:35.223965+00:00
2025-06-01,10,10,product,석유제품,1146079000,잠정,2026-09-30T01:44:35.223965+00:00
2025-06-01,10,10,product,선박,892638000,잠정,2026-09-30T01:44:35.223965+00:00
2025-06-01,10,10,product,승용차,1294923000,잠정,2026-09-30T01:44:35.223965+00:00
2025-06-01,10,10,product,자동차부품,484126000,잠정,2026-09-30T01:44:35.223965+00:00
2025-06-01,10,10,product,전체,15400571000,잠정,2026-09-30T01:44:35.223965+00:00
2025-06-01,10,10,product,정밀기기,227935000,잠정,2026-09-30T01:44:35.223965+00:00
2025-06-01,10,10,product,철강제품,945477000,잠정,2026-09-30T01:44:35.223965+00:00
2025-06-01,10,10,product,컴퓨터주변기기,258238000,잠정,2026-09-30T01:44:35.223965+00:00
2025-06-01,20,20,country,대만,2235035000,잠정,2026-09-30T01:48:18.391896+00:00
2025-06-01,20,20,country,말레이시아,731769000,잠정,2026-09-30T01:48:18.391896+00:00
2025-06-01,20,20,country,미국,7406663000,잠정,2026-09-30T01:48:18.391896+00:00
2025-06-01,20,20,country,베트남,3382175000,잠정,2026-09-30T01:48:18.391896+00:00
2025-06-01,20,20,country,싱가포르,862304000,잠정,2026-09-30T01:48:18.391896+00:00
2025-06-01,20,20,country,유럽연합,4087757000,잠정,2026-09-30T01:48:18.391896+00:00
2025-06-01,20,20,country,인도,1124252000,잠정,2026-09-30T01:48:18.391896+00:00
2025-06-01,20,20,country,일본,1620688000,잠정,2026-09-30T01:48:18.391896+00:00
2025-06-01,20,20,country,전체,38659030000,잠정,2026-09-30T01:48:18.391896+00:00
2025-06-01,20,20,country,중국,6981155000,잠정,2026-09-30T01:48:18.391896+00:00
2025-06-01,20,20,country,홍콩,1663170000,잠정,2026-09-30T01:48:18.391896+00:00
2025-06-01,20,20,product,가전제품,354543000,잠정,2026-09-30T01:44:35.223965+00:00
2025-06-01,20,20,product,무선통신기기,718611000,잠정,2026-09-30T01:44:35.223965+00:00
2025-06-01,20,20,product,반도체,8846348000,잠정,2026-09-30T01:44:35.223965+00:00
2025-06-01,20,20,product,석유제품,2644141000,잠정,2026-09-30T01:44:35.223965+00:00
2025-06-01,20,20,product,선박,1583188000,잠정,2026-09-30T01:44:35.223965+00:00
2025-06-01,20,20,product,승용차,3653575000,잠정,2026-09-30T01:44:35.223965+00:00
2025-06-01,20,20,product,자동차부품,1221088000,잠정,2026-09-30T01:44:35.223965+00:00
2025-06-01,20,20,product,전체,38659030000,잠정,2026-09-30T01:44:35.223965+00:00
2025-06-01,20,20,product,정밀기기,586333000,잠정,2026-09-30T01:44:35.223965+00:00
2025-06-01,20,20,product,철강제품,2484227000,잠정,2026-09-30T01:44:35.223965+00:00
2025-06-01,20,20,product,컴퓨터주변기기,779684000,잠정,2026-09-30T01:44:35.223965+00:00
2025-06-01,month_end,30,country,대만,4348540000,잠정,2026-09-30T01:48:18.391896+00:00
2025-06-01,month_end,30,country,말레이시아,1031925000,잠정,2026-09-30T01:48:18.391896+00:00
2025-06-01,month_end,30,country,미국,11208004000,잠정,2026-09-30T01:48:18.391896+00:00
2025-06-01,month_end,30,country,베트남,4936225000,잠정,2026-09-30T01:48:18.391896+00:00
2025-06-01,month_end,30,country,싱가포르,1529376000,잠정,2026-09-30T01:48:18.391896+00:00
2025-06-01,month_end,30,country,유럽연합,5785913000,잠정,2026-09-30T01:48:18.391896+00:00
2025-06-01,month_end,30,country,인도,1582585000,잠정,2026-09-30T01:48:18.391896+00:00
2025-06-01,month_end,30,country,일본,2440273000,잠정,2026-09-30T01:48:18.391896+00:00
2025-06-01,month_end,30,country,전체,59833797000,잠정,2026-09-30T01:48:18.391896+00:00
2025-06-01,month_end,30,country,중국,10424044000,잠정,2026-09-30T01:48:18.391896+00:00
2025-06-01,month_end,30,country,홍콩,3181149000,잠정,2026-09-30T01:48:18.391896+00:00
2025-06-01,month_end,30,product,가전제품,544959000,잠정,2026-09-30T01:44:35.223965+00:00
2025-06-01,month_end,30,product,무선통신기기,981636000,잠정,2026-09-30T01:44:35.223965+00:00
2025-06-01,month_end,30,product,반도체,15138595000,잠정,2026-09-30T01:44:35.223965+00:00
2025-06-01,month_end,30,product,석유제품,3785438000,잠정,2026-09-30T01:44:35.223965+00:00
2025-06-01,month_end,30,product,선박,2332840000,잠정,2026-09-30T01:44:35.223965+00:00
2025-06-01,month_end,30,product,승용차,5995652000,잠정,2026-09-30T01:44:35.223965+00:00
2025-06-01,month_end,30,product,자동차부품,1715525000,잠정,2026-09-30T01:44:35.223965+00:00
2025-06-01,month_end,30,product,전체,59833797000,잠정,2026-09-30T01:44:35.223965+00:00
2025-06-01,month_end,30,product,정밀기기,889037000,잠정,2026-09-30T01:44:35.223965+00:00
2025-06-01,month_end,30,product,철강제품,3694192000,잠정,2026-09-30T01:44:35.223965+00:00
2025-06-01,month_end,30,product,컴퓨터주변기기,1459274000,잠정,2026-09-30T01:44:35.223965+00:00
2025-07-01,10,10,country,대만,938531000,잠정,2026-09-30T08:07:25.348275+00:00
2025-07-01,10,10,country,말레이시아,371850000,잠정,2026-09-30T08:07:25.348275+00:00
2025-07-01,10,10,country,미국,3432784000,잠정,2026-09-30T08:07:25.348275+00:00
2025-07-01,10,10,country,베트남,1790444000,잠정,2026-09-30T08:07:25.348275+00:00
2025-07-01,10,10,country,싱가포르,522865000,잠정,2026-09-30T08:07:25.348275+00:00
2025-07-01,10,10,country,유럽연합,1950718000,잠정,2026-09-30T08:07:25.348275+00:00
2025-07-01,10,10,country,인도,553914000,잠정,2026-09-30T08:07:25.348275+00:00
2025-07-01,10,10,country,일본,825218000,잠정,2026-09-30T08:07:25.348275+00:00
2025-07-01,10,10,country,전체,19385119000,잠정,2026-09-30T08:07:25.348275+00:00
2025-07-01,10,10,country,중국,3739956000,잠정,2026-09-30T08:07:25.348275+00:00
2025-07-01,10,10,country,홍콩,453565000,잠정,2026-09-30T08:07:25.348275+00:00
2025-07-01,10,10,product,가전제품,202251000,잠정,2026-09-30T08:07:24.906807+00:00
2025-07-01,10,10,product,무선통신기기,407667000,잠정,2026-09-30T08:07:24.906807+00:00
2025-07-01,10,10,product,반도체,3824839000,잠정,2026-09-30T08:07:24.906807+00:00
2025-07-01,10,10,product,석유제품,1427336000,잠정,2026-09-30T08:07:24.906807+00:00
2025-07-01,10,10,product,선박,881731000,잠정,2026-09-30T08:07:24.906807+00:00
2025-07-01,10,10,product,승용차,1796507000,잠정,2026-09-30T08:07:24.906807+00:00
2025-07-01,10,10,product,자동차부품,699035000,잠정,2026-09-30T08:07:24.906807+00:00
2025-07-01,10,10,product,전체,19385119000,잠정,2026-09-30T08:07:24.906807+00:00
2025-07-01,10,10,product,정밀기기,294732000,잠정,2026-09-30T08:07:24.906807+00:00
2025-07-01,10,10,product,철강제품,1296503000,잠정,2026-09-30T08:07:24.906807+00:00
2025-07-01,10,10,product,컴퓨터주변기기,283786000,잠정,2026-09-30T08:07:24.906807+00:00
2025-07-01,20,20,country,대만,1970674000,잠정,2026-09-30T08:07:25.348275+00:00
2025-07-01,20,20,country,말레이시아,635442000,잠정,2026-09-30T08:07:25.348275+00:00
2025-07-01,20,20,country,미국,6421308000,잠정,2026-09-30T08:07:25.348275+00:00
2025-07-01,20,20,country,베트남,3403204000,잠정,2026-09-30T08:07:25.348275+00:00
2025-07-01,20,20,country,싱가포르,939104000,잠정,2026-09-30T08:07:25.348275+00:00
2025-07-01,20,20,country,유럽연합,3811142000,잠정,2026-09-30T08:07:25.348275+00:00
2025-07-01,20,20,country,인도,1043592000,잠정,2026-09-30T08:07:25.348275+00:00
2025-07-01,20,20,country,일본,1507047000,잠정,2026-09-30T08:07:25.348275+00:00
2025-07-01,20,20,country,전체,36058354000,잠정,2026-09-30T08:07:25.348275+00:00
2025-07-01,20,20,country,중국,6883369000,잠정,2026-09-30T08:07:25.348275+00:00
2025-07-01,20,20,country,홍콩,1009004000,잠정,2026-09-30T08:07:25.348275+00:00
2025-07-01,20,20,product,가전제품,400268000,잠정,2026-09-30T08:07:24.906807+00:00
2025-07-01,20,20,product,무선통신기기,805963000,잠정,2026-09-30T08:07:24.906807+00:00
2025-07-01,20,20,product,반도체,7880336000,잠정,2026-09-30T08:07:24.906807+00:00
2025-07-01,20,20,product,석유제품,2557351000,잠정,2026-09-30T08:07:24.906807+00:00
2025-07-01,20,20,product,선박,1432700000,잠정,2026-09-30T08:07:24.906807+00:00
2025-07-01,20,20,product,승용차,3626578000,잠정,2026-09-30T08:07:24.906807+00:00
2025-07-01,20,20,product,자동차부품,1163635000,잠정,2026-09-30T08:07:24.906807+00:00
2025-07-01,20,20,product,전체,36058354000,잠정,2026-09-30T08:07:24.906807+00:00
2025-07-01,20,20,product,정밀기기,527081000,잠정,2026-09-30T08:07:24.906807+00:00
2025-07-01,20,20,product,철강제품,2382438000,잠정,2026-09-30T08:07:24.906807+00:00
2025-07-01,20,20,product,컴퓨터주변기기,614378000,잠정,2026-09-30T08:07:24.906807+00:00
2025-07-01,month_end,31,country,대만,4652836000,잠정,2026-09-30T08:07:25.348275+00:00
2025-07-01,month_end,31,country,말레이시아,1049177000,잠정,2026-09-30T08:07:25.348275+00:00
2025-07-01,month_end,31,country,미국,10333446000,잠정,2026-09-30T08:07:25.348275+00:00
2025-07-01,month_end,31,country,베트남,5540385000,잠정,2026-09-30T08:07:25.348275+00:00
2025-07-01,month_end,31,country,싱가포르,1795829000,잠정,2026-09-30T08:07:25.348275+00:00
2025-07-01,month_end,31,country,유럽연합,6025444000,잠정,2026-09-30T08:07:25.348275+00:00
2025-07-01,month_end,31,country,인도,1781514000,잠정,2026-09-30T08:07:25.348275+00:00
2025-07-01,month_end,31,country,일본,2483646000,잠정,2026-09-30T08:07:25.348275+00:00
2025-07-01,month_end,31,country,전체,60724322000,잠정,2026-09-30T08:07:25.348275+00:00
2025-07-01,month_end,31,country,중국,11047812000,잠정,2026-09-30T08:07:25.348275+00:00
2025-07-01,month_end,31,country,홍콩,2348329000,잠정,2026-09-30T08:07:25.348275+00:00
2025-07-01,month_end,31,product,가전제품,702744000,잠정,2026-09-30T08:07:24.906807+00:00
2025-07-01,month_end,31,product,무선통신기기,1356219000,잠정,2026-09-30T08:07:24.906807+00:00
2025-07-01,month_end,31,product,반도체,14900808000,잠정,2026-09-30T08:07:24.906807+00:00
2025-07-01,month_end,31,product,석유제품,4271110000,잠정,2026-09-30T08:07:24.906807+00:00
2025-07-01,month_end,31,product,선박,2115617000,잠정,2026-09-30T08:07:24.906807+00:00
2025-07-01,month_end,31,product,승용차,5492658000,잠정,2026-09-30T08:07:24.906807+00:00
2025-07-01,month_end,31,product,자동차부품,1825083000,잠정,2026-09-30T08:07:24.906807+00:00
2025-07-01,month_end,31,product,전체,60724322000,잠정,2026-09-30T08:07:24.906807+00:00
2025-07-01,month_end,31,product,정밀기기,893140000,잠정,2026-09-30T08:07:24.906807+00:00
2025-07-01,month_end,31,product,철강제품,4188696000,잠정,2026-09-30T08:07:24.906807+00:00
2025-07-01,month_end,31,product,컴퓨터주변기기,1112993000,잠정,2026-09-30T08:07:24.906807+00:00
2025-08-01,10,10,country,대만,1151732000,잠정,2026-10-06T02:54:05.874209+00:00
2025-08-01,10,10,country,말레이시아,264801000,잠정,2026-10-06T02:54:05.874209+00:00
2025-08-01,10,10,country,미국,2049105000,잠정,2026-10-06T02:54:05.874209+00:00
2025-08-01,10,10,country,베트남,1642898000,잠정,2026-10-06T02:54:05.874209+00:00
2025-08-01,10,10,country,싱가포르,928791000,잠정,2026-10-06T02:54:05.874209+00:00
2025-08-01,10,10,country,유럽연합,954671000,잠정,2026-10-06T02:54:05.874209+00:00
2025-08-01,10,10,country,인도,364220000,잠정,2026-10-06T02:54:05.874209+00:00
2025-08-01,10,10,country,일본,539686000,잠정,2026-10-06T02:54:05.874209+00:00
2025-08-01,10,10,country,전체,14646230000,잠정,2026-10-06T02:54:05.874209+00:00
2025-08-01,10,10,country,중국,2872418000,잠정,2026-10-06T02:54:05.874209+00:00
2025-08-01,10,10,country,홍콩,439061000,잠정,2026-10-06T02:54:05.874209+00:00
2025-08-01,10,10,product,가전제품,124222000,잠정,2026-10-06T02:54:05.162279+00:00
2025-08-01,10,10,product,무선통신기기,517507000,잠정,2026-10-06T02:54:05.162279+00:00
2025-08-01,10,10,product,반도체,3896567000,잠정,2026-10-06T02:54:05.162279+00:00
2025-08-01,10,10,product,석유제품,1208499000,잠정,2026-10-06T02:54:05.162279+00:00
2025-08-01,10,10,product,선박,1125793000,잠정,2026-10-06T02:54:05.162279+00:00
2025-08-01,10,10,product,승용차,948921000,잠정,2026-10-06T02:54:05.162279+00:00
2025-08-01,10,10,product,자동차부품,350911000,잠정,2026-10-06T02:54:05.162279+00:00
2025-08-01,10,10,product,전체,14646230000,잠정,2026-10-06T02:54:05.162279+00:00
2025-08-01,10,10,product,정밀기기,222673000,잠정,2026-10-06T02:54:05.162279+00:00
2025-08-01,10,10,product,철강제품,863210000,잠정,2026-10-06T02:54:05.162279+00:00
2025-08-01,10,10,product,컴퓨터주변기기,245274000,잠정,2026-10-06T02:54:05.162279+00:00
2025-08-01,20,20,country,대만,2668125000,잠정,2026-10-06T02:54:05.874209+00:00
2025-08-01,20,20,country,말레이시아,549342000,잠정,2026-10-06T02:54:05.874209+00:00
2025-08-01,20,20,country,미국,5003238000,잠정,2026-10-06T02:54:05.874209+00:00
2025-08-01,20,20,country,베트남,3479823000,잠정,2026-10-06T02:54:05.874209+00:00
2025-08-01,20,20,country,싱가포르,1458040000,잠정,2026-10-06T02:54:05.874209+00:00
2025-08-01,20,20,country,유럽연합,3672176000,잠정,2026-10-06T02:54:05.874209+00:00
2025-08-01,20,20,country,인도,981476000,잠정,2026-10-06T02:54:05.874209+00:00
2025-08-01,20,20,country,일본,1436544000,잠정,2026-10-06T02:54:05.874209+00:00
2025-08-01,20,20,country,전체,35394043000,잠정,2026-10-06T02:54:05.874209+00:00
2025-08-01,20,20,country,중국,6980704000,잠정,2026-10-06T02:54:05.874209+00:00
2025-08-01,20,20,country,홍콩,1049421000,잠정,2026-10-06T02:54:05.874209+00:00
2025-08-01,20,20,product,가전제품,317711000,잠정,2026-10-06T02:54:05.162279+00:00
2025-08-01,20,20,product,무선통신기기,995037000,잠정,2026-10-06T02:54:05.162279+00:00
2025-08-01,20,20,product,반도체,8712461000,잠정,2026-10-06T02:54:05.162279+00:00
2025-08-01,20,20,product,석유제품,2710881000,잠정,2026-10-06T02:54:05.162279+00:00
2025-08-01,20,20,product,선박,2313910000,잠정,2026-10-06T02:54:05.162279+00:00
2025-08-01,20,20,product,승용차,2769818000,잠정,2026-10-06T02:54:05.162279+00:00
2025-08-01,20,20,product,자동차부품,996067000,잠정,2026-10-06T02:54:05.162279+00:00
2025-08-01,20,20,product,전체,35394043000,잠정,2026-10-06T02:54:05.162279+00:00
2025-08-01,20,20,product,정밀기기,522878000,잠정,2026-10-06T02:54:05.162279+00:00
2025-08-01,20,20,product,철강제품,2180914000,잠정,2026-10-06T02:54:05.162279+00:00
2025-08-01,20,20,product,컴퓨터주변기기,665826000,잠정,2026-10-06T02:54:05.162279+00:00
2025-08-01,month_end,31,country,대만,4371509000,잠정,2026-10-06T02:54:05.874209+00:00
2025-08-01,month_end,31,country,말레이시아,1039247000,잠정,2026-10-06T02:54:05.874209+00:00
2025-08-01,month_end,31,country,미국,8718145000,잠정,2026-10-06T02:54:05.874209+00:00
2025-08-01,month_end,31,country,베트남,5398092000,잠정,2026-10-06T02:54:05.874209+00:00
2025-08-01,month_end,31,country,싱가포르,2164627000,잠정,2026-10-06T02:54:05.874209+00:00
2025-08-01,month_end,31,country,유럽연합,5779829000,잠정,2026-10-06T02:54:05.874209+00:00
2025-08-01,month_end,31,country,인도,1591153000,잠정,2026-10-06T02:54:05.874209+00:00
2025-08-01,month_end,31,country,일본,2376746000,잠정,2026-10-06T02:54:05.874209+00:00
2025-08-01,month_end,31,country,전체,58259332000,잠정,2026-10-06T02:54:05.874209+00:00
2025-08-01,month_end,31,country,중국,10990269000,잠정,2026-10-06T02:54:05.874209+00:00
2025-08-01,month_end,31,country,홍콩,2726867000,잠정,2026-10-06T02:54:05.874209+00:00
2025-08-01,month_end,31,product,가전제품,514282000,잠정,2026-10-06T02:54:05.162279+00:00
2025-08-01,month_end,31,product,무선통신기기,1588463000,잠정,2026-10-06T02:54:05.162279+00:00
2025-08-01,month_end,31,product,반도체,15299467000,잠정,2026-10-06T02:54:05.162279+00:00
2025-08-01,month_end,31,product,석유제품,4173194000,잠정,2026-10-06T02:54:05.162279+00:00
2025-08-01,month_end,31,product,선박,2978223000,잠정,2026-10-06T02:54:05.162279+00:00
2025-08-01,month_end,31,product,승용차,5212759000,잠정,2026-10-06T02:54:05.162279+00:00
2025-08-01,month_end,31,product,자동차부품,1582444000,잠정,2026-10-06T02:54:05.162279+00:00
2025-08-01,month_end,31,product,전체,58259332000,잠정,2026-10-06T02:54:05.162279+00:00
2025-08-01,month_end,31,product,정밀기기,874037000,잠정,2026-10-06T02:54:05.162279+00:00
2025-08-01,month_end,31,product,철강제품,3560149000,잠정,2026-10-06T02:54:05.162279+00:00
2025-08-01,month_end,31,product,컴퓨터주변기기,1373278000,잠정,2026-10-06T02:54:05.162279+00:00
2025-09-01,10,10,country,대만,1154469000,잠정,2026-10-06T02:54:05.874209+00:00
2025-09-01,10,10,country,말레이시아,291674000,잠정,2026-10-06T02:54:05.874209+00:00
2025-09-01,10,10,country,미국,2958843000,잠정,2026-10-06T02:54:05.874209+00:00
2025-09-01,10,10,country,베트남,2069978000,잠정,2026-10-06T02:54:05.874209+00:00
2025-09-01,10,10,country,싱가포르,310658000,잠정,2026-10-06T02:54:05.874209+00:00
2025-09-01,10,10,country,유럽연합,1622588000,잠정,2026-10-06T02:54:05.874209+00:00
2025-09-01,10,10,country,인도,627354000,잠정,2026-10-06T02:54:05.874209+00:00
2025-09-01,10,10,country,일본,719343000,잠정,2026-10-06T02:54:05.874209+00:00
2025-09-01,10,10,country,전체,19154390000,잠정,2026-10-06T02:54:05.874209+00:00
2025-09-01,10,10,country,중국,3918737000,잠정,2026-10-06T02:54:05.874209+00:00
2025-09-01,10,10,country,홍콩,674273000,잠정,2026-10-06T02:54:05.874209+00:00
2025-09-01,10,10,product,가전제품,198831000,잠정,2026-10-06T02:54:05.162279+00:00
2025-09-01,10,10,product,무선통신기기,597549000,잠정,2026-10-06T02:54:05.162279+00:00
2025-09-01,10,10,product,반도체,4453532000,잠정,2026-10-06T02:54:05.162279+00:00
2025-09-01,10,10,product,석유제품,1191055000,잠정,2026-10-06T02:54:05.162279+00:00
2025-09-01,10,10,product,선박,896530000,잠정,2026-10-06T02:54:05.162279+00:00
2025-09-01,10,10,product,승용차,1552382000,잠정,2026-10-06T02:54:05.162279+00:00
2025-09-01,10,10,product,자동차부품,655774000,잠정,2026-10-06T02:54:05.162279+00:00
2025-09-01,10,10,product,전체,19154390000,잠정,2026-10-06T02:54:05.162279+00:00
2025-09-01,10,10,product,정밀기기,358328000,잠정,2026-10-06T02:54:05.162279+00:00
2025-09-01,10,10,product,철강제품,1235279000,잠정,2026-10-06T02:54:05.162279+00:00
2025-09-01,10,10,product,컴퓨터주변기기,328598000,잠정,2026-10-06T02:54:05.162279+00:00
2025-09-01,20,20,country,대만,2427082000,잠정,2026-10-06T02:54:05.874209+00:00
2025-09-01,20,20,country,말레이시아,560218000,잠정,2026-10-06T02:54:05.874209+00:00
2025-09-01,20,20,country,미국,6522136000,잠정,2026-10-06T02:54:05.874209+00:00
2025-09-01,20,20,country,베트남,4052331000,잠정,2026-10-06T02:54:05.874209+00:00
2025-09-01,20,20,country,싱가포르,809770000,잠정,2026-10-06T02:54:05.874209+00:00
2025-09-01,20,20,country,유럽연합,3881328000,잠정,2026-10-06T02:54:05.874209+00:00
2025-09-01,20,20,country,인도,1168889000,잠정,2026-10-06T02:54:05.874209+00:00
2025-09-01,20,20,country,일본,1587506000,잠정,2026-10-06T02:54:05.874209+00:00
2025-09-01,20,20,country,전체,40050000000,잠정,2026-10-06T02:54:05.874209+00:00
2025-09-01,20,20,country,중국,7775503000,잠정,2026-10-06T02:54:05.874209+00:00
2025-09-01,20,20,country,홍콩,1616817000,잠정,2026-10-06T02:54:05.874209+00:00
2025-09-01,20,20,product,가전제품,405054000,잠정,2026-10-06T02:54:05.162279+00:00
2025-09-01,20,20,product,무선통신기기,1250165000,잠정,2026-10-06T02:54:05.162279+00:00
2025-09-01,20,20,product,반도체,9495449000,잠정,2026-10-06T02:54:05.162279+00:00
2025-09-01,20,20,product,석유제품,2714051000,잠정,2026-10-06T02:54:05.162279+00:00
2025-09-01,20,20,product,선박,1501289000,잠정,2026-10-06T02:54:05.162279+00:00
2025-09-01,20,20,product,승용차,3418359000,잠정,2026-10-06T02:54:05.162279+00:00
2025-09-01,20,20,product,자동차부품,1209270000,잠정,2026-10-06T02:54:05.162279+00:00
2025-09-01,20,20,product,전체,40050000000,잠정,2026-10-06T02:54:05.162279+00:00
2025-09-01,20,20,product,정밀기기,683501000,잠정,2026-10-06T02:54:05.162279+00:00
2025-09-01,20,20,product,철강제품,2511412000,잠정,2026-10-06T02:54:05.162279+00:00
2025-09-01,20,20,product,컴퓨터주변기기,810182000,잠정,2026-10-06T02:54:05.162279+00:00
2025-09-01,month_end,30,country,대만,5205355000,잠정,2026-10-06T02:54:05.874209+00:00
2025-09-01,month_end,30,country,말레이시아,1025125000,잠정,2026-10-06T02:54:05.874209+00:00
2025-09-01,month_end,30,country,미국,10267271000,잠정,2026-10-06T02:54:05.874209+00:00
2025-09-01,month_end,30,country,베트남,5925624000,잠정,2026-10-06T02:54:05.874209+00:00
2025-09-01,month_end,30,country,싱가포르,1510021000,잠정,2026-10-06T02:54:05.874209+00:00
2025-09-01,month_end,30,country,유럽연합,7157817000,잠정,2026-10-06T02:54:05.874209+00:00
2025-09-01,month_end,30,country,인도,1721596000,잠정,2026-10-06T02:54:05.874209+00:00
2025-09-01,month_end,30,country,일본,2560674000,잠정,2026-10-06T02:54:05.874209+00:00
2025-09-01,month_end,30,country,전체,65904118000,잠정,2026-10-06T02:54:05.874209+00:00
2025-09-01,month_end,30,country,중국,11679519000,잠정,2026-10-06T02:54:05.874209+00:00
2025-09-01,month_end,30,country,홍콩,3496991000,잠정,2026-10-06T02:54:05.874209+00:00
2025-09-01,month_end,30,product,가전제품,628772000,잠정,2026-10-06T02:54:05.162279+00:00
2025-09-01,month_end,30,product,무선통신기기,1843236000,잠정,2026-10-06T02:54:05.162279+00:00
2025-09-01,month_end,30,product,반도체,16793796000,잠정,2026-10-06T02:54:05.162279+00:00
2025-09-01,month_end,30,product,석유제품,4241471000,잠정,2026-10-06T02:54:05.162279+00:00
2025-09-01,month_end,30,product,선박,2770339000,잠정,2026-10-06T02:54:05.162279+00:00
2025-09-01,month_end,30,product,승용차,6042273000,잠정,2026-10-06T02:54:05.162279+00:00
2025-09-01,month_end,30,product,자동차부품,1826428000,잠정,2026-10-06T02:54:05.162279+00:00
2025-09-01,month_end,30,product,전체,65904118000,잠정,2026-10-06T02:54:05.162279+00:00
2025-09-01,month_end,30,product,정밀기기,1070757000,잠정,2026-10-06T02:54:05.162279+00:00
2025-09-01,month_end,30,product,철강제품,4010790000,잠정,2026-10-06T02:54:05.162279+00:00
2025-09-01,month_end,30,product,컴퓨터주변기기,1451348000,잠정,2026-10-06T02:54:05.162279+00:00
2025-10-01,10,10,country,대만,1945096000,잠정,2026-10-06T02:54:05.874209+00:00
2025-10-01,10,10,country,말레이시아,206168000,잠정,2026-10-06T02:54:05.874209+00:00
2025-10-01,10,10,country,미국,1407314000,잠정,2026-10-06T02:54:05.874209+00:00
2025-10-01,10,10,country,베트남,1268404000,잠정,2026-10-06T02:54:05.874209+00:00
2025-10-01,10,10,country,싱가포르,340904000,잠정,2026-10-06T02:54:05.874209+00:00
2025-10-01,10,10,country,유럽연합,713407000,잠정,2026-10-06T02:54:05.874209+00:00
2025-10-01,10,10,country,인도,323295000,잠정,2026-10-06T02:54:05.874209+00:00
2025-10-01,10,10,country,일본,515151000,잠정,2026-10-06T02:54:05.874209+00:00
2025-10-01,10,10,country,전체,12925797000,잠정,2026-10-06T02:54:05.874209+00:00
2025-10-01,10,10,country,중국,2840270000,잠정,2026-10-06T02:54:05.874209+00:00
2025-10-01,10,10,country,홍콩,447377000,잠정,2026-10-06T02:54:05.874209+00:00
2025-10-01,10,10,product,가전제품,89146000,잠정,2026-10-06T02:54:05.162279+00:00
2025-10-01,10,10,product,무선통신기기,366146000,잠정,2026-10-06T02:54:05.162279+00:00
2025-10-01,10,10,product,반도체,4502158000,잠정,2026-10-06T02:54:05.162279+00:00
2025-10-01,10,10,product,석유제품,1207142000,잠정,2026-10-06T02:54:05.162279+00:00
2025-10-01,10,10,product,선박,787768000,잠정,2026-10-06T02:54:05.162279+00:00
2025-10-01,10,10,product,승용차,664405000,잠정,2026-10-06T02:54:05.162279+00:00
2025-10-01,10,10,product,자동차부품,260805000,잠정,2026-10-06T02:54:05.162279+00:00
2025-10-01,10,10,product,전체,12925797000,잠정,2026-10-06T02:54:05.162279+00:00
2025-10-01,10,10,product,정밀기기,152855000,잠정,2026-10-06T02:54:05.162279+00:00
2025-10-01,10,10,product,철강제품,726572000,잠정,2026-10-06T02:54:05.162279+00:00
2025-10-01,10,10,product,컴퓨터주변기기,163100000,잠정,2026-10-06T02:54:05.162279+00:00
2025-10-01,20,20,country,대만,2988604000,잠정,2026-10-06T02:54:05.874209+00:00
2025-10-01,20,20,country,말레이시아,425768000,잠정,2026-10-06T02:54:05.874209+00:00
2025-10-01,20,20,country,미국,4228275000,잠정,2026-10-06T02:54:05.874209+00:00
2025-10-01,20,20,country,베트남,2869855000,잠정,2026-10-06T02:54:05.874209+00:00
2025-10-01,20,20,country,싱가포르,891043000,잠정,2026-10-06T02:54:05.874209+00:00
2025-10-01,20,20,country,유럽연합,2503861000,잠정,2026-10-06T02:54:05.874209+00:00
2025-10-01,20,20,country,인도,807515000,잠정,2026-10-06T02:54:05.874209+00:00
2025-10-01,20,20,country,일본,1200447000,잠정,2026-10-06T02:54:05.874209+00:00
2025-10-01,20,20,country,전체,30003320000,잠정,2026-10-06T02:54:05.874209+00:00
2025-10-01,20,20,country,중국,6560077000,잠정,2026-10-06T02:54:05.874209+00:00
2025-10-01,20,20,country,홍콩,1148241000,잠정,2026-10-06T02:54:05.874209+00:00
2025-10-01,20,20,product,가전제품,267555000,잠정,2026-10-06T02:54:05.162279+00:00
2025-10-01,20,20,product,무선통신기기,880195000,잠정,2026-10-06T02:54:05.162279+00:00
2025-10-01,20,20,product,반도체,8532873000,잠정,2026-10-06T02:54:05.162279+00:00
2025-10-01,20,20,product,석유제품,2346221000,잠정,2026-10-06T02:54:05.162279+00:00
2025-10-01,20,20,product,선박,1516205000,잠정,2026-10-06T02:54:05.162279+00:00
2025-10-01,20,20,product,승용차,2383057000,잠정,2026-10-06T02:54:05.162279+00:00
2025-10-01,20,20,product,자동차부품,701779000,잠정,2026-10-06T02:54:05.162279+00:00
2025-10-01,20,20,product,전체,30003320000,잠정,2026-10-06T02:54:05.162279+00:00
2025-10-01,20,20,product,정밀기기,416475000,잠정,2026-10-06T02:54:05.162279+00:00
2025-10-01,20,20,product,철강제품,1814795000,잠정,2026-10-06T02:54:05.162279+00:00
2025-10-01,20,20,product,컴퓨터주변기기,464097000,잠정,2026-10-06T02:54:05.162279+00:00
2025-10-01,month_end,31,country,대만,5157834000,잠정,2026-10-06T02:54:05.874209+00:00
2025-10-01,month_end,31,country,말레이시아,707218000,잠정,2026-10-06T02:54:05.874209+00:00
2025-10-01,month_end,31,country,미국,8711425000,잠정,2026-10-06T02:54:05.874209+00:00
2025-10-01,month_end,31,country,베트남,5101558000,잠정,2026-10-06T02:54:05.874209+00:00
2025-10-01,month_end,31,country,싱가포르,1483016000,잠정,2026-10-06T02:54:05.874209+00:00
2025-10-01,month_end,31,country,유럽연합,5175830000,잠정,2026-10-06T02:54:05.874209+00:00
2025-10-01,month_end,31,country,인도,1477351000,잠정,2026-10-06T02:54:05.874209+00:00
2025-10-01,month_end,31,country,일본,2219360000,잠정,2026-10-06T02:54:05.874209+00:00
2025-10-01,month_end,31,country,전체,59511578000,잠정,2026-10-06T02:54:05.874209+00:00
2025-10-01,month_end,31,country,중국,11551156000,잠정,2026-10-06T02:54:05.874209+00:00
2025-10-01,month_end,31,country,홍콩,3064910000,잠정,2026-10-06T02:54:05.874209+00:00
2025-10-01,month_end,31,product,가전제품,511663000,잠정,2026-10-06T02:54:05.162279+00:00
2025-10-01,month_end,31,product,무선통신기기,1544872000,잠정,2026-10-06T02:54:05.162279+00:00
2025-10-01,month_end,31,product,반도체,15861970000,잠정,2026-10-06T02:54:05.162279+00:00
2025-10-01,month_end,31,product,석유제품,3871514000,잠정,2026-10-06T02:54:05.162279+00:00
2025-10-01,month_end,31,product,선박,4621065000,잠정,2026-10-06T02:54:05.162279+00:00
2025-10-01,month_end,31,product,승용차,5246367000,잠정,2026-10-06T02:54:05.162279+00:00
2025-10-01,month_end,31,product,자동차부품,1432872000,잠정,2026-10-06T02:54:05.162279+00:00
2025-10-01,month_end,31,product,전체,59511578000,잠정,2026-10-06T02:54:05.162279+00:00
2025-10-01,month_end,31,product,정밀기기,845434000,잠정,2026-10-06T02:54:05.162279+00:00
2025-10-01,month_end,31,product,철강제품,3497302000,잠정,2026-10-06T02:54:05.162279+00:00
2025-10-01,month_end,31,product,컴퓨터주변기기,1133567000,잠정,2026-10-06T02:54:05.162279+00:00
2025-11-01,10,10,country,대만,737698000,잠정,2026-10-06T02:54:05.874209+00:00
2025-11-01,10,10,country,말레이시아,221525000,잠정,2026-10-06T02:54:05.874209+00:00
2025-11-01,10,10,country,미국,2577996000,잠정,2026-10-06T02:54:05.874209+00:00
2025-11-01,10,10,country,베트남,1498909000,잠정,2026-10-06T02:54:05.874209+00:00
2025-11-01,10,10,country,싱가포르,292712000,잠정,2026-10-06T02:54:05.874209+00:00
2025-11-01,10,10,country,유럽연합,1434580000,잠정,2026-10-06T02:54:05.874209+00:00
2025-11-01,10,10,country,인도,359401000,잠정,2026-10-06T02:54:05.874209+00:00
2025-11-01,10,10,country,일본,656286000,잠정,2026-10-06T02:54:05.874209+00:00
2025-11-01,10,10,country,전체,15794269000,잠정,2026-10-06T02:54:05.874209+00:00
2025-11-01,10,10,country,중국,3695279000,잠정,2026-10-06T02:54:05.874209+00:00
2025-11-01,10,10,country,홍콩,693340000,잠정,2026-10-06T02:54:05.874209+00:00
2025-11-01,10,10,product,가전제품,147176000,잠정,2026-10-06T02:54:05.162279+00:00
2025-11-01,10,10,product,무선통신기기,465312000,잠정,2026-10-06T02:54:05.162279+00:00
2025-11-01,10,10,product,반도체,3857254000,잠정,2026-10-06T02:54:05.162279+00:00
2025-11-01,10,10,product,석유제품,1002173000,잠정,2026-10-06T02:54:05.162279+00:00
2025-11-01,10,10,product,선박,655543000,잠정,2026-10-06T02:54:05.162279+00:00
2025-11-01,10,10,product,승용차,1541069000,잠정,2026-10-06T02:54:05.162279+00:00
2025-11-01,10,10,product,자동차부품,421667000,잠정,2026-10-06T02:54:05.162279+00:00
2025-11-01,10,10,product,전체,15794269000,잠정,2026-10-06T02:54:05.162279+00:00
2025-11-01,10,10,product,정밀기기,245204000,잠정,2026-10-06T02:54:05.162279+00:00
2025-11-01,10,10,product,철강제품,863811000,잠정,2026-10-06T02:54:05.162279+00:00
2025-11-01,10,10,product,컴퓨터주변기기,309735000,잠정,2026-10-06T02:54:05.162279+00:00
2025-11-01,20,20,country,대만,2325930000,잠정,2026-10-06T02:54:05.874209+00:00
2025-11-01,20,20,country,말레이시아,673513000,잠정,2026-10-06T02:54:05.874209+00:00
2025-11-01,20,20,country,미국,6772756000,잠정,2026-10-06T02:54:05.874209+00:00
2025-11-01,20,20,country,베트남,3505336000,잠정,2026-10-06T02:54:05.874209+00:00
2025-11-01,20,20,country,싱가포르,700057000,잠정,2026-10-06T02:54:05.874209+00:00
2025-11-01,20,20,country,유럽연합,3577178000,잠정,2026-10-06T02:54:05.874209+00:00
2025-11-01,20,20,country,인도,956771000,잠정,2026-10-06T02:54:05.874209+00:00
2025-11-01,20,20,country,일본,1531520000,잠정,2026-10-06T02:54:05.874209+00:00
2025-11-01,20,20,country,전체,38419340000,잠정,2026-10-06T02:54:05.874209+00:00
2025-11-01,20,20,country,중국,8161985000,잠정,2026-10-06T02:54:05.874209+00:00
2025-11-01,20,20,country,홍콩,1555739000,잠정,2026-10-06T02:54:05.874209+00:00
2025-11-01,20,20,product,가전제품,338673000,잠정,2026-10-06T02:54:05.162279+00:00
2025-11-01,20,20,product,무선통신기기,1022831000,잠정,2026-10-06T02:54:05.162279+00:00
2025-11-01,20,20,product,반도체,9752081000,잠정,2026-10-06T02:54:05.162279+00:00
2025-11-01,20,20,product,석유제품,2150055000,잠정,2026-10-06T02:54:05.162279+00:00
2025-11-01,20,20,product,선박,1158010000,잠정,2026-10-06T02:54:05.162279+00:00
2025-11-01,20,20,product,승용차,3803397000,잠정,2026-10-06T02:54:05.162279+00:00
2025-11-01,20,20,product,자동차부품,1043984000,잠정,2026-10-06T02:54:05.162279+00:00
2025-11-01,20,20,product,전체,38419340000,잠정,2026-10-06T02:54:05.162279+00:00
2025-11-01,20,20,product,정밀기기,614705000,잠정,2026-10-06T02:54:05.162279+00:00
2025-11-01,20,20,product,철강제품,2249573000,잠정,2026-10-06T02:54:05.162279+00:00
2025-11-01,20,20,product,컴퓨터주변기기,851386000,잠정,2026-10-06T02:54:05.162279+00:00
2025-11-01,month_end,30,country,대만,4116109000,잠정,2026-10-06T02:54:05.874209+00:00
2025-11-01,month_end,30,country,말레이시아,1276764000,잠정,2026-10-06T02:54:05.874209+00:00
2025-11-01,month_end,30,country,미국,10352809000,잠정,2026-10-06T02:54:05.874209+00:00
2025-11-01,month_end,30,country,베트남,5401863000,잠정,2026-10-06T02:54:05.874209+00:00
2025-11-01,month_end,30,country,싱가포르,1278337000,잠정,2026-10-06T02:54:05.874209+00:00
2025-11-01,month_end,30,country,유럽연합,5337962000,잠정,2026-10-06T02:54:05.874209+00:00
2025-11-01,month_end,30,country,인도,1477040000,잠정,2026-10-06T02:54:05.874209+00:00
2025-11-01,month_end,30,country,일본,2306195000,잠정,2026-10-06T02:54:05.874209+00:00
2025-11-01,month_end,30,country,전체,60752618000,잠정,2026-10-06T02:54:05.874209+00:00
2025-11-01,month_end,30,country,중국,12040141000,잠정,2026-10-06T02:54:05.874209+00:00
2025-11-01,month_end,30,country,홍콩,3762282000,잠정,2026-10-06T02:54:05.874209+00:00
2025-11-01,month_end,30,product,가전제품,495173000,잠정,2026-10-06T02:54:05.162279+00:00
2025-11-01,month_end,30,product,무선통신기기,1538658000,잠정,2026-10-06T02:54:05.162279+00:00
2025-11-01,month_end,30,product,반도체,17442597000,잠정,2026-10-06T02:54:05.162279+00:00
2025-11-01,month_end,30,product,석유제품,3313953000,잠정,2026-10-06T02:54:05.162279+00:00
2025-11-01,month_end,30,product,선박,1726991000,잠정,2026-10-06T02:54:05.162279+00:00
2025-11-01,month_end,30,product,승용차,6043663000,잠정,2026-10-06T02:54:05.162279+00:00
2025-11-01,month_end,30,product,자동차부품,1477229000,잠정,2026-10-06T02:54:05.162279+00:00
2025-11-01,month_end,30,product,전체,60752618000,잠정,2026-10-06T02:54:05.162279+00:00
2025-11-01,month_end,30,product,정밀기기,925587000,잠정,2026-10-06T02:54:05.162279+00:00
2025-11-01,month_end,30,product,철강제품,3480452000,잠정,2026-10-06T02:54:05.162279+00:00
2025-11-01,month_end,30,product,컴퓨터주변기기,1530127000,잠정,2026-10-06T02:54:05.162279+00:00
2025-12-01,10,10,country,대만,1005070000,잠정,2026-10-06T02:54:05.874209+00:00
2025-12-01,10,10,country,말레이시아,424694000,잠정,2026-10-06T02:54:05.874209+00:00
2025-12-01,10,10,country,미국,3573648000,잠정,2026-10-06T02:54:05.874209+00:00
2025-12-01,10,10,country,베트남,2130253000,잠정,2026-10-06T02:54:05.874209+00:00
2025-12-01,10,10,country,싱가포르,752969000,잠정,2026-10-06T02:54:05.874209+00:00
2025-12-01,10,10,country,유럽연합,1594586000,잠정,2026-10-06T02:54:05.874209+00:00
2025-12-01,10,10,country,인도,568248000,잠정,2026-10-06T02:54:05.874209+00:00
2025-12-01,10,10,country,일본,898646000,잠정,2026-10-06T02:54:05.874209+00:00
2025-12-01,10,10,country,전체,20539795000,잠정,2026-10-06T02:54:05.874209+00:00
2025-12-01,10,10,country,중국,4225654000,잠정,2026-10-06T02:54:05.874209+00:00
2025-12-01,10,10,country,홍콩,965769000,잠정,2026-10-06T02:54:05.874209+00:00
2025-12-01,10,10,product,가전제품,184333000,잠정,2026-10-06T02:54:05.162279+00:00
2025-12-01,10,10,product,무선통신기기,632941000,잠정,2026-10-06T02:54:05.162279+00:00
2025-12-01,10,10,product,반도체,5271795000,잠정,2026-10-06T02:54:05.162279+00:00
2025-12-01,10,10,product,석유제품,1489405000,잠정,2026-10-06T02:54:05.162279+00:00
2025-12-01,10,10,product,선박,562190000,잠정,2026-10-06T02:54:05.162279+00:00
2025-12-01,10,10,product,승용차,1358660000,잠정,2026-10-06T02:54:05.162279+00:00
2025-12-01,10,10,product,자동차부품,575305000,잠정,2026-10-06T02:54:05.162279+00:00
2025-12-01,10,10,product,전체,20539795000,잠정,2026-10-06T02:54:05.162279+00:00
2025-12-01,10,10,product,정밀기기,361743000,잠정,2026-10-06T02:54:05.162279+00:00
2025-12-01,10,10,product,철강제품,1198581000,잠정,2026-10-06T02:54:05.162279+00:00
2025-12-01,10,10,product,컴퓨터주변기기,481667000,잠정,2026-10-06T02:54:05.162279+00:00
2025-12-01,20,20,country,대만,2194478000,잠정,2026-10-06T02:54:05.874209+00:00
2025-12-01,20,20,country,말레이시아,969474000,잠정,2026-10-06T02:54:05.874209+00:00
2025-12-01,20,20,country,미국,7856184000,잠정,2026-10-06T02:54:05.874209+00:00
2025-12-01,20,20,country,베트남,4236316000,잠정,2026-10-06T02:54:05.874209+00:00
2025-12-01,20,20,country,싱가포르,1421833000,잠정,2026-10-06T02:54:05.874209+00:00
2025-12-01,20,20,country,유럽연합,3711761000,잠정,2026-10-06T02:54:05.874209+00:00
2025-12-01,20,20,country,인도,1157245000,잠정,2026-10-06T02:54:05.874209+00:00
2025-12-01,20,20,country,일본,1734886000,잠정,2026-10-06T02:54:05.874209+00:00
2025-12-01,20,20,country,전체,42971602000,잠정,2026-10-06T02:54:05.874209+00:00
2025-12-01,20,20,country,중국,8573875000,잠정,2026-10-06T02:54:05.874209+00:00
2025-12-01,20,20,country,홍콩,2108243000,잠정,2026-10-06T02:54:05.874209+00:00
2025-12-01,20,20,product,가전제품,399382000,잠정,2026-10-06T02:54:05.162279+00:00
2025-12-01,20,20,product,무선통신기기,1211443000,잠정,2026-10-06T02:54:05.162279+00:00
2025-12-01,20,20,product,반도체,11645487000,잠정,2026-10-06T02:54:05.162279+00:00
2025-12-01,20,20,product,석유제품,2593436000,잠정,2026-10-06T02:54:05.162279+00:00
2025-12-01,20,20,product,선박,1460197000,잠정,2026-10-06T02:54:05.162279+00:00
2025-12-01,20,20,product,승용차,3250935000,잠정,2026-10-06T02:54:05.162279+00:00
2025-12-01,20,20,product,자동차부품,1176743000,잠정,2026-10-06T02:54:05.162279+00:00
2025-12-01,20,20,product,전체,42971602000,잠정,2026-10-06T02:54:05.162279+00:00
2025-12-01,20,20,product,정밀기기,756296000,잠정,2026-10-06T02:54:05.162279+00:00
2025-12-01,20,20,product,철강제품,2572088000,잠정,2026-10-06T02:54:05.162279+00:00
2025-12-01,20,20,product,컴퓨터주변기기,1203954000,잠정,2026-10-06T02:54:05.162279+00:00
2025-12-01,month_end,31,country,대만,5131207000,잠정,2026-10-06T02:54:05.874209+00:00
2025-12-01,month_end,31,country,말레이시아,1406127000,잠정,2026-10-06T02:54:05.874209+00:00
2025-12-01,month_end,31,country,미국,12335136000,잠정,2026-10-06T02:54:05.874209+00:00
2025-12-01,month_end,31,country,베트남,6281464000,잠정,2026-10-06T02:54:05.874209+00:00
2025-12-01,month_end,31,country,싱가포르,2069321000,잠정,2026-10-06T02:54:05.874209+00:00
2025-12-01,month_end,31,country,유럽연합,5829703000,잠정,2026-10-06T02:54:05.874209+00:00
2025-12-01,month_end,31,country,인도,1719210000,잠정,2026-10-06T02:54:05.874209+00:00
2025-12-01,month_end,31,country,일본,2456896000,잠정,2026-10-06T02:54:05.874209+00:00
2025-12-01,month_end,31,country,전체,69513624000,잠정,2026-10-06T02:54:05.874209+00:00
2025-12-01,month_end,31,country,중국,12964961000,잠정,2026-10-06T02:54:05.874209+00:00
2025-12-01,month_end,31,country,홍콩,4624114000,잠정,2026-10-06T02:54:05.874209+00:00
2025-12-01,month_end,31,product,가전제품,557783000,잠정,2026-10-06T02:54:05.162279+00:00
2025-12-01,month_end,31,product,무선통신기기,1636225000,잠정,2026-10-06T02:54:05.162279+00:00
2025-12-01,month_end,31,product,반도체,20917832000,잠정,2026-10-06T02:54:05.162279+00:00
2025-12-01,month_end,31,product,석유제품,4216318000,잠정,2026-10-06T02:54:05.162279+00:00
2025-12-01,month_end,31,product,선박,2890840000,잠정,2026-10-06T02:54:05.162279+00:00
2025-12-01,month_end,31,product,승용차,5587815000,잠정,2026-10-06T02:54:05.162279+00:00
2025-12-01,month_end,31,product,자동차부품,1730319000,잠정,2026-10-06T02:54:05.162279+00:00
2025-12-01,month_end,31,product,전체,69513624000,잠정,2026-10-06T02:54:05.162279+00:00
2025-12-01,month_end,31,product,정밀기기,1079049000,잠정,2026-10-06T02:54:05.162279+00:00
2025-12-01,month_end,31,product,철강제품,4021349000,잠정,2026-10-06T02:54:05.162279+00:00
2025-12-01,month_end,31,product,컴퓨터주변기기,2179775000,잠정,2026-10-06T02:54:05.162279+00:00
2026-01-01,10,10,country,대만,864921000,잠정,2026-10-06T02:54:06.175199+00:00
2026-01-01,10,10,country,말레이시아,218097000,잠정,2026-10-06T02:54:06.175199+00:00
2026-01-01,10,10,country,미국,2269562000,잠정,2026-10-06T02:54:06.175199+00:00
2026-01-01,10,10,country,베트남,1759922000,잠정,2026-10-06T02:54:06.175199+00:00
2026-01-01,10,10,country,싱가포르,574065000,잠정,2026-10-06T02:54:06.175199+00:00
2026-01-01,10,10,country,유럽연합,1108177000,잠정,2026-10-06T02:54:06.175199+00:00
2026-01-01,10,10,country,인도,410809000,잠정,2026-10-06T02:54:06.175199+00:00
2026-01-01,10,10,country,일본,588452000,잠정,2026-10-06T02:54:06.175199+00:00
2026-01-01,10,10,country,전체,15573451000,잠정,2026-10-06T02:54:06.175199+00:00
2026-01-01,10,10,country,중국,3879875000,잠정,2026-10-06T02:54:06.175199+00:00
2026-01-01,10,10,country,홍콩,528510000,잠정,2026-10-06T02:54:06.175199+00:00
2026-01-01,10,10,product,가전제품,99953000,잠정,2026-10-06T02:54:05.460503+00:00
2026-01-01,10,10,product,무선통신기기,450083000,잠정,2026-10-06T02:54:05.460503+00:00
2026-01-01,10,10,product,반도체,4636494000,잠정,2026-10-06T02:54:05.460503+00:00
2026-01-01,10,10,product,석유제품,1020393000,잠정,2026-10-06T02:54:05.460503+00:00
2026-01-01,10,10,product,선박,918516000,잠정,2026-10-06T02:54:05.460503+00:00
2026-01-01,10,10,product,승용차,1017252000,잠정,2026-10-06T02:54:05.460503+00:00
2026-01-01,10,10,product,자동차부품,381921000,잠정,2026-10-06T02:54:05.460503+00:00
2026-01-01,10,10,product,전체,15573451000,잠정,2026-10-06T02:54:05.460503+00:00
2026-01-01,10,10,product,정밀기기,239476000,잠정,2026-10-06T02:54:05.460503+00:00
2026-01-01,10,10,product,철강제품,977304000,잠정,2026-10-06T02:54:05.460503+00:00
2026-01-01,10,10,product,컴퓨터주변기기,256207000,잠정,2026-10-06T02:54:05.460503+00:00
2026-01-01,20,20,country,대만,1857034000,잠정,2026-10-06T02:54:06.175199+00:00
2026-01-01,20,20,country,말레이시아,560106000,잠정,2026-10-06T02:54:06.175199+00:00
2026-01-01,20,20,country,미국,6643510000,잠정,2026-10-06T02:54:06.175199+00:00
2026-01-01,20,20,country,베트남,3830606000,잠정,2026-10-06T02:54:06.175199+00:00
2026-01-01,20,20,country,싱가포르,990940000,잠정,2026-10-06T02:54:06.175199+00:00
2026-01-01,20,20,country,유럽연합,2905988000,잠정,2026-10-06T02:54:06.175199+00:00
2026-01-01,20,20,country,인도,1031228000,잠정,2026-10-06T02:54:06.175199+00:00
2026-01-01,20,20,country,일본,1296143000,잠정,2026-10-06T02:54:06.175199+00:00
2026-01-01,20,20,country,전체,36347334000,잠정,2026-10-06T02:54:06.175199+00:00
2026-01-01,20,20,country,중국,8457342000,잠정,2026-10-06T02:54:06.175199+00:00
2026-01-01,20,20,country,홍콩,1411434000,잠정,2026-10-06T02:54:06.175199+00:00
2026-01-01,20,20,product,가전제품,277167000,잠정,2026-10-06T02:54:05.460503+00:00
2026-01-01,20,20,product,무선통신기기,1044513000,잠정,2026-10-06T02:54:05.460503+00:00
2026-01-01,20,20,product,반도체,10731563000,잠정,2026-10-06T02:54:05.460503+00:00
2026-01-01,20,20,product,석유제품,2486005000,잠정,2026-10-06T02:54:05.460503+00:00
2026-01-01,20,20,product,선박,1324470000,잠정,2026-10-06T02:54:05.460503+00:00
2026-01-01,20,20,product,승용차,2862929000,잠정,2026-10-06T02:54:05.460503+00:00
2026-01-01,20,20,product,자동차부품,869108000,잠정,2026-10-06T02:54:05.460503+00:00
2026-01-01,20,20,product,전체,36347334000,잠정,2026-10-06T02:54:05.460503+00:00
2026-01-01,20,20,product,정밀기기,524092000,잠정,2026-10-06T02:54:05.460503+00:00
2026-01-01,20,20,product,철강제품,2416424000,잠정,2026-10-06T02:54:05.460503+00:00
2026-01-01,20,20,product,컴퓨터주변기기,640814000,잠정,2026-10-06T02:54:05.460503+00:00
2026-01-01,month_end,31,country,대만,3960781000,잠정,2026-10-06T02:54:06.175199+00:00
2026-01-01,month_end,31,country,말레이시아,976721000,잠정,2026-10-06T02:54:06.175199+00:00
2026-01-01,month_end,31,country,미국,12006733000,잠정,2026-10-06T02:54:06.175199+00:00
2026-01-01,month_end,31,country,베트남,6453114000,잠정,2026-10-06T02:54:06.175199+00:00
2026-01-01,month_end,31,country,싱가포르,1702438000,잠정,2026-10-06T02:54:06.175199+00:00
2026-01-01,month_end,31,country,유럽연합,5400930000,잠정,2026-10-06T02:54:06.175199+00:00
2026-01-01,month_end,31,country,인도,1684637000,잠정,2026-10-06T02:54:06.175199+00:00
2026-01-01,month_end,31,country,일본,2245851000,잠정,2026-10-06T02:54:06.175199+00:00
2026-01-01,month_end,31,country,전체,65843637000,잠정,2026-10-06T02:54:06.175199+00:00
2026-01-01,month_end,31,country,중국,13528177000,잠정,2026-10-06T02:54:06.175199+00:00
2026-01-01,month_end,31,country,홍콩,4329293000,잠정,2026-10-06T02:54:06.175199+00:00
2026-01-01,month_end,31,product,가전제품,560989000,잠정,2026-10-06T02:54:05.460503+00:00
2026-01-01,month_end,31,product,무선통신기기,1913420000,잠정,2026-10-06T02:54:05.460503+00:00
2026-01-01,month_end,31,product,반도체,20687770000,잠정,2026-10-06T02:54:05.460503+00:00
2026-01-01,month_end,31,product,석유제품,3796655000,잠정,2026-10-06T02:54:05.460503+00:00
2026-01-01,month_end,31,product,선박,2360600000,잠정,2026-10-06T02:54:05.460503+00:00
2026-01-01,month_end,31,product,승용차,5743614000,잠정,2026-10-06T02:54:05.460503+00:00
2026-01-01,month_end,31,product,자동차부품,1541595000,잠정,2026-10-06T02:54:05.460503+00:00
2026-01-01,month_end,31,product,전체,65843637000,잠정,2026-10-06T02:54:05.460503+00:00
2026-01-01,month_end,31,product,정밀기기,884600000,잠정,2026-10-06T02:54:05.460503+00:00
2026-01-01,month_end,31,product,철강제품,4072166000,잠정,2026-10-06T02:54:05.460503+00:00
2026-01-01,month_end,31,product,컴퓨터주변기기,1696075000,잠정,2026-10-06T02:54:05.460503+00:00
2026-02-01,10,10,country,대만,1111209000,잠정,2026-10-06T02:54:06.175199+00:00
2026-02-01,10,10,country,말레이시아,680784000,잠정,2026-10-06T02:54:06.175199+00:00
2026-02-01,10,10,country,미국,3600027000,잠정,2026-10-06T02:54:06.175199+00:00
2026-02-01,10,10,country,베트남,2120616000,잠정,2026-10-06T02:54:06.175199+00:00
2026-02-01,10,10,country,싱가포르,584641000,잠정,2026-10-06T02:54:06.175199+00:00
2026-02-01,10,10,country,유럽연합,1765110000,잠정,2026-10-06T02:54:06.175199+00:00
2026-02-01,10,10,country,인도,661188000,잠정,2026-10-06T02:54:06.175199+00:00
2026-02-01,10,10,country,일본,759283000,잠정,2026-10-06T02:54:06.175199+00:00
2026-02-01,10,10,country,전체,21405437000,잠정,2026-10-06T02:54:06.175199+00:00
2026-02-01,10,10,country,중국,4566784000,잠정,2026-10-06T02:54:06.175199+00:00
2026-02-01,10,10,country,홍콩,915353000,잠정,2026-10-06T02:54:06.175199+00:00
2026-02-01,10,10,product,가전제품,202602000,잠정,2026-10-06T02:54:05.460503+00:00
2026-02-01,10,10,product,무선통신기기,570604000,잠정,2026-10-06T02:54:05.460503+00:00
2026-02-01,10,10,product,반도체,6728639000,잠정,2026-10-06T02:54:05.460503+00:00
2026-02-01,10,10,product,석유제품,1562550000,잠정,2026-10-06T02:54:05.460503+00:00
2026-02-01,10,10,product,선박,665638000,잠정,2026-10-06T02:54:05.460503+00:00
2026-02-01,10,10,product,승용차,1347331000,잠정,2026-10-06T02:54:05.460503+00:00
2026-02-01,10,10,product,자동차부품,519797000,잠정,2026-10-06T02:54:05.460503+00:00
2026-02-01,10,10,product,전체,21405437000,잠정,2026-10-06T02:54:05.460503+00:00
2026-02-01,10,10,product,정밀기기,293592000,잠정,2026-10-06T02:54:05.460503+00:00
2026-02-01,10,10,product,철강제품,1226133000,잠정,2026-10-06T02:54:05.460503+00:00
2026-02-01,10,10,product,컴퓨터주변기기,462055000,잠정,2026-10-06T02:54:05.460503+00:00
2026-02-01,20,20,country,대만,2886704000,잠정,2026-10-06T02:54:06.175199+00:00
2026-02-01,20,20,country,말레이시아,1036786000,잠정,2026-10-06T02:54:06.175199+00:00
2026-02-01,20,20,country,미국,8020790000,잠정,2026-10-06T02:54:06.175199+00:00
2026-02-01,20,20,country,베트남,3962242000,잠정,2026-10-06T02:54:06.175199+00:00
2026-02-01,20,20,country,싱가포르,1571063000,잠정,2026-10-06T02:54:06.175199+00:00
2026-02-01,20,20,country,유럽연합,3806048000,잠정,2026-10-06T02:54:06.175199+00:00
2026-02-01,20,20,country,인도,1273344000,잠정,2026-10-06T02:54:06.175199+00:00
2026-02-01,20,20,country,일본,1692480000,잠정,2026-10-06T02:54:06.175199+00:00
2026-02-01,20,20,country,전체,43694567000,잠정,2026-10-06T02:54:06.175199+00:00
2026-02-01,20,20,country,중국,8686644000,잠정,2026-10-06T02:54:06.175199+00:00
2026-02-01,20,20,country,홍콩,2227458000,잠정,2026-10-06T02:54:06.175199+00:00
2026-02-01,20,20,product,가전제품,372661000,잠정,2026-10-06T02:54:05.460503+00:00
2026-02-01,20,20,product,무선통신기기,1030904000,잠정,2026-10-06T02:54:05.460503+00:00
2026-02-01,20,20,product,반도체,15110747000,잠정,2026-10-06T02:54:05.460503+00:00
2026-02-01,20,20,product,석유제품,3124380000,잠정,2026-10-06T02:54:05.460503+00:00
2026-02-01,20,20,product,선박,1301485000,잠정,2026-10-06T02:54:05.460503+00:00
2026-02-01,20,20,product,승용차,2643458000,잠정,2026-10-06T02:54:05.460503+00:00
2026-02-01,20,20,product,자동차부품,971233000,잠정,2026-10-06T02:54:05.460503+00:00
2026-02-01,20,20,product,전체,43694567000,잠정,2026-10-06T02:54:05.460503+00:00
2026-02-01,20,20,product,정밀기기,525756000,잠정,2026-10-06T02:54:05.460503+00:00
2026-02-01,20,20,product,철강제품,2532152000,잠정,2026-10-06T02:54:05.460503+00:00
2026-02-01,20,20,product,컴퓨터주변기기,1345285000,잠정,2026-10-06T02:54:05.460503+00:00
2026-02-01,month_end,28,country,대만,4549137000,잠정,2026-10-06T02:54:06.175199+00:00
2026-02-01,month_end,28,country,말레이시아,1734097000,잠정,2026-10-06T02:54:06.175199+00:00
2026-02-01,month_end,28,country,미국,12704241000,잠정,2026-10-06T02:54:06.175199+00:00
2026-02-01,month_end,28,country,베트남,5895225000,잠정,2026-10-06T02:54:06.175199+00:00
2026-02-01,month_end,28,country,싱가포르,2492991000,잠정,2026-10-06T02:54:06.175199+00:00
2026-02-01,month_end,28,country,유럽연합,5566389000,잠정,2026-10-06T02:54:06.175199+00:00
2026-02-01,month_end,28,country,인도,1739790000,잠정,2026-10-06T02:54:06.175199+00:00
2026-02-01,month_end,28,country,일본,2392253000,잠정,2026-10-06T02:54:06.175199+00:00
2026-02-01,month_end,28,country,전체,67644342000,잠정,2026-10-06T02:54:06.175199+00:00
2026-02-01,month_end,28,country,중국,12779125000,잠정,2026-10-06T02:54:06.175199+00:00
2026-02-01,month_end,28,country,홍콩,4984105000,잠정,2026-10-06T02:54:06.175199+00:00
2026-02-01,month_end,28,product,가전제품,526282000,잠정,2026-10-06T02:54:05.460503+00:00
2026-02-01,month_end,28,product,무선통신기기,1403770000,잠정,2026-10-06T02:54:05.460503+00:00
2026-02-01,month_end,28,product,반도체,25254092000,잠정,2026-10-06T02:54:05.460503+00:00
2026-02-01,month_end,28,product,석유제품,4134731000,잠정,2026-10-06T02:54:05.460503+00:00
2026-02-01,month_end,28,product,선박,2145152000,잠정,2026-10-06T02:54:05.460503+00:00
2026-02-01,month_end,28,product,승용차,4503105000,잠정,2026-10-06T02:54:05.460503+00:00
2026-02-01,month_end,28,product,자동차부품,1368173000,잠정,2026-10-06T02:54:05.460503+00:00
2026-02-01,month_end,28,product,전체,67644342000,잠정,2026-10-06T02:54:05.460503+00:00
2026-02-01,month_end,28,product,정밀기기,774109000,잠정,2026-10-06T02:54:05.460503+00:00
2026-02-01,month_end,28,product,철강제품,3678573000,잠정,2026-10-06T02:54:05.460503+00:00
2026-02-01,month_end,28,product,컴퓨터주변기기,2734202000,잠정,2026-10-06T02:54:05.460503+00:00
2026-03-01,10,10,country,대만,1344647000,잠정,2026-10-06T02:54:06.175199+00:00
2026-03-01,10,10,country,말레이시아,236307000,잠정,2026-10-06T02:54:06.175199+00:00
2026-03-01,10,10,country,미국,4221088000,잠정,2026-10-06T02:54:06.175199+00:00
2026-03-01,10,10,country,베트남,2189941000,잠정,2026-10-06T02:54:06.175199+00:00
2026-03-01,10,10,country,싱가포르,518699000,잠정,2026-10-06T02:54:06.175199+00:00
2026-03-01,10,10,country,유럽연합,1443673000,잠정,2026-10-06T02:54:06.175199+00:00
2026-03-01,10,10,country,인도,547307000,잠정,2026-10-06T02:54:06.175199+00:00
2026-03-01,10,10,country,일본,752808000,잠정,2026-10-06T02:54:06.175199+00:00
2026-03-01,10,10,country,전체,22047961000,잠정,2026-10-06T02:54:06.175199+00:00
2026-03-01,10,10,country,중국,5276652000,잠정,2026-10-06T02:54:06.175199+00:00
2026-03-01,10,10,country,홍콩,1255776000,잠정,2026-10-06T02:54:06.175199+00:00
2026-03-01,10,10,product,가전제품,167437000,잠정,2026-10-06T02:54:05.460503+00:00
2026-03-01,10,10,product,무선통신기기,454119000,잠정,2026-10-06T02:54:05.460503+00:00
2026-03-01,10,10,product,반도체,7588184000,잠정,2026-10-06T02:54:05.460503+00:00
2026-03-01,10,10,product,석유제품,1978728000,잠정,2026-10-06T02:54:05.460503+00:00
2026-03-01,10,10,product,선박,465459000,잠정,2026-10-06T02:54:05.460503+00:00
2026-03-01,10,10,product,승용차,1371448000,잠정,2026-10-06T02:54:05.460503+00:00
2026-03-01,10,10,product,자동차부품,489319000,잠정,2026-10-06T02:54:05.460503+00:00
2026-03-01,10,10,product,전체,22047961000,잠정,2026-10-06T02:54:05.460503+00:00
2026-03-01,10,10,product,정밀기기,266983000,잠정,2026-10-06T02:54:05.460503+00:00
2026-03-01,10,10,product,철강제품,1088776000,잠정,2026-10-06T02:54:05.460503+00:00
2026-03-01,10,10,product,컴퓨터주변기기,815068000,잠정,2026-10-06T02:54:05.460503+00:00
2026-03-01,20,20,country,대만,3358214000,잠정,2026-10-06T02:54:06.175199+00:00
2026-03-01,20,20,country,말레이시아,895160000,잠정,2026-10-06T02:54:06.175199+00:00
2026-03-01,20,20,country,미국,10608523000,잠정,2026-10-06T02:54:06.175199+00:00
2026-03-01,20,20,country,베트남,4756206000,잠정,2026-10-06T02:54:06.175199+00:00
2026-03-01,20,20,country,싱가포르,1298684000,잠정,2026-10-06T02:54:06.175199+00:00
2026-03-01,20,20,country,유럽연합,4495071000,잠정,2026-10-06T02:54:06.175199+00:00
2026-03-01,20,20,country,인도,1343876000,잠정,2026-10-06T02:54:06.175199+00:00
2026-03-01,20,20,country,일본,1896240000,잠정,2026-10-06T02:54:06.175199+00:00
2026-03-01,20,20,country,전체,54305608000,잠정,2026-10-06T02:54:06.175199+00:00
2026-03-01,20,20,country,중국,10949328000,잠정,2026-10-06T02:54:06.175199+00:00
2026-03-01,20,20,country,홍콩,3498473000,잠정,2026-10-06T02:54:06.175199+00:00
2026-03-01,20,20,product,가전제품,397359000,잠정,2026-10-06T02:54:05.460503+00:00
2026-03-01,20,20,product,무선통신기기,1068235000,잠정,2026-10-06T02:54:05.460503+00:00
2026-03-01,20,20,product,반도체,18657336000,잠정,2026-10-06T02:54:05.460503+00:00
2026-03-01,20,20,product,석유제품,4148076000,잠정,2026-10-06T02:54:05.460503+00:00
2026-03-01,20,20,product,선박,2143259000,잠정,2026-10-06T02:54:05.460503+00:00
2026-03-01,20,20,product,승용차,3658783000,잠정,2026-10-06T02:54:05.460503+00:00
2026-03-01,20,20,product,자동차부품,1182974000,잠정,2026-10-06T02:54:05.460503+00:00
2026-03-01,20,20,product,전체,54305608000,잠정,2026-10-06T02:54:05.460503+00:00
2026-03-01,20,20,product,정밀기기,613171000,잠정,2026-10-06T02:54:05.460503+00:00
2026-03-01,20,20,product,철강제품,2765817000,잠정,2026-10-06T02:54:05.460503+00:00
2026-03-01,20,20,product,컴퓨터주변기기,2226086000,잠정,2026-10-06T02:54:05.460503+00:00
2026-03-01,month_end,31,country,대만,6319722000,잠정,2026-10-06T02:54:06.175199+00:00
2026-03-01,month_end,31,country,말레이시아,1427983000,잠정,2026-10-06T02:54:06.175199+00:00
2026-03-01,month_end,31,country,미국,16420152000,잠정,2026-10-06T02:54:06.175199+00:00
2026-03-01,month_end,31,country,베트남,7131866000,잠정,2026-10-06T02:54:06.175199+00:00
2026-03-01,month_end,31,country,싱가포르,2075543000,잠정,2026-10-06T02:54:06.175199+00:00
2026-03-01,month_end,31,country,유럽연합,7472509000,잠정,2026-10-06T02:54:06.175199+00:00
2026-03-01,month_end,31,country,인도,1965394000,잠정,2026-10-06T02:54:06.175199+00:00
2026-03-01,month_end,31,country,일본,2918757000,잠정,2026-10-06T02:54:06.175199+00:00
2026-03-01,month_end,31,country,전체,87363746000,잠정,2026-10-06T02:54:06.175199+00:00
2026-03-01,month_end,31,country,중국,16714606000,잠정,2026-10-06T02:54:06.175199+00:00
2026-03-01,month_end,31,country,홍콩,7860430000,잠정,2026-10-06T02:54:06.175199+00:00
2026-03-01,month_end,31,product,가전제품,620067000,잠정,2026-10-06T02:54:05.460503+00:00
2026-03-01,month_end,31,product,무선통신기기,1573396000,잠정,2026-10-06T02:54:05.460503+00:00
2026-03-01,month_end,31,product,반도체,32972552000,잠정,2026-10-06T02:54:05.460503+00:00
2026-03-01,month_end,31,product,석유제품,6315001000,잠정,2026-10-06T02:54:05.460503+00:00
2026-03-01,month_end,31,product,선박,3413486000,잠정,2026-10-06T02:54:05.460503+00:00
2026-03-01,month_end,31,product,승용차,6077570000,잠정,2026-10-06T02:54:05.460503+00:00
2026-03-01,month_end,31,product,자동차부품,1695108000,잠정,2026-10-06T02:54:05.460503+00:00
2026-03-01,month_end,31,product,전체,87363746000,잠정,2026-10-06T02:54:05.460503+00:00
2026-03-01,month_end,31,product,정밀기기,942021000,잠정,2026-10-06T02:54:05.460503+00:00
2026-03-01,month_end,31,product,철강제품,4108175000,잠정,2026-10-06T02:54:05.460503+00:00
2026-03-01,month_end,31,product,컴퓨터주변기기,3602148000,잠정,2026-10-06T02:54:05.460503+00:00
2026-04-01,10,10,country,대만,1282230000,잠정,2026-10-06T02:54:06.175199+00:00
2026-04-01,10,10,country,말레이시아,413087000,잠정,2026-10-06T02:54:06.175199+00:00
2026-04-01,10,10,country,미국,4288022000,잠정,2026-10-06T02:54:06.175199+00:00
2026-04-01,10,10,country,베트남,2809471000,잠정,2026-10-06T02:54:06.175199+00:00
2026-04-01,10,10,country,싱가포르,529990000,잠정,2026-10-06T02:54:06.175199+00:00
2026-04-01,10,10,country,유럽연합,2352976000,잠정,2026-10-06T02:54:06.175199+00:00
2026-04-01,10,10,country,인도,849502000,잠정,2026-10-06T02:54:06.175199+00:00
2026-04-01,10,10,country,일본,1261889000,잠정,2026-10-06T02:54:06.175199+00:00
2026-04-01,10,10,country,전체,25126248000,잠정,2026-10-06T02:54:06.175199+00:00
2026-04-01,10,10,country,중국,5711210000,잠정,2026-10-06T02:54:06.175199+00:00
2026-04-01,10,10,country,홍콩,877275000,잠정,2026-10-06T02:54:06.175199+00:00
2026-04-01,10,10,product,가전제품,160339000,잠정,2026-10-06T02:54:05.460503+00:00
2026-04-01,10,10,product,무선통신기기,568770000,잠정,2026-10-06T02:54:05.460503+00:00
2026-04-01,10,10,product,반도체,8572668000,잠정,2026-10-06T02:54:05.460503+00:00
2026-04-01,10,10,product,석유제품,1705644000,잠정,2026-10-06T02:54:05.460503+00:00
2026-04-01,10,10,product,선박,815043000,잠정,2026-10-06T02:54:05.460503+00:00
2026-04-01,10,10,product,승용차,1706645000,잠정,2026-10-06T02:54:05.460503+00:00
2026-04-01,10,10,product,자동차부품,651737000,잠정,2026-10-06T02:54:05.460503+00:00
2026-04-01,10,10,product,전체,25126248000,잠정,2026-10-06T02:54:05.460503+00:00
2026-04-01,10,10,product,정밀기기,317628000,잠정,2026-10-06T02:54:05.460503+00:00
2026-04-01,10,10,product,철강제품,1423814000,잠정,2026-10-06T02:54:05.460503+00:00
2026-04-01,10,10,product,컴퓨터주변기기,522973000,잠정,2026-10-06T02:54:05.460503+00:00
2026-04-01,20,20,country,대만,2671189000,잠정,2026-10-06T02:54:06.175199+00:00
2026-04-01,20,20,country,말레이시아,811689000,잠정,2026-10-06T02:54:06.175199+00:00
2026-04-01,20,20,country,미국,9351057000,잠정,2026-10-06T02:54:06.175199+00:00
2026-04-01,20,20,country,베트남,5434887000,잠정,2026-10-06T02:54:06.175199+00:00
2026-04-01,20,20,country,싱가포르,1127629000,잠정,2026-10-06T02:54:06.175199+00:00
2026-04-01,20,20,country,유럽연합,4397860000,잠정,2026-10-06T02:54:06.175199+00:00
2026-04-01,20,20,country,인도,1560656000,잠정,2026-10-06T02:54:06.175199+00:00
2026-04-01,20,20,country,일본,2113015000,잠정,2026-10-06T02:54:06.175199+00:00
2026-04-01,20,20,country,전체,50268009000,잠정,2026-10-06T02:54:06.175199+00:00
2026-04-01,20,20,country,중국,11285064000,잠정,2026-10-06T02:54:06.175199+00:00
2026-04-01,20,20,country,홍콩,2179789000,잠정,2026-10-06T02:54:06.175199+00:00
2026-04-01,20,20,product,가전제품,313221000,잠정,2026-10-06T02:54:05.460503+00:00
2026-04-01,20,20,product,무선통신기기,1024610000,잠정,2026-10-06T02:54:05.460503+00:00
2026-04-01,20,20,product,반도체,18285235000,잠정,2026-10-06T02:54:05.460503+00:00
2026-04-01,20,20,product,석유제품,3121570000,잠정,2026-10-06T02:54:05.460503+00:00
2026-04-01,20,20,product,선박,1773569000,잠정,2026-10-06T02:54:05.460503+00:00
2026-04-01,20,20,product,승용차,3142554000,잠정,2026-10-06T02:54:05.460503+00:00
2026-04-01,20,20,product,자동차부품,1094792000,잠정,2026-10-06T02:54:05.460503+00:00
2026-04-01,20,20,product,전체,50268009000,잠정,2026-10-06T02:54:05.460503+00:00
2026-04-01,20,20,product,정밀기기,544884000,잠정,2026-10-06T02:54:05.460503+00:00
2026-04-01,20,20,product,철강제품,2587075000,잠정,2026-10-06T02:54:05.460503+00:00
2026-04-01,20,20,product,컴퓨터주변기기,2197612000,잠정,2026-10-06T02:54:05.460503+00:00
2026-04-01,month_end,30,country,대만,5561476000,잠정,2026-10-06T02:54:06.175199+00:00
2026-04-01,month_end,30,country,말레이시아,1536340000,잠정,2026-10-06T02:54:06.175199+00:00
2026-04-01,month_end,30,country,미국,16359101000,잠정,2026-10-06T02:54:06.175199+00:00
2026-04-01,month_end,30,country,베트남,7897888000,잠정,2026-10-06T02:54:06.175199+00:00
2026-04-01,month_end,30,country,싱가포르,2194529000,잠정,2026-10-06T02:54:06.175199+00:00
2026-04-01,month_end,30,country,유럽연합,7184377000,잠정,2026-10-06T02:54:06.175199+00:00
2026-04-01,month_end,30,country,인도,2416737000,잠정,2026-10-06T02:54:06.175199+00:00
2026-04-01,month_end,30,country,일본,2981650000,잠정,2026-10-06T02:54:06.175199+00:00
2026-04-01,month_end,30,country,전체,85750598000,잠정,2026-10-06T02:54:06.175199+00:00
2026-04-01,month_end,30,country,중국,17664939000,잠정,2026-10-06T02:54:06.175199+00:00
2026-04-01,month_end,30,country,홍콩,5541633000,잠정,2026-10-06T02:54:06.175199+00:00
2026-04-01,month_end,30,product,가전제품,539173000,잠정,2026-10-06T02:54:05.460503+00:00
2026-04-01,month_end,30,product,무선통신기기,1479328000,잠정,2026-10-06T02:54:05.460503+00:00
2026-04-01,month_end,30,product,반도체,32037742000,잠정,2026-10-06T02:54:05.460503+00:00
2026-04-01,month_end,30,product,석유제품,5054233000,잠정,2026-10-06T02:54:05.460503+00:00
2026-04-01,month_end,30,product,선박,2772718000,잠정,2026-10-06T02:54:05.460503+00:00
2026-04-01,month_end,30,product,승용차,5841651000,잠정,2026-10-06T02:54:05.460503+00:00
2026-04-01,month_end,30,product,자동차부품,1793020000,잠정,2026-10-06T02:54:05.460503+00:00
2026-04-01,month_end,30,product,전체,85750598000,잠정,2026-10-06T02:54:05.460503+00:00
2026-04-01,month_end,30,product,정밀기기,920998000,잠정,2026-10-06T02:54:05.460503+00:00
2026-04-01,month_end,30,product,철강제품,4322468000,잠정,2026-10-06T02:54:05.460503+00:00
2026-04-01,month_end,30,product,컴퓨터주변기기,4238499000,잠정,2026-10-06T02:54:05.460503+00:00
2026-05-01,10,10,country,대만,1372939000,잠정,2026-10-06T02:54:06.175199+00:00
2026-05-01,10,10,country,말레이시아,262971000,잠정,2026-10-06T02:54:06.175199+00:00
2026-05-01,10,10,country,미국,2345223000,잠정,2026-10-06T02:54:06.175199+00:00
2026-05-01,10,10,country,베트남,2239586000,잠정,2026-10-06T02:54:06.175199+00:00
2026-05-01,10,10,country,싱가포르,273526000,잠정,2026-10-06T02:54:06.175199+00:00
2026-05-01,10,10,country,유럽연합,1320336000,잠정,2026-10-06T02:54:06.175199+00:00
2026-05-01,10,10,country,인도,327149000,잠정,2026-10-06T02:54:06.175199+00:00
2026-05-01,10,10,country,일본,642389000,잠정,2026-10-06T02:54:06.175199+00:00
2026-05-01,10,10,country,전체,17939291000,잠정,2026-10-06T02:54:06.175199+00:00
2026-05-01,10,10,country,중국,5091394000,잠정,2026-10-06T02:54:06.175199+00:00
2026-05-01,10,10,country,홍콩,1021821000,잠정,2026-10-06T02:54:06.175199+00:00
2026-05-01,10,10,product,가전제품,107909000,잠정,2026-10-06T02:54:05.460503+00:00
2026-05-01,10,10,product,무선통신기기,421847000,잠정,2026-10-06T02:54:05.460503+00:00
2026-05-01,10,10,product,반도체,8538611000,잠정,2026-10-06T02:54:05.460503+00:00
2026-05-01,10,10,product,석유제품,1043907000,잠정,2026-10-06T02:54:05.460503+00:00
2026-05-01,10,10,product,선박,261824000,잠정,2026-10-06T02:54:05.460503+00:00
2026-05-01,10,10,product,승용차,828405000,잠정,2026-10-06T02:54:05.460503+00:00
2026-05-01,10,10,product,자동차부품,291705000,잠정,2026-10-06T02:54:05.460503+00:00
2026-05-01,10,10,product,전체,17939291000,잠정,2026-10-06T02:54:05.460503+00:00
2026-05-01,10,10,product,정밀기기,170361000,잠정,2026-10-06T02:54:05.460503+00:00
2026-05-01,10,10,product,철강제품,744879000,잠정,2026-10-06T02:54:05.460503+00:00
2026-05-01,10,10,product,컴퓨터주변기기,627104000,잠정,2026-10-06T02:54:05.460503+00:00
2026-05-01,20,20,country,대만,3479532000,잠정,2026-10-06T02:54:06.175199+00:00
2026-05-01,20,20,country,말레이시아,801682000,잠정,2026-10-06T02:54:06.175199+00:00
2026-05-01,20,20,country,미국,9413186000,잠정,2026-10-06T02:54:06.175199+00:00
2026-05-01,20,20,country,베트남,5374569000,잠정,2026-10-06T02:54:06.175199+00:00
2026-05-01,20,20,country,싱가포르,1140700000,잠정,2026-10-06T02:54:06.175199+00:00
2026-05-01,20,20,country,유럽연합,4030018000,잠정,2026-10-06T02:54:06.175199+00:00
2026-05-01,20,20,country,인도,1185713000,잠정,2026-10-06T02:54:06.175199+00:00
2026-05-01,20,20,country,일본,1675250000,잠정,2026-10-06T02:54:06.175199+00:00
2026-05-01,20,20,country,전체,52497683000,잠정,2026-10-06T02:54:06.175199+00:00
2026-05-01,20,20,country,중국,12340184000,잠정,2026-10-06T02:54:06.175199+00:00
2026-05-01,20,20,country,홍콩,2893044000,잠정,2026-10-06T02:54:06.175199+00:00
2026-05-01,20,20,product,가전제품,331809000,잠정,2026-10-06T02:54:05.460503+00:00
2026-05-01,20,20,product,무선통신기기,982520000,잠정,2026-10-06T02:54:05.460503+00:00
2026-05-01,20,20,product,반도체,21950844000,잠정,2026-10-06T02:54:05.460503+00:00
2026-05-01,20,20,product,석유제품,3267858000,잠정,2026-10-06T02:54:05.460503+00:00
2026-05-01,20,20,product,선박,1414852000,잠정,2026-10-06T02:54:05.460503+00:00
2026-05-01,20,20,product,승용차,2762606000,잠정,2026-10-06T02:54:05.460503+00:00
2026-05-01,20,20,product,자동차부품,950944000,잠정,2026-10-06T02:54:05.460503+00:00
2026-05-01,20,20,product,전체,52497683000,잠정,2026-10-06T02:54:05.460503+00:00
2026-05-01,20,20,product,정밀기기,532856000,잠정,2026-10-06T02:54:05.460503+00:00
2026-05-01,20,20,product,철강제품,2417313000,잠정,2026-10-06T02:54:05.460503+00:00
2026-05-01,20,20,product,컴퓨터주변기기,2449292000,잠정,2026-10-06T02:54:05.460503+00:00
2026-05-01,month_end,31,country,대만,6664196000,잠정,2026-10-06T02:54:06.175199+00:00
2026-05-01,month_end,31,country,말레이시아,1461409000,잠정,2026-10-06T02:54:06.175199+00:00
2026-05-01,month_end,31,country,미국,15992073000,잠정,2026-10-06T02:54:06.175199+00:00
2026-05-01,month_end,31,country,베트남,8444883000,잠정,2026-10-06T02:54:06.175199+00:00
2026-05-01,month_end,31,country,싱가포르,2304934000,잠정,2026-10-06T02:54:06.175199+00:00
2026-05-01,month_end,31,country,유럽연합,6234002000,잠정,2026-10-06T02:54:06.175199+00:00
2026-05-01,month_end,31,country,인도,1955280000,잠정,2026-10-06T02:54:06.175199+00:00
2026-05-01,month_end,31,country,일본,2640972000,잠정,2026-10-06T02:54:06.175199+00:00
2026-05-01,month_end,31,country,전체,87552620000,잠정,2026-10-06T02:54:06.175199+00:00
2026-05-01,month_end,31,country,중국,18879842000,잠정,2026-10-06T02:54:06.175199+00:00
2026-05-01,month_end,31,country,홍콩,6466746000,잠정,2026-10-06T02:54:06.175199+00:00
2026-05-01,month_end,31,product,가전제품,580187000,잠정,2026-10-06T02:54:05.460503+00:00
2026-05-01,month_end,31,product,무선통신기기,1502309000,잠정,2026-10-06T02:54:05.460503+00:00
2026-05-01,month_end,31,product,반도체,37286222000,잠정,2026-10-06T02:54:05.460503+00:00
2026-05-01,month_end,31,product,석유제품,5236115000,잠정,2026-10-06T02:54:05.460503+00:00
2026-05-01,month_end,31,product,선박,2503537000,잠정,2026-10-06T02:54:05.460503+00:00
2026-05-01,month_end,31,product,승용차,5480514000,잠정,2026-10-06T02:54:05.460503+00:00
2026-05-01,month_end,31,product,자동차부품,1477127000,잠정,2026-10-06T02:54:05.460503+00:00
2026-05-01,month_end,31,product,전체,87552620000,잠정,2026-10-06T02:54:05.460503+00:00
2026-05-01,month_end,31,product,정밀기기,838614000,잠정,2026-10-06T02:54:05.460503+00:00
2026-05-01,month_end,31,product,철강제품,4040830000,잠정,2026-10-06T02:54:05.460503+00:00
2026-05-01,month_end,31,product,컴퓨터주변기기,4337680000,잠정,2026-10-06T02:54:05.460503+00:00
2026-06-01,10,10,country,대만,1865008000,잠정,2026-10-06T02:54:06.175199+00:00
2026-06-01,10,10,country,말레이시아,946155000,잠정,2026-10-06T02:54:06.175199+00:00
2026-06-01,10,10,country,미국,4518242000,잠정,2026-10-06T02:54:06.175199+00:00
2026-06-01,10,10,country,베트남,2825235000,잠정,2026-10-06T02:54:06.175199+00:00
2026-06-01,10,10,country,싱가포르,1127496000,잠정,2026-10-06T02:54:06.175199+00:00
2026-06-01,10,10,country,유럽연합,2151743000,잠정,2026-10-06T02:54:06.175199+00:00
2026-06-01,10,10,country,인도,671091000,잠정,2026-10-06T02:54:06.175199+00:00
2026-06-01,10,10,country,일본,798418000,잠정,2026-10-06T02:54:06.175199+00:00
2026-06-01,10,10,country,전체,28480871000,잠정,2026-10-06T02:54:06.175199+00:00
2026-06-01,10,10,country,중국,6166537000,잠정,2026-10-06T02:54:06.175199+00:00
2026-06-01,10,10,country,홍콩,1487315000,잠정,2026-10-06T02:54:06.175199+00:00
2026-06-01,10,10,product,가전제품,187697000,잠정,2026-10-06T02:54:05.460503+00:00
2026-06-01,10,10,product,무선통신기기,448340000,잠정,2026-10-06T02:54:05.460503+00:00
2026-06-01,10,10,product,반도체,11066419000,잠정,2026-10-06T02:54:05.460503+00:00
2026-06-01,10,10,product,석유제품,1851977000,잠정,2026-10-06T02:54:05.460503+00:00
2026-06-01,10,10,product,선박,1353827000,잠정,2026-10-06T02:54:05.460503+00:00
2026-06-01,10,10,product,승용차,1620205000,잠정,2026-10-06T02:54:05.460503+00:00
2026-06-01,10,10,product,자동차부품,566293000,잠정,2026-10-06T02:54:05.460503+00:00
2026-06-01,10,10,product,전체,28480871000,잠정,2026-10-06T02:54:05.460503+00:00
2026-06-01,10,10,product,정밀기기,312282000,잠정,2026-10-06T02:54:05.460503+00:00
2026-06-01,10,10,product,철강제품,1309259000,잠정,2026-10-06T02:54:05.460503+00:00
2026-06-01,10,10,product,컴퓨터주변기기,928331000,잠정,2026-10-06T02:54:05.460503+00:00
2026-06-01,20,20,country,대만,4540190000,잠정,2026-10-06T02:54:06.175199+00:00
2026-06-01,20,20,country,말레이시아,1694599000,잠정,2026-10-06T02:54:06.175199+00:00
2026-06-01,20,20,country,미국,11373465000,잠정,2026-10-06T02:54:06.175199+00:00
2026-06-01,20,20,country,베트남,5917922000,잠정,2026-10-06T02:54:06.175199+00:00
2026-06-01,20,20,country,싱가포르,2169384000,잠정,2026-10-06T02:54:06.175199+00:00
2026-06-01,20,20,country,유럽연합,4701979000,잠정,2026-10-06T02:54:06.175199+00:00
2026-06-01,20,20,country,인도,1366097000,잠정,2026-10-06T02:54:06.175199+00:00
2026-06-01,20,20,country,일본,1855797000,잠정,2026-10-06T02:54:06.175199+00:00
2026-06-01,20,20,country,전체,61728993000,잠정,2026-10-06T02:54:06.175199+00:00
2026-06-01,20,20,country,중국,13017082000,잠정,2026-10-06T02:54:06.175199+00:00
2026-06-01,20,20,country,홍콩,3871551000,잠정,2026-10-06T02:54:06.175199+00:00
2026-06-01,20,20,product,가전제품,411351000,잠정,2026-10-06T02:54:05.460503+00:00
2026-06-01,20,20,product,무선통신기기,1049249000,잠정,2026-10-06T02:54:05.460503+00:00
2026-06-01,20,20,product,반도체,25503658000,잠정,2026-10-06T02:54:05.460503+00:00
2026-06-01,20,20,product,석유제품,3517134000,잠정,2026-10-06T02:54:05.460503+00:00
2026-06-01,20,20,product,선박,2211475000,잠정,2026-10-06T02:54:05.460503+00:00
2026-06-01,20,20,product,승용차,3731563000,잠정,2026-10-06T02:54:05.460503+00:00
2026-06-01,20,20,product,자동차부품,1102771000,잠정,2026-10-06T02:54:05.460503+00:00
2026-06-01,20,20,product,전체,61728993000,잠정,2026-10-06T02:54:05.460503+00:00
2026-06-01,20,20,product,정밀기기,622054000,잠정,2026-10-06T02:54:05.460503+00:00
2026-06-01,20,20,product,철강제품,2799840000,잠정,2026-10-06T02:54:05.460503+00:00
2026-06-01,20,20,product,컴퓨터주변기기,3065561000,잠정,2026-10-06T02:54:05.460503+00:00
2026-06-01,month_end,30,country,대만,8318051000,잠정,2026-10-06T02:54:06.175199+00:00
2026-06-01,month_end,30,country,말레이시아,2457868000,잠정,2026-10-06T02:54:06.175199+00:00
2026-06-01,month_end,30,country,미국,20017387000,잠정,2026-10-06T02:54:06.175199+00:00
2026-06-01,month_end,30,country,베트남,8618848000,잠정,2026-10-06T02:54:06.175199+00:00
2026-06-01,month_end,30,country,싱가포르,3123507000,잠정,2026-10-06T02:54:06.175199+00:00
2026-06-01,month_end,30,country,유럽연합,7630433000,잠정,2026-10-06T02:54:06.175199+00:00
2026-06-01,month_end,30,country,인도,2104498000,잠정,2026-10-06T02:54:06.175199+00:00
2026-06-01,month_end,30,country,일본,2798782000,잠정,2026-10-06T02:54:06.175199+00:00
2026-06-01,month_end,30,country,전체,101959795000,잠정,2026-10-06T02:54:06.175199+00:00
2026-06-01,month_end,30,country,중국,20005445000,잠정,2026-10-06T02:54:06.175199+00:00
2026-06-01,month_end,30,country,홍콩,9094976000,잠정,2026-10-06T02:54:06.175199+00:00
2026-06-01,month_end,30,product,가전제품,660503000,잠정,2026-10-06T02:54:05.460503+00:00
2026-06-01,month_end,30,product,무선통신기기,1576270000,잠정,2026-10-06T02:54:05.460503+00:00
2026-06-01,month_end,30,product,반도체,44942586000,잠정,2026-10-06T02:54:05.460503+00:00
2026-06-01,month_end,30,product,석유제품,5444650000,잠정,2026-10-06T02:54:05.460503+00:00
2026-06-01,month_end,30,product,선박,2714944000,잠정,2026-10-06T02:54:05.460503+00:00
2026-06-01,month_end,30,product,승용차,6356020000,잠정,2026-10-06T02:54:05.460503+00:00
2026-06-01,month_end,30,product,자동차부품,1653180000,잠정,2026-10-06T02:54:05.460503+00:00
2026-06-01,month_end,30,product,전체,101959795000,잠정,2026-10-06T02:54:05.460503+00:00
2026-06-01,month_end,30,product,정밀기기,981939000,잠정,2026-10-06T02:54:05.460503+00:00
2026-06-01,month_end,30,product,철강제품,4350841000,잠정,2026-10-06T02:54:05.460503+00:00
2026-06-01,month_end,30,product,컴퓨터주변기기,5584322000,잠정,2026-10-06T02:54:05.460503+00:00
2026-07-01,10,10,country,대만,1405872000,잠정,2026-10-06T02:54:06.175199+00:00
2026-07-01,10,10,country,말레이시아,579543000,잠정,2026-10-06T02:54:06.175199+00:00
2026-07-01,10,10,country,미국,4917574000,잠정,2026-10-06T02:54:06.175199+00:00
2026-07-01,10,10,country,베트남,3446907000,잠정,2026-10-06T02:54:06.175199+00:00
2026-07-01,10,10,country,싱가포르,981387000,잠정,2026-10-06T02:54:06.175199+00:00
2026-07-01,10,10,country,유럽연합,2517680000,잠정,2026-10-06T02:54:06.175199+00:00
2026-07-01,10,10,country,인도,839366000,잠정,2026-10-06T02:54:06.175199+00:00
2026-07-01,10,10,country,일본,1017839000,잠정,2026-10-06T02:54:06.175199+00:00
2026-07-01,10,10,country,전체,29954981000,잠정,2026-10-06T02:54:06.175199+00:00
2026-07-01,10,10,country,중국,7057068000,잠정,2026-10-06T02:54:06.175199+00:00
2026-07-01,10,10,country,홍콩,1345595000,잠정,2026-10-06T02:54:06.175199+00:00
2026-07-01,10,10,product,가전제품,229864000,잠정,2026-10-06T02:54:05.460503+00:00
2026-07-01,10,10,product,무선통신기기,784320000,잠정,2026-10-06T02:54:05.460503+00:00
2026-07-01,10,10,product,반도체,11210210000,잠정,2026-10-06T02:54:05.460503+00:00
2026-07-01,10,10,product,석유제품,1904764000,잠정,2026-10-06T02:54:05.460503+00:00
2026-07-01,10,10,product,선박,1542354000,잠정,2026-10-06T02:54:05.460503+00:00
2026-07-01,10,10,product,승용차,1892511000,잠정,2026-10-06T02:54:05.460503+00:00
2026-07-01,10,10,product,자동차부품,613343000,잠정,2026-10-06T02:54:05.460503+00:00
2026-07-01,10,10,product,전체,29954981000,잠정,2026-10-06T02:54:05.460503+00:00
2026-07-01,10,10,product,정밀기기,333130000,잠정,2026-10-06T02:54:05.460503+00:00
2026-07-01,10,10,product,철강제품,1463419000,잠정,2026-10-06T02:54:05.460503+00:00
2026-07-01,10,10,product,컴퓨터주변기기,866247000,잠정,2026-10-06T02:54:05.460503+00:00
2026-07-01,20,20,country,대만,2792999000,잠정,2026-10-06T02:54:06.175199+00:00
2026-07-01,20,20,country,말레이시아,1486193000,잠정,2026-10-06T02:54:06.175199+00:00
2026-07-01,20,20,country,미국,8979415000,잠정,2026-10-06T02:54:06.175199+00:00
2026-07-01,20,20,country,베트남,6221387000,잠정,2026-10-06T02:54:06.175199+00:00
2026-07-01,20,20,country,싱가포르,1489034000,잠정,2026-10-06T02:54:06.175199+00:00
2026-07-01,20,20,country,유럽연합,4992069000,잠정,2026-10-06T02:54:06.175199+00:00
2026-07-01,20,20,country,인도,1485644000,잠정,2026-10-06T02:54:06.175199+00:00
2026-07-01,20,20,country,일본,1683644000,잠정,2026-10-06T02:54:06.175199+00:00
2026-07-01,20,20,country,전체,55208200000,잠정,2026-10-06T02:54:06.175199+00:00
2026-07-01,20,20,country,중국,13366658000,잠정,2026-10-06T02:54:06.175199+00:00
2026-07-01,20,20,country,홍콩,2259184000,잠정,2026-10-06T02:54:06.175199+00:00
2026-07-01,20,20,product,가전제품,424007000,잠정,2026-10-06T02:54:05.460503+00:00
2026-07-01,20,20,product,무선통신기기,1336736000,잠정,2026-10-06T02:54:05.460503+00:00
2026-07-01,20,20,product,반도체,22120084000,잠정,2026-10-06T02:54:05.460503+00:00
2026-07-01,20,20,product,석유제품,3721844000,잠정,2026-10-06T02:54:05.460503+00:00
2026-07-01,20,20,product,선박,2448114000,잠정,2026-10-06T02:54:05.460503+00:00
2026-07-01,20,20,product,승용차,3227998000,잠정,2026-10-06T02:54:05.460503+00:00
2026-07-01,20,20,product,자동차부품,1047691000,잠정,2026-10-06T02:54:05.460503+00:00
2026-07-01,20,20,product,전체,55208200000,잠정,2026-10-06T02:54:05.460503+00:00
2026-07-01,20,20,product,정밀기기,554102000,잠정,2026-10-06T02:54:05.460503+00:00
2026-07-01,20,20,product,철강제품,2647351000,잠정,2026-10-06T02:54:05.460503+00:00
2026-07-01,20,20,product,컴퓨터주변기기,2031298000,잠정,2026-10-06T02:54:05.460503+00:00
2026-07-01,month_end,31,country,대만,5678210000,잠정,2026-10-06T02:54:06.175199+00:00
2026-07-01,month_end,31,country,말레이시아,2575629000,잠정,2026-10-06T02:54:06.175199+00:00
2026-07-01,month_end,31,country,미국,17497410000,잠정,2026-10-06T02:54:06.175199+00:00
2026-07-01,month_end,31,country,베트남,9871468000,잠정,2026-10-06T02:54:06.175199+00:00
2026-07-01,month_end,31,country,싱가포르,2483313000,잠정,2026-10-06T02:54:06.175199+00:00
2026-07-01,month_end,31,country,유럽연합,9405966000,잠정,2026-10-06T02:54:06.175199+00:00
2026-07-01,month_end,31,country,인도,2586626000,잠정,2026-10-06T02:54:06.175199+00:00
2026-07-01,month_end,31,country,일본,2759842000,잠정,2026-10-06T02:54:06.175199+00:00
2026-07-01,month_end,31,country,전체,99190335000,잠정,2026-10-06T02:54:06.175199+00:00
2026-07-01,month_end,31,country,중국,21699033000,잠정,2026-10-06T02:54:06.175199+00:00
2026-07-01,month_end,31,country,홍콩,6657591000,잠정,2026-10-06T02:54:06.175199+00:00
2026-07-01,month_end,31,product,가전제품,697492000,잠정,2026-10-06T02:54:05.460503+00:00
2026-07-01,month_end,31,product,무선통신기기,2051103000,잠정,2026-10-06T02:54:05.460503+00:00
2026-07-01,month_end,31,product,반도체,41173418000,잠정,2026-10-06T02:54:05.460503+00:00
2026-07-01,month_end,31,product,석유제품,6121005000,잠정,2026-10-06T02:54:05.460503+00:00
2026-07-01,month_end,31,product,선박,3111752000,잠정,2026-10-06T02:54:05.460503+00:00
2026-07-01,month_end,31,product,승용차,5939277000,잠정,2026-10-06T02:54:05.460503+00:00
2026-07-01,month_end,31,product,자동차부품,1854520000,잠정,2026-10-06T02:54:05.460503+00:00
2026-07-01,month_end,31,product,전체,99190335000,잠정,2026-10-06T02:54:05.460503+00:00
2026-07-01,month_end,31,product,정밀기기,999196000,잠정,2026-10-06T02:54:05.460503+00:00
2026-07-01,month_end,31,product,철강제품,4670407000,잠정,2026-10-06T02:54:05.460503+00:00
2026-07-01,month_end,31,product,컴퓨터주변기기,4938569000,잠정,2026-10-06T02:54:05.460503+00:00
2026-08-01,10,10,country,대만,1100413000,잠정,2026-10-06T02:54:06.175199+00:00
2026-08-01,10,10,country,말레이시아,601855000,잠정,2026-10-06T02:54:06.175199+00:00
2026-08-01,10,10,country,미국,2030329000,잠정,2026-10-06T02:54:06.175199+00:00
2026-08-01,10,10,country,베트남,2387646000,잠정,2026-10-06T02:54:06.175199+00:00
2026-08-01,10,10,country,싱가포르,272287000,잠정,2026-10-06T02:54:06.175199+00:00
2026-08-01,10,10,country,유럽연합,1500246000,잠정,2026-10-06T02:54:06.175199+00:00
2026-08-01,10,10,country,인도,470954000,잠정,2026-10-06T02:54:06.175199+00:00
2026-08-01,10,10,country,일본,645047000,잠정,2026-10-06T02:54:06.175199+00:00
2026-08-01,10,10,country,전체,21263370000,잠정,2026-10-06T02:54:06.175199+00:00
2026-08-01,10,10,country,중국,6744731000,잠정,2026-10-06T02:54:06.175199+00:00
2026-08-01,10,10,country,홍콩,1578000000,잠정,2026-10-06T02:54:06.175199+00:00
2026-08-01,10,10,product,가전제품,113074000,잠정,2026-10-06T02:54:05.460503+00:00
2026-08-01,10,10,product,무선통신기기,470566000,잠정,2026-10-06T02:54:05.460503+00:00
2026-08-01,10,10,product,반도체,9951704000,잠정,2026-10-06T02:54:05.460503+00:00
2026-08-01,10,10,product,석유제품,2003274000,잠정,2026-10-06T02:54:05.460503+00:00
2026-08-01,10,10,product,선박,470680000,잠정,2026-10-06T02:54:05.460503+00:00
2026-08-01,10,10,product,승용차,181405000,잠정,2026-10-06T02:54:05.460503+00:00
2026-08-01,10,10,product,자동차부품,222029000,잠정,2026-10-06T02:54:05.460503+00:00
2026-08-01,10,10,product,전체,21263370000,잠정,2026-10-06T02:54:05.460503+00:00
2026-08-01,10,10,product,정밀기기,206115000,잠정,2026-10-06T02:54:05.460503+00:00
2026-08-01,10,10,product,철강제품,888770000,잠정,2026-10-06T02:54:05.460503+00:00
2026-08-01,10,10,product,컴퓨터주변기기,587424000,잠정,2026-10-06T02:54:05.460503+00:00
2026-08-01,20,20,country,대만,3295976000,잠정,2026-10-06T02:54:06.175199+00:00
2026-08-01,20,20,country,말레이시아,1990177000,잠정,2026-10-06T02:54:06.175199+00:00
2026-08-01,20,20,country,미국,7977815000,잠정,2026-10-06T02:54:06.175199+00:00
2026-08-01,20,20,country,베트남,5825599000,잠정,2026-10-06T02:54:06.175199+00:00
2026-08-01,20,20,country,싱가포르,1118868000,잠정,2026-10-06T02:54:06.175199+00:00
2026-08-01,20,20,country,유럽연합,3556495000,잠정,2026-10-06T02:54:06.175199+00:00
2026-08-01,20,20,country,인도,1375101000,잠정,2026-10-06T02:54:06.175199+00:00
2026-08-01,20,20,country,일본,1691086000,잠정,2026-10-06T02:54:06.175199+00:00
2026-08-01,20,20,country,전체,55219260000,잠정,2026-10-06T02:54:06.175199+00:00
2026-08-01,20,20,country,중국,15270392000,잠정,2026-10-06T02:54:06.175199+00:00
2026-08-01,20,20,country,홍콩,3622749000,잠정,2026-10-06T02:54:06.175199+00:00
2026-08-01,20,20,product,가전제품,306820000,잠정,2026-10-06T02:54:05.460503+00:00
2026-08-01,20,20,product,무선통신기기,1040236000,잠정,2026-10-06T02:54:05.460503+00:00
2026-08-01,20,20,product,반도체,26034569000,잠정,2026-10-06T02:54:05.460503+00:00
2026-08-01,20,20,product,석유제품,4236194000,잠정,2026-10-06T02:54:05.460503+00:00
2026-08-01,20,20,product,선박,913927000,잠정,2026-10-06T02:54:05.460503+00:00
2026-08-01,20,20,product,승용차,1520807000,잠정,2026-10-06T02:54:05.460503+00:00
2026-08-01,20,20,product,자동차부품,796871000,잠정,2026-10-06T02:54:05.460503+00:00
2026-08-01,20,20,product,전체,55219260000,잠정,2026-10-06T02:54:05.460503+00:00
2026-08-01,20,20,product,정밀기기,524137000,잠정,2026-10-06T02:54:05.460503+00:00
2026-08-01,20,20,product,철강제품,2391216000,잠정,2026-10-06T02:54:05.460503+00:00
2026-08-01,20,20,product,컴퓨터주변기기,2278122000,잠정,2026-10-06T02:54:05.460503+00:00
2026-08-01,month_end,31,country,대만,6471201000,잠정,2026-10-06T02:54:06.175199+00:00
2026-08-01,month_end,31,country,말레이시아,3363118000,잠정,2026-10-06T02:54:06.175199+00:00
2026-08-01,month_end,31,country,미국,16498834000,잠정,2026-10-06T02:54:06.175199+00:00
2026-08-01,month_end,31,country,베트남,8819269000,잠정,2026-10-06T02:54:06.175199+00:00
2026-08-01,month_end,31,country,싱가포르,2376963000,잠정,2026-10-06T02:54:06.175199+00:00
2026-08-01,month_end,31,country,유럽연합,6625654000,잠정,2026-10-06T02:54:06.175199+00:00
2026-08-01,month_end,31,country,인도,2346133000,잠정,2026-10-06T02:54:06.175199+00:00
2026-08-01,month_end,31,country,일본,2685117000,잠정,2026-10-06T02:54:06.175199+00:00
2026-08-01,month_end,31,country,전체,98282430000,잠정,2026-10-06T02:54:06.175199+00:00
2026-08-01,month_end,31,country,중국,24112225000,잠정,2026-10-06T02:54:06.175199+00:00
2026-08-01,month_end,31,country,홍콩,8902968000,잠정,2026-10-06T02:54:06.175199+00:00
2026-08-01,month_end,31,product,가전제품,509995000,잠정,2026-10-06T02:54:05.460503+00:00
2026-08-01,month_end,31,product,무선통신기기,1650086000,잠정,2026-10-06T02:54:05.460503+00:00
2026-08-01,month_end,31,product,반도체,46829319000,잠정,2026-10-06T02:54:05.460503+00:00
2026-08-01,month_end,31,product,석유제품,6882093000,잠정,2026-10-06T02:54:05.460503+00:00
2026-08-01,month_end,31,product,선박,1631184000,잠정,2026-10-06T02:54:05.460503+00:00
2026-08-01,month_end,31,product,승용차,3643315000,잠정,2026-10-06T02:54:05.460503+00:00
2026-08-01,month_end,31,product,자동차부품,1415382000,잠정,2026-10-06T02:54:05.460503+00:00
2026-08-01,month_end,31,product,전체,98282430000,잠정,2026-10-06T02:54:05.460503+00:00
2026-08-01,month_end,31,product,정밀기기,861045000,잠정,2026-10-06T02:54:05.460503+00:00
2026-08-01,month_end,31,product,철강제품,4036002000,잠정,2026-10-06T02:54:05.460503+00:00
2026-08-01,month_end,31,product,컴퓨터주변기기,6410080000,잠정,2026-10-06T02:54:05.460503+00:00
2026-09-01,10,10,country,대만,3185899000,잠정,2026-10-06T02:54:06.175199+00:00
2026-09-01,10,10,country,말레이시아,704366000,잠정,2026-10-06T02:54:06.175199+00:00
2026-09-01,10,10,country,미국,7027714000,잠정,2026-10-06T02:54:06.175199+00:00
2026-09-01,10,10,country,베트남,2942676000,잠정,2026-10-06T02:54:06.175199+00:00
2026-09-01,10,10,country,싱가포르,625947000,잠정,2026-10-06T02:54:06.175199+00:00
2026-09-01,10,10,country,유럽연합,2254539000,잠정,2026-10-06T02:54:06.175199+00:00
2026-09-01,10,10,country,인도,833804000,잠정,2026-10-06T02:54:06.175199+00:00
2026-09-01,10,10,country,일본,1102270000,잠정,2026-10-06T02:54:06.175199+00:00
2026-09-01,10,10,country,전체,34973081000,잠정,2026-10-06T02:54:06.175199+00:00
2026-09-01,10,10,country,중국,7953248000,잠정,2026-10-06T02:54:06.175199+00:00
2026-09-01,10,10,country,홍콩,1788360000,잠정,2026-10-06T02:54:06.175199+00:00
2026-09-01,10,10,product,가전제품,199166000,잠정,2026-10-06T02:54:05.460503+00:00
2026-09-01,10,10,product,무선통신기기,654257000,잠정,2026-10-06T02:54:05.460503+00:00
2026-09-01,10,10,product,반도체,16483056000,잠정,2026-10-06T02:54:05.460503+00:00
2026-09-01,10,10,product,석유제품,1870248000,잠정,2026-10-06T02:54:05.460503+00:00
2026-09-01,10,10,product,선박,1495389000,잠정,2026-10-06T02:54:05.460503+00:00
2026-09-01,10,10,product,승용차,1707722000,잠정,2026-10-06T02:54:05.460503+00:00
2026-09-01,10,10,product,자동차부품,664559000,잠정,2026-10-06T02:54:05.460503+00:00
2026-09-01,10,10,product,전체,34973081000,잠정,2026-10-06T02:54:05.460503+00:00
2026-09-01,10,10,product,정밀기기,341020000,잠정,2026-10-06T02:54:05.460503+00:00
2026-09-01,10,10,product,철강제품,1362183000,잠정,2026-10-06T02:54:05.460503+00:00
2026-09-01,10,10,product,컴퓨터주변기기,634522000,잠정,2026-10-06T02:54:05.460503+00:00
2026-09-01,20,20,country,대만,5545530000,잠정,2026-10-06T02:54:06.175199+00:00
2026-09-01,20,20,country,말레이시아,1534344000,잠정,2026-10-06T02:54:06.175199+00:00
2026-09-01,20,20,country,미국,14215187000,잠정,2026-10-06T02:54:06.175199+00:00
2026-09-01,20,20,country,베트남,5869602000,잠정,2026-10-06T02:54:06.175199+00:00
2026-09-01,20,20,country,싱가포르,1924295000,잠정,2026-10-06T02:54:06.175199+00:00
2026-09-01,20,20,country,유럽연합,5318802000,잠정,2026-10-06T02:54:06.175199+00:00
2026-09-01,20,20,country,인도,1694283000,잠정,2026-10-06T02:54:06.175199+00:00
2026-09-01,20,20,country,일본,2119955000,잠정,2026-10-06T02:54:06.175199+00:00
2026-09-01,20,20,country,전체,71409349000,잠정,2026-10-06T02:54:06.175199+00:00
2026-09-01,20,20,country,중국,16625500000,잠정,2026-10-06T02:54:06.175199+00:00
2026-09-01,20,20,country,홍콩,3843784000,잠정,2026-10-06T02:54:06.175199+00:00
2026-09-01,20,20,product,가전제품,377984000,잠정,2026-10-06T02:54:05.460503+00:00
2026-09-01,20,20,product,무선통신기기,1245445000,잠정,2026-10-06T02:54:05.460503+00:00
2026-09-01,20,20,product,반도체,34128119000,잠정,2026-10-06T02:54:05.460503+00:00
2026-09-01,20,20,product,석유제품,4012147000,잠정,2026-10-06T02:54:05.460503+00:00
2026-09-01,20,20,product,선박,2446453000,잠정,2026-10-06T02:54:05.460503+00:00
2026-09-01,20,20,product,승용차,3734779000,잠정,2026-10-06T02:54:05.460503+00:00
2026-09-01,20,20,product,자동차부품,1133439000,잠정,2026-10-06T02:54:05.460503+00:00
2026-09-01,20,20,product,전체,71409349000,잠정,2026-10-06T02:54:05.460503+00:00
2026-09-01,20,20,product,정밀기기,640533000,잠정,2026-10-06T02:54:05.460503+00:00
2026-09-01,20,20,product,철강제품,2712227000,잠정,2026-10-06T02:54:05.460503+00:00
2026-09-01,20,20,product,컴퓨터주변기기,2330034000,잠정,2026-10-06T02:54:05.460503+00:00
2026-09-01,month_end,30,country,대만,10234797000,잠정,2026-10-06T02:54:06.175199+00:00
2026-09-01,month_end,30,country,말레이시아,3173657000,잠정,2026-10-06T02:54:06.175199+00:00
2026-09-01,month_end,30,country,미국,24333677000,잠정,2026-10-06T02:54:06.175199+00:00
2026-09-01,month_end,30,country,베트남,8530440000,잠정,2026-10-06T02:54:06.175199+00:00
2026-09-01,month_end,30,country,싱가포르,3792177000,잠정,2026-10-06T02:54:06.175199+00:00
2026-09-01,month_end,30,country,유럽연합,8652080000,잠정,2026-10-06T02:54:06.175199+00:00
2026-09-01,month_end,30,country,인도,2577082000,잠정,2026-10-06T02:54:06.175199+00:00
2026-09-01,month_end,30,country,일본,3208654000,잠정,2026-10-06T02:54:06.175199+00:00
2026-09-01,month_end,30,country,전체,120943825000,잠정,2026-10-06T02:54:06.175199+00:00
2026-09-01,month_end,30,country,중국,26013702000,잠정,2026-10-06T02:54:06.175199+00:00
2026-09-01,month_end,30,country,홍콩,10573575000,잠정,2026-10-06T02:54:06.175199+00:00
2026-09-01,month_end,30,product,가전제품,580741000,잠정,2026-10-06T02:54:05.460503+00:00
2026-09-01,month_end,30,product,무선통신기기,1815314000,잠정,2026-10-06T02:54:05.460503+00:00
2026-09-01,month_end,30,product,반도체,60503641000,잠정,2026-10-06T02:54:05.460503+00:00
2026-09-01,month_end,30,product,석유제품,7259591000,잠정,2026-10-06T02:54:05.460503+00:00
2026-09-01,month_end,30,product,선박,3638696000,잠정,2026-10-06T02:54:05.460503+00:00
2026-09-01,month_end,30,product,승용차,5705946000,잠정,2026-10-06T02:54:05.460503+00:00
2026-09-01,month_end,30,product,자동차부품,1678775000,잠정,2026-10-06T02:54:05.460503+00:00
2026-09-01,month_end,30,product,전체,120943825000,잠정,2026-10-06T02:54:05.460503+00:00
2026-09-01,month_end,30,product,정밀기기,966809000,잠정,2026-10-06T02:54:05.460503+00:00
2026-09-01,month_end,30,product,철강제품,4277639000,잠정,2026-10-06T02:54:05.460503+00:00
2026-09-01,month_end,30,product,컴퓨터주변기기,7145115000,잠정,2026-10-06T02:54:05.460503+00:00
