20대품목,중분류,세부분류,MTI6,HSK10,HS6,HS4,HSK 품목명
반도체,메모리반도체,DRAM,831110,8473304060,847330,8473,DRAM 모듈
반도체,메모리반도체,DRAM,831110,8542321010,854232,8542,DRAM
반도체,메모리반도체,NAND,831120,8542321030,854232,8542,NAND·플래시
반도체,메모리반도체,SRAM,831130,8542321020,854232,8542,SRAM
반도체,메모리반도체,기타 메모리,831190,8542321090,854232,8542,기타
반도체,메모리반도체,기타 메모리,831190,8542322000,854232,8542,하이브리드 집적회로
반도체,메모리반도체,기타 메모리,831190,8542323000,854232,8542,복합구조칩 집적회로
반도체,메모리반도체,기타 메모리,831190,8542324000,854232,8542,MCO
반도체,시스템반도체,프로세서·컨트롤러,831210,8542311000,854231,8542,프로세서·컨트롤러 IC
반도체,시스템반도체,프로세서·컨트롤러,831210,8542312000,854231,8542,프로세서·컨트롤러 IC
반도체,시스템반도체,프로세서·컨트롤러,831210,8542313000,854231,8542,프로세서·컨트롤러 IC
반도체,시스템반도체,프로세서·컨트롤러,831210,8542314000,854231,8542,프로세서·컨트롤러 IC
반도체,시스템반도체,증폭기 IC,831220,8542331000,854233,8542,증폭기 IC
반도체,시스템반도체,증폭기 IC,831220,8542332000,854233,8542,증폭기 IC
반도체,시스템반도체,증폭기 IC,831220,8542333000,854233,8542,증폭기 IC
반도체,시스템반도체,증폭기 IC,831220,8542334000,854233,8542,증폭기 IC
반도체,시스템반도체,기타 시스템 IC,831230,8523521000,852352,8523,기타 시스템 IC
반도체,시스템반도체,기타 시스템 IC,831230,8523522000,852352,8523,기타 시스템 IC
반도체,시스템반도체,기타 시스템 IC,831230,8523529000,852352,8523,기타 시스템 IC
반도체,시스템반도체,기타 시스템 IC,831230,8542391000,854239,8542,기타 시스템 IC
반도체,시스템반도체,기타 시스템 IC,831230,8542392000,854239,8542,기타 시스템 IC
반도체,시스템반도체,기타 시스템 IC,831230,8542393000,854239,8542,기타 시스템 IC
반도체,시스템반도체,기타 시스템 IC,831230,8542394000,854239,8542,기타 시스템 IC
반도체,시스템반도체,IC 부품·모듈,831240,8542900000,854290,8542,IC 부품·초소형 조립회로
반도체,시스템반도체,IC 부품·모듈,831240,8543901000,854390,8543,IC 부품·초소형 조립회로
반도체,시스템반도체,IC 부품·모듈,831240,8548001000,854800,8548,IC 부품·초소형 조립회로
반도체,개별소자,개별소자,831310,8541211000,854121,8541,"칩, 다이스와 절단되지 않은 웨이퍼"
반도체,개별소자,개별소자,831310,8541219000,854121,8541,기타
반도체,개별소자,개별소자,831310,8541291000,854129,8541,"칩, 다이스와 절단되지 않은 웨이퍼"
반도체,개별소자,개별소자,831310,8541299000,854129,8541,기타
반도체,개별소자,개별소자,831320,8541101000,854110,8541,"칩, 다이스와 절단되지 않은 웨이퍼"
반도체,개별소자,개별소자,831320,8541109000,854110,8541,기타
반도체,반도체 변환소자,센서·액추에이터·변환소자,831330,8541511000,854151,8541,센서
반도체,반도체 변환소자,센서·액추에이터·변환소자,831330,8541512000,854151,8541,액추에이터
반도체,반도체 변환소자,센서·액추에이터·변환소자,831330,8541513000,854151,8541,공진기
반도체,반도체 변환소자,센서·액추에이터·변환소자,831330,8541514000,854151,8541,오실레이터
반도체,개별소자,개별소자,831340,8541902000,854190,8541,개별소자 부품 - 다이오드의 것
반도체,개별소자,개별소자,831340,8541903000,854190,8541,개별소자 부품 - 트랜지스터의 것
반도체,개별소자,개별소자,831340,8541909000,854190,8541,개별소자 부품 - 기타
반도체,개별소자,개별소자,831390,8541301000,854130,8541,"칩, 다이스와 절단되지 않은 웨이퍼"
반도체,개별소자,개별소자,831390,8541302000,854130,8541,사이리스터(thyristor)
반도체,개별소자,개별소자,831390,8541303000,854130,8541,다이액(diac)
반도체,개별소자,개별소자,831390,8541304000,854130,8541,트라이액(triac)
반도체,광전자,광전자 소자,831390,8541411000,854141,8541,레이저소자
반도체,광전자,광전자 소자,831390,8541419000,854141,8541,기타
반도체,광전자,광전자 소자,831390,8541420000,854142,8541,태양전지 셀
반도체,광전자,광전자 소자,831390,8541491000,854149,8541,"칩, 다이스와 절단되지 않은 웨이퍼"
반도체,광전자,광전자 소자,831390,8541492000,854149,8541,광전도 셀
반도체,광전자,광전자 소자,831390,8541493000,854149,8541,전하결합소자
반도체,광전자,광전자 소자,831390,8541499000,854149,8541,기타
반도체,개별소자,개별소자,831390,8541591000,854159,8541,"칩, 다이스와 절단되지 않은 웨이퍼"
반도체,개별소자,개별소자,831390,8541599000,854159,8541,기타
반도체,기타 반도체 소자,압전결정·기타,831390,8541601000,854160,8541,수정진동자
반도체,기타 반도체 소자,압전결정·기타,831390,8541609000,854160,8541,기타
반도체,반도체 소재,실리콘웨이퍼,831400,3818001000,381800,3818,실리콘웨이퍼
반도체,반도체 소재,실리콘웨이퍼,831400,3818002010,381800,3818,실리콘웨이퍼
반도체,반도체 소재,실리콘웨이퍼,831400,3818002090,381800,3818,실리콘웨이퍼
자동차,트랙터,트랙터 신차,741110,8701211000,870121,8701,트랙터 신차
자동차,트랙터,트랙터,741110,8701300000,870130,8701,무한궤도식 트랙터
자동차,트랙터,트랙터 신차,741110,8701911010,870191,8701,트랙터 신차
자동차,트랙터,트랙터 신차,741110,8701921010,870192,8701,트랙터 신차
자동차,트랙터,트랙터,741110,8701929000,870192,8701,트랙터 - 기타
자동차,트랙터,트랙터 신차,741110,8701931010,870193,8701,트랙터 신차
자동차,트랙터,트랙터,741110,8701939000,870193,8701,트랙터 - 기타
자동차,트랙터,트랙터 신차,741110,8701941010,870194,8701,트랙터 신차
자동차,트랙터,트랙터,741110,8701949000,870194,8701,트랙터 - 기타
자동차,트랙터,트랙터 신차,741110,8701951010,870195,8701,트랙터 신차
자동차,트랙터,트랙터,741110,8701959000,870195,8701,트랙터 - 기타
자동차,트랙터,트랙터 중고차,741120,8701212000,870121,8701,트랙터 중고차
자동차,트랙터,트랙터 중고차,741120,8701911020,870191,8701,트랙터 중고차
자동차,트랙터,트랙터,741120,8701919000,870191,8701,트랙터 - 기타
자동차,트랙터,트랙터 중고차,741120,8701921020,870192,8701,트랙터 중고차
자동차,트랙터,트랙터 중고차,741120,8701931020,870193,8701,트랙터 중고차
자동차,트랙터,트랙터 중고차,741120,8701941020,870194,8701,트랙터 중고차
자동차,트랙터,트랙터 중고차,741120,8701951020,870195,8701,트랙터 중고차
자동차,트랙터,트랙터 신차,741130,8701221000,870122,8701,트랙터 신차
자동차,트랙터,트랙터 신차,741130,8701231000,870123,8701,트랙터 신차
자동차,트랙터,트랙터 신차,741130,8701291000,870129,8701,트랙터 신차
자동차,트랙터,트랙터 중고차,741140,8701222000,870122,8701,트랙터 중고차
자동차,트랙터,트랙터 중고차,741140,8701232000,870123,8701,트랙터 중고차
자동차,트랙터,트랙터 중고차,741140,8701292000,870129,8701,트랙터 중고차
자동차,트랙터,트랙터 신차,741150,8701241000,870124,8701,트랙터 신차
자동차,트랙터,트랙터 중고차,741160,8701242000,870124,8701,트랙터 중고차
자동차,버스·승합차,버스·승합차 신차,741210,8702101010,870210,8702,디젤 버스·승합차 신차
자동차,버스·승합차,버스·승합차 신차,741210,8702102010,870210,8702,디젤 버스·승합차 신차
자동차,버스·승합차,버스·승합차 신차,741210,8702103010,870210,8702,디젤 버스·승합차 신차
자동차,버스·승합차,버스·승합차 신차,741210,8702901010,870290,8702,기타 내연기관 버스·승합차 신차
자동차,버스·승합차,버스·승합차 신차,741210,8702902010,870290,8702,기타 내연기관 버스·승합차 신차
자동차,버스·승합차,버스·승합차 신차,741210,8702903010,870290,8702,기타 내연기관 버스·승합차 신차
자동차,버스·승합차,버스·승합차 중고차,741220,8702101020,870210,8702,디젤 버스·승합차 중고차
자동차,버스·승합차,버스·승합차 중고차,741220,8702102020,870210,8702,디젤 버스·승합차 중고차
자동차,버스·승합차,버스·승합차 중고차,741220,8702103020,870210,8702,디젤 버스·승합차 중고차
자동차,버스·승합차,버스·승합차 중고차,741220,8702901020,870290,8702,기타 내연기관 버스·승합차 중고차
자동차,버스·승합차,버스·승합차 중고차,741220,8702902020,870290,8702,기타 내연기관 버스·승합차 중고차
자동차,버스·승합차,버스·승합차 중고차,741220,8702903020,870290,8702,기타 내연기관 버스·승합차 중고차
자동차,버스·승합차,버스·승합차 신차,741230,8702201000,870220,8702,하이브리드 버스·승합차 신차
자동차,버스·승합차,버스·승합차 신차,741230,8702301000,870230,8702,하이브리드 버스·승합차 신차
자동차,버스·승합차,버스·승합차 중고차,741240,8702202000,870220,8702,하이브리드 버스·승합차 중고차
자동차,버스·승합차,버스·승합차 중고차,741240,8702302000,870230,8702,하이브리드 버스·승합차 중고차
자동차,버스·승합차,버스·승합차 신차,741250,8702401000,870240,8702,전기 버스·승합차 신차
자동차,버스·승합차,버스·승합차 중고차,741260,8702402000,870240,8702,전기 버스·승합차 중고차
자동차,승용차,승용차 신차,741310,8703217000,870321,8703,내연기관 승용차 신차
자동차,승용차,승용차 신차,741310,8703227000,870322,8703,내연기관 승용차 신차
자동차,승용차,승용차 신차,741310,8703231010,870323,8703,내연기관 승용차 신차
자동차,승용차,승용차 신차,741310,8703239010,870323,8703,내연기관 승용차 신차
자동차,승용차,승용차 신차,741310,8703241010,870324,8703,내연기관 승용차 신차
자동차,승용차,승용차 신차,741310,8703249010,870324,8703,내연기관 승용차 신차
자동차,승용차,승용차 신차,741310,8703317000,870331,8703,내연기관 승용차 신차
자동차,승용차,승용차 신차,741310,8703321010,870332,8703,내연기관 승용차 신차
자동차,승용차,승용차 신차,741310,8703329010,870332,8703,내연기관 승용차 신차
자동차,승용차,승용차 신차,741310,8703337000,870333,8703,내연기관 승용차 신차
자동차,승용차,승용차,741310,8703900000,870390,8703,기타 동력 승용차
자동차,승용차,승용차 중고차,741320,8703218000,870321,8703,내연기관 승용차 중고차
자동차,승용차,승용차 중고차,741320,8703228000,870322,8703,내연기관 승용차 중고차
자동차,승용차,승용차 중고차,741320,8703231020,870323,8703,내연기관 승용차 중고차
자동차,승용차,승용차 중고차,741320,8703239020,870323,8703,내연기관 승용차 중고차
자동차,승용차,승용차 중고차,741320,8703241020,870324,8703,내연기관 승용차 중고차
자동차,승용차,승용차 중고차,741320,8703249020,870324,8703,내연기관 승용차 중고차
자동차,승용차,승용차 중고차,741320,8703318000,870331,8703,내연기관 승용차 중고차
자동차,승용차,승용차 중고차,741320,8703321020,870332,8703,내연기관 승용차 중고차
자동차,승용차,승용차 중고차,741320,8703329020,870332,8703,내연기관 승용차 중고차
자동차,승용차,승용차 중고차,741320,8703338000,870333,8703,내연기관 승용차 중고차
자동차,승용차,승용차 신차,741330,8703401000,870340,8703,HEV 승용차 신차
자동차,승용차,승용차 신차,741330,8703501000,870350,8703,HEV 승용차 신차
자동차,승용차,승용차 신차,741330,8703601000,870360,8703,PHEV 승용차 신차
자동차,승용차,승용차 신차,741330,8703701000,870370,8703,PHEV 승용차 신차
자동차,승용차,승용차 중고차,741340,8703402000,870340,8703,HEV 승용차 중고차
자동차,승용차,승용차 중고차,741340,8703502000,870350,8703,HEV 승용차 중고차
자동차,승용차,승용차 중고차,741340,8703602000,870360,8703,PHEV 승용차 중고차
자동차,승용차,승용차 중고차,741340,8703702000,870370,8703,PHEV 승용차 중고차
자동차,승용차,승용차 신차,741350,8703801000,870380,8703,전기차 승용차 신차
자동차,승용차,승용차 중고차,741360,8703802000,870380,8703,전기차 승용차 중고차
자동차,화물차,특장 화물차,741410,8704100000,870410,8704,오프하이웨이 덤프차
자동차,화물차,화물차 신차,741410,8704211010,870421,8704,디젤 화물차 신차
자동차,화물차,특장 화물차,741410,8704219010,870421,8704,디젤 냉동·냉장차
자동차,화물차,특장 화물차,741410,8704219020,870421,8704,디젤 탱크차
자동차,화물차,특장 화물차,741410,8704219090,870421,8704,디젤 기타 특장
자동차,화물차,화물차 신차,741410,8704221011,870422,8704,디젤 화물차 신차
자동차,화물차,화물차 신차,741410,8704221091,870422,8704,디젤 화물차 신차
자동차,화물차,특장 화물차,741410,8704229010,870422,8704,디젤 냉동·냉장차
자동차,화물차,특장 화물차,741410,8704229090,870422,8704,디젤 기타 특장
자동차,화물차,화물차 신차,741410,8704231010,870423,8704,디젤 화물차 신차
자동차,화물차,특장 화물차,741410,8704239010,870423,8704,디젤 냉동·냉장차
자동차,화물차,특장 화물차,741410,8704239090,870423,8704,디젤 기타 특장
자동차,화물차,화물차 신차,741410,8704311010,870431,8704,가솔린 화물차 신차
자동차,화물차,특장 화물차,741410,8704319010,870431,8704,가솔린 냉동·냉장차
자동차,화물차,특장 화물차,741410,8704319090,870431,8704,가솔린 기타 특장
자동차,화물차,화물차 신차,741410,8704321010,870432,8704,가솔린 화물차 신차
자동차,화물차,특장 화물차,741410,8704329010,870432,8704,가솔린 냉동·냉장차
자동차,화물차,특장 화물차,741410,8704329020,870432,8704,가솔린 탱크차
자동차,화물차,특장 화물차,741410,8704329090,870432,8704,가솔린 기타 특장
자동차,화물차,화물차 중고차,741420,8704211020,870421,8704,디젤 화물차 중고차
자동차,화물차,화물차 중고차,741420,8704221012,870422,8704,디젤 화물차 중고차
자동차,화물차,화물차 중고차,741420,8704221092,870422,8704,디젤 화물차 중고차
자동차,화물차,특장 화물차,741420,8704229020,870422,8704,디젤 탱크차
자동차,화물차,화물차 중고차,741420,8704231020,870423,8704,디젤 화물차 중고차
자동차,화물차,특장 화물차,741420,8704239020,870423,8704,디젤 탱크차
자동차,화물차,화물차 중고차,741420,8704311020,870431,8704,가솔린 화물차 중고차
자동차,화물차,특장 화물차,741420,8704319020,870431,8704,가솔린 탱크차
자동차,화물차,화물차 중고차,741420,8704321020,870432,8704,가솔린 화물차 중고차
자동차,화물차,화물차 신차,741430,8704411010,870441,8704,디젤 하이브리드 화물차 신차
자동차,화물차,특장 화물차,741430,8704419010,870441,8704,디젤 하이브리드 냉동·냉장차
자동차,화물차,특장 화물차,741430,8704419020,870441,8704,디젤 하이브리드 탱크차
자동차,화물차,특장 화물차,741430,8704419090,870441,8704,디젤 하이브리드 기타 특장
자동차,화물차,화물차 신차,741430,8704421010,870442,8704,디젤 하이브리드 화물차 신차
자동차,화물차,특장 화물차,741430,8704429010,870442,8704,디젤 하이브리드 냉동·냉장차
자동차,화물차,특장 화물차,741430,8704429020,870442,8704,디젤 하이브리드 탱크차
자동차,화물차,특장 화물차,741430,8704429090,870442,8704,디젤 하이브리드 기타 특장
자동차,화물차,화물차 신차,741430,8704431010,870443,8704,디젤 하이브리드 화물차 신차
자동차,화물차,특장 화물차,741430,8704439010,870443,8704,디젤 하이브리드 냉동·냉장차
자동차,화물차,특장 화물차,741430,8704439020,870443,8704,디젤 하이브리드 탱크차
자동차,화물차,특장 화물차,741430,8704439090,870443,8704,디젤 하이브리드 기타 특장
자동차,화물차,화물차 신차,741430,8704511010,870451,8704,가솔린 하이브리드 화물차 신차
자동차,화물차,특장 화물차,741430,8704519010,870451,8704,가솔린 하이브리드 냉동·냉장차
자동차,화물차,특장 화물차,741430,8704519020,870451,8704,가솔린 하이브리드 탱크차
자동차,화물차,특장 화물차,741430,8704519090,870451,8704,가솔린 하이브리드 기타 특장
자동차,화물차,화물차 신차,741430,8704521010,870452,8704,가솔린 하이브리드 화물차 신차
자동차,화물차,특장 화물차,741430,8704529010,870452,8704,가솔린 하이브리드 냉동·냉장차
자동차,화물차,특장 화물차,741430,8704529020,870452,8704,가솔린 하이브리드 탱크차
자동차,화물차,특장 화물차,741430,8704529090,870452,8704,가솔린 하이브리드 기타 특장
자동차,화물차,화물차 중고차,741440,8704411020,870441,8704,디젤 하이브리드 화물차 중고차
자동차,화물차,화물차 중고차,741440,8704421020,870442,8704,디젤 하이브리드 화물차 중고차
자동차,화물차,화물차 중고차,741440,8704431020,870443,8704,디젤 하이브리드 화물차 중고차
자동차,화물차,화물차 중고차,741440,8704511020,870451,8704,가솔린 하이브리드 화물차 중고차
자동차,화물차,화물차 중고차,741440,8704521020,870452,8704,가솔린 하이브리드 화물차 중고차
자동차,화물차,화물차 신차,741450,8704601010,870460,8704,전기 화물차 신차
자동차,화물차,특장 화물차,741450,8704609010,870460,8704,전기 냉동·냉장차
자동차,화물차,특장 화물차,741450,8704609020,870460,8704,전기 탱크차
자동차,화물차,특장 화물차,741450,8704609090,870460,8704,전기 기타 특장
자동차,화물차,화물차 신차,741450,8704901010,870490,8704,기타 동력 화물차 신차
자동차,화물차,특장 화물차,741450,8704909010,870490,8704,기타 동력 냉동·냉장차
자동차,화물차,특장 화물차,741450,8704909020,870490,8704,기타 동력 탱크차
자동차,화물차,특장 화물차,741450,8704909090,870490,8704,기타 동력 기타 특장
자동차,화물차,화물차 중고차,741460,8704601020,870460,8704,전기 화물차 중고차
자동차,화물차,화물차 중고차,741460,8704901020,870490,8704,기타 동력 화물차 중고차
자동차,특수목적차,특수목적차,741500,8705101000,870510,8705,신축붐식
자동차,특수목적차,특수목적차,741500,8705102000,870510,8705,앵글식
자동차,특수목적차,특수목적차,741500,8705109000,870510,8705,기타
자동차,특수목적차,특수목적차,741500,8705200000,870520,8705,이동식 시추용 데릭(derrick)차
자동차,특수목적차,특수목적차,741500,8705300000,870530,8705,소방차
자동차,특수목적차,특수목적차,741500,8705400000,870540,8705,콘크리트믹서 운반차
자동차,특수목적차,특수목적차,741500,8705901010,870590,8705,농업용 살포차
자동차,특수목적차,특수목적차,741500,8705901090,870590,8705,기타
자동차,특수목적차,특수목적차,741500,8705909010,870590,8705,구난차
자동차,특수목적차,특수목적차,741500,8705909020,870590,8705,도로청소차
자동차,특수목적차,특수목적차,741500,8705909030,870590,8705,이동공작차
자동차,특수목적차,특수목적차,741500,8705909040,870590,8705,이동방송차
자동차,특수목적차,특수목적차,741500,8705909050,870590,8705,이동진료차
자동차,특수목적차,특수목적차,741500,8705909060,870590,8705,이동통신차와 레이더차
자동차,특수목적차,특수목적차,741500,8705909070,870590,8705,제설차
자동차,특수목적차,특수목적차,741500,8705909090,870590,8705,기타
자동차,기타 차량류,산업용 운반차,741600,8427901000,842790,8427,수동식 팰릿(pallet) 트럭
자동차,기타 차량류,산업용 운반차,741600,8427909000,842790,8427,기타
자동차,기타 차량류,레저·특수 소형차,741600,8703101000,870310,8703,설상주행용
자동차,기타 차량류,레저·특수 소형차,741600,8703102000,870310,8703,골프용차
자동차,기타 차량류,레저·특수 소형차,741600,8703109000,870310,8703,기타
자동차,기타 차량류,산업용 운반차,741600,8709110000,870911,8709,전기식의 것
자동차,기타 차량류,산업용 운반차,741600,8709190000,870919,8709,기타
자동차,기타 차량류,트레일러·세미트레일러,741600,8716100000,871610,8716,트레일러와 세미트레일러(이동주택형으로서 주거용과 캠핑용으로 한정한다)
자동차,기타 차량류,트레일러·세미트레일러,741600,8716310000,871631,8716,탱커 트레일러(tanker trailer)와 탱커 세미트레일러(tanker semi-trailer)
자동차,기타 차량류,트레일러·세미트레일러,741600,8716390000,871639,8716,기타
자동차,기타 차량류,트레일러·세미트레일러,741600,8716400000,871640,8716,그 밖의 트레일러와 세미트레일러
자동차,기타 차량류,비동력 운반차,741600,8716801000,871680,8716,손수레
자동차,기타 차량류,비동력 운반차,741600,8716802000,871680,8716,우마차
자동차,기타 차량류,비동력 운반차,741600,8716803000,871680,8716,썰매
자동차,기타 차량류,비동력 운반차,741600,8716809000,871680,8716,기타
자동차부품,섀시,스프링,742000,7320101000,732010,7320,차량용 스프링
자동차부품,섀시,스프링,742000,7320201000,732020,7320,차량용 스프링
자동차부품,파워트레인,엔진 부품,742000,8409997000,840999,8409,디젤 엔진 부품
자동차부품,파워트레인,연료펌프,742000,8413304000,841330,8413,자동차용 연료·윤활유 펌프
자동차부품,파워트레인,엔진 오일필터,742000,8421231000,842123,8421,엔진용 오일필터
자동차부품,파워트레인,흡기필터,742000,8421311000,842131,8421,엔진용 흡기필터
자동차부품,파워트레인,구동축·크랭크축,742000,8483109010,848310,8483,자동차용 구동축
자동차부품,파워트레인,엔진·파워트레인 부품,742000,8483409040,848340,8483,롤러 스크루
자동차부품,파워트레인,엔진·파워트레인 부품,742000,8484101000,848410,8484,제87류 차량용
자동차부품,전장,점화·시동·발전 부품,742000,8511102000,851110,8511,제87류 차량용
자동차부품,전장,점화·시동·발전 부품,742000,8511109000,851110,8511,기타
자동차부품,전장,점화·시동·발전 부품,742000,8511209000,851120,8511,기타
자동차부품,전장,점화·시동·발전 부품,742000,8511309000,851130,8511,기타
자동차부품,전장,점화·시동·발전 부품,742000,8511402000,851140,8511,제87류 차량용
자동차부품,전장,점화·시동·발전 부품,742000,8511409000,851140,8511,기타
자동차부품,전장,점화·시동·발전 부품,742000,8511509000,851150,8511,기타
자동차부품,전장,점화·시동·발전 부품,742000,8511809000,851180,8511,기타
자동차부품,전장,점화·시동·발전 부품,742000,8511909000,851190,8511,기타
자동차부품,전장,차량 전장부품,742000,8512300000,851230,8512,음향신호용 기구
자동차부품,전장,차량 전장부품,742000,8512400000,851240,8512,윈드스크린와이퍼(windscreen wiper)ㆍ제상기(defroster)ㆍ제무기(demister)
자동차부품,전장,차량 전장부품,742000,8512900000,851290,8512,부분품
자동차부품,차체·섀시,차량 섀시,742000,8706001000,870600,8706,차량 섀시
자동차부품,차체·섀시,차량 섀시,742000,8706002000,870600,8706,차량 섀시
자동차부품,차체·섀시,차량 섀시,742000,8706003000,870600,8706,차량 섀시
자동차부품,차체·섀시,차량 섀시,742000,8706004000,870600,8706,차량 섀시
자동차부품,차체·섀시,차량 섀시,742000,8706005000,870600,8706,차량 섀시
자동차부품,차체·섀시,차체,742000,8707100000,870710,8707,차체
자동차부품,차체·섀시,차체,742000,8707901000,870790,8707,차체
자동차부품,차체·섀시,차체,742000,8707902000,870790,8707,차체
자동차부품,차체·섀시,차체,742000,8707903000,870790,8707,차체
자동차부품,차체·섀시,차체,742000,8707904000,870790,8707,차체
자동차부품,차체·외장,범퍼,742000,8708100000,870810,8708,범퍼
자동차부품,차체·내외장,차체·내외장 부품,742000,8708210000,870821,8708,안전벨트
자동차부품,차체·내외장,차체·내외장 부품,742000,8708220000,870822,8708,"이 류의 소호주 제1호에서 규정한 전방 윈드스크린(윈드쉴드), 후방 창문과 그 밖의 창문"
자동차부품,차체·내외장,차체·내외장 부품,742000,8708290000,870829,8708,기타
자동차부품,섀시,브레이크 시스템,742000,8708301000,870830,8708,브레이크 시스템
자동차부품,섀시,브레이크 시스템,742000,8708302000,870830,8708,브레이크 시스템
자동차부품,섀시,브레이크 시스템,742000,8708303000,870830,8708,브레이크 시스템
자동차부품,섀시,브레이크 시스템,742000,8708309000,870830,8708,브레이크 시스템
자동차부품,파워트레인,변속기,742000,8708400000,870840,8708,기어박스·변속기
자동차부품,파워트레인,차축·디퍼렌셜,742000,8708501000,870850,8708,차동장치를 갖춘 구동 차축(변속장치를 갖추었는지에 상관없다)과 그 부분품
자동차부품,파워트레인,차축·디퍼렌셜,742000,8708502000,870850,8708,비구동 차축과 그 부분품
자동차부품,섀시,휠·휠부품,742000,8708700000,870870,8708,로드휠
자동차부품,섀시,서스펜션,742000,8708800000,870880,8708,서스펜션 시스템
자동차부품,열관리,라디에이터,742000,8708910000,870891,8708,라디에이터
자동차부품,배기,배기시스템,742000,8708920000,870892,8708,머플러·배기관
자동차부품,파워트레인,클러치,742000,8708930000,870893,8708,클러치
자동차부품,섀시,조향시스템,742000,8708940000,870894,8708,스티어링
자동차부품,안전,에어백,742000,8708951000,870895,8708,에어백
자동차부품,안전,에어백,742000,8708959000,870895,8708,에어백
자동차부품,기타 부품,기타 자동차부품,742000,8708991010,870899,8708,제8701호의 것
자동차부품,기타 부품,기타 자동차부품,742000,8708991020,870899,8708,제8702호의 것
자동차부품,기타 부품,기타 자동차부품,742000,8708991030,870899,8708,제8703호의 것
자동차부품,기타 부품,기타 자동차부품,742000,8708991040,870899,8708,제8704호의 것
자동차부품,기타 부품,기타 자동차부품,742000,8708991050,870899,8708,제8705호의 것
자동차부품,기타 부품,기타 자동차부품,742000,8708999000,870899,8708,기타
자동차부품,기타 부품,기타 자동차부품,742000,8709900000,870990,8709,부분품
자동차부품,기타 부품,기타 자동차부품,742000,8716901000,871690,8716,트레일러와 세미트레일러의 것
자동차부품,기타 부품,기타 자동차부품,742000,8716909000,871690,8716,기타
자동차부품,파워트레인,엔진 부품,742010,8409911000,840991,8409,가솔린 엔진 부품
자동차부품,전동화,전기차 구동모터,742130,8501202000,850120,8501,전기차 구동모터
자동차부품,전동화,전기차 구동모터,742130,8501203000,850120,8501,전기차 구동모터
석유제품,경질유,휘발유,133110,2710122000,271012,2710,항공휘발유
석유제품,경질유,휘발유,133110,2710201020,271020,2710,항공휘발유
석유제품,경질유,휘발유,133120,2710121000,271012,2710,자동차휘발유
석유제품,경질유,휘발유,133120,2710201010,271020,2710,자동차휘발유
석유제품,중간유,경유,133200,2710193000,271019,2710,경유
석유제품,중간유,경유,133200,2710209300,271020,2710,경유
석유제품,중간유,경유,133200,2710913000,271091,2710,경유
석유제품,중간유,경유,133200,2710993000,271099,2710,경유
석유제품,중간유,항공유·등유,133310,2710191010,271019,2710,항공유(제트연료)
석유제품,중간유,항공유·등유,133310,2710192020,271019,2710,항공유(제트연료)
석유제품,중간유,항공유·등유,133310,2710209110,271020,2710,항공유(제트연료)
석유제품,중간유,항공유·등유,133310,2710209220,271020,2710,항공유(제트연료)
석유제품,중간유,항공유·등유,133320,2710192010,271019,2710,등유
석유제품,중간유,항공유·등유,133320,2710209210,271020,2710,등유
석유제품,석유화학 원료,나프타·NGL,133400,2710124000,271012,2710,나프타
석유제품,석유화학 원료,나프타·NGL,133400,2710125000,271012,2710,NGL
석유제품,석유화학 원료,나프타·NGL,133400,2710201040,271020,2710,나프타
석유제품,석유화학 원료,나프타·NGL,133400,2710201050,271020,2710,NGL
석유제품,석유화학 원료,나프타·NGL,133400,2710911020,271091,2710,NGL
석유제품,석유화학 원료,나프타·NGL,133400,2710991020,271099,2710,NGL
석유제품,중질유,중유,133510,2710194010,271019,2710,경질 중유(벙커에이유)
석유제품,중질유,중유,133510,2710209410,271020,2710,경질 중유(벙커에이유)
석유제품,중질유,중유,133520,2710194020,271019,2710,중유(벙커비유)
석유제품,중질유,중유,133520,2710209420,271020,2710,중유(벙커비유)
석유제품,중질유,중유,133530,2710194030,271019,2710,벙커시유
석유제품,중질유,중유,133530,2710209430,271020,2710,벙커시유
석유제품,중질유,중유,133590,2710194090,271019,2710,기타
석유제품,중질유,중유,133590,2710209490,271020,2710,기타
석유제품,중질유,중유,133590,2710914010,271091,2710,경질 중유(벙커에이유)ㆍ중유(벙커비유)ㆍ벙커시유의 것
석유제품,중질유,중유,133590,2710914090,271091,2710,기타
석유제품,중질유,중유,133590,2710994010,271099,2710,경질 중유(벙커에이유)ㆍ중유(벙커비유)ㆍ벙커시유의 것
석유제품,중질유,중유,133590,2710994090,271099,2710,기타
석유제품,윤활,윤활유·기유,133600,2710195010,271019,2710,조유(粗油)
석유제품,윤활,윤활유·기유,133600,2710195020,271019,2710,윤활기유
석유제품,윤활,윤활유·기유,133600,2710196000,271019,2710,신전유
석유제품,윤활,윤활유·기유,133600,2710197110,271019,2710,엔진오일
석유제품,윤활,윤활유·기유,133600,2710197120,271019,2710,엔진오일
석유제품,윤활,윤활유·기유,133600,2710197130,271019,2710,엔진오일
석유제품,윤활,윤활유·기유,133600,2710197190,271019,2710,기타
석유제품,윤활,윤활유·기유,133600,2710197210,271019,2710,실린더오일
석유제품,윤활,윤활유·기유,133600,2710197220,271019,2710,스핀들(spindle)오일
석유제품,윤활,윤활유·기유,133600,2710197230,271019,2710,기어오일
석유제품,윤활,윤활유·기유,133600,2710197240,271019,2710,터빈오일
석유제품,윤활,윤활유·기유,133600,2710197250,271019,2710,냉동기오일
석유제품,윤활,윤활유·기유,133600,2710197310,271019,2710,콤파운드오일
석유제품,윤활,윤활유·기유,133600,2710197320,271019,2710,유동파라핀
석유제품,윤활,윤활유·기유,133600,2710197330,271019,2710,자동변속기용 윤활유
석유제품,윤활,윤활유·기유,133600,2710197410,271019,2710,방청유(anti-corrosive oil)
석유제품,윤활,윤활유·기유,133600,2710197420,271019,2710,절삭유
석유제품,윤활,윤활유·기유,133600,2710197430,271019,2710,세척유
석유제품,윤활,윤활유·기유,133600,2710197440,271019,2710,주형이형유
석유제품,윤활,윤활유·기유,133600,2710197450,271019,2710,유압브레이크유
석유제품,윤활,윤활유·기유,133600,2710197510,271019,2710,프로세스유
석유제품,윤활,윤활유·기유,133600,2710197520,271019,2710,전기전열유
석유제품,윤활,윤활유·기유,133600,2710197530,271019,2710,열처리유
석유제품,윤활,윤활유·기유,133600,2710197540,271019,2710,열매체유
석유제품,윤활,윤활유·기유,133600,2710197900,271019,2710,기타
석유제품,윤활,윤활유·기유,133600,2710198010,271019,2710,알루미늄을 첨가한 것
석유제품,윤활,윤활유·기유,133600,2710198020,271019,2710,칼슘을 첨가한 것
석유제품,윤활,윤활유·기유,133600,2710198030,271019,2710,나트륨을 첨가한 것
석유제품,윤활,윤활유·기유,133600,2710198040,271019,2710,리튬을 첨가한 것
석유제품,윤활,윤활유·기유,133600,2710198090,271019,2710,기타
석유제품,윤활,윤활유·기유,133600,2710199000,271019,2710,기타
석유제품,윤활,윤활유·기유,133600,2710209510,271020,2710,조유(粗油)
석유제품,윤활,윤활유·기유,133600,2710209520,271020,2710,윤활기유
석유제품,윤활,윤활유·기유,133600,2710209600,271020,2710,신전유
석유제품,윤활,윤활유·기유,133600,2710209711,271020,2710,엔진오일
석유제품,윤활,윤활유·기유,133600,2710209712,271020,2710,엔진오일
석유제품,윤활,윤활유·기유,133600,2710209713,271020,2710,엔진오일
석유제품,윤활,윤활유·기유,133600,2710209719,271020,2710,기타
석유제품,윤활,윤활유·기유,133600,2710209721,271020,2710,실린더오일
석유제품,윤활,윤활유·기유,133600,2710209722,271020,2710,스핀들(spindle)오일
석유제품,윤활,윤활유·기유,133600,2710209723,271020,2710,기어오일
석유제품,윤활,윤활유·기유,133600,2710209724,271020,2710,터빈오일
석유제품,윤활,윤활유·기유,133600,2710209725,271020,2710,냉동기오일
석유제품,윤활,윤활유·기유,133600,2710209731,271020,2710,콤파운드오일
석유제품,윤활,윤활유·기유,133600,2710209732,271020,2710,유동파라핀
석유제품,윤활,윤활유·기유,133600,2710209733,271020,2710,자동변속기용 윤활유
석유제품,윤활,윤활유·기유,133600,2710209741,271020,2710,방청유
석유제품,윤활,윤활유·기유,133600,2710209742,271020,2710,절삭유
석유제품,윤활,윤활유·기유,133600,2710209743,271020,2710,세척유
석유제품,윤활,윤활유·기유,133600,2710209744,271020,2710,주형이형유
석유제품,윤활,윤활유·기유,133600,2710209745,271020,2710,유압브레이크유
석유제품,윤활,윤활유·기유,133600,2710209751,271020,2710,프로세스유
석유제품,윤활,윤활유·기유,133600,2710209752,271020,2710,전기전열유
석유제품,윤활,윤활유·기유,133600,2710209753,271020,2710,열처리유
석유제품,윤활,윤활유·기유,133600,2710209754,271020,2710,열매체유
석유제품,윤활,윤활유·기유,133600,2710209790,271020,2710,기타
석유제품,윤활,윤활유·기유,133600,2710209810,271020,2710,알루미늄을 첨가한 것
석유제품,윤활,윤활유·기유,133600,2710209820,271020,2710,칼슘을 첨가한 것
석유제품,윤활,윤활유·기유,133600,2710209830,271020,2710,나트륨을 첨가한 것
석유제품,윤활,윤활유·기유,133600,2710209840,271020,2710,리튬을 첨가한 것
석유제품,윤활,윤활유·기유,133600,2710209890,271020,2710,기타
석유제품,윤활,윤활유·기유,133600,2710209900,271020,2710,기타
석유제품,윤활,윤활유·기유,133600,2710915000,271091,2710,윤활기유
석유제품,윤활,윤활유·기유,133600,2710919000,271091,2710,기타
석유제품,윤활,윤활유·기유,133600,2710995000,271099,2710,윤활기유
석유제품,윤활,윤활유·기유,133600,2710999000,271099,2710,기타
석유제품,기타 석유제품,기타 석유제품,133900,2708100000,270810,2708,아스팔트·피치
석유제품,기타 석유제품,기타 석유제품,133900,2708200000,270820,2708,석유·피치 코크스
석유제품,기타 석유제품,기타 석유제품,133900,2710123000,271012,2710,프로필렌테트라머(propylene tetramer)
석유제품,기타 석유제품,기타 석유제품,133900,2710129000,271012,2710,기타
석유제품,기타 석유제품,기타 석유제품,133900,2710191090,271019,2710,기타
석유제품,기타 석유제품,기타 석유제품,133900,2710192090,271019,2710,기타
석유제품,기타 석유제품,기타 석유제품,133900,2710201030,271020,2710,프로필렌테트라머(propylene tetramer)
석유제품,기타 석유제품,기타 석유제품,133900,2710201090,271020,2710,기타
석유제품,기타 석유제품,기타 석유제품,133900,2710209190,271020,2710,기타
석유제품,기타 석유제품,기타 석유제품,133900,2710209290,271020,2710,기타
석유제품,기타 석유제품,기타 석유제품,133900,2710911010,271091,2710,자동차 휘발유ㆍ항공 휘발유ㆍ제트 연료유의 것
석유제품,기타 석유제품,기타 석유제품,133900,2710911090,271091,2710,기타
석유제품,기타 석유제품,기타 석유제품,133900,2710912010,271091,2710,등유와 제트 연료유의 것
석유제품,기타 석유제품,기타 석유제품,133900,2710912090,271091,2710,기타
석유제품,기타 석유제품,기타 석유제품,133900,2710991010,271099,2710,자동차 휘발유ㆍ항공 휘발유ㆍ제트 연료유의 것
석유제품,기타 석유제품,기타 석유제품,133900,2710991090,271099,2710,기타
석유제품,기타 석유제품,기타 석유제품,133900,2710992010,271099,2710,등유와 제트 연료유의 것
석유제품,기타 석유제품,기타 석유제품,133900,2710992090,271099,2710,기타
석유제품,기타 석유제품,기타 석유제품,133900,2711190000,271119,2711,기타
석유제품,기타 석유제품,기타 석유제품,133900,2711290000,271129,2711,기타
석유제품,기타 석유제품,기타 석유제품,133900,2712101000,271210,2712,바셀린
석유제품,기타 석유제품,기타 석유제품,133900,2712109000,271210,2712,기타
석유제품,기타 석유제품,기타 석유제품,133900,2712200000,271220,2712,파라핀왁스(기름의 함유량이 전 중량의 100분의 0.75 미만인 것으로 한정한다)
석유제품,기타 석유제품,기타 석유제품,133900,2712901010,271290,2712,슬랙왁스와 스케일왁스
석유제품,기타 석유제품,기타 석유제품,133900,2712901020,271290,2712,마이크로크리스털린왁스
석유제품,기타 석유제품,기타 석유제품,133900,2712901090,271290,2712,기타
석유제품,기타 석유제품,기타 석유제품,133900,2712909010,271290,2712,몬탄왁스
석유제품,기타 석유제품,기타 석유제품,133900,2712909020,271290,2712,토탄왁스
석유제품,기타 석유제품,기타 석유제품,133900,2712909030,271290,2712,세레신왁스
석유제품,기타 석유제품,기타 석유제품,133900,2712909040,271290,2712,합성 파라핀왁스
석유제품,기타 석유제품,기타 석유제품,133900,2712909090,271290,2712,기타
석유제품,기타 석유제품,기타 석유제품,133900,2713110000,271311,2713,하소(燒)하지 않은 것
석유제품,기타 석유제품,기타 석유제품,133900,2713120000,271312,2713,하소(燒)한 것
석유제품,기타 석유제품,기타 석유제품,133900,2713200000,271320,2713,석유역청(瀝靑)
석유제품,기타 석유제품,기타 석유제품,133900,2713900000,271390,2713,그 밖의 석유나 역청유(瀝靑油)의 잔재물
석유제품,기타 석유제품,기타 석유제품,133900,2714100000,271410,2714,"역청질 혈암(瀝靑質 頁巖)ㆍ유모 혈암(油母 頁巖), 타르샌드(tar sand)"
석유제품,기타 석유제품,기타 석유제품,133900,2714901000,271490,2714,아스팔트·피치
석유제품,기타 석유제품,기타 석유제품,133900,2714902000,271490,2714,아스팔타이트
석유제품,기타 석유제품,기타 석유제품,133900,2714903000,271490,2714,아스팔트·피치
석유제품,기타 석유제품,기타 석유제품,133900,2715001000,271500,2715,컷백(cut-back)
석유제품,기타 석유제품,기타 석유제품,133900,2715002000,271500,2715,아스팔트·피치
석유제품,기타 석유제품,기타 석유제품,133900,2715003000,271500,2715,매스틱(mastic)
석유제품,기타 석유제품,기타 석유제품,133900,2715009000,271500,2715,기타
석유화학,기초유분,기초유분,211010,2901210000,290121,2901,에틸렌
석유화학,기초유분,기초유분,211020,2901220000,290122,2901,프로필렌
석유화학,기초유분,기초유분,211030,2901241000,290124,2901,부타디엔
석유화학,기초유분,기초유분,211040,2707100000,270710,2707,벤젠
석유화학,기초유분,기초유분,211040,2902200000,290220,2902,벤젠
석유화학,기초유분,기초유분,211050,2707200000,270720,2707,톨루엔
석유화학,기초유분,기초유분,211050,2902300000,290230,2902,톨루엔
석유화학,기초유분,기초유분,211060,2707300000,270730,2707,크실롤(크실렌)
석유화학,기초유분,기초유분,211060,2707500000,270750,2707,그 밖의 방향족(芳香族) 탄화수소의 혼합물[아이ㆍ에스ㆍ오(ISO) 3405방법(에이ㆍ에스ㆍ티ㆍ엠 디(ASTM D)86과 동등)에 의하여 섭씨 250도에서 전 용량의 100분의 65 이상(손실분을 포함한다)이 증류되는 것으로 한정한다]
석유화학,기초유분,기초유분,211060,2902440000,290244,2902,혼합크실렌이성체
석유화학,기초유분,기초유분,211090,2711141000,271114,2711,에틸렌
석유화학,기초유분,기초유분,211090,2711142000,271114,2711,프로필렌
석유화학,기초유분,기초유분,211090,2711143000,271114,2711,부틸렌
석유화학,기초유분,기초유분,211090,2711144000,271114,2711,부타디엔
석유화학,기초유분,기초유분,211090,2901101000,290110,2901,부탄
석유화학,기초유분,기초유분,211090,2901102000,290110,2901,헥산
석유화학,기초유분,기초유분,211090,2901103000,290110,2901,헵탄
석유화학,기초유분,기초유분,211090,2901109000,290110,2901,기타
석유화학,기초유분,기초유분,211090,2901230000,290123,2901,부텐(부틸렌)과 이들의 이성체
석유화학,기초유분,기초유분,211090,2901242000,290124,2901,이소프렌
석유화학,기초유분,기초유분,211090,2901291000,290129,2901,헥센
석유화학,기초유분,기초유분,211090,2901292000,290129,2901,옥텐
석유화학,기초유분,기초유분,211090,2901299000,290129,2901,기타
석유화학,중간원료,석유화학 중간원료,212010,2902410000,290241,2902,OX
석유화학,중간원료,석유화학 중간원료,212020,2902430000,290243,2902,PX
석유화학,중간원료,석유화학 중간원료,212030,2902500000,290250,2902,SM
석유화학,중간원료,석유화학 중간원료,212040,2903150000,290315,2903,EDC
석유화학,중간원료,석유화학 중간원료,212050,2903210000,290321,2903,VCM
석유화학,중간원료,석유화학 중간원료,212060,2910200000,291020,2910,메틸옥시란(프로필렌옥사이드)
석유화학,중간원료,석유화학 중간원료,212070,2915320000,291532,2915,초산비닐
석유화학,중간원료,석유화학 중간원료,212080,2916141000,291614,2916,메타아크릴산메틸
석유화학,중간원료,석유화학 중간원료,212090,2902110000,290211,2902,시클로헥산
석유화학,중간원료,석유화학 중간원료,212090,2902420000,290242,2902,메타-크실렌
석유화학,중간원료,석유화학 중간원료,212090,2902600000,290260,2902,에틸벤젠
석유화학,중간원료,석유화학 중간원료,212090,2910100000,291010,2910,옥시란(에틸렌옥사이드)
석유화학,합섬원료,합섬원료,213010,2905310000,290531,2905,MEG
석유화학,합섬원료,합섬원료,213010,2909410000,290941,2909,MEG
석유화학,합섬원료,합섬원료,213010,2909491000,290949,2909,트리에틸렌 글리콜
석유화학,합섬원료,합섬원료,213020,2917361000,291736,2917,PTA
석유화학,합섬원료,합섬원료,213030,2917370000,291737,2917,DMT
석유화학,합섬원료,합섬원료,213040,2926100000,292610,2926,아크릴로니트릴
석유화학,합섬원료,합섬원료,213050,2933710000,293371,2933,카프로락탐
석유화학,합성수지,합성수지,214001,3901101000,390110,3901,LLDPE
석유화학,합성수지,합성수지,214001,3901109000,390110,3901,PE계
석유화학,합성수지,합성수지,214001,3901300000,390130,3901,EVA
석유화학,합성수지,합성수지,214002,3901200000,390120,3901,HDPE
석유화학,합성수지,합성수지,214003,3903110000,390311,3903,EPS
석유화학,합성수지,합성수지,214004,3902100000,390210,3902,PP계
석유화학,합성수지,합성수지,214004,3902300000,390230,3902,PP계
석유화학,합성수지,합성수지,214005,3903190000,390319,3903,PS·ABS계
석유화학,합성수지,합성수지,214005,3903901000,390390,3903,PS·ABS계
석유화학,합성수지,합성수지,214006,3903300000,390330,3903,ABS
석유화학,합성수지,합성수지,214007,3904100000,390410,3904,PVC계
석유화학,합성수지,합성수지,214007,3904210000,390421,3904,PVC계
석유화학,합성수지,합성수지,214007,3904220000,390422,3904,PVC계
석유화학,합성수지,합성수지,214008,3906100000,390610,3906,폴리(메틸 메타크리레이트)
석유화학,합성수지,합성수지,214008,3906909000,390690,3906,기타
석유화학,합성수지,합성수지,214009,3907293000,390729,3907,폴리에스터·PC계
석유화학,합성수지,합성수지,214010,3910009010,391000,3910,실리콘수지
석유화학,합성수지,합성수지,214010,3910009020,391000,3910,실리콘수지
석유화학,합성수지,합성수지,214010,3910009090,391000,3910,실리콘수지
석유화학,합성수지,합성수지,214011,3907100000,390710,3907,폴리에스터·PC계
석유화학,합성수지,합성수지,214012,3907301000,390730,3907,폴리에스터·PC계
석유화학,합성수지,합성수지,214012,3907309000,390730,3907,폴리에스터·PC계
석유화학,합성수지,합성수지,214013,3907400000,390740,3907,PC
석유화학,합성수지,합성수지,214014,3907610000,390761,3907,폴리에스터·PC계
석유화학,합성수지,합성수지,214014,3907690000,390769,3907,폴리에스터·PC계
석유화학,합성수지,합성수지,214014,3907991000,390799,3907,폴리에스터·PC계
석유화학,합성수지,합성수지,214015,3908101000,390810,3908,폴리아미드(PA)
석유화학,합성수지,합성수지,214015,3908102000,390810,3908,폴리아미드(PA)
석유화학,합성수지,합성수지,214015,3908103000,390810,3908,폴리아미드(PA)
석유화학,합성수지,합성수지,214015,3908900000,390890,3908,폴리아미드(PA)
석유화학,합성수지,합성수지,214090,3901400000,390140,3901,PE계
석유화학,합성수지,합성수지,214090,3901900000,390190,3901,PE계
석유화학,합성수지,합성수지,214090,3902200000,390220,3902,PP계
석유화학,합성수지,합성수지,214090,3902900000,390290,3902,PP계
석유화학,합성수지,합성수지,214090,3903200000,390320,3903,PS·ABS계
석유화학,합성수지,합성수지,214090,3903909000,390390,3903,PS·ABS계
석유화학,합성수지,합성수지,214090,3904300000,390430,3904,PVC계
석유화학,합성수지,합성수지,214090,3904400000,390440,3904,PVC계
석유화학,합성수지,합성수지,214090,3904500000,390450,3904,PVC계
석유화학,합성수지,합성수지,214090,3904610000,390461,3904,PVC계
석유화학,합성수지,합성수지,214090,3904691000,390469,3904,PVC계
석유화학,합성수지,합성수지,214090,3904699000,390469,3904,PVC계
석유화학,합성수지,합성수지,214090,3904900000,390490,3904,PVC계
석유화학,합성수지,합성수지,214090,3905120000,390512,3905,물에 분산된 것
석유화학,합성수지,합성수지,214090,3905190000,390519,3905,기타
석유화학,합성수지,합성수지,214090,3905210000,390521,3905,물에 분산된 것
석유화학,합성수지,합성수지,214090,3905290000,390529,3905,기타
석유화학,합성수지,합성수지,214090,3905300000,390530,3905,폴리(비닐알코올)[가수분해되지 않은 초산기(基)를 함유하였는지에 상관없다]
석유화학,합성수지,합성수지,214090,3905910000,390591,3905,공중합체(共重合體)
석유화학,합성수지,합성수지,214090,3905990000,390599,3905,기타
석유화학,합성수지,합성수지,214090,3906901000,390690,3906,폴리아크릴아미드와 그 공중합체
석유화학,합성수지,합성수지,214090,3907210000,390721,3907,폴리에스터·PC계
석유화학,합성수지,합성수지,214090,3907291010,390729,3907,폴리에스터·PC계
석유화학,합성수지,합성수지,214090,3907291090,390729,3907,폴리에스터·PC계
석유화학,합성수지,합성수지,214090,3907299000,390729,3907,폴리에스터·PC계
석유화학,합성수지,합성수지,214090,3907500000,390750,3907,폴리에스터·PC계
석유화학,합성수지,합성수지,214090,3907700000,390770,3907,폴리에스터·PC계
석유화학,합성수지,합성수지,214090,3907910000,390791,3907,폴리에스터·PC계
석유화학,합성수지,합성수지,214090,3907992000,390799,3907,폴리에스터·PC계
석유화학,합성수지,합성수지,214090,3907999000,390799,3907,폴리에스터·PC계
석유화학,합성수지,합성수지,214090,3909100000,390910,3909,아미노·페놀수지
석유화학,합성수지,합성수지,214090,3909200000,390920,3909,아미노·페놀수지
석유화학,합성수지,합성수지,214090,3909310000,390931,3909,아미노·페놀수지
석유화학,합성수지,합성수지,214090,3909390000,390939,3909,아미노·페놀수지
석유화학,합성수지,합성수지,214090,3909400000,390940,3909,아미노·페놀수지
석유화학,합성수지,합성수지,214090,3909500000,390950,3909,아미노·페놀수지
석유화학,합성수지,합성수지,214090,3910001000,391000,3910,실리콘수지
석유화학,합성수지,합성수지,214090,3911101000,391110,3911,기타 고분자
석유화학,합성수지,합성수지,214090,3911102000,391110,3911,기타 고분자
석유화학,합성수지,합성수지,214090,3911103000,391110,3911,기타 고분자
석유화학,합성수지,합성수지,214090,3911200000,391120,3911,기타 고분자
석유화학,합성수지,합성수지,214090,3911901000,391190,3911,기타 고분자
석유화학,합성수지,합성수지,214090,3911902000,391190,3911,기타 고분자
석유화학,합성수지,합성수지,214090,3911903000,391190,3911,기타 고분자
석유화학,합성수지,합성수지,214090,3911909000,391190,3911,기타 고분자
석유화학,합성수지,합성수지,214090,3914001000,391400,3914,기타 고분자
석유화학,합성수지,합성수지,214090,3914009000,391400,3914,기타 고분자
석유화학,합성고무,합성고무,215010,4002110000,400211,4002,라텍스
석유화학,합성고무,합성고무,215020,4002190000,400219,4002,기타
석유화학,합성고무,합성고무,215030,4002209000,400220,4002,기타
석유화학,합성고무,합성고무,215040,4002319000,400231,4002,기타
석유화학,합성고무,합성고무,215050,4002490000,400249,4002,기타
석유화학,합성고무,합성고무,215060,4002590000,400259,4002,기타
석유화학,합성고무,합성고무,215070,4002700000,400270,4002,EPDM
석유화학,합성고무,합성고무,215090,4002201000,400220,4002,라텍스
석유화학,합성고무,합성고무,215090,4002311000,400231,4002,라텍스
석유화학,합성고무,합성고무,215090,4002391000,400239,4002,라텍스
석유화학,합성고무,합성고무,215090,4002399010,400239,4002,IIR
석유화학,합성고무,합성고무,215090,4002399020,400239,4002,IIR
석유화학,합성고무,합성고무,215090,4002410000,400241,4002,라텍스
석유화학,합성고무,합성고무,215090,4002510000,400251,4002,라텍스
석유화학,합성고무,합성고무,215090,4002600000,400260,4002,이소프렌 고무(IR)
석유화학,합성고무,합성고무,215090,4002800000,400280,4002,제4001호의 물품과 제4002호의 물품과의 혼합물
석유화학,합성고무,합성고무,215090,4002910000,400291,4002,라텍스
석유화학,합성고무,합성고무,215090,4002991000,400299,4002,BR
석유화학,합성고무,합성고무,215090,4002999000,400299,4002,기타
석유화학,기타 석유화학,기타 석유화학제품,219000,2707400000,270740,2707,나프탈렌
석유화학,기타 석유화학,기타 석유화학제품,219000,2707910000,270791,2707,크레오소트(creosote)유
석유화학,기타 석유화학,기타 석유화학제품,219000,2707991000,270799,2707,솔벤트 나프타(solvent naphtha)
석유화학,기타 석유화학,기타 석유화학제품,219000,2707992000,270799,2707,안트라센(anthracene)
석유화학,기타 석유화학,기타 석유화학제품,219000,2707993000,270799,2707,페놀(석탄산)
석유화학,기타 석유화학,기타 석유화학제품,219000,2707999000,270799,2707,기타
석유화학,기타 석유화학,기타 석유화학제품,219000,2710192030,271019,2710,노르말-파라핀(n-paraffin)
석유화학,기타 석유화학,기타 석유화학제품,219000,2710209230,271020,2710,노르말-파라핀(n-paraffin)
석유화학,기타 석유화학,기타 석유화학제품,219000,2902191000,290219,2902,에틸리덴 노르보넨
석유화학,기타 석유화학,기타 석유화학제품,219000,2902199000,290219,2902,기타
석유화학,기타 석유화학,기타 석유화학제품,219000,2902700000,290270,2902,큐멘
석유화학,기타 석유화학,기타 석유화학제품,219000,2903130000,290313,2903,클로로포름(삼염화메탄)
석유화학,기타 석유화학,기타 석유화학제품,219000,2905110000,290511,2905,메탄올(메틸알코올)
석유화학,기타 석유화학,기타 석유화학제품,219000,2905121000,290512,2905,1-프로판올(프로필알코올)
석유화학,기타 석유화학,기타 석유화학제품,219000,2905122010,290512,2905,반도체 제조용
석유화학,기타 석유화학,기타 석유화학제품,219000,2905122090,290512,2905,기타
석유화학,기타 석유화학,기타 석유화학제품,219000,2905130000,290513,2905,1-부탄올(노르말-부틸알코올)
석유화학,기타 석유화학,기타 석유화학제품,219000,2905140000,290514,2905,그 밖의 부탄올
석유화학,기타 석유화학,기타 석유화학제품,219000,2905161000,290516,2905,2-에틸헥실알코올
석유화학,기타 석유화학,기타 석유화학제품,219000,2905169000,290516,2905,기타
석유화학,기타 석유화학,기타 석유화학제품,219000,2905193000,290519,2905,이소노닐알코올
석유화학,기타 석유화학,기타 석유화학제품,219000,2905320000,290532,2905,"프로필렌글리콜(프로판-1,2-디올)"
석유화학,기타 석유화학,기타 석유화학제품,219000,2907111000,290711,2907,페놀
석유화학,기타 석유화학,기타 석유화학제품,219000,2907151000,290715,2907,나프톨
석유화학,기타 석유화학,기타 석유화학제품,219000,2907152000,290715,2907,나프톨의 염
석유화학,기타 석유화학,기타 석유화학제품,219000,2907192000,290719,2907,크실레놀과 이들의 염
석유화학,기타 석유화학,기타 석유화학제품,219000,2907231000,290723,2907,"4,4´-이소프로필리덴디페놀(비스페놀에이)"
석유화학,기타 석유화학,기타 석유화학제품,219000,2907232000,290723,2907,"4,4´-이소프로필리덴디페놀(비스페놀에이)의 염"
석유화학,기타 석유화학,기타 석유화학제품,219000,2908110000,290811,2908,펜타클로로페놀(ISO)
석유화학,기타 석유화학,기타 석유화학제품,219000,2908191000,290819,2908,클로로페놀(펜타클로로페놀은 제외한다)
석유화학,기타 석유화학,기타 석유화학제품,219000,2908192000,290819,2908,테트라브로모비스페놀에이
석유화학,기타 석유화학,기타 석유화학제품,219000,2908193000,290819,2908,트리브로모페놀
석유화학,기타 석유화학,기타 석유화학제품,219000,2908199000,290819,2908,기타
석유화학,기타 석유화학,기타 석유화학제품,219000,2908910000,290891,2908,디노셉(ISO)과 그 염
석유화학,기타 석유화학,기타 석유화학제품,219000,2908920000,290892,2908,"4,6-디니트로-오르토-크레졸[DNOC(ISO)]과 그 염"
석유화학,기타 석유화학,기타 석유화학제품,219000,2908990000,290899,2908,기타
석유화학,기타 석유화학,기타 석유화학제품,219000,2909110000,290911,2909,디에틸에테르
석유화학,기타 석유화학,기타 석유화학제품,219000,2909191000,290919,2909,비스(클로로메틸)에테르
석유화학,기타 석유화학,기타 석유화학제품,219000,2909192000,290919,2909,메틸터샤리 부틸에테르
석유화학,기타 석유화학,기타 석유화학제품,219000,2909199000,290919,2909,기타
석유화학,기타 석유화학,기타 석유화학제품,219000,2909200000,290920,2909,포화지환식ㆍ불포화지환식ㆍ시클로테르펜에테르와 이들의 할로겐화유도체ㆍ술폰화유도체ㆍ니트로화유도체ㆍ니트로소화유도체
석유화학,기타 석유화학,기타 석유화학제품,219000,2909301000,290930,2909,아니솔
석유화학,기타 석유화학,기타 석유화학제품,219000,2909302000,290930,2909,아네톨
석유화학,기타 석유화학,기타 석유화학제품,219000,2909303000,290930,2909,디페닐 에테르
석유화학,기타 석유화학,기타 석유화학제품,219000,2909304000,290930,2909,앰브렛 머스크
석유화학,기타 석유화학,기타 석유화학제품,219000,2909305000,290930,2909,데카브로모디페닐 옥사이드(데카브로모디페닐 에테르)
석유화학,기타 석유화학,기타 석유화학제품,219000,2909309090,290930,2909,기타
석유화학,기타 석유화학,기타 석유화학제품,219000,2909430000,290943,2909,에틸렌글리콜의 모노부틸에테르와 디에틸렌글리콜의 모노부틸에테르
석유화학,기타 석유화학,기타 석유화학제품,219000,2909441000,290944,2909,에틸렌글리콜의 모노메틸에테르와 디에틸렌글리콜의 모노메틸에테르
석유화학,기타 석유화학,기타 석유화학제품,219000,2909449000,290944,2909,기타
석유화학,기타 석유화학,기타 석유화학제품,219000,2909499000,290949,2909,기타
석유화학,기타 석유화학,기타 석유화학제품,219000,2909500000,290950,2909,"에테르페놀, 에테르알코올페놀과 이들의 할로겐화유도체ㆍ술폰화유도체ㆍ니트로화유도체ㆍ니트로소화유도체"
석유화학,기타 석유화학,기타 석유화학제품,219000,2909601000,290960,2909,과산화알코올
석유화학,기타 석유화학,기타 석유화학제품,219000,2909602000,290960,2909,디쿠밀퍼록사이드
석유화학,기타 석유화학,기타 석유화학제품,219000,2909603000,290960,2909,메틸에틸케톤퍼록사이드
석유화학,기타 석유화학,기타 석유화학제품,219000,2909604000,290960,2909,과산화아세탈과 과산화헤미아세탈
석유화학,기타 석유화학,기타 석유화학제품,219000,2909609000,290960,2909,기타
석유화학,기타 석유화학,기타 석유화학제품,219000,2910300000,291030,2910,"1-클로로-2,3-에폭시프로판(에피클로로히드린)"
석유화학,기타 석유화학,기타 석유화학제품,219000,2910400000,291040,2910,"디엘드린(ISO, INN)"
석유화학,기타 석유화학,기타 석유화학제품,219000,2910500000,291050,2910,엔드린(ISO)
석유화학,기타 석유화학,기타 석유화학제품,219000,2910900000,291090,2910,기타
석유화학,기타 석유화학,기타 석유화학제품,219000,2911000000,291100,2911,아세탈ㆍ헤미아세탈(그 밖의 산소관능 결합을 한 것인지에 상관없다)과 이들의 할로겐화유도체ㆍ술폰화유도체ㆍ니트로화유도체ㆍ니트로소화유도체
석유화학,기타 석유화학,기타 석유화학제품,219000,2912110000,291211,2912,메탄알(포름알데히드)
석유화학,기타 석유화학,기타 석유화학제품,219000,2912120000,291212,2912,에탄알(아세트알데히드)
석유화학,기타 석유화학,기타 석유화학제품,219000,2912193000,291219,2912,"부탄알(부티르알데히드, 노르말-이성체)"
석유화학,기타 석유화학,기타 석유화학제품,219000,2912199000,291219,2912,기타
석유화학,기타 석유화학,기타 석유화학제품,219000,2912210000,291221,2912,벤즈알데히드
석유화학,기타 석유화학,기타 석유화학제품,219000,2912290000,291229,2912,기타
석유화학,기타 석유화학,기타 석유화학제품,219000,2912410000,291241,2912,바닐린(4-히드록시-3-메톡시벤즈알데히드)
석유화학,기타 석유화학,기타 석유화학제품,219000,2912420000,291242,2912,에틸바닐린(3-에톡시-4-히드록시벤즈알데히드)
석유화학,기타 석유화학,기타 석유화학제품,219000,2912490000,291249,2912,기타
석유화학,기타 석유화학,기타 석유화학제품,219000,2912500000,291250,2912,알데히드의 환식중합체
석유화학,기타 석유화학,기타 석유화학제품,219000,2912600000,291260,2912,파라포름알데히드
석유화학,기타 석유화학,기타 석유화학제품,219000,2914110000,291411,2914,아세톤
석유화학,기타 석유화학,기타 석유화학제품,219000,2914120000,291412,2914,부탄온(메틸에틸케톤)
석유화학,기타 석유화학,기타 석유화학제품,219000,2914221000,291422,2914,시클로헥사논
석유화학,기타 석유화학,기타 석유화학제품,219000,2915210000,291521,2915,초산
석유화학,기타 석유화학,기타 석유화학제품,219000,2915310000,291531,2915,초산에틸
석유화학,기타 석유화학,기타 석유화학제품,219000,2915394000,291539,2915,초산이소부틸
석유화학,기타 석유화학,기타 석유화학제품,219000,2916111000,291611,2916,아크릴산
석유화학,기타 석유화학,기타 석유화학제품,219000,2916119000,291611,2916,기타
석유화학,기타 석유화학,기타 석유화학제품,219000,2916121000,291612,2916,아크릴산에틸
석유화학,기타 석유화학,기타 석유화학제품,219000,2916122000,291612,2916,아크릴산메틸
석유화학,기타 석유화학,기타 석유화학제품,219000,2916123000,291612,2916,아크릴산부틸
석유화학,기타 석유화학,기타 석유화학제품,219000,2916124000,291612,2916,아크릴산 2-에틸헥실
석유화학,기타 석유화학,기타 석유화학제품,219000,2916129000,291612,2916,기타
석유화학,기타 석유화학,기타 석유화학제품,219000,2916131000,291613,2916,메타아크릴산
석유화학,기타 석유화학,기타 석유화학제품,219000,2916139000,291613,2916,기타
석유화학,기타 석유화학,기타 석유화학제품,219000,2916149000,291614,2916,기타
석유화학,기타 석유화학,기타 석유화학제품,219000,2917121000,291712,2917,아디프산
석유화학,기타 석유화학,기타 석유화학제품,219000,2917122000,291712,2917,아디프산의 염
석유화학,기타 석유화학,기타 석유화학제품,219000,2917123010,291712,2917,아디프산 디옥틸
석유화학,기타 석유화학,기타 석유화학제품,219000,2917123090,291712,2917,기타
석유화학,기타 석유화학,기타 석유화학제품,219000,2917140000,291714,2917,무수말레산
석유화학,기타 석유화학,기타 석유화학제품,219000,2917350000,291735,2917,무수프탈산
석유화학,기타 석유화학,기타 석유화학제품,219000,2917391000,291739,2917,이소프탈산
석유화학,기타 석유화학,기타 석유화학제품,219000,2920119000,292011,2920,기타
석유화학,기타 석유화학,기타 석유화학제품,219000,2920199000,292019,2920,기타
석유화학,기타 석유화학,기타 석유화학제품,219000,2920210000,292021,2920,디메틸 포스파이트
석유화학,기타 석유화학,기타 석유화학제품,219000,2920220000,292022,2920,디에틸 포스파이트
석유화학,기타 석유화학,기타 석유화학제품,219000,2920230000,292023,2920,트리메틸 포스파이트
석유화학,기타 석유화학,기타 석유화학제품,219000,2920240000,292024,2920,트리에틸 포스파이트
석유화학,기타 석유화학,기타 석유화학제품,219000,2920290000,292029,2920,기타
석유화학,기타 석유화학,기타 석유화학제품,219000,2920309000,292030,2920,기타
석유화학,기타 석유화학,기타 석유화학제품,219000,2920904000,292090,2920,농약원제(農藥原劑)(농약관리법에 따라 등록된 것으로 한정한다)
석유화학,기타 석유화학,기타 석유화학제품,219000,2920909110,292090,2920,황산디메틸
석유화학,기타 석유화학,기타 석유화학제품,219000,2920909190,292090,2920,기타
석유화학,기타 석유화학,기타 석유화학제품,219000,2920909200,292090,2920,탄산에스테르의 것
석유화학,기타 석유화학,기타 석유화학제품,219000,2920909900,292090,2920,기타
석유화학,기타 석유화학,기타 석유화학제품,219000,2921111010,292111,2921,메틸아민
석유화학,기타 석유화학,기타 석유화학제품,219000,2921111020,292111,2921,메틸아민의 염
석유화학,기타 석유화학,기타 석유화학제품,219000,2921112010,292111,2921,디메틸아민
석유화학,기타 석유화학,기타 석유화학제품,219000,2921112020,292111,2921,디메틸아민의 염
석유화학,기타 석유화학,기타 석유화학제품,219000,2921113010,292111,2921,트리메틸아민
석유화학,기타 석유화학,기타 석유화학제품,219000,2921113020,292111,2921,트리메틸아민의 염
석유화학,기타 석유화학,기타 석유화학제품,219000,2921120000,292112,2921,"2-(엔,엔-디메틸아미노)에틸클로라이드 염산염"
석유화학,기타 석유화학,기타 석유화학제품,219000,2921130000,292113,2921,"2-(엔,엔-디에틸아미노)에틸클로라이드 염산염"
석유화학,기타 석유화학,기타 석유화학제품,219000,2921140000,292114,2921,"2-(엔,엔-디이소프로필아미노)에틸클로라이드 염산염"
석유화학,기타 석유화학,기타 석유화학제품,219000,2921192000,292119,2921,디에틸아민과 그 염
석유화학,기타 석유화학,기타 석유화학제품,219000,2921199010,292119,2921,디메틸라우릴아민
석유화학,기타 석유화학,기타 석유화학제품,219000,2921199090,292119,2921,기타
석유화학,기타 석유화학,기타 석유화학제품,219000,2921211000,292121,2921,에틸렌디아민
석유화학,기타 석유화학,기타 석유화학제품,219000,2921212000,292121,2921,에틸렌디아민의 염
석유화학,기타 석유화학,기타 석유화학제품,219000,2921221000,292122,2921,헥사메틸렌디아민
석유화학,기타 석유화학,기타 석유화학제품,219000,2921222000,292122,2921,헥사메틸렌디아민아디페이트
석유화학,기타 석유화학,기타 석유화학제품,219000,2921229000,292122,2921,기타
석유화학,기타 석유화학,기타 석유화학제품,219000,2921291000,292129,2921,디에틸렌 트리아민
석유화학,기타 석유화학,기타 석유화학제품,219000,2921292000,292129,2921,트리에틸렌 테트라아민
석유화학,기타 석유화학,기타 석유화학제품,219000,2921299000,292129,2921,기타
석유화학,기타 석유화학,기타 석유화학제품,219000,2921301000,292130,2921,시클로 헥실아민
석유화학,기타 석유화학,기타 석유화학제품,219000,2921309000,292130,2921,기타
석유화학,기타 석유화학,기타 석유화학제품,219000,2921411000,292141,2921,아닐린
석유화학,기타 석유화학,기타 석유화학제품,219000,2921412000,292141,2921,아닐린의 염
석유화학,기타 석유화학,기타 석유화학제품,219000,2921429020,292142,2921,아닐린의 니트로할로겐화 유도체
석유화학,기타 석유화학,기타 석유화학제품,219000,2921429090,292142,2921,기타
석유화학,기타 석유화학,기타 석유화학제품,219000,2921435000,292143,2921,파라-톨루이딘-메타-술폰산과 그 염
석유화학,기타 석유화학,기타 석유화학제품,219000,2921436000,292143,2921,2-클로로-파라-톨루이딘-5-술폰산과 그 염
석유화학,기타 석유화학,기타 석유화학제품,219000,2921437000,292143,2921,3-아미노-6-클로로톨루엔-4-술폰산과 그 염
석유화학,기타 석유화학,기타 석유화학제품,219000,2921439010,292143,2921,톨루이딘
석유화학,기타 석유화학,기타 석유화학제품,219000,2921439090,292143,2921,기타
석유화학,기타 석유화학,기타 석유화학제품,219000,2921441000,292144,2921,디페닐아민
석유화학,기타 석유화학,기타 석유화학제품,219000,2921449000,292144,2921,기타
석유화학,기타 석유화학,기타 석유화학제품,219000,2921451000,292145,2921,1-나프틸아민-4-술폰산과 그 염
석유화학,기타 석유화학,기타 석유화학제품,219000,2921459010,292145,2921,1-나프틸아민(알파-나프틸아민)과 그 염
석유화학,기타 석유화학,기타 석유화학제품,219000,2921459020,292145,2921,2-나프틸아민(베타-나프틸아민)과 그 염
석유화학,기타 석유화학,기타 석유화학제품,219000,2921459030,292145,2921,"2-나프틸아민-3,6,8-트리술폰산과 그 염"
석유화학,기타 석유화학,기타 석유화학제품,219000,2921459090,292145,2921,기타
석유화학,기타 석유화학,기타 석유화학제품,219000,2921460000,292146,2921,"암페타민(INN)ㆍ벤즈페타민(INN)ㆍ덱스암페타민(INN)ㆍ에틸암페타민(INN)ㆍ펜캄파민(INN)ㆍ레페타민(INN)ㆍ레브암페타민(INN)ㆍ메페노렉스(INN)ㆍ펜터민(INN), 이들의 염"
석유화학,기타 석유화학,기타 석유화학제품,219000,2921499000,292149,2921,기타
석유화학,기타 석유화학,기타 석유화학제품,219000,2921511000,292151,2921,엔-페닐-엔-이소프로필 파라-페닐렌디아민
석유화학,기타 석유화학,기타 석유화학제품,219000,2921512000,292151,2921,"엔-(1,3-디메틸 부틸)-엔-페닐-파라-페닐렌디아민"
석유화학,기타 석유화학,기타 석유화학제품,219000,2921519010,292151,2921,오르토-페닐렌 디아민
석유화학,기타 석유화학,기타 석유화학제품,219000,2921519020,292151,2921,메타-페닐렌 디아민
석유화학,기타 석유화학,기타 석유화학제품,219000,2921519030,292151,2921,파라-페닐렌 디아민
석유화학,기타 석유화학,기타 석유화학제품,219000,2921519040,292151,2921,디아미노톨루엔
석유화학,기타 석유화학,기타 석유화학제품,219000,2921519090,292151,2921,기타
석유화학,기타 석유화학,기타 석유화학제품,219000,2921592000,292159,2921,"4,4´디아미노스틸벤-2,2´-디술폰산과 그 염"
석유화학,기타 석유화학,기타 석유화학제품,219000,2921599000,292159,2921,기타
석유화학,기타 석유화학,기타 석유화학제품,219000,2922422000,292242,2922,글루탐산 나트륨
석유화학,기타 석유화학,기타 석유화학제품,219000,2929101000,292910,2929,톨루엔 디이소시아네이트
석유화학,기타 석유화학,기타 석유화학제품,219000,2929102000,292910,2929,디페닐메탄 디이소시아네이트
석유화학,기타 석유화학,기타 석유화학제품,219000,2929109000,292910,2929,기타
석유화학,기타 석유화학,기타 석유화학제품,219000,3817000000,381700,3817,혼합알킬벤젠과 혼합알킬나프탈렌(제2707호ㆍ제2902호의 물품은 제외한다)
석유화학,기타 석유화학,기타 석유화학제품,219000,3907292010,390729,3907,수소불화탄소(HFCs)나 수소염화불화탄소(HCFCs)를 함유한 것
석유화학,기타 석유화학,기타 석유화학제품,219000,3907292090,390729,3907,기타
일반기계,제조장비,공작기계,711110,8456111000,845611,8456,"인쇄회로, 인쇄회로조립품, 제8517호의 부분품 또는 자동자료처리기계의 부분품의 제조에 전용 또는 주로 사용되는 종류의 것"
일반기계,제조장비,공작기계,711110,8456119000,845611,8456,기타
일반기계,제조장비,공작기계,711120,8457104000,845710,8457,5축 머시닝 센터(분할 5축 가공이 가능한 것을 포함한다)
일반기계,제조장비,공작기계,711120,8457109010,845710,8457,수직형
일반기계,제조장비,공작기계,711120,8457109020,845710,8457,수평형
일반기계,제조장비,공작기계,711120,8457109030,845710,8457,문형
일반기계,제조장비,공작기계,711120,8457109090,845710,8457,기타
일반기계,제조장비,공작기계,711120,8457200000,845720,8457,유닛 컨스트럭션 머신(unit construction machine)(싱글스테이션)
일반기계,제조장비,공작기계,711120,8457300000,845730,8457,멀티스테이션(multi-station)의 트랜스퍼머신(transfer machine)
일반기계,제조장비,공작기계,711130,8458110000,845811,8458,수치제어식
일반기계,제조장비,공작기계,711130,8458190000,845819,8458,기타
일반기계,제조장비,공작기계,711130,8458910000,845891,8458,수치제어식
일반기계,제조장비,공작기계,711130,8458990000,845899,8458,기타
일반기계,제조장비,공작기계,711190,8456121000,845612,8456,"인쇄회로, 인쇄회로조립품, 제8517호의 부분품 또는 자동자료처리기계의 부분품의 제조에 전용 또는 주로 사용되는 종류의 것"
일반기계,제조장비,공작기계,711190,8456129000,845612,8456,기타
일반기계,제조장비,공작기계,711190,8456200000,845620,8456,초음파 방식으로 하는 것
일반기계,제조장비,공작기계,711190,8456301010,845630,8456,와이어 컷 방전 가공기
일반기계,제조장비,공작기계,711190,8456301090,845630,8456,기타
일반기계,제조장비,공작기계,711190,8456309000,845630,8456,기타
일반기계,제조장비,공작기계,711190,8456400000,845640,8456,플라즈마아크(plasma arc) 방식으로 하는 것
일반기계,제조장비,공작기계,711190,8456500000,845650,8456,워터제트 절단기
일반기계,제조장비,공작기계,711190,8456900000,845690,8456,기타
일반기계,제조장비,공작기계,711190,8459100000,845910,8459,웨이타입(way-type) 유닛헤드머신(unit head machine)
일반기계,제조장비,공작기계,711190,8459211000,845921,8459,심공 드릴링머신(최대 천공 깊이가 5미터를 초과하는 것으로 한정한다)
일반기계,제조장비,공작기계,711190,8459219000,845921,8459,기타
일반기계,제조장비,공작기계,711190,8459291000,845929,8459,레이디얼 드릴링머신
일반기계,제조장비,공작기계,711190,8459292000,845929,8459,직립 드릴링머신
일반기계,제조장비,공작기계,711190,8459293000,845929,8459,다축 드릴링머신
일반기계,제조장비,공작기계,711190,8459299000,845929,8459,기타
일반기계,제조장비,공작기계,711190,8459310000,845931,8459,수치제어식
일반기계,제조장비,공작기계,711190,8459390000,845939,8459,기타
일반기계,제조장비,공작기계,711190,8459411000,845941,8459,지그 보링머신
일반기계,제조장비,공작기계,711190,8459412000,845941,8459,수평 보링머신
일반기계,제조장비,공작기계,711190,8459419000,845941,8459,기타
일반기계,제조장비,공작기계,711190,8459490000,845949,8459,기타
일반기계,제조장비,공작기계,711190,8459510000,845951,8459,수치제어식
일반기계,제조장비,공작기계,711190,8459590000,845959,8459,기타
일반기계,제조장비,공작기계,711190,8459611000,845961,8459,베드형 밀링머신
일반기계,제조장비,공작기계,711190,8459612000,845961,8459,평삭(平削) 밀링머신
일반기계,제조장비,공작기계,711190,8459619000,845961,8459,기타
일반기계,제조장비,공작기계,711190,8459691000,845969,8459,베드형 밀링머신
일반기계,제조장비,공작기계,711190,8459699000,845969,8459,기타
일반기계,제조장비,공작기계,711190,8459701000,845970,8459,태핑머신(tapping machine)
일반기계,제조장비,공작기계,711190,8459709000,845970,8459,그 밖의 나사절삭기
일반기계,제조장비,공작기계,711190,8460120000,846012,8460,수치제어식
일반기계,제조장비,공작기계,711190,8460190000,846019,8460,기타
일반기계,제조장비,공작기계,711190,8460220000,846022,8460,무심연삭기(수치제어식으로 한정한다)
일반기계,제조장비,공작기계,711190,8460230000,846023,8460,그 밖의 원통연삭기(수치제어식으로 한정한다)
일반기계,제조장비,공작기계,711190,8460241000,846024,8460,내면연삭기
일반기계,제조장비,공작기계,711190,8460242000,846024,8460,프로파일(profile) 연삭기
일반기계,제조장비,공작기계,711190,8460249000,846024,8460,기타
일반기계,제조장비,공작기계,711190,8460291000,846029,8460,원통연삭기
일반기계,제조장비,공작기계,711190,8460292000,846029,8460,내면연삭기
일반기계,제조장비,공작기계,711190,8460293000,846029,8460,무심연삭기
일반기계,제조장비,공작기계,711190,8460294000,846029,8460,프로파일(profile) 연삭기
일반기계,제조장비,공작기계,711190,8460299000,846029,8460,기타
일반기계,제조장비,공작기계,711190,8460310000,846031,8460,수치제어식
일반기계,제조장비,공작기계,711190,8460390000,846039,8460,기타
일반기계,제조장비,공작기계,711190,8460401000,846040,8460,호닝머신(honing machine)
일반기계,제조장비,공작기계,711190,8460402000,846040,8460,래핑머신(lapping machine)
일반기계,제조장비,공작기계,711190,8460900000,846090,8460,기타
일반기계,제조장비,공작기계,711190,8461200000,846120,8461,쉐이핑머신(shaping machine)이나 슬로팅머신(slotting machine)
일반기계,제조장비,공작기계,711190,8461300000,846130,8461,브로칭머신(broaching machine)
일반기계,제조장비,공작기계,711190,8461401010,846140,8461,수치제어식
일반기계,제조장비,공작기계,711190,8461401090,846140,8461,기타
일반기계,제조장비,공작기계,711190,8461402000,846140,8461,기어연삭기ㆍ기어완성가공기
일반기계,제조장비,공작기계,711190,8461500000,846150,8461,톱기계나 절단기
일반기계,제조장비,공작기계,711190,8461900000,846190,8461,기타
일반기계,제조장비,프레스·성형기,711210,8462610000,846261,8462,액압식 프레스
일반기계,제조장비,프레스·성형기,711210,8462620000,846262,8462,기계식 프레스
일반기계,제조장비,프레스·성형기,711210,8462630000,846263,8462,서보프레스
일반기계,제조장비,프레스·성형기,711210,8462690000,846269,8462,기타
일반기계,제조장비,프레스·성형기,711220,8462110000,846211,8462,밀폐식 형 단조기
일반기계,제조장비,프레스·성형기,711220,8462191000,846219,8462,에어해머
일반기계,제조장비,프레스·성형기,711220,8462199000,846219,8462,기타
일반기계,제조장비,프레스·성형기,711220,8462221000,846222,8462,수치제어식
일반기계,제조장비,프레스·성형기,711220,8462229000,846222,8462,기타
일반기계,제조장비,프레스·성형기,711220,8462230000,846223,8462,수치제어식 프레스 브레이크(press brake)
일반기계,제조장비,프레스·성형기,711220,8462240000,846224,8462,수치제어식 패널 굽힘기
일반기계,제조장비,프레스·성형기,711220,8462250000,846225,8462,수치제어식 롤 성형기
일반기계,제조장비,프레스·성형기,711220,8462260000,846226,8462,그 밖의 수치제어식 굽힘기ㆍ접음기ㆍ교정기ㆍ펼침기
일반기계,제조장비,프레스·성형기,711220,8462291000,846229,8462,수치제어식
일반기계,제조장비,프레스·성형기,711220,8462299000,846229,8462,기타
일반기계,제조장비,프레스·성형기,711220,8462321010,846232,8462,수치제어식
일반기계,제조장비,프레스·성형기,711220,8462321090,846232,8462,기타
일반기계,제조장비,프레스·성형기,711220,8462322010,846232,8462,수치제어식
일반기계,제조장비,프레스·성형기,711220,8462322090,846232,8462,기타
일반기계,제조장비,프레스·성형기,711220,8462330000,846233,8462,수치제어식 전단기
일반기계,제조장비,프레스·성형기,711220,8462390000,846239,8462,기타
일반기계,제조장비,프레스·성형기,711220,8462420000,846242,8462,수치제어식
일반기계,제조장비,프레스·성형기,711220,8462490000,846249,8462,기타
일반기계,제조장비,프레스·성형기,711220,8462510000,846251,8462,수치제어식
일반기계,제조장비,프레스·성형기,711220,8462590000,846259,8462,기타
일반기계,제조장비,프레스·성형기,711220,8462900000,846290,8462,기타
일반기계,제조장비,공작기계,711220,8463100000,846310,8463,드로우벤치(draw-bench)[봉ㆍ관ㆍ프로파일(profile)ㆍ선이나 이와 유사한 것을 인발(引拔)하는 것으로 한정한다]
일반기계,제조장비,공작기계,711220,8463200000,846320,8463,나사 전조기
일반기계,제조장비,공작기계,711220,8463300000,846330,8463,선 가공기
일반기계,제조장비,공작기계,711220,8463900000,846390,8463,기타
일반기계,제조장비,공작기계 부품,711300,8466100000,846610,8466,툴홀더(tool holder)와 자동개폐식 다이헤드(diehead)
일반기계,제조장비,공작기계 부품,711300,8466300000,846630,8466,분할대와 그 밖의 기계용 특수 부착물
일반기계,제조장비,공작기계 부품,711300,8466931000,846693,8466,"인쇄회로, 인쇄회로조립품, 제8517호의 부분품 또는 자동자료처리기계의 부분품의 제조에 전용 또는 주로 사용되는 기계의 것"
일반기계,제조장비,공작기계 부품,711300,8466939000,846693,8466,기타
일반기계,제조장비,공작기계 부품,711300,8466940000,846694,8466,제8462호나 제8463호의 기계용
일반기계,제조장비,제철·주조·압연장비,712110,8455100000,845510,8455,관 압연기
일반기계,제조장비,제철·주조·압연장비,712110,8455210000,845521,8455,열간(熱間)이나 열ㆍ냉간(熱冷間) 겸용 압연기
일반기계,제조장비,제철·주조·압연장비,712110,8455220000,845522,8455,냉간(冷間) 압연기
일반기계,제조장비,제철·주조·압연장비,712110,8455301000,845530,8455,주조제의 것
일반기계,제조장비,제철·주조·압연장비,712110,8455302000,845530,8455,단조제의 것
일반기계,제조장비,제철·주조·압연장비,712110,8455309000,845530,8455,기타
일반기계,제조장비,제철·주조·압연장비,712120,8455900000,845590,8455,그 밖의 부분품
일반기계,제조장비,용접·납땜장비,712210,8515211010,851521,8515,로봇형
일반기계,제조장비,용접·납땜장비,712210,8515212010,851521,8515,로봇형
일반기계,제조장비,용접·납땜장비,712210,8515213010,851521,8515,로봇형
일반기계,제조장비,용접·납땜장비,712210,8515219010,851521,8515,로봇형
일반기계,제조장비,용접·납땜장비,712210,8515311010,851531,8515,로봇형
일반기계,제조장비,용접·납땜장비,712210,8515319010,851531,8515,로봇형
일반기계,제조장비,용접·납땜장비,712220,8515211090,851521,8515,기타
일반기계,제조장비,용접·납땜장비,712220,8515212090,851521,8515,기타
일반기계,제조장비,용접·납땜장비,712220,8515213090,851521,8515,기타
일반기계,제조장비,용접·납땜장비,712220,8515219090,851521,8515,기타
일반기계,제조장비,용접·납땜장비,712220,8515291000,851529,8515,점 용접기기
일반기계,제조장비,용접·납땜장비,712220,8515292000,851529,8515,봉합 용접기기
일반기계,제조장비,용접·납땜장비,712220,8515293000,851529,8515,바트 용접기기
일반기계,제조장비,용접·납땜장비,712220,8515299000,851529,8515,기타
일반기계,제조장비,용접·납땜장비,712220,8515311090,851531,8515,기타
일반기계,제조장비,용접·납땜장비,712220,8515319090,851531,8515,기타
일반기계,제조장비,용접·납땜장비,712220,8515391000,851539,8515,교류아크 용접기기
일반기계,제조장비,용접·납땜장비,712220,8515399000,851539,8515,기타
일반기계,제조장비,용접·납땜장비,712220,8515801000,851580,8515,초음파 응용기기
일반기계,제조장비,용접·납땜장비,712220,8515802000,851580,8515,전자빔용 기기
일반기계,제조장비,용접·납땜장비,712220,8515803000,851580,8515,레이저 작동식 기기
일반기계,제조장비,용접·납땜장비,712220,8515809000,851580,8515,기타
일반기계,기타 산업기계,기타 일반기계,712230,8405901000,840590,8405,발생로가스 발생기의 것
일반기계,기타 산업기계,기타 일반기계,712230,8405902000,840590,8405,수성가스 발생기의 것
일반기계,기타 산업기계,기타 일반기계,712230,8405904000,840590,8405,산소 발생기의 것
일반기계,기타 산업기계,기타 일반기계,712230,8405909000,840590,8405,기타
일반기계,기타 산업기계,기타 일반기계,712230,8468900000,846890,8468,부분품
일반기계,제조장비,용접·납땜장비,712230,8515901010,851590,8515,레이저 작동식의 것
일반기계,제조장비,용접·납땜장비,712230,8515901090,851590,8515,기타
일반기계,제조장비,용접·납땜장비,712230,8515902000,851590,8515,인쇄회로조립품의 제조에 전용되거나 주로 사용되는 침적 납땜용(wave soldering) 기기의 것
일반기계,제조장비,용접·납땜장비,712230,8515909000,851590,8515,기타
일반기계,기타 산업기계,기타 일반기계,712290,8405101000,840510,8405,발생로가스 발생기
일반기계,기타 산업기계,기타 일반기계,712290,8405102000,840510,8405,수성가스 발생기
일반기계,기타 산업기계,기타 일반기계,712290,8405104000,840510,8405,산소 발생기
일반기계,기타 산업기계,기타 일반기계,712290,8405109000,840510,8405,기타
일반기계,기타 산업기계,기타 일반기계,712290,8468100000,846810,8468,수지식 취관(吹管)
일반기계,기타 산업기계,기타 일반기계,712290,8468201000,846820,8468,가스 용접기
일반기계,기타 산업기계,기타 일반기계,712290,8468202000,846820,8468,가스 자동절단기
일반기계,기타 산업기계,기타 일반기계,712290,8468800000,846880,8468,그 밖의 기기
일반기계,제조장비,제철·주조·압연장비,712310,8454100000,845410,8454,전로
일반기계,제조장비,제철·주조·압연장비,712310,8454200000,845420,8454,잉곳(ingot)용 주형과 레이들(ladle)
일반기계,제조장비,제철·주조·압연장비,712310,8454301010,845430,8454,다이케스팅기
일반기계,제조장비,제철·주조·압연장비,712310,8454301090,845430,8454,기타
일반기계,제조장비,제철·주조·압연장비,712310,8454309000,845430,8454,기타
일반기계,산업기계,광산·파쇄·선별기계,712310,8474801000,847480,8474,주물용 사형의 성형기
일반기계,산업기계,광산·파쇄·선별기계,712310,8474802000,847480,8474,조괴기(造塊機)ㆍ형입기와 성형기
일반기계,제조장비,제철·주조·압연장비,712320,8454901000,845490,8454,전로의 것
일반기계,제조장비,제철·주조·압연장비,712320,8454909000,845490,8454,기타
일반기계,기타 산업기계,기타 일반기계,713100,7326901000,732690,7326,방직기계용 보빈(bobbin)
일반기계,기타 산업기계,기타 일반기계,713100,8420102000,842010,8420,직물용
일반기계,산업기계,섬유기계,713100,8444001000,844400,8444,방사(紡絲)기
일반기계,산업기계,섬유기계,713100,8444002000,844400,8444,연신(drawing)기
일반기계,산업기계,섬유기계,713100,8444003000,844400,8444,텍스처(texture)기
일반기계,산업기계,섬유기계,713100,8444009000,844400,8444,기타
일반기계,산업기계,섬유기계,713100,8445110000,844511,8445,카드기(carding machine)
일반기계,산업기계,섬유기계,713100,8445120000,844512,8445,코밍기(combing machine)
일반기계,산업기계,섬유기계,713100,8445130000,844513,8445,연조기나 조방기
일반기계,산업기계,섬유기계,713100,8445191000,844519,8445,혼타면기
일반기계,산업기계,섬유기계,713100,8445199000,844519,8445,기타
일반기계,산업기계,섬유기계,713100,8445201010,844520,8445,정방기
일반기계,산업기계,섬유기계,713100,8445201090,844520,8445,기타
일반기계,산업기계,섬유기계,713100,8445202000,844520,8445,모방용
일반기계,산업기계,섬유기계,713100,8445203000,844520,8445,견방용
일반기계,산업기계,섬유기계,713100,8445209000,844520,8445,기타
일반기계,산업기계,섬유기계,713100,8445301000,844530,8445,필라멘트사용
일반기계,산업기계,섬유기계,713100,8445302000,844530,8445,방적사용
일반기계,산업기계,섬유기계,713100,8445309000,844530,8445,기타
일반기계,산업기계,섬유기계,713100,8445401000,844540,8445,콘 와인더
일반기계,산업기계,섬유기계,713100,8445409000,844540,8445,기타
일반기계,산업기계,섬유기계,713100,8445901000,844590,8445,정경기
일반기계,산업기계,섬유기계,713100,8445902000,844590,8445,정경호부기
일반기계,산업기계,섬유기계,713100,8445909000,844590,8445,기타
일반기계,산업기계,섬유기계,713100,8446100000,844610,8446,폭이 30센티미터 이하인 소폭직기
일반기계,산업기계,섬유기계,713100,8446210000,844621,8446,직조기(동력구동식으로 한정한다)
일반기계,산업기계,섬유기계,713100,8446290000,844629,8446,기타
일반기계,산업기계,섬유기계,713100,8446301010,844630,8446,면직기
일반기계,산업기계,섬유기계,713100,8446301090,844630,8446,기타
일반기계,산업기계,섬유기계,713100,8446302000,844630,8446,에어젯트식
일반기계,산업기계,섬유기계,713100,8446303000,844630,8446,워터젯트식
일반기계,산업기계,섬유기계,713100,8446309000,844630,8446,기타
일반기계,산업기계,섬유기계,713100,8447111000,844711,8447,양말편기
일반기계,산업기계,섬유기계,713100,8447119000,844711,8447,기타
일반기계,산업기계,섬유기계,713100,8447120000,844712,8447,실린더 지름이 165밀리미터를 초과하는 것
일반기계,산업기계,섬유기계,713100,8447201010,844720,8447,수(手) 편직기(반자동 횡(橫) 편직기는 포함한다)
일반기계,산업기계,섬유기계,713100,8447201020,844720,8447,자동 횡(橫) 편직기
일반기계,산업기계,섬유기계,713100,8447201090,844720,8447,기타
일반기계,산업기계,섬유기계,713100,8447202010,844720,8447,랏셀기
일반기계,산업기계,섬유기계,713100,8447202020,844720,8447,트리코트기
일반기계,산업기계,섬유기계,713100,8447202090,844720,8447,기타
일반기계,산업기계,섬유기계,713100,8447209000,844720,8447,기타
일반기계,산업기계,섬유기계,713100,8447901000,844790,8447,레이스기
일반기계,산업기계,섬유기계,713100,8447902010,844790,8447,자동자수기
일반기계,산업기계,섬유기계,713100,8447902090,844790,8447,기타
일반기계,산업기계,섬유기계,713100,8447903000,844790,8447,결망기
일반기계,산업기계,섬유기계,713100,8447909000,844790,8447,기타
일반기계,기타 산업기계,기타 일반기계,713100,8449001000,844900,8449,기계
일반기계,기타 산업기계,기타 일반기계,713100,8449002000,844900,8449,모자제조용 형(型)
일반기계,기타 산업기계,기타 일반기계,713100,8451100000,845110,8451,드라이클리닝기
일반기계,기타 산업기계,기타 일반기계,713100,8451290000,845129,8451,기타
일반기계,기타 산업기계,기타 일반기계,713100,8451301000,845130,8451,스팀 프레스
일반기계,기타 산업기계,기타 일반기계,713100,8451309000,845130,8451,기타
일반기계,기타 산업기계,기타 일반기계,713100,8451401000,845140,8451,세탁기
일반기계,기타 산업기계,기타 일반기계,713100,8451402000,845140,8451,표백기
일반기계,기타 산업기계,기타 일반기계,713100,8451403000,845140,8451,염색기
일반기계,기타 산업기계,기타 일반기계,713100,8451501000,845150,8451,감기(reeling)용 기계ㆍ풀기(unreeling)용 기계
일반기계,기타 산업기계,기타 일반기계,713100,8451502000,845150,8451,절단기
일반기계,기타 산업기계,기타 일반기계,713100,8451509000,845150,8451,기타
일반기계,기타 산업기계,기타 일반기계,713100,8451801000,845180,8451,열처리기
일반기계,기타 산업기계,기타 일반기계,713100,8451802000,845180,8451,폭출기(幅出機)
일반기계,기타 산업기계,기타 일반기계,713100,8451803000,845180,8451,머서라이징(mercerizing)기
일반기계,기타 산업기계,기타 일반기계,713100,8451809010,845180,8451,방축가공기
일반기계,기타 산업기계,기타 일반기계,713100,8451809020,845180,8451,"도포기, 침투기"
일반기계,기타 산업기계,기타 일반기계,713100,8451809030,845180,8451,기모기(起毛機)
일반기계,기타 산업기계,기타 일반기계,713100,8451809050,845180,8451,가정용 의류관리기
일반기계,기타 산업기계,기타 일반기계,713100,8451809090,845180,8451,기타
일반기계,기타 산업기계,기타 일반기계,713100,8451902000,845190,8451,건조기의 것
일반기계,기타 산업기계,기타 일반기계,713100,8451909000,845190,8451,기타
일반기계,산업기계,봉제기계,713200,8452101020,845210,8452,지그재그형
일반기계,산업기계,봉제기계,713200,8452101090,845210,8452,기타
일반기계,산업기계,봉제기계,713200,8452102000,845210,8452,수동식
일반기계,산업기계,봉제기계,713200,8452212000,845221,8452,포장대 봉함용
일반기계,산업기계,봉제기계,713200,8452219000,845221,8452,기타
일반기계,산업기계,봉제기계,713200,8452292000,845229,8452,포장대 봉함용
일반기계,산업기계,봉제기계,713200,8452299000,845229,8452,기타
일반기계,산업기계,봉제기계,713200,8452300000,845230,8452,재봉기용 바늘
일반기계,산업기계,봉제기계,713200,8452901000,845290,8452,재봉기용으로 특수 제작된 가구ㆍ밑판ㆍ덮개와 그 부분품
일반기계,산업기계,봉제기계,713200,8452909000,845290,8452,그 밖의 재봉기 부분품
일반기계,기타 산업기계,기타 일반기계,713300,8420103000,842010,8420,가죽용
일반기계,기타 산업기계,기타 일반기계,713300,8420104000,842010,8420,고무용ㆍ플라스틱용
일반기계,산업기계,고무·플라스틱·가죽 가공기계,713300,8453101000,845310,8453,유피준비기계
일반기계,산업기계,고무·플라스틱·가죽 가공기계,713300,8453102000,845310,8453,유피기계
일반기계,산업기계,고무·플라스틱·가죽 가공기계,713300,8453103000,845310,8453,원피ㆍ가죽 가공기계
일반기계,산업기계,고무·플라스틱·가죽 가공기계,713300,8453200000,845320,8453,신발의 제조용이나 수선용 기계
일반기계,산업기계,고무·플라스틱·가죽 가공기계,713300,8453800000,845380,8453,그 밖의 기계
일반기계,산업기계,고무·플라스틱·가죽 가공기계,713300,8453900000,845390,8453,부분품
일반기계,기타 산업기계,기타 일반기계,713400,8421110000,842111,8421,크림분리기
일반기계,산업기계,섬유기계,713400,8448111000,844811,8448,도비(dobby)기
일반기계,산업기계,섬유기계,713400,8448112000,844811,8448,자카드기
일반기계,산업기계,섬유기계,713400,8448119000,844811,8448,기타
일반기계,산업기계,섬유기계,713400,8448191000,844819,8448,경사용 빔스탠드와 크릴(creel)
일반기계,산업기계,섬유기계,713400,8448199000,844819,8448,기타
일반기계,산업기계,섬유기계,713400,8448201000,844820,8448,방사 니플
일반기계,산업기계,섬유기계,713400,8448209000,844820,8448,기타
일반기계,산업기계,섬유기계,713400,8448310000,844831,8448,침포
일반기계,산업기계,섬유기계,713400,8448320000,844832,8448,침포를 제외한 방적준비기계의 것
일반기계,산업기계,섬유기계,713400,8448330000,844833,8448,스핀들ㆍ스핀들 플라이어ㆍ스피닝 링ㆍ링트래블러
일반기계,산업기계,섬유기계,713400,8448391000,844839,8448,경사빔
일반기계,산업기계,섬유기계,713400,8448399000,844839,8448,기타
일반기계,산업기계,섬유기계,713400,8448420000,844842,8448,직조기용 바디ㆍ종광(heald)과 종광 프레임
일반기계,산업기계,섬유기계,713400,8448490000,844849,8448,기타
일반기계,산업기계,섬유기계,713400,8448511000,844851,8448,메리야스용 바늘
일반기계,산업기계,섬유기계,713400,8448519000,844851,8448,기타
일반기계,산업기계,섬유기계,713400,8448590000,844859,8448,기타
일반기계,기타 산업기계,기타 일반기계,713400,8449009000,844900,8449,부분품
일반기계,기타 산업기계,기타 일반기계,713510,8420105000,842010,8420,롤 라미네이터(인쇄회로기판이나 인쇄회로 제조에 전용 또는 주로 사용되는 종류의 것으로 한정한다)
일반기계,기타 산업기계,기타 일반기계,713510,8420109000,842010,8420,기타
일반기계,산업기계,고무·플라스틱·가죽 가공기계,713510,8477101000,847710,8477,고무 공업용
일반기계,산업기계,고무·플라스틱·가죽 가공기계,713510,8477102000,847710,8477,플라스틱 공업용
일반기계,산업기계,고무·플라스틱·가죽 가공기계,713510,8477201000,847720,8477,고무 공업용
일반기계,산업기계,고무·플라스틱·가죽 가공기계,713510,8477202000,847720,8477,플라스틱 공업용
일반기계,산업기계,고무·플라스틱·가죽 가공기계,713510,8477300000,847730,8477,취입 성형기
일반기계,산업기계,고무·플라스틱·가죽 가공기계,713510,8477400000,847740,8477,진공성형기와 그 밖의 열성형기
일반기계,산업기계,고무·플라스틱·가죽 가공기계,713510,8477510000,847751,8477,공기를 넣는 타이어 성형기나 재생기와 그 밖의 이너튜브(inner tube) 성형기
일반기계,산업기계,고무·플라스틱·가죽 가공기계,713510,8477590000,847759,8477,기타
일반기계,산업기계,고무·플라스틱·가죽 가공기계,713510,8477800000,847780,8477,그 밖의 기계
일반기계,산업기계,고무·플라스틱·가죽 가공기계,713520,8477900000,847790,8477,부분품
일반기계,기타 산업기계,기타 일반기계,713610,8419110000,841911,8419,가스식인 즉시식 물가열기
일반기계,기타 산업기계,기타 일반기계,713610,8419120000,841912,8419,태양열 물 가열기
일반기계,기타 산업기계,기타 일반기계,713610,8419190000,841919,8419,기타
일반기계,기타 산업기계,기타 일반기계,713610,8419330000,841933,8419,동결건조기ㆍ냉동건조 장치와 분무건조기
일반기계,기타 산업기계,기타 일반기계,713610,8419340000,841934,8419,기타(농산물용으로 한정한다)
일반기계,기타 산업기계,기타 일반기계,713610,8419350000,841935,8419,기타(목재용ㆍ제지펄프용ㆍ종이용ㆍ판지용으로 한정한다)
일반기계,기타 산업기계,기타 일반기계,713610,8419390000,841939,8419,기타
일반기계,기타 산업기계,기타 일반기계,713610,8419400000,841940,8419,증류기나 정류기
일반기계,기타 산업기계,기타 일반기계,713610,8419600000,841960,8419,기체 액화용 기기
일반기계,기타 산업기계,기타 일반기계,713610,8419810000,841981,8419,뜨거운 음료 제조용이나 음식물의 조리용이나 가열용
일반기계,기타 산업기계,기타 일반기계,713610,8419891000,841989,8419,인조섬유 제조용 중합기
일반기계,기타 산업기계,기타 일반기계,713610,8419899010,841989,8419,가열기
일반기계,기타 산업기계,기타 일반기계,713610,8419899020,841989,8419,냉각기
일반기계,기타 산업기계,기타 일반기계,713610,8419899030,841989,8419,증발기
일반기계,기타 산업기계,기타 일반기계,713610,8419899040,841989,8419,응축기
일반기계,기타 산업기계,기타 일반기계,713610,8419899050,841989,8419,태양열 집열기와 그 장치
일반기계,기타 산업기계,기타 일반기계,713610,8419899060,841989,8419,고온항온기ㆍ저온항온기
일반기계,기타 산업기계,기타 일반기계,713610,8419899070,841989,8419,항온항습기
일반기계,기타 산업기계,기타 일반기계,713610,8419899080,841989,8419,공기조절기
일반기계,기타 산업기계,기타 일반기계,713610,8419899090,841989,8419,기타
일반기계,기타 산업기계,기타 일반기계,713620,8419901000,841990,8419,인조섬유 제조용 중합기의 것
일반기계,기타 산업기계,기타 일반기계,713620,8419909010,841990,8419,즉시식이나 저장식 물가열기의 것
일반기계,기타 산업기계,기타 일반기계,713620,8419909020,841990,8419,"뜨거운 음료제조용 기기의 것, 음식물의 조리나 가열용 기기의 것"
일반기계,기타 산업기계,기타 일반기계,713620,8419909030,841990,8419,공기조절기의 것
일반기계,기타 산업기계,기타 일반기계,713620,8419909040,841990,8419,내과용ㆍ외과용ㆍ실험실용 살균장치의 것
일반기계,기타 산업기계,기타 일반기계,713620,8419909090,841990,8419,기타
일반기계,산업기계,제지·인쇄기계,714100,8439100000,843910,8439,섬유소 펄프의 제조용 기계
일반기계,산업기계,제지·인쇄기계,714100,8439201000,843920,8439,초지 준비기
일반기계,산업기계,제지·인쇄기계,714100,8439202000,843920,8439,초지기
일반기계,산업기계,제지·인쇄기계,714100,8439209000,843920,8439,기타
일반기계,산업기계,제지·인쇄기계,714100,8439301000,843930,8439,종이ㆍ판지를 감는 기계
일반기계,산업기계,제지·인쇄기계,714100,8439302000,843930,8439,표면 가공기
일반기계,산업기계,제지·인쇄기계,714100,8439303000,843930,8439,침투 가공기
일반기계,산업기계,제지·인쇄기계,714100,8439309000,843930,8439,기타
일반기계,산업기계,제지·인쇄기계,714200,8440101000,844010,8440,제본용 재봉기
일반기계,산업기계,제지·인쇄기계,714200,8440102000,844010,8440,제본용 접는 기계
일반기계,산업기계,제지·인쇄기계,714200,8440109000,844010,8440,기타
일반기계,산업기계,제지·인쇄기계,714300,8441100000,844110,8441,절단기
일반기계,산업기계,제지·인쇄기계,714300,8441201000,844120,8441,종이백ㆍ봉지 제조용 기계
일반기계,산업기계,제지·인쇄기계,714300,8441202000,844120,8441,봉투 제조기
일반기계,산업기계,제지·인쇄기계,714300,8441300000,844130,8441,카톤(carton)ㆍ박스ㆍ케이스ㆍ튜브ㆍ드럼ㆍ그 밖에 이와 유사한 용기의 제조기계[몰딩(moulding)으로 하는 것은 제외한다]
일반기계,산업기계,제지·인쇄기계,714300,8441400000,844140,8441,제지용 펄프ㆍ종이ㆍ판지 제품의 몰딩(moulding)용 기계
일반기계,산업기계,제지·인쇄기계,714300,8441801000,844180,8441,종이ㆍ판지의 트리밍기
일반기계,산업기계,제지·인쇄기계,714300,8441809000,844180,8441,기타
일반기계,산업기계,제지·인쇄기계,714400,8442300000,844230,8442,기계류ㆍ장치ㆍ장비
일반기계,산업기계,제지·인쇄기계,714400,8443110000,844311,8443,오프셋(offset) 인쇄기계[릴(reel) 공급식으로 한정한다]
일반기계,산업기계,제지·인쇄기계,714400,8443120000,844312,8443,"오프셋(offset) 인쇄기계[사무실용 시트(sheet) 공급식으로 접지 않은 상태에서 한 변이 22센티미터 이하, 다른 변이 36센티미터 이하인 시트(sheet)를 사용하는 것으로 한정한다]"
일반기계,산업기계,제지·인쇄기계,714400,8443130000,844313,8443,그 밖의 오프셋(offset) 인쇄기계
일반기계,산업기계,제지·인쇄기계,714400,8443140000,844314,8443,활판인쇄용 기계[릴(reel) 공급식의 것으로 곡면인쇄용은 제외한다]
일반기계,산업기계,제지·인쇄기계,714400,8443150000,844315,8443,활판인쇄용 기계[릴(reel) 공급식 외의 것으로 곡면인쇄용은 제외한다]
일반기계,산업기계,제지·인쇄기계,714400,8443160000,844316,8443,곡면인쇄용 기계
일반기계,산업기계,제지·인쇄기계,714400,8443170000,844317,8443,그라비어(gravure) 인쇄용 기계
일반기계,산업기계,제지·인쇄기계,714400,8443191000,844319,8443,직물날염기
일반기계,산업기계,제지·인쇄기계,714400,8443192000,844319,8443,"그 밖의 직물, 가죽, 벽지, 포장지, 리놀륨 등의 재료에 동일한 모양이나 문자를 반복하여 인쇄하거나 지색을 인쇄하는 인쇄기"
일반기계,산업기계,제지·인쇄기계,714400,8443199000,844319,8443,기타
일반기계,산업기계,제지·인쇄기계,714400,8443391090,844339,8443,기타
일반기계,산업기계,제지·인쇄기계,714400,8443399000,844339,8443,기타
일반기계,산업기계,제지·인쇄기계,714400,8443911010,844391,8443,자동급지기
일반기계,산업기계,제지·인쇄기계,714400,8443911020,844391,8443,"접기용, 풀칠용, 천공용, 지철용의 기계"
일반기계,산업기계,제지·인쇄기계,714400,8443911090,844391,8443,기타
일반기계,기타 산업기계,기타 일반기계,714500,8420101000,842010,8420,제지용
일반기계,기타 산업기계,기타 일반기계,714500,8420910000,842091,8420,실린더
일반기계,기타 산업기계,기타 일반기계,714500,8420990000,842099,8420,기타
일반기계,산업기계,제지·인쇄기계,714500,8439910000,843991,8439,섬유소 펄프 제조용 기계의 것
일반기계,산업기계,제지·인쇄기계,714500,8439990000,843999,8439,기타
일반기계,산업기계,제지·인쇄기계,714500,8440901000,844090,8440,제본용 재봉기의 것
일반기계,산업기계,제지·인쇄기계,714500,8440909000,844090,8440,기타
일반기계,산업기계,제지·인쇄기계,714500,8441900000,844190,8441,부분품
일반기계,산업기계,제지·인쇄기계,714500,8442400000,844240,8442,위의 기계류ㆍ장치ㆍ장비의 부분품
일반기계,산업기계,제지·인쇄기계,714500,8442500000,844250,8442,"플레이트ㆍ실린더와 그 밖의 인쇄용 구성부품, 인쇄용으로 조제가공[예: 평삭(平削)ㆍ그레인ㆍ연마]한 플레이트ㆍ실린더와 석판석"
일반기계,산업기계,제지·인쇄기계,714500,8443919000,844391,8443,기타
일반기계,산업기계,제지·인쇄기계,714500,8443991000,844399,8443,프린터의 것
일반기계,산업기계,제지·인쇄기계,714500,8443999000,844399,8443,기타
일반기계,기타 산업기계,기타 일반기계,715110,8210001000,821000,8210,분쇄기ㆍ마쇄기
일반기계,기타 산업기계,기타 일반기계,715110,8210002000,821000,8210,추출기ㆍ압착기
일반기계,기타 산업기계,기타 일반기계,715110,8210004000,821000,8210,세절기ㆍ 커터
일반기계,기타 산업기계,기타 일반기계,715110,8210005000,821000,8210,오프너ㆍ코르커ㆍ실러
일반기계,기타 산업기계,기타 일반기계,715110,8210008000,821000,8210,그 밖의 가정용 식품가공기기
일반기계,산업기계,농기계,715110,8435101000,843510,8435,과실주스 추출용 프레스(press)
일반기계,산업기계,농기계,715110,8435102000,843510,8435,과실주스 추출용 크러셔(crusher)
일반기계,산업기계,농기계,715110,8435109000,843510,8435,기타
일반기계,산업기계,식품가공기계,715110,8438101000,843810,8438,베이커리 기계
일반기계,산업기계,식품가공기계,715110,8438109000,843810,8438,기타
일반기계,산업기계,식품가공기계,715110,8438200000,843820,8438,과자ㆍ코코아ㆍ초콜릿 제조용 기계
일반기계,산업기계,식품가공기계,715110,8438300000,843830,8438,설탕 제조용 기계
일반기계,산업기계,식품가공기계,715110,8438400000,843840,8438,양조용 기계
일반기계,산업기계,식품가공기계,715110,8438501000,843850,8438,육류 조제용 기계
일반기계,산업기계,식품가공기계,715110,8438509000,843850,8438,기타
일반기계,산업기계,식품가공기계,715110,8438600000,843860,8438,과실ㆍ견과ㆍ채소의 조제용 기계
일반기계,산업기계,식품가공기계,715110,8438801000,843880,8438,어패류 조제용 기계
일반기계,산업기계,식품가공기계,715110,8438809000,843880,8438,기타
일반기계,기타 산업기계,기타 일반기계,715120,8210009000,821000,8210,부분품
일반기계,산업기계,농기계,715120,8435900000,843590,8435,부분품
일반기계,산업기계,식품가공기계,715120,8438900000,843890,8438,부분품
일반기계,산업기계,포장·충전기계,715210,8422190000,842219,8422,기타
일반기계,산업기계,포장·충전기계,715210,8422200000,842220,8422,병이나 그 밖의 용기의 세정용이나 건조용 기계
일반기계,산업기계,포장·충전기계,715210,8422301000,842230,8422,병이나 그 밖의 용기의 충전용 기계
일반기계,산업기계,포장·충전기계,715210,8422302000,842230,8422,병이나 그 밖의 용기의 봉함용ㆍ 봉지용 기계
일반기계,산업기계,포장·충전기계,715210,8422303000,842230,8422,병이나 그 밖의 용기의 캡슐 취부용ㆍ레이블 첨부용 기계
일반기계,산업기계,포장·충전기계,715210,8422304000,842230,8422,음료용 탄산가스주입기
일반기계,산업기계,포장·충전기계,715210,8422309000,842230,8422,기타
일반기계,산업기계,포장·충전기계,715210,8422404000,842240,8422,열수축포장기계
일반기계,산업기계,포장·충전기계,715210,8422409010,842240,8422,자동포장기계
일반기계,산업기계,포장·충전기계,715210,8422409020,842240,8422,자동결속기
일반기계,산업기계,포장·충전기계,715210,8422409030,842240,8422,진공포장기
일반기계,산업기계,포장·충전기계,715210,8422409090,842240,8422,기타
일반기계,산업기계,포장·충전기계,715220,8422902000,842290,8422,그 밖의 포장기계의 것
일반기계,산업기계,포장·충전기계,715220,8422909000,842290,8422,기타
일반기계,산업기계,목재·석재·유리 가공기계,716110,8465101000,846510,8465,목재 가공용
일반기계,산업기계,목재·석재·유리 가공기계,716110,8465109000,846510,8465,기타
일반기계,산업기계,목재·석재·유리 가공기계,716110,8465201000,846520,8465,목재 가공용
일반기계,산업기계,목재·석재·유리 가공기계,716110,8465209000,846520,8465,기타
일반기계,산업기계,목재·석재·유리 가공기계,716110,8465911000,846591,8465,목재 가공용
일반기계,산업기계,목재·석재·유리 가공기계,716110,8465919000,846591,8465,기타
일반기계,산업기계,목재·석재·유리 가공기계,716110,8465921000,846592,8465,목재 가공용
일반기계,산업기계,목재·석재·유리 가공기계,716110,8465929000,846592,8465,기타
일반기계,산업기계,목재·석재·유리 가공기계,716110,8465931000,846593,8465,목재 가공용
일반기계,산업기계,목재·석재·유리 가공기계,716110,8465939000,846593,8465,기타
일반기계,산업기계,목재·석재·유리 가공기계,716110,8465941000,846594,8465,목재 가공용
일반기계,산업기계,목재·석재·유리 가공기계,716110,8465949000,846594,8465,기타
일반기계,산업기계,목재·석재·유리 가공기계,716110,8465951000,846595,8465,목재 가공용
일반기계,산업기계,목재·석재·유리 가공기계,716110,8465959000,846595,8465,기타
일반기계,산업기계,목재·석재·유리 가공기계,716110,8465961000,846596,8465,목재 가공용
일반기계,산업기계,목재·석재·유리 가공기계,716110,8465969000,846596,8465,기타
일반기계,산업기계,목재·석재·유리 가공기계,716110,8465991000,846599,8465,목재 가공용
일반기계,산업기계,목재·석재·유리 가공기계,716110,8465999000,846599,8465,기타
일반기계,제조장비,공작기계 부품,716120,8466920000,846692,8466,제8465호의 기계용
일반기계,산업기계,목재·석재·유리 가공기계,716210,8464100000,846410,8464,톱기계
일반기계,산업기계,목재·석재·유리 가공기계,716210,8464201000,846420,8464,광학유리용ㆍ안경유리용
일반기계,산업기계,목재·석재·유리 가공기계,716210,8464202000,846420,8464,그 밖의 유리용
일반기계,산업기계,목재·석재·유리 가공기계,716210,8464209000,846420,8464,기타
일반기계,산업기계,목재·석재·유리 가공기계,716210,8464901000,846490,8464,유리 냉간 가공용 공작기계
일반기계,산업기계,목재·석재·유리 가공기계,716210,8464902000,846490,8464,콘크리트 가공용 공작기계
일반기계,산업기계,목재·석재·유리 가공기계,716210,8464903000,846490,8464,도자기 가공용 공작기계
일반기계,산업기계,목재·석재·유리 가공기계,716210,8464909000,846490,8464,기타
일반기계,제조장비,공작기계 부품,716220,8466201000,846620,8466,항공기용
일반기계,제조장비,공작기계 부품,716220,8466209000,846620,8466,기타
일반기계,제조장비,공작기계 부품,716220,8466910000,846691,8466,제8464호의 기계용
일반기계,기타 산업기계,기타 일반기계,716310,8475100000,847510,8475,전기램프나 전자램프ㆍ튜브ㆍ밸브ㆍ섬광전구(flashbulb)(외피를 유리로 만든 것으로 한정한다)의 조립기계
일반기계,기타 산업기계,기타 일반기계,716310,8475210000,847521,8475,광섬유와 광섬유 예비성형품 제조용 기계
일반기계,기타 산업기계,기타 일반기계,716310,8475291000,847529,8475,판유리 제조용
일반기계,기타 산업기계,기타 일반기계,716310,8475292000,847529,8475,유리병 제조용
일반기계,기타 산업기계,기타 일반기계,716310,8475299000,847529,8475,기타
일반기계,기타 산업기계,기타 일반기계,716320,8475901000,847590,8475,판유리 제조용
일반기계,기타 산업기계,기타 일반기계,716320,8475902000,847590,8475,광섬유와 광섬유 예비성형품 제조용
일반기계,기타 산업기계,기타 일반기계,716320,8475909000,847590,8475,기타
일반기계,제조장비,3D 프린터,719110,8485100000,848510,8485,금속용
일반기계,제조장비,3D 프린터,719110,8485201000,848520,8485,데스크탑 형태의 재료압출방식
일반기계,제조장비,3D 프린터,719110,8485209000,848520,8485,기타
일반기계,제조장비,3D 프린터,719110,8485300000,848530,8485,플라스터ㆍ시멘트ㆍ세라믹ㆍ유리용
일반기계,제조장비,3D 프린터,719110,8485800000,848580,8485,기타
일반기계,에너지·유체기계,압축기·팬,719190,8414700000,841470,8414,기밀(氣密)식 생물안전작업대
일반기계,기타 산업기계,기타 일반기계,719190,8417101010,841710,8417,철광석용
일반기계,기타 산업기계,기타 일반기계,719190,8417101090,841710,8417,기타
일반기계,기타 산업기계,기타 일반기계,719190,8417102010,841710,8417,철강용
일반기계,기타 산업기계,기타 일반기계,719190,8417102090,841710,8417,기타
일반기계,기타 산업기계,기타 일반기계,719190,8417200000,841720,8417,베이커리용 오븐(비스킷용 오븐을 포함한다)
일반기계,기타 산업기계,기타 일반기계,719190,8417801010,841780,8417,시멘트용
일반기계,기타 산업기계,기타 일반기계,719190,8417801020,841780,8417,유리용
일반기계,기타 산업기계,기타 일반기계,719190,8417801030,841780,8417,도자기용
일반기계,기타 산업기계,기타 일반기계,719190,8417801090,841780,8417,기타
일반기계,기타 산업기계,기타 일반기계,719190,8417802000,841780,8417,이화학용
일반기계,기타 산업기계,기타 일반기계,719190,8417809000,841780,8417,기타
일반기계,기타 산업기계,기타 일반기계,719190,8478100000,847810,8478,기계류
일반기계,기타 산업기계,기타 일반기계,719190,8479101000,847910,8479,모올타르나 콘크리트 살포기
일반기계,기타 산업기계,기타 일반기계,719190,8479102000,847910,8479,그 밖의 도로공사용 기계
일반기계,기타 산업기계,기타 일반기계,719190,8479109000,847910,8479,기타
일반기계,기타 산업기계,기타 일반기계,719190,8479200000,847920,8479,동물성이나 비휘발성인 식물성ㆍ미생물성 지방이나 기름의 추출용ㆍ조제용 기계류
일반기계,기타 산업기계,기타 일반기계,719190,8479300000,847930,8479,"파티클보드(particle board)나 건축용 섬유판(목재나 그 밖의 목질 물질로 제조된 것으로 한정한다)의 제조용 프레스, 목재나 코르크 처리용 그 밖의 기계"
일반기계,기타 산업기계,기타 일반기계,719190,8479400000,847940,8479,로프나 케이블 제조기
일반기계,기타 산업기계,기타 일반기계,719190,8479501000,847950,8479,"제8479.81호, 제8479.82호, 제8479.89.9010호, 제8479.89-9030호, 제8479.89-9060호, 제8479.89-9091호의 것"
일반기계,기타 산업기계,기타 일반기계,719190,8479502000,847950,8479,제8479.89-9080호의 것
일반기계,기타 산업기계,기타 일반기계,719190,8479509000,847950,8479,기타
일반기계,기타 산업기계,기타 일반기계,719190,8479600000,847960,8479,증발식 에어쿨러
일반기계,기타 산업기계,기타 일반기계,719190,8479710000,847971,8479,공항에서 사용되는 것
일반기계,기타 산업기계,기타 일반기계,719190,8479790000,847979,8479,기타
일반기계,기타 산업기계,기타 일반기계,719190,8479811000,847981,8479,금속 세척기
일반기계,기타 산업기계,기타 일반기계,719190,8479812090,847981,8479,기타
일반기계,기타 산업기계,기타 일반기계,719190,8479813000,847981,8479,권선기
일반기계,기타 산업기계,기타 일반기계,719190,8479814000,847981,8479,절연이나 보호재료 피복기
일반기계,기타 산업기계,기타 일반기계,719190,8479819000,847981,8479,기타
일반기계,기타 산업기계,기타 일반기계,719190,8479821000,847982,8479,혼합기
일반기계,기타 산업기계,기타 일반기계,719190,8479822000,847982,8479,파쇄기와 분쇄기
일반기계,기타 산업기계,기타 일반기계,719190,8479823000,847982,8479,균질기
일반기계,기타 산업기계,기타 일반기계,719190,8479824000,847982,8479,교반기
일반기계,기타 산업기계,기타 일반기계,719190,8479829000,847982,8479,기타
일반기계,기타 산업기계,기타 일반기계,719190,8479830000,847983,8479,냉간 등압성형기
일반기계,기타 산업기계,기타 일반기계,719190,8479892010,847989,8479,인쇄회로조립품 제조에 전용 또는 주로 사용되는 종류의 것
일반기계,기타 산업기계,기타 일반기계,719190,8479892090,847989,8479,기타
일반기계,기타 산업기계,기타 일반기계,719190,8479899099,847989,8479,기타
일반기계,기타 산업기계,기타 일반기계,719190,8484109000,848410,8484,기타
일반기계,기타 산업기계,기타 일반기계,719190,8484900000,848490,8484,기타
일반기계,기타 산업기계,기타 일반기계,719190,8508199000,850819,8508,기타
일반기계,기타 산업기계,기타 일반기계,719190,8508600000,850860,8508,그 밖의 진공청소기
일반기계,기타 산업기계,기타 일반기계,719190,8514110000,851411,8514,열간 등압성형기
일반기계,기타 산업기계,기타 일반기계,719190,8608001000,860800,8608,철도ㆍ궤도선로용 장치물
일반기계,기타 산업기계,기타 일반기계,719190,8608002000,860800,8608,기계식의 신호ㆍ안전ㆍ교통 관제용 기기
일반기계,제조장비,3D 프린터,719210,8485900000,848590,8485,부분품
일반기계,기타 산업기계,기타 일반기계,719290,8302600000,830260,8302,자동도어 폐지기
일반기계,기타 산업기계,기타 일반기계,719290,8417900000,841790,8417,부분품
일반기계,기타 산업기계,기타 일반기계,719290,8478900000,847890,8478,부분품
일반기계,기타 산업기계,기타 일반기계,719290,8479891090,847989,8479,기타
일반기계,기타 산업기계,기타 일반기계,719290,8479899010,847989,8479,프레스ㆍ압출기
일반기계,기타 산업기계,기타 일반기계,719290,8479899030,847989,8479,아이레팅(eyeletting)기ㆍ튜불러리베팅(tubular revetting)기
일반기계,기타 산업기계,기타 일반기계,719290,8479899050,847989,8479,코팅머신(도포기)
일반기계,기타 산업기계,기타 일반기계,719290,8479899060,847989,8479,자동도어 작동기
일반기계,기타 산업기계,기타 일반기계,719290,8479899080,847989,8479,조상기(釣上機)
일반기계,기타 산업기계,기타 일반기계,719290,8479901020,847990,8479,가정형 기기용
일반기계,기타 산업기계,기타 일반기계,719290,8479902000,847990,8479,제8479.89-9080호의 것
일반기계,기타 산업기계,기타 일반기계,719290,8479904000,847990,8479,소호 제8479.7호의 것
일반기계,기타 산업기계,기타 일반기계,719290,8479905010,847990,8479,인쇄회로조립품 제조에 전용 또는 주로 사용되는 종류의 것
일반기계,기타 산업기계,기타 일반기계,719290,8479905090,847990,8479,기타
일반기계,기타 산업기계,기타 일반기계,719290,8479909010,847990,8479,"토목공사, 건축, 그 밖에 이와 유사한 용도에 사용하는 기계류의 것"
일반기계,기타 산업기계,기타 일반기계,719290,8479909020,847990,8479,동물성이나 비휘발성의 식물성 유지의 추출 및 조제용 기계의 것
일반기계,기타 산업기계,기타 일반기계,719290,8479909030,847990,8479,"로프, 케이블 제조기의 것"
일반기계,기타 산업기계,기타 일반기계,719290,8479909040,847990,8479,금속처리용 기계류의 것
일반기계,기타 산업기계,기타 일반기계,719290,8479909050,847990,8479,혼합기ㆍ반죽기ㆍ파쇄기ㆍ분쇄기ㆍ기계식체ㆍ시프팅기ㆍ균질기ㆍ유화기ㆍ교반기의 것
일반기계,기타 산업기계,기타 일반기계,719290,8479909060,847990,8479,프레스ㆍ압출기의 것
일반기계,기타 산업기계,기타 일반기계,719290,8479909090,847990,8479,기타
일반기계,기타 산업기계,기타 일반기계,719290,8508702000,850870,8508,"제8508.19-9000호, 제8508.60-0000호의 것"
일반기계,기타 산업기계,기타 일반기계,719290,8608009000,860800,8608,부분품
일반기계,산업기계,건설기계,721110,8429111000,842911,8429,불도저(bulldozer)
일반기계,산업기계,운반·하역기계,721120,8427101010,842710,8427,신품
일반기계,산업기계,운반·하역기계,721120,8427101020,842710,8427,중고품
일반기계,산업기계,운반·하역기계,721120,8427102010,842710,8427,신품
일반기계,산업기계,운반·하역기계,721120,8427102020,842710,8427,중고품
일반기계,산업기계,운반·하역기계,721120,8427103000,842710,8427,무인운반로봇(A.G.V.)
일반기계,산업기계,운반·하역기계,721120,8427201011,842720,8427,신품
일반기계,산업기계,운반·하역기계,721120,8427201012,842720,8427,중고품
일반기계,산업기계,운반·하역기계,721120,8427201021,842720,8427,신품
일반기계,산업기계,운반·하역기계,721120,8427201022,842720,8427,중고품
일반기계,기타 산업기계,기타 일반기계,721130,8431411000,843141,8431,엑스커베이터(excavator)의 것
일반기계,기타 산업기계,기타 일반기계,721130,8431419000,843141,8431,기타
일반기계,기타 산업기계,기타 일반기계,721130,8431420000,843142,8431,불도저(bulldozer)나 앵글도저(angledozer)의 블레이드(blade)
일반기계,기타 산업기계,기타 일반기계,721130,8431430000,843143,8431,소호 제8430.41호나 제8430.49호의 천공용이나 시굴용 기계의 부분품
일반기계,기타 산업기계,기타 일반기계,721130,8431491000,843149,8431,유압브레이커
일반기계,기타 산업기계,기타 일반기계,721130,8431492000,843149,8431,크러셔(crusher)
일반기계,기타 산업기계,기타 일반기계,721130,8431499000,843149,8431,기타
일반기계,산업기계,건설기계,721190,8429112000,842911,8429,앵글도저(angledozer)
일반기계,산업기계,건설기계,721190,8429190000,842919,8429,기타
일반기계,산업기계,건설기계,721190,8429200000,842920,8429,그레이더(grader)와 레벨러(leveller)
일반기계,산업기계,건설기계,721190,8429300000,842930,8429,스크레이퍼(scraper)
일반기계,산업기계,건설기계,721190,8429401000,842940,8429,탬핑머신(tamping machine)
일반기계,산업기계,건설기계,721190,8429402000,842940,8429,로드롤러(road roller)
일반기계,산업기계,건설기계,721190,8429511011,842951,8429,신품
일반기계,산업기계,건설기계,721190,8429511012,842951,8429,중고품
일반기계,산업기계,건설기계,721190,8429511021,842951,8429,신품
일반기계,산업기계,건설기계,721190,8429511022,842951,8429,중고품
일반기계,산업기계,건설기계,721190,8429511031,842951,8429,신품
일반기계,산업기계,건설기계,721190,8429511032,842951,8429,중고품
일반기계,산업기계,건설기계,721190,8429511091,842951,8429,신품
일반기계,산업기계,건설기계,721190,8429511092,842951,8429,중고품
일반기계,산업기계,건설기계,721190,8429519000,842951,8429,기타
일반기계,산업기계,건설기계,721190,8429521011,842952,8429,신품
일반기계,산업기계,건설기계,721190,8429521012,842952,8429,중고품
일반기계,산업기계,건설기계,721190,8429521021,842952,8429,신품
일반기계,산업기계,건설기계,721190,8429521022,842952,8429,중고품
일반기계,산업기계,건설기계,721190,8429521090,842952,8429,기타
일반기계,산업기계,건설기계,721190,8429529000,842952,8429,기타
일반기계,산업기계,건설기계,721190,8429590000,842959,8429,기타
일반기계,산업기계,건설기계,721190,8430100000,843010,8430,항타기(杭打機)와 항발기(抗拔機)
일반기계,산업기계,건설기계,721190,8430200000,843020,8430,스노플라우(snow-plough)와 스노블로어(snow-blower)
일반기계,산업기계,건설기계,721190,8430310000,843031,8430,자주식(自走式)
일반기계,산업기계,건설기계,721190,8430390000,843039,8430,기타
일반기계,산업기계,건설기계,721190,8430411000,843041,8430,천공용 기계
일반기계,산업기계,건설기계,721190,8430412000,843041,8430,시굴용 기계
일반기계,산업기계,건설기계,721190,8430491000,843049,8430,시추기
일반기계,산업기계,건설기계,721190,8430499000,843049,8430,기타
일반기계,산업기계,건설기계,721190,8430500000,843050,8430,그 밖의 기계[자주식(自走式)으로 한정한다]
일반기계,산업기계,건설기계,721190,8430610000,843061,8430,탬핑(tamping)용이나 콤팩팅(compacting)용 기계
일반기계,산업기계,건설기계,721190,8430690000,843069,8430,기타
일반기계,산업기계,광산·파쇄·선별기계,721210,8474100000,847410,8474,선별기ㆍ기계식 체ㆍ분리기ㆍ세척기
일반기계,산업기계,광산·파쇄·선별기계,721210,8474201000,847420,8474,파쇄ㆍ분쇄능력이 시간당 20톤 이하인 것
일반기계,산업기계,광산·파쇄·선별기계,721210,8474209000,847420,8474,기타
일반기계,산업기계,광산·파쇄·선별기계,721210,8474311000,847431,8474,배처 플랜트
일반기계,산업기계,광산·파쇄·선별기계,721210,8474319000,847431,8474,기타
일반기계,산업기계,광산·파쇄·선별기계,721210,8474321000,847432,8474,아스팔트 플랜트
일반기계,산업기계,광산·파쇄·선별기계,721210,8474329000,847432,8474,기타
일반기계,산업기계,광산·파쇄·선별기계,721210,8474390000,847439,8474,기타
일반기계,산업기계,광산·파쇄·선별기계,721210,8474809000,847480,8474,기타
일반기계,산업기계,광산·파쇄·선별기계,721220,8474900000,847490,8474,부분품
일반기계,산업기계,농기계,722100,8432100000,843210,8432,플라우(쟁기)
일반기계,산업기계,농기계,722100,8432210000,843221,8432,디스크 하로우(쇄토기)
일반기계,산업기계,농기계,722100,8432291000,843229,8432,스카리파이어
일반기계,산업기계,농기계,722100,8432299000,843229,8432,기타
일반기계,산업기계,농기계,722100,8432800000,843280,8432,그 밖의 기계
일반기계,기타 산업기계,기타 일반기계,722100,8701100000,870110,8701,차축이 하나인 트랙터
일반기계,기타 산업기계,기타 일반기계,722100,8701912000,870191,8701,농업용 트랙터
일반기계,기타 산업기계,기타 일반기계,722100,8701922000,870192,8701,농업용 트랙터
일반기계,기타 산업기계,기타 일반기계,722100,8701932000,870193,8701,농업용 트랙터
일반기계,기타 산업기계,기타 일반기계,722100,8701942000,870194,8701,농업용 트랙터
일반기계,기타 산업기계,기타 일반기계,722100,8701952000,870195,8701,농업용 트랙터
일반기계,산업기계,농기계,722200,8433110000,843311,8433,동력식(수평으로 회전하는 절단장치를 갖춘 것으로 한정한다)
일반기계,산업기계,농기계,722200,8433190000,843319,8433,기타
일반기계,산업기계,농기계,722200,8433200000,843320,8433,그 밖의 풀 베는 기계[트랙터 장착용 커터바(cutter bar)를 포함한다]
일반기계,산업기계,농기계,722200,8433300000,843330,8433,그 밖의 건초제조용 기계
일반기계,산업기계,농기계,722200,8433400000,843340,8433,짚이나 건초 결속기[픽업(pick-up)결속기를 포함한다]
일반기계,산업기계,농기계,722200,8433510000,843351,8433,수확ㆍ탈곡 겸용기
일반기계,산업기계,농기계,722200,8433520000,843352,8433,그 밖의 탈곡기
일반기계,산업기계,농기계,722200,8433530000,843353,8433,구경(球莖)이나 괴경(塊莖)의 수확기[근채(根菜) 수확기]
일반기계,산업기계,농기계,722200,8433590000,843359,8433,기타
일반기계,산업기계,농기계,722200,8433609010,843360,8433,농산물 선별기
일반기계,산업기계,농기계,722200,8433609090,843360,8433,기타
일반기계,산업기계,농기계,722300,8434100000,843410,8434,착유기
일반기계,산업기계,농기계,722300,8434201000,843420,8434,균질기
일반기계,산업기계,농기계,722300,8434209000,843420,8434,기타
일반기계,기타 산업기계,기타 일반기계,722400,8424903000,842490,8424,방제기의 것
일반기계,산업기계,농기계,722400,8432901000,843290,8432,플라우(쟁기)의 것
일반기계,산업기계,농기계,722400,8432902000,843290,8432,자동경운기의 것
일반기계,산업기계,농기계,722400,8432909000,843290,8432,기타
일반기계,산업기계,농기계,722400,8433901000,843390,8433,수확ㆍ탈곡 겸용기의 것
일반기계,산업기계,농기계,722400,8433902000,843390,8433,풀베는 기계의 것
일반기계,산업기계,농기계,722400,8433909000,843390,8433,기타
일반기계,산업기계,농기계,722400,8434901000,843490,8434,착유기의 것
일반기계,산업기계,농기계,722400,8434902000,843490,8434,균질기의 것
일반기계,산업기계,농기계,722400,8434909000,843490,8434,기타
일반기계,산업기계,농기계,722400,8436910000,843691,8436,가금(家禽) 사육용 기계나 가금(家禽)의 부란기와 양육기의 것
일반기계,산업기계,농기계,722400,8436990000,843699,8436,기타
일반기계,산업기계,식품가공기계,722400,8437901000,843790,8437,종자ㆍ곡물이나 건조한 채두류(菜豆類)의 세정기ㆍ분류기ㆍ선별기용의 것
일반기계,산업기계,식품가공기계,722400,8437909000,843790,8437,기타
일반기계,기타 산업기계,기타 일반기계,722900,8408201000,840820,8408,"실린더용량이 1,000시시 이하인 것"
일반기계,기타 산업기계,기타 일반기계,722900,8424410000,842441,8424,휴대용 방제기
일반기계,기타 산업기계,기타 일반기계,722900,8424491000,842449,8424,자주식(自走式) 방제기
일반기계,기타 산업기계,기타 일반기계,722900,8424499000,842449,8424,기타
일반기계,기타 산업기계,기타 일반기계,722900,8424820000,842482,8424,농업용이나 원예용
일반기계,산업기계,농기계,722900,8432292000,843229,8432,제초기
일반기계,산업기계,농기계,722900,8432310000,843231,8432,무경간(無耕墾) 직접 농법용 파종기ㆍ식부기(植付機)ㆍ이식기
일반기계,산업기계,농기계,722900,8432391000,843239,8432,파종기
일반기계,산업기계,농기계,722900,8432392000,843239,8432,식부기(植付機)ㆍ이식기(이앙기를 포함한다)
일반기계,산업기계,농기계,722900,8432410000,843241,8432,퇴비 살포기
일반기계,산업기계,농기계,722900,8432420000,843242,8432,비료 살포기
일반기계,산업기계,농기계,722900,8433601000,843360,8433,새의 알 선별기
일반기계,산업기계,농기계,722900,8436101000,843610,8436,사료절단기
일반기계,산업기계,농기계,722900,8436102000,843610,8436,사료분쇄기
일반기계,산업기계,농기계,722900,8436103000,843610,8436,사료배합기
일반기계,산업기계,농기계,722900,8436109000,843610,8436,기타
일반기계,산업기계,농기계,722900,8436211000,843621,8436,부란기
일반기계,산업기계,농기계,722900,8436219000,843621,8436,기타
일반기계,산업기계,농기계,722900,8436290000,843629,8436,기타
일반기계,산업기계,농기계,722900,8436800000,843680,8436,그 밖의 기계
일반기계,산업기계,식품가공기계,722900,8437101000,843710,8437,목초종자 정선기
일반기계,산업기계,식품가공기계,722900,8437109000,843710,8437,기타
일반기계,산업기계,식품가공기계,722900,8437801000,843780,8437,제분업용 기계
일반기계,산업기계,식품가공기계,722900,8437802000,843780,8437,곡물이나 건조한 채두류(菜豆類)의 가공용
일반기계,기타 산업기계,기타 일반기계,722900,8716200000,871620,8716,농업용 자동적재식이나 자동양하식 트레일러와 세미트레일러
일반기계,산업기계,운반·하역기계,723110,8428701000,842870,8428,적재용 로봇(소호 제8479.50호의 것은 제외한다)
일반기계,산업기계,운반·하역기계,723110,8428702000,842870,8428,무인운반로봇(제8427호의 것을 제외한다)
일반기계,산업기계,운반·하역기계,723110,8428709000,842870,8428,기타
일반기계,산업기계,운반·하역기계,723120,8428902000,842890,8428,실내 서빙로봇
일반기계,산업기계,운반·하역기계,723120,8428903000,842890,8428,실외 배송로봇
일반기계,산업기계,운반·하역기계,723190,8425111010,842511,8425,체인블록
일반기계,산업기계,운반·하역기계,723190,8425111090,842511,8425,기타
일반기계,산업기계,운반·하역기계,723190,8425112010,842511,8425,체인블록
일반기계,산업기계,운반·하역기계,723190,8425112090,842511,8425,기타
일반기계,산업기계,운반·하역기계,723190,8425190000,842519,8425,기타
일반기계,산업기계,운반·하역기계,723190,8425311000,842531,8425,갱구용 와인딩 기어와 윈치(winch)(지하에서 사용할 수 있도록 특수설계 제작된 것으로 한정한다)
일반기계,산업기계,운반·하역기계,723190,8425319000,842531,8425,기타
일반기계,산업기계,운반·하역기계,723190,8425391000,842539,8425,갱구용 와인딩 기어와 윈치(winch)(지하에서 사용할 수 있도록 특수설계 제작된 것으로 한정한다)
일반기계,산업기계,운반·하역기계,723190,8425399000,842539,8425,기타
일반기계,산업기계,운반·하역기계,723190,8425410000,842541,8425,차고용 고정식 재킹시스템(jacking system)
일반기계,산업기계,운반·하역기계,723190,8425421000,842542,8425,양하중량이 10메트릭톤 이하인 것
일반기계,산업기계,운반·하역기계,723190,8425422000,842542,8425,양하중량이 10메트릭톤을 초과하는 것
일반기계,산업기계,운반·하역기계,723190,8425491000,842549,8425,양하중량이 10메트릭톤 이하인 것
일반기계,산업기계,운반·하역기계,723190,8425492000,842549,8425,양하중량이 10메트릭톤을 초과하는 것
일반기계,산업기계,운반·하역기계,723190,8426110000,842611,8426,고정식 천장주행 크레인
일반기계,산업기계,운반·하역기계,723190,8426121000,842612,8426,타이어가 달린 이동식 양하대
일반기계,산업기계,운반·하역기계,723190,8426122000,842612,8426,스트래들 캐리어(straddle carrier)
일반기계,산업기계,운반·하역기계,723190,8426190000,842619,8426,기타
일반기계,산업기계,운반·하역기계,723190,8426200000,842620,8426,타워크레인(tower crane)
일반기계,산업기계,운반·하역기계,723190,8426301000,842630,8426,문형 크레인
일반기계,산업기계,운반·하역기계,723190,8426302000,842630,8426,정치형 지브 크레인(jib crane)
일반기계,산업기계,운반·하역기계,723190,8426410000,842641,8426,타이어가 달린 것
일반기계,산업기계,운반·하역기계,723190,8426491000,842649,8426,신축붐식(telescopic boom type)
일반기계,산업기계,운반·하역기계,723190,8426492000,842649,8426,앵글식(latticed boom type)
일반기계,산업기계,운반·하역기계,723190,8426499000,842649,8426,기타
일반기계,산업기계,운반·하역기계,723190,8426910000,842691,8426,도로주행 차량에 장착하도록 제작된 것
일반기계,산업기계,운반·하역기계,723190,8426999000,842699,8426,기타
일반기계,산업기계,운반·하역기계,723190,8427209000,842720,8427,기타
일반기계,산업기계,운반·하역기계,723190,8428101000,842810,8428,리프트
일반기계,산업기계,운반·하역기계,723190,8428102000,842810,8428,스킵호이스트(skip hoist)
일반기계,산업기계,운반·하역기계,723190,8428202000,842820,8428,압축공기식 컨베이어
일반기계,산업기계,운반·하역기계,723190,8428310000,842831,8428,지하 작업용으로 특수 설계된 것
일반기계,산업기계,운반·하역기계,723190,8428320000,842832,8428,그 밖의 버켓형
일반기계,산업기계,운반·하역기계,723190,8428332000,842833,8428,컨베이어
일반기계,산업기계,운반·하역기계,723190,8428390000,842839,8428,기타
일반기계,산업기계,운반·하역기계,723190,8428402000,842840,8428,무빙 워크웨이(moving walkway)
일반기계,산업기계,운반·하역기계,723190,8428600000,842860,8428,텔레페릭(teleferic)ㆍ의자 양하기ㆍ스키용 드래그라인(dragline)ㆍ퓨니쿨러(funicular)용 견인장치
일반기계,산업기계,운반·하역기계,723190,8428901000,842890,8428,광산용 왜건푸셔ㆍ기관차ㆍ화차의 트레버서ㆍ화차 경사기나 이와 유사한 철도화차 취급 장비
일반기계,산업기계,운반·하역기계,723190,8428909000,842890,8428,기타
일반기계,기타 산업기계,기타 일반기계,723200,8431100000,843110,8431,제8425호의 기계의 것
일반기계,기타 산업기계,기타 일반기계,723200,8431200000,843120,8431,제8427호의 기계의 것
일반기계,기타 산업기계,기타 일반기계,723200,8431310000,843131,8431,리프트ㆍ스킵호이스트(skip hoist)ㆍ에스컬레이터의 것
일반기계,기타 산업기계,기타 일반기계,723200,8431390000,843139,8431,기타
일반기계,광학·사무기기,광학·사무기기,724110,9006400000,900640,9006,즉석인화 사진기
일반기계,광학·사무기기,광학·사무기기,724110,9006531000,900653,9006,특수용도 사진기
일반기계,광학·사무기기,광학·사무기기,724110,9006539010,900653,9006,일회용사진기
일반기계,광학·사무기기,광학·사무기기,724110,9006539090,900653,9006,기타
일반기계,광학·사무기기,광학·사무기기,724110,9006591000,900659,9006,특수용도 사진기
일반기계,광학·사무기기,광학·사무기기,724110,9006599000,900659,9006,기타
일반기계,광학·사무기기,광학·사무기기,724110,9006610000,900661,9006,섬광기구(전자식 방전램프를 사용한 것으로 한정한다)
일반기계,광학·사무기기,광학·사무기기,724110,9006690000,900669,9006,기타
일반기계,기타 산업기계,기타 일반기계,724120,9007100000,900710,9007,촬영기
일반기계,기타 산업기계,기타 일반기계,724130,9007200000,900720,9007,영사기
일반기계,기타 산업기계,기타 일반기계,724140,9010101000,901010,9010,인쇄 제판용
일반기계,기타 산업기계,기타 일반기계,724140,9010109090,901010,9010,기타
일반기계,기타 산업기계,기타 일반기계,724140,9010509000,901050,9010,기타
일반기계,기타 산업기계,기타 일반기계,724140,9010600000,901060,9010,영사용 스크린
일반기계,기타 산업기계,기타 일반기계,724150,9005100000,900510,9005,쌍안경
일반기계,기타 산업기계,기타 일반기계,724150,9005800000,900580,9005,그 밖의 기기
일반기계,기타 산업기계,기타 일반기계,724160,9011101000,901110,9011,반도체 웨이퍼나 레티클의 취급과 이송용으로 특별히 고안된 장치가 부착된 것
일반기계,기타 산업기계,기타 일반기계,724160,9011109000,901110,9011,기타
일반기계,기타 산업기계,기타 일반기계,724160,9011201010,901120,9011,반도체 웨이퍼나 레티클의 취급과 이송용으로 특별히 고안된 장치가 부착된 것
일반기계,기타 산업기계,기타 일반기계,724160,9011201090,901120,9011,기타
일반기계,기타 산업기계,기타 일반기계,724160,9011209000,901120,9011,기타
일반기계,기타 산업기계,기타 일반기계,724160,9011802000,901180,9011,금속 현미경
일반기계,기타 산업기계,기타 일반기계,724160,9011804000,901180,9011,생물 현미경
일반기계,기타 산업기계,기타 일반기계,724160,9011809000,901180,9011,기타
일반기계,기타 산업기계,기타 일반기계,724160,9011901000,901190,9011,"제9011.10-1000호, 제9011.20-1010호의 것"
일반기계,기타 산업기계,기타 일반기계,724160,9011909000,901190,9011,기타
일반기계,기타 산업기계,기타 일반기계,724190,9008500000,900850,9008,투영기ㆍ확대기와 축소기
일반기계,기타 산업기계,기타 일반기계,724190,9013101000,901310,9013,이 류나 제16부의 기기 부분품용 망원경
일반기계,기타 산업기계,기타 일반기계,724190,9013109000,901310,9013,기타
일반기계,기타 산업기계,기타 일반기계,724190,9013802000,901380,9013,"확대경, 루페, 섬유 카운터"
일반기계,기타 산업기계,기타 일반기계,724190,9013803000,901380,9013,도어아이
일반기계,산업기계,제지·인쇄기계,724210,8443313000,844331,8443,"복사기(프린터, 팩시밀리 전송기능 중 하나 이상의 기능을 수행하는 것으로 한정한다)"
일반기계,산업기계,제지·인쇄기계,724210,8443324000,844332,8443,복사기
일반기계,산업기계,제지·인쇄기계,724210,8443392000,844339,8443,복사기
일반기계,산업기계,제지·인쇄기계,724220,8443994010,844399,8443,자동 문서공급기
일반기계,산업기계,제지·인쇄기계,724220,8443994020,844399,8443,종이공급기
일반기계,산업기계,제지·인쇄기계,724220,8443994030,844399,8443,분류기
일반기계,산업기계,제지·인쇄기계,724220,8443994090,844399,8443,기타
일반기계,기타 산업기계,기타 일반기계,724310,9001901000,900190,9001,프리즘
일반기계,기타 산업기계,기타 일반기계,724310,9001902000,900190,9001,반사경
일반기계,기타 산업기계,기타 일반기계,724310,9001903000,900190,9001,그 밖의 렌즈
일반기계,기타 산업기계,기타 일반기계,724310,9001909000,900190,9001,기타
일반기계,광학·사무기기,광학·사무기기,724310,9002111000,900211,9002,사진기용
일반기계,광학·사무기기,광학·사무기기,724310,9002119010,900211,9002,촬영기ㆍ비디오카메라용
일반기계,광학·사무기기,광학·사무기기,724310,9002119020,900211,9002,영사기용
일반기계,광학·사무기기,광학·사무기기,724310,9002119090,900211,9002,기타
일반기계,광학·사무기기,광학·사무기기,724310,9002191000,900219,9002,현미경용
일반기계,광학·사무기기,광학·사무기기,724310,9002199000,900219,9002,기타
일반기계,광학·사무기기,광학·사무기기,724310,9002201000,900220,9002,사진기용
일반기계,광학·사무기기,광학·사무기기,724310,9002209000,900220,9002,기타
일반기계,광학·사무기기,광학·사무기기,724310,9002901000,900290,9002,사진기용
일반기계,광학·사무기기,광학·사무기기,724310,9002909090,900290,9002,기타
일반기계,기타 산업기계,기타 일반기계,724390,9001200000,900120,9001,편광재료(polarizing material)로 만든 판
일반기계,기타 산업기계,기타 일반기계,724390,9005900000,900590,9005,부분품과 부속품(장착구를 포함한다)
일반기계,광학·사무기기,광학·사무기기,724390,9006910000,900691,9006,카메라용
일반기계,광학·사무기기,광학·사무기기,724390,9006990000,900699,9006,기타
일반기계,기타 산업기계,기타 일반기계,724390,9007910000,900791,9007,촬영기용
일반기계,기타 산업기계,기타 일반기계,724390,9007920000,900792,9007,영사기용
일반기계,기타 산업기계,기타 일반기계,724390,9008900000,900890,9008,부분품과 부속품
일반기계,기타 산업기계,기타 일반기계,724390,9010902000,901090,9010,소호 제9010.50호 및 제9010.60호의 것(반도체 제조용은 제외한다)
일반기계,기타 산업기계,기타 일반기계,724390,9010909000,901090,9010,기타
일반기계,기타 산업기계,기타 일반기계,724390,9013809000,901380,9013,기타
일반기계,기타 산업기계,기타 일반기계,724390,9013902000,901390,9013,무기용 망원 조준기 또는 잠망경의 것
일반기계,기타 산업기계,기타 일반기계,724390,9013909000,901390,9013,기타
일반기계,기타 산업기계,기타 일반기계,724900,8472100000,847210,8472,등사기
일반기계,기타 산업기계,기타 일반기계,724900,8472300000,847230,8472,"우편물의 분류기ㆍ접음기, 우편물을 봉투나 밴드에 삽입하는 기계, 우편물의 개봉기ㆍ봉함기ㆍ실링기, 우표의 첨부기나 소인기"
일반기계,기타 산업기계,기타 일반기계,724900,8472902000,847290,8472,등사용이나 인쇄용 자동제판기
일반기계,기타 산업기계,기타 일반기계,724900,8472905000,847290,8472,서류절단기
일반기계,기타 산업기계,기타 일반기계,724900,8472909000,847290,8472,기타
일반기계,기타 산업기계,기타 일반기계,729010,8421120000,842112,8421,의류탈수기
일반기계,기타 산업기계,기타 일반기계,729010,8421191000,842119,8421,내과용ㆍ외과용ㆍ이화학용
일반기계,기타 산업기계,기타 일반기계,729010,8421192000,842119,8421,식품공업용
일반기계,기타 산업기계,기타 일반기계,729010,8421193000,842119,8421,석유화학공업용
일반기계,기타 산업기계,기타 일반기계,729010,8421199000,842119,8421,기타
일반기계,기타 산업기계,기타 일반기계,729010,8421211000,842121,8421,가정형
일반기계,기타 산업기계,기타 일반기계,729010,8421219010,842121,8421,수영장용 여과기나 청정기
일반기계,기타 산업기계,기타 일반기계,729010,8421219090,842121,8421,기타
일반기계,기타 산업기계,기타 일반기계,729010,8421220000,842122,8421,물 외의 음료의 여과용이나 청정용
일반기계,기타 산업기계,기타 일반기계,729010,8421239000,842123,8421,기타
일반기계,기타 산업기계,기타 일반기계,729010,8421291000,842129,8421,낙농용
일반기계,기타 산업기계,기타 일반기계,729010,8421292010,842129,8421,플루오르 중합체로 만든 것으로서 여과기 또는 청정기의 막 두께가 140마이크론 이하인 것
일반기계,기타 산업기계,기타 일반기계,729010,8421292090,842129,8421,기타
일반기계,기타 산업기계,기타 일반기계,729010,8421299010,842129,8421,플루오르 중합체로 만든 것으로서 여과기 또는 청정기의 막 두께가 140마이크론 이하인 것
일반기계,기타 산업기계,기타 일반기계,729010,8421299090,842129,8421,기타
일반기계,기타 산업기계,기타 일반기계,729010,8421319000,842131,8421,기타
일반기계,기타 산업기계,기타 일반기계,729010,8421320000,842132,8421,"촉매 변환기나 분진 여과기(두 가지가 결합된 것인지에 상관없으며, 내연기관에서 배출되는 배기가스의 청정용이나 여과용으로 한정한다)"
일반기계,기타 산업기계,기타 일반기계,729010,8421391000,842139,8421,가정형
일반기계,기타 산업기계,기타 일반기계,729010,8421392000,842139,8421,제87류 차량의 배기가스 정화용
일반기계,기타 산업기계,기타 일반기계,729010,8421399011,842139,8421,"스테인리스강제의 하우징을 갖추고, 내경이 1.3센티미터 이하인 관 구멍을 가진 주입구와 배출구를 갖춘 것"
일반기계,기타 산업기계,기타 일반기계,729010,8421399019,842139,8421,기타
일반기계,기타 산업기계,기타 일반기계,729010,8421399091,842139,8421,"스테인리스강제의 하우징을 갖추고, 내경이 1.3센티미터 이하인 관 구멍을 가진 주입구와 배출구를 갖춘 것"
일반기계,기타 산업기계,기타 일반기계,729010,8421399092,842139,8421,"기타, 헤파필터(공기중의 0.3마이크로미터 크기의 입자를 100분의 99.97 이상 포집할 수 있는 것)"
일반기계,기타 산업기계,기타 일반기계,729010,8421399099,842139,8421,기타
일반기계,기타 산업기계,기타 일반기계,729010,8424100000,842410,8424,소화기(소화제를 충전한 것인지에 상관없다)
일반기계,기타 산업기계,기타 일반기계,729010,8424202010,842420,8424,로봇형
일반기계,기타 산업기계,기타 일반기계,729010,8424202090,842420,8424,기타
일반기계,기타 산업기계,기타 일반기계,729010,8424209000,842420,8424,기타
일반기계,기타 산업기계,기타 일반기계,729010,8424301000,842430,8424,증기나 모래의 분사기
일반기계,기타 산업기계,기타 일반기계,729010,8424302000,842430,8424,고압증기 세척기
일반기계,기타 산업기계,기타 일반기계,729010,8424309000,842430,8424,기타
일반기계,기타 산업기계,기타 일반기계,729010,8424892000,842489,8424,인쇄회로기판이나 인쇄회로 제조에 전용 또는 주로 사용되는 종류의 것
일반기계,기타 산업기계,기타 일반기계,729010,8424899000,842489,8424,기타
일반기계,기타 산업기계,기타 일반기계,729010,8479899091,847989,8479,제87류의 차량용
일반기계,기타 산업기계,기타 일반기계,729020,8421910000,842191,8421,원심분리기(원심탈수기를 포함한다)의 것
일반기계,기타 산업기계,기타 일반기계,729020,8421991000,842199,8421,제87류 차량의 배기가스정화기의 것
일반기계,기타 산업기계,기타 일반기계,729020,8421999010,842199,8421,내연기관용의 여과기나 청정기의 것
일반기계,기타 산업기계,기타 일반기계,729020,8421999091,842199,8421,액체용의 여과기나 청정기(플루오르 중합체로 만든 것으로서 여과기나 청정기의 막 두께가 140마이크론 이하의 것으로 한정한다) 또는 스테인리스강의 하우징을 갖춘 기체용의 여과기나 청정기(내경이 1.3센티미터 이하인 관 구멍을 가진 주입구와 배출구를 갖춘 것으로 한정한다)의 것
일반기계,기타 산업기계,기타 일반기계,729020,8421999099,842199,8421,기타
일반기계,기타 산업기계,기타 일반기계,729020,8424901000,842490,8424,소화기의 것
일반기계,기타 산업기계,기타 일반기계,729020,8424902000,842490,8424,스프레이건의 것
일반기계,기타 산업기계,기타 일반기계,729020,8424909020,842490,8424,인쇄회로기판이나 인쇄회로 제조에 전용 또는 주로 사용되는 종류의 것
일반기계,기타 산업기계,기타 일반기계,729020,8424909090,842490,8424,기타
일반기계,기타 산업기계,기타 일반기계,729020,8479901030,847990,8479,제87류의 차량용
일반기계,기타 산업기계,기타 일반기계,729020,8487901000,848790,8487,제87류 차량용
일반기계,에너지·유체기계,공기조절기,751110,8415101010,841510,8415,소비전력이 11킬로와트 미만인 것
일반기계,에너지·유체기계,공기조절기,751110,8415101020,841510,8415,소비전력이 11킬로와트 이상인 것
일반기계,에너지·유체기계,공기조절기,751110,8415102020,841510,8415,소비전력이 11킬로와트 이상인 것
일반기계,에너지·유체기계,공기조절기,751110,8415109010,841510,8415,소비전력이 11킬로와트 미만인 것
일반기계,에너지·유체기계,공기조절기,751110,8415109020,841510,8415,소비전력이 11킬로와트 이상인 것
일반기계,에너지·유체기계,공기조절기,751110,8415200000,841520,8415,자동차용(탑승자용으로 한정한다)
일반기계,에너지·유체기계,공기조절기,751110,8415810000,841581,8415,냉각유닛과 냉ㆍ열순환 반전용 밸브를 결합한 것(반전가능 열펌프를 포함한다)
일반기계,에너지·유체기계,공기조절기,751110,8415820000,841582,8415,기타(냉각유닛을 결합한 것으로 한정한다)
일반기계,에너지·유체기계,공기조절기,751110,8415830000,841583,8415,냉각유닛을 결합하지 않은 것
일반기계,기타 산업기계,기타 일반기계,751110,8419502000,841950,8419,플루오르 중합체로 만든 것으로서 내경이 3센티미터 이하인 관 구멍을 가진 주입구와 배출구를 갖춘 것
일반기계,기타 산업기계,기타 일반기계,751110,8419509000,841950,8419,기타
일반기계,에너지·유체기계,공기조절기,751120,8415900000,841590,8415,부분품
일반기계,에너지·유체기계,산업용 냉동기기,751210,8418300000,841830,8418,체스트(chest)형 냉동고(용량이 800리터 이하인 것으로 한정한다)
일반기계,에너지·유체기계,산업용 냉동기기,751210,8418400000,841840,8418,직립형 냉동고(용량이 900리터 이하인 것으로 한정한다)
일반기계,에너지·유체기계,산업용 냉동기기,751210,8418501000,841850,8418,쇼케이스
일반기계,에너지·유체기계,산업용 냉동기기,751210,8418509000,841850,8418,기타
일반기계,에너지·유체기계,산업용 냉동기기,751210,8418610000,841861,8418,열펌프(제8415호의 공기조절기는 제외한다)
일반기계,에너지·유체기계,산업용 냉동기기,751210,8418692010,841869,8418,아이스크림 제조기
일반기계,에너지·유체기계,산업용 냉동기기,751210,8418692020,841869,8418,얼음 제조기
일반기계,에너지·유체기계,산업용 냉동기기,751210,8418692030,841869,8418,냉수기
일반기계,에너지·유체기계,산업용 냉동기기,751210,8418692090,841869,8418,기타
일반기계,에너지·유체기계,산업용 냉동기기,751210,8418693000,841869,8418,열펌프
일반기계,에너지·유체기계,산업용 냉동기기,751220,8418910000,841891,8418,냉장기구나 냉동기구를 넣을 수 있도록 설계된 가구
일반기계,에너지·유체기계,산업용 냉동기기,751220,8418999000,841899,8418,기타
일반기계,기타 산업기계,기타 일반기계,751220,8479901010,847990,8479,냉방기기용(카쿨러의 것을 포함한다)
일반기계,기타 산업기계,기타 일반기계,751310,7321110000,732111,7321,가스연료용이나 가스와 그 밖의 연료 겸용
일반기계,기타 산업기계,기타 일반기계,751310,7321120000,732112,7321,액체연료용
일반기계,기타 산업기계,기타 일반기계,751310,7321190000,732119,7321,기타(고체연료용 기구를 포함한다)
일반기계,기타 산업기계,기타 일반기계,751310,7321810000,732181,7321,가스연료용이나 가스와 그 밖의 연료 겸용
일반기계,기타 산업기계,기타 일반기계,751310,7321820000,732182,7321,액체연료용
일반기계,기타 산업기계,기타 일반기계,751310,7321890000,732189,7321,기타(고체연료용 기구를 포함한다)
일반기계,에너지·유체기계,보일러·연소기기,751320,8402110000,840211,8402,증기발생량이 시간당 45톤을 초과하는 수관(水管)보일러
일반기계,에너지·유체기계,보일러·연소기기,751320,8402120000,840212,8402,증기발생량이 시간당 45톤 이하인 수관(水管)보일러
일반기계,에너지·유체기계,보일러·연소기기,751320,8402191000,840219,8402,열매체보일러
일반기계,에너지·유체기계,보일러·연소기기,751320,8402199000,840219,8402,기타
일반기계,에너지·유체기계,보일러·연소기기,751320,8402200000,840220,8402,과열수보일러(super-heated water boiler)
일반기계,에너지·유체기계,보일러·연소기기,751330,8403101000,840310,8403,유류를 사용하는 것
일반기계,에너지·유체기계,보일러·연소기기,751330,8403103000,840310,8403,가스를 사용하는 것
일반기계,에너지·유체기계,보일러·연소기기,751330,8403109000,840310,8403,기타
일반기계,기타 산업기계,기타 일반기계,751340,7321900000,732190,7321,부분품
일반기계,기타 산업기계,기타 일반기계,751340,7322111000,732211,7322,방열기
일반기계,기타 산업기계,기타 일반기계,751340,7322112000,732211,7322,부분품
일반기계,기타 산업기계,기타 일반기계,751340,7322191000,732219,7322,방열기
일반기계,기타 산업기계,기타 일반기계,751340,7322192000,732219,7322,부분품
일반기계,기타 산업기계,기타 일반기계,751340,7322901000,732290,7322,태양열 집열기와 그 부분품
일반기계,기타 산업기계,기타 일반기계,751340,7322909010,732290,7322,공기가열기
일반기계,기타 산업기계,기타 일반기계,751340,7322909020,732290,7322,온풍배분기
일반기계,기타 산업기계,기타 일반기계,751340,7322909030,732290,7322,부분품
일반기계,에너지·유체기계,보일러·연소기기,751340,8402901000,840290,8402,증기발생보일러의 것
일반기계,에너지·유체기계,보일러·연소기기,751340,8402902000,840290,8402,과열수보일러의 것
일반기계,에너지·유체기계,보일러·연소기기,751340,8403900000,840390,8403,부분품
일반기계,에너지·유체기계,보일러·연소기기,751340,8404101000,840410,8404,연료절약기
일반기계,에너지·유체기계,보일러·연소기기,751340,8404102000,840410,8404,과열기
일반기계,에너지·유체기계,보일러·연소기기,751340,8404103000,840410,8404,그을음제거기
일반기계,에너지·유체기계,보일러·연소기기,751340,8404104000,840410,8404,가스회수기
일반기계,에너지·유체기계,보일러·연소기기,751340,8404109000,840410,8404,기타
일반기계,에너지·유체기계,보일러·연소기기,751340,8404200000,840420,8404,증기원동기용 응축기
일반기계,에너지·유체기계,보일러·연소기기,751340,8404901000,840490,8404,보일러용 응축기의 것
일반기계,에너지·유체기계,보일러·연소기기,751340,8404902000,840490,8404,증기원동기용 응축기의 것
일반기계,에너지·유체기계,보일러·연소기기,751340,8404909000,840490,8404,기타
일반기계,에너지·유체기계,보일러·연소기기,751340,8416101000,841610,8416,시간당 최대연료소비량이 200리터 이하인 것
일반기계,에너지·유체기계,보일러·연소기기,751340,8416102000,841610,8416,"시간당 최대연료소비량이 200리터 초과 1,500리터 미만인 것"
일반기계,에너지·유체기계,보일러·연소기기,751340,8416103000,841610,8416,"시간당 최대연료소비량이 1,500리터 이상인 것"
일반기계,에너지·유체기계,보일러·연소기기,751340,8416201000,841620,8416,잘게 부순 고체연료용
일반기계,에너지·유체기계,보일러·연소기기,751340,8416202000,841620,8416,기체연료용
일반기계,에너지·유체기계,보일러·연소기기,751340,8416209000,841620,8416,기타
일반기계,에너지·유체기계,보일러·연소기기,751340,8416300000,841630,8416,기계식 스토커(stoker)[이들의 기계식 불판ㆍ기계식 회(灰)배출기와 이와 유사한 기기를 포함한다]
일반기계,에너지·유체기계,보일러·연소기기,751340,8416901000,841690,8416,노용 버너의 것
일반기계,에너지·유체기계,보일러·연소기기,751340,8416909000,841690,8416,기타
일반기계,에너지·유체기계,터빈,752110,8406811000,840681,8406,출력이 40메가와트 초과 100메가와트 이하인 것
일반기계,에너지·유체기계,터빈,752110,8406812000,840681,8406,출력이 100메가와트 초과 300메가와트 이하인 것
일반기계,에너지·유체기계,터빈,752110,8406813000,840681,8406,출력이 300메가와트를 초과하는 것
일반기계,에너지·유체기계,터빈,752110,8406820000,840682,8406,출력이 40메가와트 이하인 것
일반기계,에너지·유체기계,터빈,752120,8410111000,841011,8410,수력터빈
일반기계,에너지·유체기계,터빈,752120,8410119000,841011,8410,기타
일반기계,에너지·유체기계,터빈,752120,8410120000,841012,8410,"동력이 1,000킬로와트 초과 10,000킬로와트 이하인 것"
일반기계,에너지·유체기계,터빈,752120,8410130000,841013,8410,"동력이 10,000킬로와트를 초과하는 것"
일반기계,기타 산업기계,기타 일반기계,752130,8407290000,840729,8407,기타
일반기계,기타 산업기계,기타 일반기계,752130,8407311000,840731,8407,모터사이클의 것
일반기계,기타 산업기계,기타 일반기계,752130,8407319000,840731,8407,기타
일반기계,기타 산업기계,기타 일반기계,752130,8407321000,840732,8407,모터사이클의 것
일반기계,기타 산업기계,기타 일반기계,752130,8407329000,840732,8407,기타
일반기계,기타 산업기계,기타 일반기계,752130,8407331000,840733,8407,모터사이클의 것
일반기계,기타 산업기계,기타 일반기계,752130,8407339000,840733,8407,기타
일반기계,기타 산업기계,기타 일반기계,752130,8407341000,840734,8407,모터사이클의 것
일반기계,기타 산업기계,기타 일반기계,752130,8407349000,840734,8407,기타
일반기계,기타 산업기계,기타 일반기계,752130,8407909000,840790,8407,기타
일반기계,기타 산업기계,기타 일반기계,752130,8409919000,840991,8409,기타
일반기계,기타 산업기계,기타 일반기계,752130,8409994010,840999,8409,제8429호 기계용
일반기계,기타 산업기계,기타 일반기계,752130,8409994090,840999,8409,기타
일반기계,기타 산업기계,기타 일반기계,752130,8409995000,840999,8409,발전용
일반기계,기타 산업기계,기타 일반기계,752130,8409999000,840999,8409,기타
일반기계,기타 산업기계,기타 일반기계,752140,8408202000,840820,8408,"실린더용량이 1,000시시 초과 2,000시시 이하인 것"
일반기계,기타 산업기계,기타 일반기계,752140,8408203000,840820,8408,"실린더용량이 2,000시시 초과 4,000시시 이하인 것"
일반기계,기타 산업기계,기타 일반기계,752140,8408204000,840820,8408,"실린더용량이 4,000시시 초과 10,000시시 이하인 것"
일반기계,기타 산업기계,기타 일반기계,752140,8408205000,840820,8408,"실린더용량이 10,000시시를 초과하는 것"
일반기계,기타 산업기계,기타 일반기계,752140,8408909021,840890,8408,"출력이 400킬로와트 이상인 발전기용[분당 회전수(알피엠)가 1,500이나 1,800인 것으로 한정한다]"
일반기계,기타 산업기계,기타 일반기계,752140,8408909029,840890,8408,기타
일반기계,기타 산업기계,기타 일반기계,752140,8408909030,840890,8408,제8429호용 내연기관
일반기계,기타 산업기계,기타 일반기계,752140,8408909090,840890,8408,기타
일반기계,기타 산업기계,기타 일반기계,752150,8411119090,841111,8411,기타
일반기계,기타 산업기계,기타 일반기계,752150,8411129090,841112,8411,기타
일반기계,기타 산업기계,기타 일반기계,752150,8411219090,841121,8411,기타
일반기계,기타 산업기계,기타 일반기계,752150,8411229090,841122,8411,기타
일반기계,기타 산업기계,기타 일반기계,752150,8411819090,841181,8411,기타
일반기계,기타 산업기계,기타 일반기계,752150,8411829090,841182,8411,기타
일반기계,에너지·유체기계,터빈,752160,8406909000,840690,8406,기타
일반기계,에너지·유체기계,터빈,752160,8410901010,841090,8410,수력터빈의 것
일반기계,에너지·유체기계,터빈,752160,8410901090,841090,8410,기타
일반기계,에너지·유체기계,터빈,752160,8410909010,841090,8410,수력터빈의 것
일반기계,에너지·유체기계,터빈,752160,8410909090,841090,8410,기타
일반기계,기타 산업기계,기타 일반기계,752160,8411919000,841191,8411,기타
일반기계,기타 산업기계,기타 일반기계,752160,8411999000,841199,8411,기타
일반기계,기타 산업기계,기타 일반기계,752160,8412901010,841290,8412,램제트나 펄스제트 엔진의 것
일반기계,기타 산업기계,기타 일반기계,752160,8412901090,841290,8412,기타
일반기계,기타 산업기계,기타 일반기계,752160,8412902000,841290,8412,수력엔진의 것
일반기계,기타 산업기계,기타 일반기계,752160,8412909000,841290,8412,기타
일반기계,기타 산업기계,기타 일반기계,752190,8412101000,841210,8412,항공기의 것
일반기계,기타 산업기계,기타 일반기계,752190,8412109000,841210,8412,기타
일반기계,기타 산업기계,기타 일반기계,752190,8412211000,841221,8412,액압실린더
일반기계,기타 산업기계,기타 일반기계,752190,8412219000,841221,8412,기타
일반기계,기타 산업기계,기타 일반기계,752190,8412290000,841229,8412,기타
일반기계,기타 산업기계,기타 일반기계,752190,8412310000,841231,8412,리니어 액팅식(실린더)
일반기계,기타 산업기계,기타 일반기계,752190,8412390000,841239,8412,기타
일반기계,기타 산업기계,기타 일반기계,752190,8412800000,841280,8412,기타
일반기계,에너지·유체기계,펌프,752210,8413110000,841311,8413,연료나 윤활유 급유용 펌프(주유소나 정비소에서 사용하는 형태로 한정한다)
일반기계,에너지·유체기계,펌프,752210,8413190000,841319,8413,기타
일반기계,에너지·유체기계,펌프,752210,8413200000,841320,8413,수지식 펌프(소호 제8413.11호나 제8413.19호의 것은 제외한다)
일반기계,에너지·유체기계,펌프,752210,8413309000,841330,8413,기타
일반기계,에너지·유체기계,펌프,752210,8413400000,841340,8413,콘크리트 펌프
일반기계,에너지·유체기계,펌프,752210,8413504000,841350,8413,수영장용 펌프
일반기계,에너지·유체기계,펌프,752210,8413509010,841350,8413,플런저펌프
일반기계,에너지·유체기계,펌프,752210,8413509020,841350,8413,피스톤펌프
일반기계,에너지·유체기계,펌프,752210,8413509030,841350,8413,다이아프램펌프
일반기계,에너지·유체기계,펌프,752210,8413509090,841350,8413,기타
일반기계,에너지·유체기계,펌프,752210,8413604000,841360,8413,수영장용 펌프
일반기계,에너지·유체기계,펌프,752210,8413609010,841360,8413,기어펌프
일반기계,에너지·유체기계,펌프,752210,8413609020,841360,8413,베인펌프
일반기계,에너지·유체기계,펌프,752210,8413609030,841360,8413,스크루펌프
일반기계,에너지·유체기계,펌프,752210,8413609090,841360,8413,기타
일반기계,에너지·유체기계,펌프,752210,8413703000,841370,8413,수영장용 펌프
일반기계,에너지·유체기계,펌프,752210,8413709010,841370,8413,터빈펌프
일반기계,에너지·유체기계,펌프,752210,8413709020,841370,8413,볼류트 펌프
일반기계,에너지·유체기계,펌프,752210,8413709090,841370,8413,기타
일반기계,에너지·유체기계,펌프,752210,8413811000,841381,8413,수영장용 펌프
일반기계,에너지·유체기계,펌프,752210,8413812000,841381,8413,전기차(하이브리드형을 포함한다)의 냉각 냉매용 펌프
일반기계,에너지·유체기계,펌프,752210,8413819000,841381,8413,기타
일반기계,에너지·유체기계,펌프,752210,8413820000,841382,8413,액체엘리베이터
일반기계,에너지·유체기계,압축기·팬,752220,8414109020,841410,8414,평판디스플레이 제조에 전용되거나 주로 사용되는 종류의 것
일반기계,에너지·유체기계,압축기·팬,752220,8414109090,841410,8414,기타
일반기계,에너지·유체기계,압축기·팬,752220,8414200000,841420,8414,손이나 발로 작동하는 기체펌프
일반기계,에너지·유체기계,압축기·팬,752220,8414301000,841430,8414,소비전력이 11킬로와트 미만인 것
일반기계,에너지·유체기계,압축기·팬,752220,8414302000,841430,8414,소비전력이 11킬로와트 이상인 것
일반기계,에너지·유체기계,압축기·팬,752220,8414400000,841440,8414,예인용 바퀴 달린 섀시 위에 장착된 기체압축기
일반기계,에너지·유체기계,압축기·팬,752220,8414599000,841459,8414,기타
일반기계,에너지·유체기계,압축기·팬,752220,8414801000,841480,8414,후드(수평면의 최대길이가 120센티미터를 초과하는 것으로 한정한다)
일반기계,에너지·유체기계,압축기·팬,752220,8414809190,841480,8414,기타
일반기계,에너지·유체기계,압축기·팬,752220,8414809211,841480,8414,연료전지(fuel cell) 차량용의 것
일반기계,에너지·유체기계,압축기·팬,752220,8414809219,841480,8414,기타
일반기계,에너지·유체기계,압축기·팬,752220,8414809220,841480,8414,소비전력이 74.6킬로와트 이상 373킬로와트 미만인 것
일반기계,에너지·유체기계,압축기·팬,752220,8414809230,841480,8414,소비전력이 373킬로와트 이상인 것
일반기계,에너지·유체기계,압축기·팬,752220,8414809900,841480,8414,기타
일반기계,에너지·유체기계,펌프,752230,8413911000,841391,8413,급유용 펌프의 것
일반기계,에너지·유체기계,펌프,752230,8413912000,841391,8413,내연기관의 것
일반기계,에너지·유체기계,펌프,752230,8413913000,841391,8413,왕복펌프의 것
일반기계,에너지·유체기계,펌프,752230,8413914000,841391,8413,원심펌프의 것
일반기계,에너지·유체기계,펌프,752230,8413915000,841391,8413,로터리펌프의 것
일반기계,에너지·유체기계,펌프,752230,8413919000,841391,8413,기타
일반기계,에너지·유체기계,펌프,752230,8413920000,841392,8413,액체엘리베이터의 것
일반기계,에너지·유체기계,압축기·팬,752230,8414901000,841490,8414,팬과 후드의 것
일반기계,에너지·유체기계,압축기·팬,752230,8414909010,841490,8414,냉장설비용이나 냉동설비용 압축기의 것
일반기계,에너지·유체기계,압축기·팬,752230,8414909020,841490,8414,기체압축기의 것(냉장설비용이나 냉동설비용은 제외한다)
일반기계,에너지·유체기계,압축기·팬,752230,8414909090,841490,8414,기타
일반기계,기계부품,볼트·너트·체결부품,761100,7318110000,731811,7318,코치 스크루(coach screw)
일반기계,기계부품,볼트·너트·체결부품,761100,7318120000,731812,7318,그 밖의 목재용 스크루(screw)
일반기계,기계부품,볼트·너트·체결부품,761100,7318130000,731813,7318,스크루 훅(screw hook)과 스크루 링(screw ring)
일반기계,기계부품,볼트·너트·체결부품,761100,7318140000,731814,7318,셀프태핑 스크루(self-tapping screw)
일반기계,기계부품,볼트·너트·체결부품,761100,7318151000,731815,7318,머신스크루(screw)
일반기계,기계부품,볼트·너트·체결부품,761100,7318152000,731815,7318,볼트(bolt)
일반기계,기계부품,볼트·너트·체결부품,761100,7318153000,731815,7318,볼트(bolt)ㆍ너트(nut)(세트로 된 것으로 한정한다)
일반기계,기계부품,볼트·너트·체결부품,761100,7318159000,731815,7318,기타
일반기계,기계부품,볼트·너트·체결부품,761100,7318160000,731816,7318,너트(nut)
일반기계,기계부품,볼트·너트·체결부품,761100,7318190000,731819,7318,기타
일반기계,기계부품,볼트·너트·체결부품,761100,7318210000,731821,7318,스프링 와셔(spring washer)와 그 밖의 록 와셔(lock washer)
일반기계,기계부품,볼트·너트·체결부품,761100,7318220000,731822,7318,그 밖의 와셔(washer)
일반기계,기계부품,볼트·너트·체결부품,761100,7318230000,731823,7318,리벳(rivet)
일반기계,기계부품,볼트·너트·체결부품,761100,7318240000,731824,7318,코터(cotter)와 코터핀(cotter-pin)
일반기계,기계부품,볼트·너트·체결부품,761100,7318290000,731829,7318,기타
일반기계,기계부품,밸브,761200,8481100000,848110,8481,감압밸브
일반기계,기계부품,밸브,761200,8481201000,848120,8481,유압 전송용 밸브
일반기계,기계부품,밸브,761200,8481202000,848120,8481,공기압 전송용 밸브
일반기계,기계부품,밸브,761200,8481300000,848130,8481,체크(논리턴)밸브
일반기계,기계부품,밸브,761200,8481400000,848140,8481,안전밸브
일반기계,기계부품,밸브,761200,8481801010,848180,8481,전기 작동식의 것
일반기계,기계부품,밸브,761200,8481801020,848180,8481,액압 작동식의 것
일반기계,기계부품,밸브,761200,8481801030,848180,8481,그 밖의 자동제어식의 것
일반기계,기계부품,밸브,761200,8481801090,848180,8481,기타
일반기계,기계부품,밸브,761200,8481802010,848180,8481,수도꼭지
일반기계,기계부품,밸브,761200,8481802090,848180,8481,기타
일반기계,기계부품,밸브,761200,8481809000,848180,8481,기타
일반기계,기계부품,베어링,761300,8482102000,848210,8482,내경이 100밀리미터 이하인 것
일반기계,기계부품,베어링,761300,8482109000,848210,8482,기타
일반기계,기계부품,베어링,761300,8482200000,848220,8482,원추형 롤러베어링(roller bearing)[콘과 결합된 원추형 롤러베어링(roller bearing)을 포함한다]
일반기계,기계부품,베어링,761300,8482300000,848230,8482,구형 롤러베어링(roller bearing)
일반기계,기계부품,베어링,761300,8482400000,848240,8482,니들 롤러베어링(roller bearing)(케이지와 니들 롤러의 조립품을 포함한다)
일반기계,기계부품,베어링,761300,8482500000,848250,8482,그 밖의 원통형 롤러베어링(roller bearing)(케이지와 롤러의 조립품을 포함한다)
일반기계,기계부품,베어링,761300,8482800000,848280,8482,그 밖의 베어링[볼베어링(ball bearing)과 롤러베어링(roller bearing)이 결합된 것을 포함한다]
일반기계,기계부품,스프링,761400,7320109000,732010,7320,기타
일반기계,기계부품,스프링,761400,7320202000,732020,7320,충격 흡수용
일반기계,기계부품,스프링,761400,7320204000,732020,7320,가구용
일반기계,기계부품,스프링,761400,7320209000,732020,7320,기타
일반기계,기계부품,스프링,761400,7320901000,732090,7320,평나선형 스프링
일반기계,기계부품,스프링,761400,7320909000,732090,7320,그 밖의 스프링
일반기계,기타 산업기계,기타 일반기계,761400,7419802000,741980,7419,구리로 만든 스프링
일반기계,기계부품,기어·전동축,761500,8483109090,848310,8483,기타
일반기계,기계부품,기어·전동축,761500,8483209000,848320,8483,기타
일반기계,기계부품,기어·전동축,761500,8483309000,848330,8483,기타
일반기계,기계부품,기어·전동축,761500,8483409010,848340,8483,기어
일반기계,기계부품,기어·전동축,761500,8483409020,848340,8483,기어박스
일반기계,기계부품,기어·전동축,761500,8483409030,848340,8483,무단변속기
일반기계,기계부품,기어·전동축,761500,8483409050,848340,8483,볼 스크루
일반기계,기계부품,기어·전동축,761500,8483409090,848340,8483,기타
일반기계,기계부품,기어·전동축,761500,8483509000,848350,8483,기타
일반기계,기계부품,기어·전동축,761500,8483609000,848360,8483,기타
일반기계,기타 산업기계,기타 일반기계,761900,7319401000,731940,7319,안전핀
일반기계,기타 산업기계,기타 일반기계,761900,7319402000,731940,7319,반도체 웨이퍼ㆍ반도체 디바이스의 측정이나 검사에 사용되는 핀
일반기계,기타 산업기계,기타 일반기계,761900,7319409000,731940,7319,기타
일반기계,기타 산업기계,기타 일반기계,761900,7319901010,731990,7319,수봉침
일반기계,기타 산업기계,기타 일반기계,761900,7319901020,731990,7319,수편침
일반기계,기타 산업기계,기타 일반기계,761900,7319901090,731990,7319,기타
일반기계,기타 산업기계,기타 일반기계,761900,7319909000,731990,7319,기타
일반기계,기계부품,밸브,761900,8481900000,848190,8481,부분품
일반기계,기계부품,베어링,761900,8482910000,848291,8482,볼ㆍ니들ㆍ롤러
일반기계,기계부품,베어링,761900,8482990000,848299,8482,기타
일반기계,기계부품,기어·전동축,761900,8483909000,848390,8483,기타
일반기계,기타 산업기계,기타 일반기계,761900,8484200000,848420,8484,메커니컬 실(mechanical seal)
일반기계,기타 산업기계,기타 일반기계,761900,8487909010,848790,8487,오일 실링
일반기계,기타 산업기계,기타 일반기계,761900,8487909090,848790,8487,기타
일반기계,공구·금형,절삭·작업공구,762100,8207300000,820730,8207,프레싱(pressing)용ㆍ스탬핑(stamping)용ㆍ펀칭(punching)용 공구
일반기계,공구·금형,금형,762200,8480710000,848071,8480,사출식이나 압축식
일반기계,공구·금형,금형,762200,8480790000,848079,8480,기타
일반기계,공구·금형,금형,762300,8480410000,848041,8480,사출식이나 압축식
일반기계,공구·금형,금형,762300,8480490000,848049,8480,기타
일반기계,공구·금형,절삭·작업공구,762900,8207201000,820720,8207,인발(引拔)용
일반기계,공구·금형,절삭·작업공구,762900,8207202000,820720,8207,압출용
일반기계,공구·금형,금형,762900,8480100000,848010,8480,금속 주조용 주형틀
일반기계,공구·금형,금형,762900,8480200000,848020,8480,주형 베이스
일반기계,공구·금형,금형,762900,8480300000,848030,8480,주형 제조용 모형
일반기계,공구·금형,금형,762900,8480500000,848050,8480,유리 성형용 주형
일반기계,공구·금형,금형,762900,8480600000,848060,8480,광물성 물질 성형용 주형
일반기계,공구·금형,절삭·작업공구,763110,8202101000,820210,8202,목재용
일반기계,공구·금형,절삭·작업공구,763110,8202109000,820210,8202,기타
일반기계,공구·금형,절삭·작업공구,763110,8202200000,820220,8202,띠톱의 날
일반기계,공구·금형,절삭·작업공구,763110,8202310000,820231,8202,작용하는 부분을 강(鋼)으로 만든 것
일반기계,공구·금형,절삭·작업공구,763110,8202391000,820239,8202,작용하는 부분이 텅스텐 카바이드로 만든 것
일반기계,공구·금형,절삭·작업공구,763110,8202393000,820239,8202,작용하는 부분이 그 밖의 재료로 만든 것
일반기계,공구·금형,절삭·작업공구,763110,8202399000,820239,8202,부분품
일반기계,공구·금형,절삭·작업공구,763110,8202400000,820240,8202,체인톱의 날
일반기계,공구·금형,절삭·작업공구,763110,8202911000,820291,8202,쇠톱의 날
일반기계,공구·금형,절삭·작업공구,763110,8202919000,820291,8202,기타
일반기계,공구·금형,절삭·작업공구,763110,8202991000,820299,8202,사파이어 잉곳(ingot) 절단용
일반기계,공구·금형,절삭·작업공구,763110,8202999000,820299,8202,기타
일반기계,공구·금형,절삭·작업공구,763110,8208100000,820810,8208,금속 가공용
일반기계,공구·금형,절삭·작업공구,763110,8208200000,820820,8208,목재 가공용
일반기계,공구·금형,절삭·작업공구,763110,8208300000,820830,8208,주방기구용이나 식품공업에 사용되는 기계용
일반기계,공구·금형,절삭·작업공구,763110,8208400000,820840,8208,농업용ㆍ원예용ㆍ임업용 기계의 것
일반기계,공구·금형,절삭·작업공구,763110,8208900000,820890,8208,기타
일반기계,기타 산업기계,기타 일반기계,763110,8467810000,846781,8467,체인톱
일반기계,공구·금형,절삭·작업공구,763120,8207130000,820713,8207,작용하는 부분을 서멧(cermet)으로 만든 것
일반기계,공구·금형,절삭·작업공구,763120,8207191000,820719,8207,작용하는 부분을 그 밖의 재료로 만든 것
일반기계,공구·금형,절삭·작업공구,763120,8207199000,820719,8207,부분품
일반기계,공구·금형,절삭·작업공구,763130,8207401000,820740,8207,태핑(tapping)용
일반기계,공구·금형,절삭·작업공구,763130,8207402000,820740,8207,드레딩(threading)용
일반기계,공구·금형,절삭·작업공구,763140,8207501010,820750,8207,고속도강으로 만든 것
일반기계,공구·금형,절삭·작업공구,763140,8207501090,820750,8207,기타
일반기계,공구·금형,절삭·작업공구,763140,8207502000,820750,8207,브레이스비트(brace bit)
일반기계,공구·금형,절삭·작업공구,763140,8207509000,820750,8207,기타
일반기계,공구·금형,절삭·작업공구,763150,8207601000,820760,8207,리머(reamer)
일반기계,공구·금형,절삭·작업공구,763150,8207603000,820760,8207,브로치(broach)
일반기계,공구·금형,절삭·작업공구,763150,8207609000,820760,8207,기타
일반기계,공구·금형,절삭·작업공구,763160,8207701000,820770,8207,기어커터
일반기계,공구·금형,절삭·작업공구,763160,8207702000,820770,8207,밀링커터
일반기계,공구·금형,절삭·작업공구,763160,8207703000,820770,8207,기어커팅 호브(gear cutting hob)
일반기계,공구·금형,절삭·작업공구,763160,8207704000,820770,8207,로터리파일
일반기계,공구·금형,절삭·작업공구,763160,8207709000,820770,8207,기타
일반기계,공구·금형,절삭·작업공구,763190,8207801000,820780,8207,선반용 공구
일반기계,공구·금형,절삭·작업공구,763190,8207809000,820780,8207,기타
일반기계,공구·금형,절삭·작업공구,763190,8207909000,820790,8207,기타
일반기계,공구·금형,절삭·작업공구,763190,8209001010,820900,8209,텅스텐 카바이드로 만든 것으로 코팅 처리된 것
일반기계,공구·금형,절삭·작업공구,763190,8209001050,820900,8209,티타늄의 것
일반기계,공구·금형,절삭·작업공구,763190,8209001090,820900,8209,기타
일반기계,공구·금형,절삭·작업공구,763190,8209002010,820900,8209,텅스텐 카바이드로 만든 것
일반기계,공구·금형,절삭·작업공구,763190,8209002090,820900,8209,기타
일반기계,공구·금형,절삭·작업공구,763210,8203100000,820310,8203,줄과 이와 유사한 공구
일반기계,공구·금형,절삭·작업공구,763220,8203201000,820320,8203,플라이어(plier)[절단용 플라이어(plier)를 포함한다]
일반기계,공구·금형,절삭·작업공구,763220,8203202000,820320,8203,집게
일반기계,공구·금형,절삭·작업공구,763220,8203203000,820320,8203,핀셋
일반기계,공구·금형,절삭·작업공구,763220,8203209000,820320,8203,기타
일반기계,공구·금형,절삭·작업공구,763220,8203300000,820330,8203,금속 절단용 가위와 이와 유사한 공구
일반기계,공구·금형,절삭·작업공구,763230,8203401000,820340,8203,파이프커터(pipe-cutter)
일반기계,공구·금형,절삭·작업공구,763230,8203402000,820340,8203,볼트크로퍼(bolt cropper)와 클리퍼
일반기계,공구·금형,절삭·작업공구,763230,8203403000,820340,8203,천공펀치
일반기계,공구·금형,절삭·작업공구,763230,8203409000,820340,8203,기타
일반기계,공구·금형,절삭·작업공구,763240,8204110000,820411,8204,조절할 수 없는 것
일반기계,공구·금형,절삭·작업공구,763240,8204120000,820412,8204,조절할 수 있는 것
일반기계,공구·금형,절삭·작업공구,763240,8204200000,820420,8204,호환성 스패너소켓(spanner socket)(손잡이가 있는 것인지에 상관없다)
일반기계,공구·금형,절삭·작업공구,763250,8205400000,820540,8205,스크루드라이버(screwdriver)
일반기계,공구·금형,절삭·작업공구,763260,8205200000,820520,8205,"망치(hammer, sledge hammer)"
일반기계,기타 산업기계,기타 일반기계,763270,8201500000,820150,8201,전지가위와 이와 유사한 한손용 전지가위[가금(家禽)용 가위를 포함한다]
일반기계,기타 산업기계,기타 일반기계,763270,8201600000,820160,8201,울타리 전단기(剪斷機)ㆍ양손용 전지가위와 이와 유사한 양손용 전지가위
일반기계,기타 산업기계,기타 일반기계,763270,8213001000,821300,8213,가정용ㆍ사무용 가위
일반기계,기타 산업기계,기타 일반기계,763270,8213002010,821300,8213,재단용 가위
일반기계,기타 산업기계,기타 일반기계,763270,8213002020,821300,8213,이발용 가위
일반기계,기타 산업기계,기타 일반기계,763270,8213002090,821300,8213,기타
일반기계,기타 산업기계,기타 일반기계,763270,8213009000,821300,8213,기타
일반기계,공구·금형,절삭·작업공구,763290,8205101000,820510,8205,드릴링용
일반기계,공구·금형,절삭·작업공구,763290,8205109000,820510,8205,기타
일반기계,공구·금형,절삭·작업공구,763290,8205300000,820530,8205,목재 가공용 대패ㆍ끌ㆍ둥근끌과 이와 유사한 절단공구
일반기계,공구·금형,절삭·작업공구,763290,8205510000,820551,8205,가정용 공구
일반기계,공구·금형,절삭·작업공구,763290,8205593000,820559,8205,그리스 건(grease gun)
일반기계,공구·금형,절삭·작업공구,763290,8205599000,820559,8205,기타
일반기계,공구·금형,절삭·작업공구,763290,8205903000,820590,8205,이호의 둘 이상의 소호에 해당하는 물품의 세트
일반기계,공구·금형,절삭·작업공구,763290,8205909000,820590,8205,기타
일반기계,공구·금형,절삭·작업공구,763290,8206000000,820600,8206,제8202호부터 제8205호까지에 해당하는 둘 이상의 공구가 소매용 세트로 되어 있는 것
일반기계,기타 산업기계,기타 일반기계,763300,6804210000,680421,6804,합성ㆍ천연 다이아몬드로 만든 것(응결된 것으로 한정한다)
일반기계,공구·금형,절삭·작업공구,763300,8202392010,820239,8202,"반도체 웨이퍼, 반도체 디바이스를 개별 단위로 절단하는 기기에 사용되는 것"
일반기계,공구·금형,절삭·작업공구,763300,8202392090,820239,8202,기타
일반기계,공구·금형,절삭·작업공구,763300,8205591000,820559,8205,유리가공용 다이아몬드공구
일반기계,공구·금형,절삭·작업공구,763300,8207901000,820790,8207,다이아몬드 공구
일반기계,기타 산업기계,기타 일반기계,763410,8467210000,846721,8467,각종 드릴
일반기계,기타 산업기계,기타 일반기계,763490,8467220000,846722,8467,톱
일반기계,기타 산업기계,기타 일반기계,763490,8467290000,846729,8467,기타
일반기계,기타 산업기계,기타 일반기계,763500,8424201000,842420,8424,스프레이건
일반기계,기타 산업기계,기타 일반기계,763500,8467111000,846711,8467,착암기
일반기계,기타 산업기계,기타 일반기계,763500,8467112000,846711,8467,스크루 드라이버
일반기계,기타 산업기계,기타 일반기계,763500,8467113000,846711,8467,그라인더
일반기계,기타 산업기계,기타 일반기계,763500,8467114000,846711,8467,임팩트 렌치
일반기계,기타 산업기계,기타 일반기계,763500,8467115000,846711,8467,드릴
일반기계,기타 산업기계,기타 일반기계,763500,8467119000,846711,8467,기타
일반기계,기타 산업기계,기타 일반기계,763500,8467191000,846719,8467,착암기
일반기계,기타 산업기계,기타 일반기계,763500,8467199000,846719,8467,기타
일반기계,기타 산업기계,기타 일반기계,763500,8467891010,846789,8467,"소호 제8430.49호, 제8479.10호의 것"
일반기계,기타 산업기계,기타 일반기계,763500,8467891020,846789,8467,"제8479.89-9010호, 제8479.89-9030호, 제8479.89-9091호의 것"
일반기계,기타 산업기계,기타 일반기계,763500,8467891090,846789,8467,기타
일반기계,기타 산업기계,기타 일반기계,763500,8467899000,846789,8467,기타
일반기계,기타 산업기계,기타 일반기계,763500,8467910000,846791,8467,체인톱의 것
일반기계,기타 산업기계,기타 일반기계,763500,8467920000,846792,8467,압축공기식 공구의 것
일반기계,기타 산업기계,기타 일반기계,763500,8467990000,846799,8467,기타
일반기계,측정·정밀,측정·검사기기,763610,9017209000,901720,9017,기타
일반기계,측정·정밀,측정·검사기기,763610,9017301000,901730,9017,마이크로미터
일반기계,측정·정밀,측정·검사기기,763610,9017302000,901730,9017,다이알 게이지류
일반기계,측정·정밀,측정·검사기기,763610,9017303000,901730,9017,버니어 캘리퍼스(vernier callipers)
일반기계,측정·정밀,측정·검사기기,763610,9017309000,901730,9017,기타
일반기계,측정·정밀,측정·검사기기,763610,9017809090,901780,9017,기타
일반기계,측정·정밀,측정·검사기기,763620,9017909090,901790,9017,기타
일반기계,기타 산업기계,기타 일반기계,763700,8201100000,820110,8201,가래와 삽
일반기계,기타 산업기계,기타 일반기계,763700,8201300000,820130,8201,곡괭이ㆍ픽스(picks)ㆍ괭이ㆍ쇠스랑
일반기계,기타 산업기계,기타 일반기계,763700,8201400000,820140,8201,도끼ㆍ빌훅(bill hook)과 이와 유사한 절단용 도구
일반기계,기타 산업기계,기타 일반기계,763700,8201901000,820190,8201,낫
일반기계,기타 산업기계,기타 일반기계,763700,8201909000,820190,8201,기타
일반기계,기타 산업기계,기타 일반기계,763700,8468209000,846820,8468,기타
일반기계,제조장비,용접·납땜장비,763700,8515110000,851511,8515,납땜용 인두와 건(gun)
일반기계,제조장비,용접·납땜장비,763700,8515191000,851519,8515,인쇄회로조립품의 제조에 전용되거나 주로 사용되는 침적 납땜용(wave soldering) 기계
일반기계,제조장비,용접·납땜장비,763700,8515199000,851519,8515,기타
일반기계,공구·금형,절삭·작업공구,763900,8205600000,820560,8205,블로램프(blow lamp)
일반기계,공구·금형,절삭·작업공구,763900,8205701000,820570,8205,바이스(vice)
일반기계,공구·금형,절삭·작업공구,763900,8205702000,820570,8205,클램프(clamp)
일반기계,공구·금형,절삭·작업공구,763900,8205709000,820570,8205,기타
철강,봉형강,철강·비합금강 형강,611110,7216103000,721610,7216,에이치(H)형강
철강,봉형강,철강·비합금강 형강,611110,7216333000,721633,7216,높이가 300밀리미터 미만인 것
철강,봉형강,철강·비합금강 형강,611110,7216334000,721633,7216,높이가 300밀리미터 이상 600밀리미터 이하인 것
철강,봉형강,철강·비합금강 형강,611110,7216335000,721633,7216,높이가 600밀리미터를 초과하는 것
철강,봉형강,철강·비합금강 형강,611120,7216210000,721621,7216,엘(L)형강
철강,봉형강,철강·비합금강 형강,611120,7216401000,721640,7216,엘(L)형강
철강,봉형강,철강·비합금강 형강,611130,7216101000,721610,7216,유(U)형강
철강,봉형강,철강·비합금강 형강,611130,7216310000,721631,7216,유(U)형강
철강,봉형강,철강·비합금강 형강,611190,7216102000,721610,7216,아이(I)형강
철강,봉형강,철강·비합금강 형강,611190,7216220000,721622,7216,티(T)형강
철강,봉형강,철강·비합금강 형강,611190,7216320000,721632,7216,아이(I)형강
철강,봉형강,철강·비합금강 형강,611190,7216402000,721640,7216,티(T)형강
철강,봉형강,철강·비합금강 형강,611190,7216500000,721650,7216,그 밖의 형강[열간(熱間)압연ㆍ열간인발(熱間引拔)ㆍ압출보다 더 가공하지 않은 것으로 한정한다]
철강,봉형강,철강·비합금강 형강,611190,7216610000,721661,7216,평판압연제품으로부터 만든 것
철강,봉형강,철강·비합금강 형강,611190,7216690000,721669,7216,기타
철강,봉형강,철강·비합금강 형강,611190,7216910000,721691,7216,평판압연제품으로부터 냉간(冷間)성형이나 냉간(冷間)처리한 것
철강,봉형강,철강·비합금강 형강,611190,7216990000,721699,7216,기타
철강,봉형강,철강·비합금강 형강,611190,7301101000,730110,7301,유(U)형
철강,봉형강,철강·비합금강 형강,611190,7301109000,730110,7301,기타
철강,봉형강,스테인리스·합금강 형강,611200,7222400000,722240,7222,형강(形鋼)
철강,봉형강,스테인리스·합금강 형강,611200,7228701010,722870,7228,붕소의 함유량이 전 중량의 100분의 0.0008 이상의 것
철강,봉형강,스테인리스·합금강 형강,611200,7228701090,722870,7228,기타
철강,봉형강,스테인리스·합금강 형강,611200,7228709000,722870,7228,기타
철강,봉형강,선재,612110,7213100000,721310,7213,압연공정에서 발생하는 톱니모양의 마디ㆍ리브(rib)ㆍ홈이나 그 밖의 모양으로 된 것
철강,봉형강,선재,612110,7213911010,721391,7213,탄소의 함유량이 전 중량의 100분의 0.25 이상인 것
철강,봉형강,선재,612110,7213911090,721391,7213,기타
철강,봉형강,선재,612110,7213919000,721391,7213,기타
철강,봉형강,선재,612110,7213991010,721399,7213,탄소의 함유량이 전 중량의 100분의 0.25 이상인 것
철강,봉형강,선재,612110,7213991090,721399,7213,기타
철강,봉형강,선재,612110,7213999000,721399,7213,기타
철강,봉형강,선재,612120,7213200000,721320,7213,기타[쾌삭강(快削鋼)의 것으로 한정한다]
철강,봉형강,선재,612120,7221000000,722100,7221,스테인리스강의 봉[열간(熱間)압연한 것으로서 불규칙적으로 감은 코일 모양인 것으로 한정한다]
철강,봉형강,선재,612120,7227100000,722710,7227,고속도강의 것
철강,봉형강,선재,612120,7227200000,722720,7227,실리코망간강의 것
철강,봉형강,선재,612120,7227901000,722790,7227,내열강의 것
철강,봉형강,선재,612120,7227909010,722790,7227,붕소의 함유량이 전 중량의 100분의 0.0008 이상이고 전 중량의 100분의 0.003 미만의 것
철강,봉형강,선재,612120,7227909020,722790,7227,붕소의 함유량이 전 중량의 100분의 0.003 이상의 것
철강,봉형강,선재,612120,7227909090,722790,7227,기타
철강,봉형강,봉강,612210,7214100000,721410,7214,단조(鍛造)한 것
철강,봉형강,봉강,612210,7214209000,721420,7214,기타
철강,봉형강,봉강,612210,7214910000,721491,7214,횡단면이 직사각형인 것(정사각형인 것은 제외한다)
철강,봉형강,봉강,612210,7214991000,721499,7214,탄소의 함유량이 전 중량의 100분의 0.6 미만인 것
철강,봉형강,봉강,612210,7215500000,721550,7215,기타[냉간(冷間)성형이나 냉간(冷間)처리보다 더 가공하지 않은 것으로 한정한다]
철강,봉형강,봉강,612210,7215900000,721590,7215,기타
철강,봉형강,봉강,612220,7214300000,721430,7214,기타[쾌삭강(快削鋼)의 것으로 한정한다]
철강,봉형강,봉강,612220,7214999000,721499,7214,기타
철강,봉형강,봉강,612220,7215100000,721510,7215,쾌삭강(快削鋼)의 것[냉간(冷間)성형이나 냉간(冷間)처리보다 더 가공하지 않은 것으로 한정한다]
철강,봉형강,봉강,612220,7222110000,722211,7222,횡단면이 원형인 것
철강,봉형강,봉강,612220,7222190000,722219,7222,기타
철강,봉형강,봉강,612220,7222200000,722220,7222,봉[냉간(冷間)성형이나 냉간(冷間)처리보다 더 가공하지 않은 것으로 한정한다]
철강,봉형강,봉강,612220,7222300000,722230,7222,그 밖의 봉
철강,봉형강,봉강,612220,7228100000,722810,7228,고속도강의 봉
철강,봉형강,봉강,612220,7228200000,722820,7228,실리코망간강의 봉
철강,봉형강,봉강,612220,7228301000,722830,7228,붕소의 함유량이 전 중량의 100분의 0.0008 이상의 것
철강,봉형강,봉강,612220,7228309000,722830,7228,기타
철강,봉형강,봉강,612220,7228401000,722840,7228,붕소의 함유량이 전 중량의 100분의 0.0008 이상의 것
철강,봉형강,봉강,612220,7228409000,722840,7228,기타
철강,봉형강,봉강,612220,7228500000,722850,7228,그 밖의 봉[냉간(冷間)성형이나 냉간(冷間)처리보다 더 가공하지 않은 것으로 한정한다]
철강,봉형강,봉강,612220,7228601000,722860,7228,철근(붕소의 함유량이 전 중량의 100분의 0.0008 이상의 것)
철강,봉형강,봉강,612220,7228609000,722860,7228,기타
철강,봉형강,봉강,612220,7228800000,722880,7228,중공(中空)드릴봉
철강,봉형강,철근,612300,7214201000,721420,7214,철근
철강,판재,후판,613110,7208400000,720840,7208,코일 모양이 아닌 것으로서 열간(熱間)압연보다 더 가공하지 않은 부조(浮彫)된 무늬가 있는 것
철강,판재,후판,613110,7208511000,720851,7208,인장강도가 490메가파스칼 이상인 것
철강,판재,후판,613110,7208519000,720851,7208,기타
철강,판재,후판,613110,7208521000,720852,7208,인장강도가 490메가파스칼 이상인 것
철강,판재,후판,613110,7208529000,720852,7208,기타
철강,판재,후판,613110,7208531000,720853,7208,인장강도가 490메가파스칼 이상인 것
철강,판재,후판,613110,7208539000,720853,7208,기타
철강,판재,후판,613110,7211130000,721113,7211,"4면을 압연한 것이나 크로스드박스패스(closed box pass)로 한 것(폭이 150밀리미터를 초과하고, 두께가 4밀리미터 이상인 것으로 한정하며, 코일 모양인 것과 부조(浮彫)된 무늬가 있는 것은 제외한다)"
철강,판재,후판,613120,7219211010,721921,7219,"니켈 함유량이 전 중량의 6% 미만이고, 망간 함유량이 전 중량의 3% 이상인 것"
철강,판재,후판,613120,7219211090,721921,7219,기타
철강,판재,후판,613120,7219219000,721921,7219,기타
철강,판재,후판,613120,7219221010,721922,7219,"니켈 함유량이 전 중량의 6% 미만이고, 망간 함유량이 전 중량의 3% 이상인 것"
철강,판재,후판,613120,7219221090,721922,7219,기타
철강,판재,후판,613120,7219229000,721922,7219,기타
철강,판재,후판,613120,7219231010,721923,7219,"니켈 함유량이 전 중량의 6% 미만이고, 망간 함유량이 전 중량의 3% 이상인 것"
철강,판재,후판,613120,7219231090,721923,7219,기타
철강,판재,후판,613120,7219239000,721923,7219,기타
철강,판재,후판,613130,7225401000,722540,7225,고속도강의 것
철강,판재,후판,613130,7225409010,722540,7225,인장강도가 490메가파스칼 이상인 것
철강,판재,후판,613130,7225409091,722540,7225,붕소의 함유량이 전 중량의 100분의 0.0008 이상의 것으로서 두께가 4.75밀리미터 이상의 것
철강,판재,후판,613130,7225409092,722540,7225,붕소의 함유량이 전 중량의 100분의 0.0008 이상의 것으로서 두께가 4.75밀리미터 미만의 것
철강,판재,후판,613130,7225409099,722540,7225,기타
철강,판재,열연강판,613210,7208101000,720810,7208,두께가 4.75밀리미터 이상인 것
철강,판재,열연강판,613210,7208109000,720810,7208,두께가 4.75밀리미터 미만인 것
철강,판재,열연강판,613210,7208251000,720825,7208,인장강도가 490메가파스칼 이상인 것
철강,판재,열연강판,613210,7208259000,720825,7208,기타
철강,판재,열연강판,613210,7208261000,720826,7208,인장강도가 490메가파스칼 이상인 것
철강,판재,열연강판,613210,7208269000,720826,7208,기타
철강,판재,열연강판,613210,7208271000,720827,7208,인장강도가 490메가파스칼 이상인 것
철강,판재,열연강판,613210,7208279000,720827,7208,기타
철강,판재,열연강판,613210,7208361000,720836,7208,인장강도가 490메가파스칼 이상인 것
철강,판재,열연강판,613210,7208369000,720836,7208,기타
철강,판재,열연강판,613210,7208371000,720837,7208,인장강도가 490메가파스칼 이상인 것
철강,판재,열연강판,613210,7208379000,720837,7208,기타
철강,판재,열연강판,613210,7208381000,720838,7208,인장강도가 490메가파스칼 이상인 것
철강,판재,열연강판,613210,7208389000,720838,7208,기타
철강,판재,열연강판,613210,7208391000,720839,7208,인장강도가 490메가파스칼 이상인 것
철강,판재,열연강판,613210,7208399000,720839,7208,기타
철강,판재,열연강판,613210,7208541000,720854,7208,인장강도가 490메가파스칼 이상인 것
철강,판재,열연강판,613210,7208549000,720854,7208,기타
철강,판재,열연강판,613210,7208900000,720890,7208,기타
철강,판재,열연강판,613210,7211141000,721114,7211,인장강도가 490메가파스칼 이상인 것
철강,판재,열연강판,613210,7211149000,721114,7211,기타
철강,판재,열연강판,613210,7211191000,721119,7211,인장강도가 490메가파스칼 이상인 것
철강,판재,열연강판,613210,7211199000,721119,7211,기타
철강,판재,열연강판,613220,7219111010,721911,7219,"니켈 함유량이 전 중량의 6% 미만이고, 망간 함유량이 전 중량의 3% 이상인 것"
철강,판재,열연강판,613220,7219111090,721911,7219,기타
철강,판재,열연강판,613220,7219119000,721911,7219,기타
철강,판재,열연강판,613220,7219121010,721912,7219,"니켈 함유량이 전 중량의 6% 미만이고, 망간 함유량이 전 중량의 3% 이상인 것"
철강,판재,열연강판,613220,7219121090,721912,7219,기타
철강,판재,열연강판,613220,7219129000,721912,7219,기타
철강,판재,열연강판,613220,7219131010,721913,7219,"니켈 함유량이 전 중량의 6% 미만이고, 망간 함유량이 전 중량의 3% 이상인 것"
철강,판재,열연강판,613220,7219131090,721913,7219,기타
철강,판재,열연강판,613220,7219139000,721913,7219,기타
철강,판재,열연강판,613220,7219141010,721914,7219,"니켈 함유량이 전 중량의 6% 미만이고, 망간 함유량이 전 중량의 3% 이상인 것"
철강,판재,열연강판,613220,7219141090,721914,7219,기타
철강,판재,열연강판,613220,7219149000,721914,7219,기타
철강,판재,열연강판,613220,7219241010,721924,7219,"니켈 함유량이 전 중량의 6% 미만이고, 망간 함유량이 전 중량의 3% 이상인 것"
철강,판재,열연강판,613220,7219241090,721924,7219,기타
철강,판재,열연강판,613220,7219249000,721924,7219,기타
철강,판재,열연강판,613220,7220111010,722011,7220,"니켈 함유량이 전 중량의 6% 미만이고, 망간 함유량이 전 중량의 3% 이상인 것"
철강,판재,열연강판,613220,7220111090,722011,7220,기타
철강,판재,열연강판,613220,7220119000,722011,7220,기타
철강,판재,열연강판,613220,7220121010,722012,7220,"니켈 함유량이 전 중량의 6% 미만이고, 망간 함유량이 전 중량의 3% 이상인 것"
철강,판재,열연강판,613220,7220121090,722012,7220,기타
철강,판재,열연강판,613220,7220129000,722012,7220,기타
철강,판재,열연강판,613230,7225301000,722530,7225,고속도강의 것
철강,판재,열연강판,613230,7225309010,722530,7225,인장강도가 490메가파스칼 이상인 것
철강,판재,열연강판,613230,7225309091,722530,7225,붕소의 함유량이 전 중량의 100분의 0.0008 이상의 것으로서 두께가 4.75밀리미터 이상의 것
철강,판재,열연강판,613230,7225309092,722530,7225,붕소의 함유량이 전 중량의 100분의 0.0008 이상의 것으로서 두께가 4.75밀리미터 미만의 것
철강,판재,열연강판,613230,7225309099,722530,7225,기타
철강,판재,열연강판,613230,7226200000,722620,7226,고속도강의 것
철강,판재,열연강판,613230,7226911000,722691,7226,붕소의 함유량이 전 중량의 100분의 0.0008 이상의 것으로서 두께가 4.75밀리미터 이상의 것
철강,판재,열연강판,613230,7226912000,722691,7226,붕소의 함유량이 전 중량의 100분의 0.0008 이상의 것으로서 두께가 4.75밀리미터 미만의 것
철강,판재,열연강판,613230,7226919000,722691,7226,기타
철강,판재,냉연강판,613310,7209151000,720915,7209,인장강도가 340메가파스칼 이상인 것
철강,판재,냉연강판,613310,7209159000,720915,7209,기타
철강,판재,냉연강판,613310,7209161000,720916,7209,인장강도가 340메가파스칼 이상인 것
철강,판재,냉연강판,613310,7209169000,720916,7209,기타
철강,판재,냉연강판,613310,7209171000,720917,7209,인장강도가 340메가파스칼 이상인 것
철강,판재,냉연강판,613310,7209179000,720917,7209,기타
철강,판재,냉연강판,613310,7209181000,720918,7209,인장강도가 340메가파스칼 이상인 것
철강,판재,냉연강판,613310,7209189000,720918,7209,기타
철강,판재,냉연강판,613310,7209251000,720925,7209,인장강도가 340메가파스칼 이상인 것
철강,판재,냉연강판,613310,7209259000,720925,7209,기타
철강,판재,냉연강판,613310,7209261000,720926,7209,인장강도가 340메가파스칼 이상인 것
철강,판재,냉연강판,613310,7209269000,720926,7209,기타
철강,판재,냉연강판,613310,7209271000,720927,7209,인장강도가 340메가파스칼 이상인 것
철강,판재,냉연강판,613310,7209279000,720927,7209,기타
철강,판재,냉연강판,613310,7209281000,720928,7209,인장강도가 340메가파스칼 이상인 것
철강,판재,냉연강판,613310,7209289000,720928,7209,기타
철강,판재,냉연강판,613310,7209900000,720990,7209,기타
철강,판재,냉연강판,613310,7211231000,721123,7211,인장강도가 340메가파스칼 이상인 것
철강,판재,냉연강판,613310,7211239000,721123,7211,기타
철강,판재,냉연강판,613310,7211291000,721129,7211,인장강도가 340메가파스칼 이상인 것
철강,판재,냉연강판,613310,7211299000,721129,7211,기타
철강,판재,냉연강판,613310,7211901000,721190,7211,인장강도가 340메가파스칼 이상인 것
철강,판재,냉연강판,613310,7211909000,721190,7211,기타
철강,판재,냉연강판,613320,7219311010,721931,7219,"니켈 함유량이 전 중량의 6% 미만이고, 망간 함유량이 전 중량의 3% 이상인 것"
철강,판재,냉연강판,613320,7219311090,721931,7219,기타
철강,판재,냉연강판,613320,7219319000,721931,7219,기타
철강,판재,냉연강판,613320,7219321010,721932,7219,"니켈 함유량이 전 중량의 6% 미만이고, 망간 함유량이 전 중량의 3% 이상인 것"
철강,판재,냉연강판,613320,7219321090,721932,7219,기타
철강,판재,냉연강판,613320,7219329000,721932,7219,기타
철강,판재,냉연강판,613320,7219331010,721933,7219,"니켈 함유량이 전 중량의 6% 미만이고, 망간 함유량이 전 중량의 3% 이상인 것"
철강,판재,냉연강판,613320,7219331090,721933,7219,기타
철강,판재,냉연강판,613320,7219339000,721933,7219,기타
철강,판재,냉연강판,613320,7219341010,721934,7219,"니켈 함유량이 전 중량의 6% 미만이고, 망간 함유량이 전 중량의 3% 이상인 것"
철강,판재,냉연강판,613320,7219341090,721934,7219,기타
철강,판재,냉연강판,613320,7219349000,721934,7219,기타
철강,판재,냉연강판,613320,7219351010,721935,7219,"니켈 함유량이 전 중량의 6% 미만이고, 망간 함유량이 전 중량의 3% 이상인 것"
철강,판재,냉연강판,613320,7219351090,721935,7219,기타
철강,판재,냉연강판,613320,7219359000,721935,7219,기타
철강,판재,냉연강판,613320,7219901010,721990,7219,"니켈 함유량이 전 중량의 6% 미만이고, 망간 함유량이 전 중량의 3% 이상인 것"
철강,판재,냉연강판,613320,7219901090,721990,7219,기타
철강,판재,냉연강판,613320,7219909000,721990,7219,기타
철강,판재,냉연강판,613320,7220201010,722020,7220,"니켈 함유량이 전 중량의 6% 미만이고, 망간 함유량이 전 중량의 3% 이상인 것"
철강,판재,냉연강판,613320,7220201090,722020,7220,기타
철강,판재,냉연강판,613320,7220209000,722020,7220,기타
철강,판재,냉연강판,613320,7220901010,722090,7220,"니켈 함유량이 전 중량의 6% 미만이고, 망간 함유량이 전 중량의 3% 이상인 것"
철강,판재,냉연강판,613320,7220901090,722090,7220,기타
철강,판재,냉연강판,613320,7220909000,722090,7220,기타
철강,판재,냉연강판,613330,7225501000,722550,7225,고속도강의 것
철강,판재,냉연강판,613330,7225509000,722550,7225,기타
철강,판재,냉연강판,613330,7225991000,722599,7225,고속도강의 것
철강,판재,냉연강판,613330,7225999000,722599,7225,기타
철강,판재,냉연강판,613330,7226920000,722692,7226,냉간압연(냉간환원)보다 더 가공하지 않은 것
철강,판재,냉연강판,613330,7226991000,722699,7226,비정질 합금 박판(두께가 100미크론 미만인 것으로 한정한다)
철강,판재,냉연강판,613330,7226999000,722699,7226,기타
철강,판재,아연도강판,613410,7210410000,721041,7210,물결 모양의 것
철강,판재,아연도강판,613410,7210491010,721049,7210,인장강도가 340메가파스칼 이상인 것
철강,판재,아연도강판,613410,7210491090,721049,7210,기타
철강,판재,아연도강판,613410,7210499010,721049,7210,인장강도가 340메가파스칼 이상인 것
철강,판재,아연도강판,613410,7210499090,721049,7210,기타
철강,판재,아연도강판,613410,7212301010,721230,7212,인장강도가 340메가파스칼 이상인 것
철강,판재,아연도강판,613410,7212301090,721230,7212,기타
철강,판재,아연도강판,613410,7212309010,721230,7212,인장강도가 340메가파스칼 이상인 것
철강,판재,아연도강판,613410,7212309090,721230,7212,기타
철강,판재,아연도강판,613410,7225921000,722592,7225,고속도강의 것
철강,판재,아연도강판,613410,7225929011,722592,7225,인장강도가 340메가파스칼 이상인 것
철강,판재,아연도강판,613410,7225929019,722592,7225,기타
철강,판재,아연도강판,613410,7225929091,722592,7225,인장강도가 340메가파스칼 이상인 것
철강,판재,아연도강판,613410,7225929099,722592,7225,기타
철강,판재,아연도강판,613410,7226993000,722699,7226,그 밖의 다른 방법으로 아연을 도금이나 도포한 것
철강,판재,아연도강판,613420,7210301000,721030,7210,인장강도가 340메가파스칼 이상인 것
철강,판재,아연도강판,613420,7210309000,721030,7210,기타
철강,판재,아연도강판,613420,7212201000,721220,7212,인장강도가 340메가파스칼 이상인 것
철강,판재,아연도강판,613420,7212209000,721220,7212,기타
철강,판재,아연도강판,613420,7225911000,722591,7225,고속도강의 것
철강,판재,아연도강판,613420,7225919010,722591,7225,인장강도가 340메가파스칼 이상인 것
철강,판재,아연도강판,613420,7225919090,722591,7225,기타
철강,판재,아연도강판,613420,7226992000,722699,7226,아연을 전해도금이나 전해 도포한 것
철강,판재,아연도강판,613430,7210701000,721070,7210,두께가 4.75밀리미터 이상의 것
철강,판재,아연도강판,613430,7210702000,721070,7210,두께가 4.75밀리미터 미만의 것
철강,판재,아연도강판,613430,7212401000,721240,7212,두께가 4.75밀리미터 이상인 것
철강,판재,아연도강판,613430,7212402000,721240,7212,두께가 4.75밀리미터 미만인 것
철강,판재,전기강판,613500,7225110000,722511,7225,방향성(方向性)인 것
철강,판재,전기강판,613500,7225190000,722519,7225,기타
철강,판재,전기강판,613500,7226110000,722611,7226,방향성(方向性)인 것
철강,판재,전기강판,613500,7226190000,722619,7226,기타
철강,판재,석도강판,613600,7210110000,721011,7210,두께가 0.5밀리미터 이상인 것
철강,판재,석도강판,613600,7210120000,721012,7210,두께가 0.5밀리미터 미만인 것
철강,판재,석도강판,613600,7212101000,721210,7212,두께가 0.5밀리미터 이상인 것
철강,판재,석도강판,613600,7212102000,721210,7212,두께가 0.5밀리미터 미만인 것
철강,판재,기타 표면처리강판,613700,7210200000,721020,7210,납을 도금하거나 도포한 것(함석판을 포함한다)
철강,판재,기타 표면처리강판,613700,7210500000,721050,7210,산화크로뮴이나 크로뮴과 산화크로뮴으로 도금하거나 도포한 것
철강,판재,기타 표면처리강판,613700,7210610000,721061,7210,알루미늄-아연 합금을 도금하거나 도포한 것
철강,판재,기타 표면처리강판,613700,7210690000,721069,7210,기타
철강,판재,기타 표면처리강판,613700,7210901000,721090,7210,니켈을 도금하거나 도포한 것
철강,판재,기타 표면처리강판,613700,7210902000,721090,7210,구리를 도금하거나 도포한 것
철강,판재,기타 표면처리강판,613700,7210909000,721090,7210,기타
철강,판재,기타 표면처리강판,613700,7212501000,721250,7212,니켈을 도금하거나 도포한 것
철강,판재,기타 표면처리강판,613700,7212502000,721250,7212,구리를 도금하거나 도포한 것
철강,판재,기타 표면처리강판,613700,7212509000,721250,7212,기타
철강,판재,기타 표면처리강판,613700,7212600000,721260,7212,클래드(clad)한 것
철강,강관,강관,614110,7305111000,730511,7305,대구경 용접강관
철강,강관,강관,614110,7305112000,730511,7305,대구경 용접강관
철강,강관,강관,614110,7305120000,730512,7305,대구경 용접강관
철강,강관,강관,614110,7305190000,730519,7305,대구경 용접강관
철강,강관,강관,614110,7305200000,730520,7305,유정·가스정용 케이싱
철강,강관,강관,614110,7305311000,730531,7305,서브머지드아크(submerged arc) 용접한 것
철강,강관,강관,614110,7305312000,730531,7305,전기저항 용접한 것
철강,강관,강관,614110,7305319000,730531,7305,기타
철강,강관,강관,614110,7305390000,730539,7305,기타
철강,강관,강관,614110,7305900000,730590,7305,기타
철강,강관,강관,614120,7306110000,730611,7306,기타 강관
철강,강관,강관,614120,7306190000,730619,7306,기타 강관
철강,강관,강관,614120,7306211000,730621,7306,기타 강관
철강,강관,강관,614120,7306212000,730621,7306,기타 강관
철강,강관,강관,614120,7306291000,730629,7306,기타 강관
철강,강관,강관,614120,7306292000,730629,7306,기타 강관
철강,강관,강관,614120,7306301010,730630,7306,기타 강관
철강,강관,강관,614120,7306301020,730630,7306,기타 강관
철강,강관,강관,614120,7306301030,730630,7306,기타 강관
철강,강관,강관,614120,7306301090,730630,7306,기타 강관
철강,강관,강관,614120,7306302010,730630,7306,기타 강관
철강,강관,강관,614120,7306302020,730630,7306,기타 강관
철강,강관,강관,614120,7306302030,730630,7306,기타 강관
철강,강관,강관,614120,7306302090,730630,7306,기타 강관
철강,강관,강관,614120,7306611010,730661,7306,기타 강관
철강,강관,강관,614120,7306611090,730661,7306,기타 강관
철강,강관,강관,614120,7306691010,730669,7306,기타 강관
철강,강관,강관,614120,7306691090,730669,7306,기타 강관
철강,강관,강관,614120,7306901000,730690,7306,기타 강관
철강,강관,강관,614120,7306909000,730690,7306,기타 강관
철강,강관,강관,614130,7304110000,730411,7304,기타 강관
철강,강관,강관,614130,7304190000,730419,7304,기타 강관
철강,강관,강관,614130,7304220000,730422,7304,기타 강관
철강,강관,강관,614130,7304230000,730423,7304,기타 강관
철강,강관,강관,614130,7304240000,730424,7304,기타 강관
철강,강관,강관,614130,7304290000,730429,7304,기타 강관
철강,강관,강관,614130,7304310000,730431,7304,기타 강관
철강,강관,강관,614130,7304390000,730439,7304,기타 강관
철강,강관,강관,614130,7304410000,730441,7304,기타 강관
철강,강관,강관,614130,7304490000,730449,7304,기타 강관
철강,강관,강관,614130,7304510000,730451,7304,기타 강관
철강,강관,강관,614130,7304590000,730459,7304,기타 강관
철강,강관,강관,614130,7304900000,730490,7304,기타 강관
철강,강관,강관,614140,7306401000,730640,7306,기타 강관
철강,강관,강관,614140,7306402000,730640,7306,기타 강관
철강,강관,강관,614140,7306612000,730661,7306,기타 강관
철강,강관,강관,614140,7306692000,730669,7306,기타 강관
철강,강관,강관,614150,7306500000,730650,7306,기타 강관
철강,강관,강관,614150,7306613000,730661,7306,기타 강관
철강,강관,강관,614150,7306693000,730669,7306,기타 강관
철강,선재·강선,강선,614210,7217100000,721710,7217,도금하거나 도포하지 않은 것(연마한 것인지에 상관없다)
철강,선재·강선,강선,614210,7217200000,721720,7217,아연을 도금하거나 도포한 것
철강,선재·강선,강선,614210,7217301000,721730,7217,구리를 도금하거나 도포한 것
철강,선재·강선,강선,614210,7217309000,721730,7217,기타
철강,선재·강선,강선,614210,7217900000,721790,7217,기타
철강,선재·강선,강선,614220,7223000000,722300,7223,스테인리스강의 선(線)
철강,선재·강선,강선,614230,7229200000,722920,7229,실리코망간강의 것
철강,선재·강선,강선,614230,7229901010,722990,7229,고속도강의 것
철강,선재·강선,강선,614230,7229901090,722990,7229,기타
철강,선재·강선,강선,614230,7229902010,722990,7229,고속도강의 것
철강,선재·강선,강선,614230,7229902090,722990,7229,기타
철강,선재·강선,강선,614230,7229909010,722990,7229,고속도강의 것
철강,선재·강선,강선,614230,7229909090,722990,7229,기타
철강,철도용 강재,레일·궤도재,615110,7302101010,730210,7302,열처리한 것
철강,철도용 강재,레일·궤도재,615110,7302101090,730210,7302,기타
철강,철도용 강재,레일·궤도재,615110,7302102010,730210,7302,열처리한 것
철강,철도용 강재,레일·궤도재,615110,7302102090,730210,7302,기타
철강,철도용 강재,레일·궤도재,615110,7302103010,730210,7302,열처리한 것
철강,철도용 강재,레일·궤도재,615110,7302103090,730210,7302,기타
철강,철도용 강재,레일·궤도재,615110,7302104010,730210,7302,열처리한 것
철강,철도용 강재,레일·궤도재,615110,7302104090,730210,7302,기타
철강,철도용 강재,레일·궤도재,615120,7302300000,730230,7302,스위치 블레이드(switch blade)ㆍ교차구류(crossing frog)ㆍ전철봉(point rod)과 그 밖의 크로싱피스(crossing piece)
철강,철도용 강재,레일·궤도재,615120,7302400000,730240,7302,이음매판(fish-plate)과 받침판(sole plate)
철강,철도용 강재,레일·궤도재,615120,7302900000,730290,7302,기타
철강,주단강,주단강·관이음쇠,617110,7307210000,730721,7307,플랜지(flange)
철강,주단강,주단강·관이음쇠,617110,7307221000,730722,7307,나선 가공한 슬리브(sleeve)(스테인리스강으로 만든 것에 한정한다)
철강,주단강,주단강·관이음쇠,617110,7307229000,730722,7307,기타
철강,주단강,주단강·관이음쇠,617110,7307230000,730723,7307,버트(butt)용접용 연결구
철강,주단강,주단강·관이음쇠,617110,7307290000,730729,7307,기타
철강,주단강,주단강·관이음쇠,617110,7307910000,730791,7307,플랜지(flange)
철강,주단강,주단강·관이음쇠,617110,7307921000,730792,7307,나선 가공한 슬리브(sleeve)(철강으로 만든 것에 한정한다)
철강,주단강,주단강·관이음쇠,617110,7307929000,730792,7307,기타
철강,주단강,주단강·관이음쇠,617110,7307930000,730793,7307,바트(butt)용접용 연결구
철강,주단강,주단강·관이음쇠,617110,7307991000,730799,7307,나선가공한 것(도금여부에 상관없다)
철강,주단강,주단강·관이음쇠,617110,7307999000,730799,7307,기타
철강,주단강,주단강·관이음쇠,617110,7325910000,732591,7325,분쇄기용 그라인딩볼(grinding ball)과 이와 유사한 물품
철강,주단강,주단강·관이음쇠,617110,7325992000,732599,7325,주강으로 만든 것
철강,주단강,주단강·관이음쇠,617110,7325993000,732599,7325,합금강으로 만든 것
철강,주단강,주단강·관이음쇠,617120,7326110000,732611,7326,분쇄기용 그라인딩볼(grinding ball)과 이와 유사한 물품
철강,주단강,주단강·관이음쇠,617120,7326190000,732619,7326,기타
철강,반제품,강반제품,619110,7207111000,720711,7207,블룸(bloom)
철강,반제품,강반제품,619110,7207201000,720720,7207,블룸(bloom)
철강,반제품,강반제품,619110,7218991000,721899,7218,블룸(bloom)
철강,반제품,강반제품,619110,7224901000,722490,7224,블룸(bloom)
철강,반제품,강반제품,619120,7207112000,720711,7207,빌릿(billet)
철강,반제품,강반제품,619120,7207202000,720720,7207,빌릿(billet)
철강,반제품,강반제품,619120,7218992000,721899,7218,빌릿(billet)
철강,반제품,강반제품,619120,7224902000,722490,7224,빌릿(billet)
철강,반제품,강반제품,619130,7207121000,720712,7207,슬래브
철강,반제품,강반제품,619130,7207203000,720720,7207,슬래브
철강,반제품,강반제품,619130,7218911000,721891,7218,슬래브
철강,반제품,강반제품,619130,7224903000,722490,7224,슬래브
철강,반제품,강반제품,619140,7207122000,720712,7207,시트바(sheet bar)
철강,반제품,강반제품,619140,7218912000,721891,7218,시트바(sheet bar)
철강,반제품,강반제품,619140,7224904000,722490,7224,시트바(sheet bar)
철강,반제품,강반제품,619190,7206100000,720610,7206,잉곳(ingot)
철강,반제품,강반제품,619190,7206900000,720690,7206,기타
철강,반제품,강반제품,619190,7207190000,720719,7207,기타
철강,반제품,강반제품,619190,7207209000,720720,7207,기타
철강,반제품,강반제품,619190,7218919000,721891,7218,기타
철강,반제품,강반제품,619190,7218999000,721899,7218,기타
철강,반제품,강반제품,619190,7224909000,722490,7224,기타
철강,반제품,스테인리스·합금강 반제품,619200,7218101000,721810,7218,잉곳(ingot)
철강,반제품,스테인리스·합금강 반제품,619200,7218109000,721810,7218,기타
철강,반제품,스테인리스·합금강 반제품,619200,7224101000,722410,7224,잉곳(ingot)
철강,반제품,스테인리스·합금강 반제품,619200,7224109000,722410,7224,기타
선박,선박,여객선·페리,746110,8901100000,890110,8901,"순항선ㆍ유람선과 이와 유사한 선박(주로 사람 수송용으로 설계된 것으로 한정한다), 각종 페리보트(ferry-boat)"
선박,선박,탱커,746120,8901200000,890120,8901,탱커(유조선·가스운반선 포함)
선박,선박,냉동운반선,746120,8901300000,890130,8901,냉동선(소호 제8901.20호의 것은 제외한다)
선박,선박,화물선,746120,8901901000,890190,8901,화물선(컨테이너선·벌크선 등 포함)
선박,선박,화물선,746120,8901902000,890190,8901,화객선
선박,선박,어선·수산가공선,746130,8902001010,890200,8902,철강선
선박,선박,어선·수산가공선,746130,8902001020,890200,8902,에프알피(FRP)선
선박,선박,어선·수산가공선,746130,8902001030,890200,8902,목조선
선박,선박,어선·수산가공선,746130,8902001090,890200,8902,기타
선박,선박,어선·수산가공선,746130,8902002010,890200,8902,어획물의 가공선ㆍ저장선
선박,선박,어선·수산가공선,746130,8902002090,890200,8902,기타
선박,선박,레저보트·요트,746140,8903110000,890311,8903,모터가 결합되었거나 결합되도록 설계된 것[짐을 싣지 않은 순중량(모터를 제외한다)이 100 킬로그램 이하인 것으로 한정한다]
선박,선박,레저보트·요트,746140,8903120000,890312,8903,모터를 사용하도록 설계되지 않은 것[짐을 싣지 않은 순중량이 100 킬로그램 이하인 것으로 한정한다]
선박,선박,레저보트·요트,746140,8903190000,890319,8903,기타
선박,선박,레저보트·요트,746140,8903210000,890321,8903,길이가 7.5미터 이하인 것
선박,선박,레저보트·요트,746140,8903220000,890322,8903,길이가 7.5미터를 초과하고 24미터 이하인 것
선박,선박,레저보트·요트,746140,8903230000,890323,8903,길이가 24미터를 초과하는 것
선박,선박,레저보트·요트,746151,8903931000,890393,8903,아웃보드 모터보트(outboard motorboat)
선박,선박,레저보트·요트,746151,8903991000,890399,8903,아웃보드 모터보트(outboard motorboat)
선박,선박,레저보트·요트,746159,8903310000,890331,8903,길이가 7.5미터 이하인 것
선박,선박,레저보트·요트,746159,8903320000,890332,8903,길이가 7.5미터를 초과하고 24미터 이하인 것
선박,선박,레저보트·요트,746159,8903330000,890333,8903,길이가 24미터를 초과하는 것
선박,선박,레저보트·요트,746159,8903939000,890393,8903,기타
선박,선박,레저보트·요트,746159,8903999000,890399,8903,기타
선박,선박,예인선·푸셔,746160,8904001000,890400,8904,예인선
선박,선박,예인선·푸셔,746160,8904002000,890400,8904,푸셔크라프트(pusher craft)
선박,선박,예인선·푸셔,746160,8904009000,890400,8904,기타
선박,선박,군함,746170,8906100000,890610,8906,군함
선박,선박,특수선,746190,8905100000,890510,8905,준설선
선박,선박,특수선,746190,8905901000,890590,8905,조명선
선박,선박,특수선,746190,8905902000,890590,8905,소방선
선박,선박,특수선,746190,8905903000,890590,8905,기중기선
선박,선박,특수선,746190,8905905000,890590,8905,해난구조선
선박,선박,특수선,746190,8905907000,890590,8905,시추선
선박,선박,특수선,746190,8905908000,890590,8905,부선거(艀船渠)
선박,선박,특수선,746190,8905909000,890590,8905,기타
선박,선박,특수선,746190,8906900000,890690,8906,기타
선박,선박,해체용 선박·기타,746190,8908001000,890800,8908,해체용 선박
선박,해양플랜트,시추·작업 플랫폼,746200,8905201000,890520,8905,시추대
선박,해양플랜트,시추·작업 플랫폼,746200,8905202000,890520,8905,작업대
선박,해양플랜트,시추·작업 플랫폼,746200,8905209000,890520,8905,기타
선박,해양구조물,부유구조물,746200,8907100000,890710,8907,공기주입식 부교
선박,해양구조물,부유구조물,746200,8907901000,890790,8907,부교(소호 제8907.10호의 것은 제외한다)
선박,해양구조물,부유구조물,746200,8907902000,890790,8907,탱크
선박,해양구조물,부유구조물,746200,8907903000,890790,8907,코퍼댐(coffer-dam)
선박,해양구조물,부유구조물,746200,8907904000,890790,8907,부잔교(landing stage)
선박,해양구조물,부유구조물,746200,8907905000,890790,8907,부표
선박,해양구조물,부유구조물,746200,8907906000,890790,8907,수로부표
선박,해양구조물,부유구조물,746200,8907909000,890790,8907,기타
선박,선박,해체용 선박·기타,746200,8908009000,890800,8908,기타
선박,선박기자재,선박 엔진·추진기,746310,8406100000,840610,8406,선박추진용 터빈
선박,선박기자재,선박 엔진·추진기,746310,8406901000,840690,8406,선박추진용 증기터빈의 것
선박,선박기자재,선박 엔진·추진기,746320,8411119010,841111,8411,선박용
선박,선박기자재,선박 엔진·추진기,746320,8411129010,841112,8411,선박용
선박,선박기자재,선박 엔진·추진기,746320,8411219010,841121,8411,선박용
선박,선박기자재,선박 엔진·추진기,746320,8411229010,841122,8411,선박용
선박,선박기자재,선박 엔진·추진기,746320,8411819010,841181,8411,선박용
선박,선박기자재,선박 엔진·추진기,746320,8411829010,841182,8411,선박용
선박,선박기자재,선박 엔진·추진기,746330,8407210000,840721,8407,아웃보드(outboard) 모터
선박,선박기자재,선박 엔진·추진기,746330,8409912000,840991,8409,아웃보드(outboard) 모터의 것
선박,선박기자재,선박 엔진·추진기,746340,8408101000,840810,8408,출력이 300킬로와트 이하인 것
선박,선박기자재,선박 엔진·추진기,746340,8408102000,840810,8408,"출력이 300킬로와트 초과 2,000킬로와트 이하인 것"
선박,선박기자재,선박 엔진·추진기,746340,8408103000,840810,8408,"출력이 2,000킬로와트를 초과하는 것"
선박,선박기자재,선박 엔진·추진기,746340,8408909010,840890,8408,선박용 내연기관
선박,선박기자재,선박 엔진·추진기,746340,8409998010,840999,8409,출력이 300킬로와트 이하인 내연기관의 것
선박,선박기자재,선박 엔진·추진기,746340,8409998020,840999,8409,"출력이 300킬로와트 초과 2,000킬로와트 이하인 내연기관의 것"
선박,선박기자재,선박 엔진·추진기,746340,8409998030,840999,8409,"출력이 2,000킬로와트를 초과하는 내연기관의 것"
선박,선박기자재,선박 기자재,746400,7316001000,731600,7316,닻
선박,선박기자재,선박 기자재,746400,7316002000,731600,7316,부분품
선박,선박기자재,선박 기자재,746400,8413303000,841330,8413,선박용
선박,선박기자재,선박 기자재,746400,8426991000,842699,8426,선박의 데릭(derrick)
선박,선박기자재,선박 기자재,746400,8479899020,847989,8479,선박용ㆍ어업용 기기
선박,선박기자재,선박 기자재,746400,8479909070,847990,8479,선박용ㆍ어업 기기의 것
선박,선박기자재,선박 기자재,746400,8487100000,848710,8487,선박이나 보트의 추진기와 그 블레이드(blade)
무선통신기기,휴대폰,휴대폰,812130,8517141000,851714,8517,기타 휴대폰
무선통신기기,휴대폰,휴대폰,812130,8517143000,851714,8517,기타 휴대폰
무선통신기기,휴대폰,휴대폰,812140,8517142000,851714,8517,기타 휴대폰
무선통신기기,휴대폰,휴대폰,812150,8517144000,851714,8517,기타 휴대폰
무선통신기기,휴대폰,스마트폰,812160,8517130000,851713,8517,스마트폰
무선통신기기,휴대폰,휴대폰,812190,8517149000,851714,8517,기타 휴대폰
무선통신기기,통신장비,무선 송수신기,812200,8517622040,851762,8517,무선통신용
무선통신기기,통신장비,무선 송수신기,812200,8525501000,852550,8525,라디오 방송용
무선통신기기,통신장비,무선 송수신기,812200,8525502000,852550,8525,텔레비전용
무선통신기기,통신장비,무선 송수신기,812200,8525509000,852550,8525,기타
무선통신기기,통신장비,무선 송수신기,812200,8525601000,852560,8525,라디오 방송용
무선통신기기,통신장비,무선 송수신기,812200,8525602000,852560,8525,텔레비전용
무선통신기기,영상통신,카메라·영상기기,812410,8525810000,852581,8525,이 류의 소호주 제1호에 규정된 고속 카메라
무선통신기기,영상통신,카메라·영상기기,812410,8525820000,852582,8525,기타[이 류의 소호주 제2호에 규정된 방사선 경화ㆍ내(耐)방사선 카메라로 한정한다]
무선통신기기,영상통신,카메라·영상기기,812410,8525830000,852583,8525,기타(이 류의 소호주 제3호에 규정된 야간투시 카메라로 한정한다)
무선통신기기,영상통신,카메라·영상기기,812410,8525891000,852589,8525,"초소형 카메라(필기구, 버튼, 안경, 시계, USB 메모리 등 일상소품이나 다른 전기기기에 장착되었거나 장착되도록 설계제작된 것)"
무선통신기기,영상통신,카메라·영상기기,812410,8525892000,852589,8525,그 밖의 텔레비전 카메라
무선통신기기,영상통신,카메라·영상기기,812410,9013200000,901320,9013,레이저기기[레이저 다이오드(laser diode)는 제외한다]
무선통신기기,영상통신,카메라·영상기기,812420,8528420000,852842,8528,제8471호의 자동자료처리기계에 사용하도록 설계된 것으로 직접 연결하여 사용할 수 있는 것
무선통신기기,영상통신,카메라·영상기기,812420,8528491010,852849,8528,의료용으로 특수 제작된 것
무선통신기기,영상통신,카메라·영상기기,812420,8528491090,852849,8528,기타
무선통신기기,영상통신,카메라·영상기기,812420,8528492010,852849,8528,의료용으로 특수 제작된 것
무선통신기기,영상통신,카메라·영상기기,812420,8528492090,852849,8528,기타
무선통신기기,영상통신,카메라·영상기기,812420,8528591090,852859,8528,기타
무선통신기기,영상통신,카메라·영상기기,812420,8528592090,852859,8528,기타
무선통신기기,영상통신,카메라·영상기기,812420,8528690000,852869,8528,기타
무선통신기기,영상통신,영상 수신기기,812510,8528712020,852871,8528,쌍방향 커뮤니케이션 기능을 갖춘 것
무선통신기기,영상통신,영상 수신기기,812510,8528712090,852871,8528,기타
무선통신기기,영상통신,영상 수신기기,812510,8528713000,852871,8528,TV튜너가 내장된 프로젝터
무선통신기기,영상통신,영상 수신기기,812520,8528711000,852871,8528,비디오 튜너
무선통신기기,영상통신,영상 수신기기,812590,8517694000,851769,8517,무선통신용
무선통신기기,통신장비,레이더·항법·원격제어,812610,8526101000,852610,8526,항공기용
무선통신기기,통신장비,레이더·항법·원격제어,812610,8526109000,852610,8526,기타
무선통신기기,통신장비,레이더·항법·원격제어,812610,8526911010,852691,8526,항공기용
무선통신기기,통신장비,레이더·항법·원격제어,812610,8526911090,852691,8526,기타
무선통신기기,통신장비,레이더·항법·원격제어,812610,8526912010,852691,8526,항공기용
무선통신기기,통신장비,레이더·항법·원격제어,812610,8526912090,852691,8526,기타
무선통신기기,통신장비,레이더·항법·원격제어,812610,8526913010,852691,8526,항공기용
무선통신기기,통신장비,레이더·항법·원격제어,812610,8526913020,852691,8526,자동차용
무선통신기기,통신장비,레이더·항법·원격제어,812610,8526913090,852691,8526,기타
무선통신기기,통신장비,레이더·항법·원격제어,812610,8526914000,852691,8526,로란 리시버
무선통신기기,통신장비,레이더·항법·원격제어,812610,8526919010,852691,8526,항공기용
무선통신기기,통신장비,레이더·항법·원격제어,812610,8526919020,852691,8526,자동차용
무선통신기기,통신장비,레이더·항법·원격제어,812610,8526919090,852691,8526,기타
무선통신기기,통신장비,레이더·항법·원격제어,812620,8526920000,852692,8526,무선원격조절기기
무선통신기기,통신장비,기지국·통신장비,812720,8517610000,851761,8517,기지국
무선통신기기,통신장비,기지국·통신장비,812720,8517621020,851762,8517,무선 네트워크장비
무선통신기기,통신장비,기지국·통신장비,812720,8517623010,851762,8517,유선 통신장비
무선통신기기,통신장비,기지국·통신장비,812720,8517623020,851762,8517,무선 네트워크장비
무선통신기기,통신장비,기지국·통신장비,812720,8525609000,852560,8525,기타
무선통신기기,부품,무선통신기기 부품,812810,8529101000,852910,8529,기타 무선통신 부품
무선통신기기,부품,무선통신기기 부품,812810,8529109100,852910,8529,기타 무선통신 부품
무선통신기기,부품,무선통신기기 부품,812810,8529109200,852910,8529,기타 무선통신 부품
무선통신기기,부품,무선통신기기 부품,812810,8529109900,852910,8529,기타 무선통신 부품
무선통신기기,부품,스마트폰 부품,812820,8517791020,851779,8517,스마트폰 부품
무선통신기기,부품,무선통신기기 부품,812890,8517711000,851771,8517,기타 무선통신 부품
무선통신기기,부품,무선통신기기 부품,812890,8517719000,851771,8517,기타 무선통신 부품
무선통신기기,부품,무선통신기기 부품,812890,8517791030,851779,8517,기타 무선통신 부품
무선통신기기,부품,무선통신기기 부품,812890,8517792000,851779,8517,기타 무선통신 부품
무선통신기기,부품,무선통신기기 부품,812890,8517794000,851779,8517,기타 무선통신 부품
무선통신기기,부품,무선통신기기 부품,812890,8529903010,852990,8529,기타 무선통신 부품
무선통신기기,부품,무선통신기기 부품,812890,8529903020,852990,8529,기타 무선통신 부품
무선통신기기,부품,무선통신기기 부품,812890,8529904000,852990,8529,기타 무선통신 부품
무선통신기기,부품,무선통신기기 부품,812890,8529906010,852990,8529,기타 무선통신 부품
디스플레이,LCD,LCD,837110,8524111000,852411,8524,LCD-노트북·태블릿
디스플레이,LCD,LCD,837110,8524112000,852411,8524,LCD-모바일·통신
디스플레이,LCD,LCD,837110,8524113000,852411,8524,LCD-TV
디스플레이,LCD,LCD,837110,8524114000,852411,8524,LCD-모니터
디스플레이,LCD,LCD,837110,8524115000,852411,8524,LCD-시각신호
디스플레이,LCD,LCD,837110,8524119000,852411,8524,LCD-기타
디스플레이,LCD,LCD,837110,8524911000,852491,8524,LCD-노트북·태블릿
디스플레이,LCD,LCD,837110,8524912000,852491,8524,LCD-모바일·통신
디스플레이,LCD,LCD,837110,8524913000,852491,8524,LCD-TV
디스플레이,LCD,LCD,837110,8524914000,852491,8524,LCD-모니터
디스플레이,LCD,LCD,837110,8524915000,852491,8524,LCD-시각신호
디스플레이,LCD,LCD,837110,8524919000,852491,8524,LCD-기타
디스플레이,LCD,LCD,837110,8529906022,852990,8529,LCD-기타
디스플레이,LCD,LCD,837110,8531201000,853120,8531,LCD-표시반
디스플레이,LCD,LCD,837110,8538909000,853890,8538,LCD-기타
디스플레이,OLED,OLED,837120,8524121000,852412,8524,OLED-노트북·태블릿
디스플레이,OLED,OLED,837120,8524122000,852412,8524,OLED-모바일·통신
디스플레이,OLED,OLED,837120,8524123000,852412,8524,OLED-TV
디스플레이,OLED,OLED,837120,8524124000,852412,8524,OLED-모니터
디스플레이,OLED,OLED,837120,8524125000,852412,8524,OLED-시각신호
디스플레이,OLED,OLED,837120,8524129000,852412,8524,OLED-기타
디스플레이,OLED,OLED,837120,8524921000,852492,8524,OLED-노트북·태블릿
디스플레이,OLED,OLED,837120,8524922000,852492,8524,OLED-모바일·통신
디스플레이,OLED,OLED,837120,8524923000,852492,8524,OLED-TV
디스플레이,OLED,OLED,837120,8524924000,852492,8524,OLED-모니터
디스플레이,OLED,OLED,837120,8524925000,852492,8524,OLED-시각신호
디스플레이,OLED,OLED,837120,8524929000,852492,8524,OLED-기타
디스플레이,OLED,OLED,837120,8529906023,852990,8529,OLED-기타
디스플레이,OLED,OLED,837120,8531909000,853190,8531,OLED-기타
디스플레이,OLED,OLED,837120,8548009000,854800,8548,OLED-기타
디스플레이,기타 디스플레이,기타 디스플레이,837130,8524191000,852419,8524,기타 디스플레이-노트북·태블릿
디스플레이,기타 디스플레이,기타 디스플레이,837130,8524192000,852419,8524,기타 디스플레이-모바일·통신
디스플레이,기타 디스플레이,기타 디스플레이,837130,8524193000,852419,8524,기타 디스플레이-TV
디스플레이,기타 디스플레이,기타 디스플레이,837130,8524194000,852419,8524,기타 디스플레이-모니터
디스플레이,기타 디스플레이,기타 디스플레이,837130,8524195000,852419,8524,기타 디스플레이-시각신호
디스플레이,기타 디스플레이,기타 디스플레이,837130,8524199000,852419,8524,기타 디스플레이-기타
디스플레이,기타 디스플레이,기타 디스플레이,837130,8524991000,852499,8524,기타 디스플레이-노트북·태블릿
디스플레이,기타 디스플레이,기타 디스플레이,837130,8524992000,852499,8524,기타 디스플레이-모바일·통신
디스플레이,기타 디스플레이,기타 디스플레이,837130,8524993000,852499,8524,기타 디스플레이-TV
디스플레이,기타 디스플레이,기타 디스플레이,837130,8524994000,852499,8524,기타 디스플레이-모니터
디스플레이,기타 디스플레이,기타 디스플레이,837130,8524995000,852499,8524,기타 디스플레이-시각신호
디스플레이,기타 디스플레이,기타 디스플레이,837130,8524999000,852499,8524,기타 디스플레이-기타
섬유,화학섬유 원료,폴리에스터 스테이플섬유,411100,5501200000,550120,5501,폴리에스테르의 것
섬유,화학섬유 원료,폴리에스터 스테이플섬유,411100,5503201000,550320,5503,이형단면(異型斷面)인 것
섬유,화학섬유 원료,폴리에스터 스테이플섬유,411100,5503209000,550320,5503,기타
섬유,화학섬유 원료,폴리에스터 스테이플섬유,411100,5506200000,550620,5506,폴리에스테르의 것
섬유,화학섬유 원료,아크릴·모다크릴 스테이플섬유,411200,5501300000,550130,5501,아크릴이나 모다크릴(modacrylic)의 것
섬유,화학섬유 원료,아크릴·모다크릴 스테이플섬유,411200,5503301000,550330,5503,아크릴의 것
섬유,화학섬유 원료,아크릴·모다크릴 스테이플섬유,411200,5503302000,550330,5503,모다크릴(modacrylic)의 것
섬유,화학섬유 원료,아크릴·모다크릴 스테이플섬유,411200,5506300000,550630,5506,아크릴이나 모다크릴(modacrylic)의 것
섬유,화학섬유 원료,아크릴·모다크릴 스테이플섬유,411200,5506400000,550640,5506,폴리프로필렌의 것
섬유,화학섬유 원료,나일론·아라미드 스테이플섬유,411310,5501190000,550119,5501,기타
섬유,화학섬유 원료,나일론·아라미드 스테이플섬유,411310,5503190000,550319,5503,기타
섬유,화학섬유 원료,나일론·아라미드 스테이플섬유,411310,5506100000,550610,5506,나일론이나 그 밖의 폴리아미드의 것
섬유,화학섬유 원료,나일론·아라미드 스테이플섬유,411320,5501110000,550111,5501,아라미드의 것
섬유,화학섬유 원료,나일론·아라미드 스테이플섬유,411320,5503110000,550311,5503,아라미드(aramid)의 것
섬유,화학섬유 원료,기타 합성 스테이플섬유,411900,5501400000,550140,5501,폴리프로필렌의 것
섬유,화학섬유 원료,기타 합성 스테이플섬유,411900,5501900000,550190,5501,기타
섬유,화학섬유 원료,기타 합성 스테이플섬유,411900,5503400000,550340,5503,폴리프로필렌의 것
섬유,화학섬유 원료,기타 합성 스테이플섬유,411900,5503900000,550390,5503,기타
섬유,화학섬유 원료,기타 합성 스테이플섬유,411900,5505100000,550510,5505,합성섬유의 것
섬유,화학섬유 원료,기타 합성 스테이플섬유,411900,5506900000,550690,5506,기타
섬유,화학섬유 원료,재생·반합성 스테이플섬유,412100,5502900000,550290,5502,기타
섬유,화학섬유 원료,재생·반합성 스테이플섬유,412100,5504101000,550410,5504,이형단면(異型斷面)인 것
섬유,화학섬유 원료,재생·반합성 스테이플섬유,412100,5504102000,550410,5504,폴리노직(polynosic) 단면인 것
섬유,화학섬유 원료,재생·반합성 스테이플섬유,412100,5504109000,550410,5504,기타
섬유,화학섬유 원료,재생·반합성 스테이플섬유,412100,5507000000,550700,5507,재생ㆍ반(半)합성 스테이플섬유[카드(card)ㆍ코움(comb)이나 그 밖의 방적준비 처리를 한 것으로 한정한다]
섬유,화학섬유 원료,아세테이트 토우,412200,5502101000,550210,5502,"44,000 데시텍스 미만의 것"
섬유,화학섬유 원료,아세테이트 토우,412200,5502102000,550210,5502,"44,000 데시텍스 이상의 것"
섬유,화학섬유 원료,기타 재생·반합성 섬유,412900,5504902000,550490,5504,리오셀(lyocell)의 것
섬유,화학섬유 원료,기타 재생·반합성 섬유,412900,5504909000,550490,5504,기타
섬유,화학섬유 원료,기타 재생·반합성 섬유,412900,5505200000,550520,5505,재생ㆍ반(半)합성 섬유의 것
섬유,천연섬유 원료,생사·견 원료,413100,5002001010,500200,5002,20데시텍스 이하인 것
섬유,천연섬유 원료,생사·견 원료,413100,5002001020,500200,5002,20데시텍스 초과 25.56데시텍스 이하인 것
섬유,천연섬유 원료,생사·견 원료,413100,5002001030,500200,5002,25.56데시텍스 초과 28.89데시텍스 이하인 것
섬유,천연섬유 원료,생사·견 원료,413100,5002001040,500200,5002,28.89데시텍스 초과 36.67데시텍스 이하인 것
섬유,천연섬유 원료,생사·견 원료,413100,5002001050,500200,5002,36.67데시텍스를 초과하는 것
섬유,천연섬유 원료,생사·견 원료,413100,5002002000,500200,5002,옥사(doupion silk)
섬유,천연섬유 원료,생사·견 원료,413100,5002009000,500200,5002,기타
섬유,천연섬유 원료,양모·동물모,413200,5104000000,510400,5104,양모ㆍ동물의 부드러운 털이나 거친 털의 가닛스톡(garnetted stock)
섬유,천연섬유 원료,양모·동물모,413200,5105100000,510510,5105,카드(card)한 양모
섬유,천연섬유 원료,양모·동물모,413200,5105210000,510521,5105,코움(comb)한 양모(단편 모양으로 한정한다)
섬유,천연섬유 원료,양모·동물모,413200,5105290000,510529,5105,기타
섬유,천연섬유 원료,양모·동물모,413200,5105310000,510531,5105,캐시미어 염소의 것
섬유,천연섬유 원료,양모·동물모,413200,5105390000,510539,5105,기타
섬유,천연섬유 원료,양모·동물모,413200,5105400000,510540,5105,동물의 거친 털[카드(card)하거나 코움(comb)한 것으로 한정한다]
섬유,천연섬유 원료,면화,413300,5201001000,520100,5201,실면(實綿)
섬유,천연섬유 원료,면화,413300,5201009010,520100,5201,섬유 길이가 23.2밀리미터 미만인 것
섬유,천연섬유 원료,면화,413300,5201009020,520100,5201,섬유 길이가 23.2밀리미터 이상 25.4밀리미터 미만인 것
섬유,천연섬유 원료,면화,413300,5201009030,520100,5201,섬유 길이가 25.4밀리미터 이상 28.5밀리미터 미만인 것
섬유,천연섬유 원료,면화,413300,5201009050,520100,5201,섬유 길이가 28.5밀리미터 이상 34.9밀리미터 미만인 것
섬유,천연섬유 원료,면화,413300,5201009060,520100,5201,섬유 길이가 34.9밀리미터 이상인 것
섬유,천연섬유 원료,면화,413300,5202100000,520210,5202,실(yarn)의 웨이스트(waste)[실(thread)의 웨이스트(waste)를 포함한다]
섬유,천연섬유 원료,면화,413300,5202910000,520291,5202,가닛스톡(garnetted stock)
섬유,천연섬유 원료,면화,413300,5202990000,520299,5202,기타
섬유,천연섬유 원료,면화,413300,5203000000,520300,5203,면[카드(card)하거나 코움(comb)한 것으로 한정한다]
섬유,천연섬유 원료,황마·인피섬유,413400,5303101000,530310,5303,황마
섬유,천연섬유 원료,황마·인피섬유,413400,5303102000,530310,5303,그 밖의 방직용 인피(靭皮)섬유
섬유,천연섬유 원료,황마·인피섬유,413400,5303901010,530390,5303,황마
섬유,천연섬유 원료,황마·인피섬유,413400,5303901090,530390,5303,그 밖의 방직용 인피(靭皮)섬유
섬유,천연섬유 원료,황마·인피섬유,413400,5303909010,530390,5303,황마의 토우(tow)와 웨이스트(waste)
섬유,천연섬유 원료,황마·인피섬유,413400,5303909090,530390,5303,그 밖의 방직용 인피(靭皮)섬유의 토우(tow)와 웨이스트(waste)
섬유,천연섬유 원료,황마·인피섬유,413400,5305001000,530500,5305,코코넛[코이어(coir)]의 것
섬유,천연섬유 원료,황마·인피섬유,413400,5305002000,530500,5305,아바카(마닐라마)의 것
섬유,천연섬유 원료,황마·인피섬유,413400,5305003000,530500,5305,사이잘(sisal)마와 아가베(Agave)속의 것
섬유,천연섬유 원료,황마·인피섬유,413400,5305009000,530500,5305,기타
섬유,천연섬유 원료,아마·기타 식물섬유,413900,5301100000,530110,5301,생아마나 침지(沈漬)아마
섬유,천연섬유 원료,아마·기타 식물섬유,413900,5301210000,530121,5301,줄기를 으깨거나(broken) 두드린(scutched) 것
섬유,천연섬유 원료,아마·기타 식물섬유,413900,5301290000,530129,5301,기타
섬유,천연섬유 원료,아마·기타 식물섬유,413900,5301301000,530130,5301,아마의 토우(tow)
섬유,천연섬유 원료,아마·기타 식물섬유,413900,5301302000,530130,5301,아마의 웨이스트(waste)
섬유,천연섬유 원료,아마·기타 식물섬유,413900,5302100000,530210,5302,생대마나 침지(沈漬)대마
섬유,천연섬유 원료,아마·기타 식물섬유,413900,5302901000,530290,5302,줄기를 으깨거나(broken) 두드리거나(scutched) 훑어내리거나(hackled) 그 밖의 방법으로 가공한 대마(방적한 것은 제외한다)
섬유,천연섬유 원료,아마·기타 식물섬유,413900,5302902010,530290,5302,대마의 토우(tow)
섬유,천연섬유 원료,아마·기타 식물섬유,413900,5302902020,530290,5302,대마의 웨이스트(waste)
섬유,원사,견사,421100,5004000000,500400,5004,견사[견 웨이스트(waste)로 만든 견방사와 소매용은 제외한다]
섬유,원사,견사,421100,5005000000,500500,5005,"견방사[견 웨이스트(waste)인 것으로 한정하며, 소매용은 제외한다]"
섬유,원사,견사,421100,5006000000,500600,5006,"견사ㆍ견방사(소매용으로 한정한다), 누에의 거트(gut)"
섬유,원사,모사,421210,5107101000,510710,5107,순모의 것
섬유,원사,모사,421210,5107102000,510710,5107,합성섬유와 혼방한 것
섬유,원사,모사,421210,5107109000,510710,5107,그 밖의 섬유와 혼방한 것
섬유,원사,모사,421210,5107201000,510720,5107,폴리에스테르섬유와 혼방한 것
섬유,원사,모사,421210,5107202000,510720,5107,폴리아미드섬유와 혼방한 것
섬유,원사,모사,421210,5107203000,510720,5107,아크릴섬유와 혼방한 것
섬유,원사,모사,421210,5107209000,510720,5107,그 밖의 섬유와 혼방한 것
섬유,원사,모사,421210,5108200000,510820,5108,코움(comb)한 것
섬유,원사,모사,421220,5106101000,510610,5106,순모의 것
섬유,원사,모사,421220,5106109000,510610,5106,기타
섬유,원사,모사,421220,5106201000,510620,5106,폴리에스테르섬유와 혼방한 것
섬유,원사,모사,421220,5106202000,510620,5106,폴리아미드섬유와 혼방한 것
섬유,원사,모사,421220,5106204000,510620,5106,그 밖의 합성섬유와 혼방한 것
섬유,원사,모사,421220,5106209000,510620,5106,기타
섬유,원사,모사,421220,5108100000,510810,5108,카드(card)한 것
섬유,원사,모사,421290,5109101000,510910,5109,양모사
섬유,원사,모사,421290,5109109000,510910,5109,동물의 부드러운 털로 만든 실
섬유,원사,모사,421290,5109901000,510990,5109,양모사
섬유,원사,모사,421290,5109909000,510990,5109,동물의 부드러운 털로 만든 실
섬유,원사,모사,421290,5110000000,511000,5110,"동물의 거친 털로 만든 실이나 말의 털로 만든 실[짐프한(gimped) 말의 털로 만든 실을 포함하며, 소매용인지에 상관없다]"
섬유,원사,면사,421310,5205111000,520511,5205,표백하지 않거나 머서(mercer)처리하지 않은 것
섬유,원사,면사,421310,5205119000,520511,5205,기타
섬유,원사,면사,421310,5205121010,520512,5205,"370.37데시텍스 이하 232.56데시텍스 이상(미터식 번수 27수 이상 43수 이하)인 것. 다만, 오픈ㆍ엔드사(open end yarn)는 제외한다."
섬유,원사,면사,421310,5205121090,520512,5205,기타
섬유,원사,면사,421310,5205129000,520512,5205,기타
섬유,원사,면사,421310,5205131000,520513,5205,표백하지 않거나 머서(mercer)처리하지 않은 것
섬유,원사,면사,421310,5205139000,520513,5205,기타
섬유,원사,면사,421310,5205141000,520514,5205,표백하지 않거나 머서(mercer)처리하지 않은 것
섬유,원사,면사,421310,5205149000,520514,5205,기타
섬유,원사,면사,421310,5205150000,520515,5205,125데시텍스 미만인 것(미터식 번수 80수 초과)
섬유,원사,면사,421310,5205210000,520521,5205,714.29데시텍스 이상인 것(미터식 번수 14수 이하)
섬유,원사,면사,421310,5205221000,520522,5205,표백하지 않거나 머서(mercer)처리하지 않은 것
섬유,원사,면사,421310,5205229000,520522,5205,기타
섬유,원사,면사,421310,5205231000,520523,5205,표백하지 않거나 머서(mercer)처리하지 않은 것
섬유,원사,면사,421310,5205239000,520523,5205,기타
섬유,원사,면사,421310,5205241000,520524,5205,표백하지 않거나 머서(mercer)처리하지 않은 것
섬유,원사,면사,421310,5205249000,520524,5205,기타
섬유,원사,면사,421310,5205260000,520526,5205,125데시텍스 미만 106.38데시텍스 이상인 것(미터식 번수 80수 초과 94수 이하)
섬유,원사,면사,421310,5205270000,520527,5205,106.38데시텍스 미만 83.33데시텍스 이상인 것(미터식 번수 94수 초과 120수 이하)
섬유,원사,면사,421310,5205280000,520528,5205,83.33 데시텍스 미만인 것(미터식 번수 120수 초과)
섬유,원사,면사,421310,5205310000,520531,5205,구성하는 단사가 714.29데시텍스 이상인 것(단사당 미터식 번수 14수 이하)
섬유,원사,면사,421310,5205321010,520532,5205,"370.37데시텍스 이하 232.56데시텍스 이상(미터식 번수 27수 이상 43수 이하)인 것. 다만, 오픈ㆍ엔드사(open end yarn)는 제외한다."
섬유,원사,면사,421310,5205321090,520532,5205,기타
섬유,원사,면사,421310,5205329000,520532,5205,기타
섬유,원사,면사,421310,5205330000,520533,5205,구성하는 단사가 232.56데시텍스 미만 192.31데시텍스 이상인 것(단사당 미터식 번수 43수 초과52수 이하)
섬유,원사,면사,421310,5205340000,520534,5205,구성하는 단사가 192.31데시텍스 미만 125데시텍스 이상인 것(단사당 미터식 번수 52수 초과 80수 이하)
섬유,원사,면사,421310,5205350000,520535,5205,구성하는 단사가 125데시텍스 미만인 것(단사당 미터식 번수 80수 초과)
섬유,원사,면사,421310,5205410000,520541,5205,구성하는 단사가 714.29데시텍스 이상인 것(단사당 미터식 번수 14수 이하)
섬유,원사,면사,421310,5205420000,520542,5205,구성하는 단사가 714.29데시텍스 미만 232.56데시텍스 이상인 것(단사당 미터식 번수 14수 초과 43수 이하)
섬유,원사,면사,421310,5205430000,520543,5205,구성하는 단사가 232.56데시텍스 미만 192.31데시텍스 이상인 것(단사당 미터식 번수 43수 초과 52수 이하)
섬유,원사,면사,421310,5205440000,520544,5205,구성하는 단사가 192.31데시텍스 미만 125데시텍스 이상인 것(단사당 미터식 번수 52수 초과 80수 이하)
섬유,원사,면사,421310,5205460000,520546,5205,구성하는 단사가 125데시텍스 미만 106.38데시텍스 이상인 것(단사당 미터식 번수 80수 초과 94수 이하)
섬유,원사,면사,421310,5205470000,520547,5205,구성하는 단사가 106.38데시텍스 미만 83.33데시텍스 이상인 것(단사당 미터식 번수 94수 초과 120수 이하)
섬유,원사,면사,421310,5205480000,520548,5205,구성하는 단사가 83.33데시텍스 미만인 것(단사당 미터식 번수 120수 초과)
섬유,원사,면사,421320,5206111000,520611,5206,표백하지 않거나 머서(mercer)처리하지 않은 것
섬유,원사,면사,421320,5206119000,520611,5206,기타
섬유,원사,면사,421320,5206121000,520612,5206,표백하지 않거나 머서(mercer)처리하지 않은 것
섬유,원사,면사,421320,5206129000,520612,5206,기타
섬유,원사,면사,421320,5206130000,520613,5206,232.56데시텍스 미만 192.31데시텍스 이상인 것(미터식 번수 43수 초과 52수 이하)
섬유,원사,면사,421320,5206140000,520614,5206,192.31데시텍스 미만 125데시텍스 이상인 것(미터식 번수 52수 초과 80수 이하)
섬유,원사,면사,421320,5206150000,520615,5206,125데시텍스 미만인 것(미터식 번수 80수 초과)
섬유,원사,면사,421320,5206210000,520621,5206,714.29데시텍스 이상인 것(미터식 번수 14수 이하)
섬유,원사,면사,421320,5206221000,520622,5206,표백하지 않거나 머서(mercer)처리하지 않은 것
섬유,원사,면사,421320,5206229000,520622,5206,기타
섬유,원사,면사,421320,5206231000,520623,5206,표백하지 않거나 머서(mercer)처리하지 않은 것
섬유,원사,면사,421320,5206239000,520623,5206,기타
섬유,원사,면사,421320,5206241000,520624,5206,표백하지 않거나 머서(mercer)처리하지 않은 것
섬유,원사,면사,421320,5206249000,520624,5206,기타
섬유,원사,면사,421320,5206250000,520625,5206,125데시텍스 미만인 것(미터식 번수 80수 초과)
섬유,원사,면사,421320,5206310000,520631,5206,구성하는 단사가 714.29데시텍스 이상인 것(단사당 미터식 번수 14수 이하)
섬유,원사,면사,421320,5206320000,520632,5206,구성하는 단사가 714.29데시텍스 미만 232.56데시텍스 이상인 것(단사당 미터식 번수 14수 초과43수 이하)
섬유,원사,면사,421320,5206330000,520633,5206,구성하는 단사가 232.56데시텍스 미만 192.31데시텍스 이상인 것(단사당 미터식 번수 43수 초과52수 이하)
섬유,원사,면사,421320,5206340000,520634,5206,구성하는 단사가 192.31데시텍스 미만 125데시텍스 이상인 것(단사당 미터식 번수 52수 초과 80수 이하)
섬유,원사,면사,421320,5206350000,520635,5206,구성하는 단사가 125데시텍스 미만인 것(미터식 번수 80수 초과)
섬유,원사,면사,421320,5206410000,520641,5206,구성하는 단사가 714.29데시텍스 이상인 것(단사당 미터식 번수 14수 이하)
섬유,원사,면사,421320,5206420000,520642,5206,구성하는 단사가 714.29데시텍스 미만 232.56데시텍스 이상인 것(단사당 미터식 번수 14수 초과43수 이하)
섬유,원사,면사,421320,5206430000,520643,5206,구성하는 단사가 232.56데시텍스 미만 192.31데시텍스 이상인 것(단사당 미터식 번수 43수 초과52수 이하)
섬유,원사,면사,421320,5206440000,520644,5206,구성하는 단사가 192.31데시텍스 미만 125데시텍스 이상인 것(단사당 미터식 번수 52수 초과 80수 이하)
섬유,원사,면사,421320,5206450000,520645,5206,구성하는 단사가 125데시텍스 미만인 것(단사당 미터식 번수 80수 초과)
섬유,원사,면사,421390,5204110000,520411,5204,면의 함유량이 전 중량의 100분의 85 이상인 것
섬유,원사,면사,421390,5204190000,520419,5204,기타
섬유,원사,면사,421390,5204200000,520420,5204,소매용
섬유,원사,면사,421390,5207100000,520710,5207,면의 함유량이 전 중량의 100분의 85 이상인 것
섬유,원사,면사,421390,5207900000,520790,5207,기타
섬유,원사,마사,421910,5306101000,530610,5306,순아마사
섬유,원사,마사,421910,5306102000,530610,5306,혼방아마사
섬유,원사,마사,421910,5306201000,530620,5306,순아마사
섬유,원사,마사,421910,5306202000,530620,5306,혼방아마사
섬유,원사,마사,421910,5307101000,530710,5307,황마사
섬유,원사,마사,421910,5307109000,530710,5307,기타
섬유,원사,마사,421910,5307201000,530720,5307,황마사
섬유,원사,마사,421910,5307209000,530720,5307,기타
섬유,원사,마사,421910,5308100000,530810,5308,코이어(coir)사
섬유,원사,마사,421910,5308200000,530820,5308,대마사
섬유,원사,마사,421910,5308901000,530890,5308,라미(ramie)사
섬유,원사,마사,421910,5308909000,530890,5308,기타
섬유,원사,마사,421990,5604100000,560410,5604,고무실과 고무끈(방직용 섬유로 피복한 것으로 한정한다)
섬유,원사,마사,421990,5604902000,560490,5604,강력사(폴리에스테르ㆍ나일론이나 그 밖의 폴리아미드ㆍ비스코스레이온의 것으로서 침투ㆍ도포한 것)
섬유,원사,마사,421990,5604909000,560490,5604,기타
섬유,원사,마사,421990,5605000000,560500,5605,"금속드리사(metallised yarn)[짐프한(gimped) 것인지에 상관없으며 방직용 섬유사, 제5404호나 제5405호의 스트립(strip)이나 이와 유사한 것으로서 실ㆍ스트립(strip)ㆍ가루 모양의 금속과 결합한 것이나 금속을 피복한 것으로 한정한다]"
섬유,원사,마사,421990,5606001000,560600,5606,짐프사(gimped yarn)
섬유,원사,마사,421990,5606002000,560600,5606,셔닐사(chenille yarn)
섬유,원사,마사,421990,5606003000,560600,5606,루프웨일사(loop wale-yarn)
섬유,원사,마사,421990,5606009000,560600,5606,기타
섬유,원사,나일론 필라멘트사,422110,5401101000,540110,5401,나일론이나 기타 폴리아미드의 것
섬유,원사,나일론 필라멘트사,422110,5402191012,540219,5402,어망사
섬유,원사,나일론 필라멘트사,422110,5402191019,540219,5402,기타
섬유,원사,나일론 필라멘트사,422110,5402191029,540219,5402,기타
섬유,원사,나일론 필라멘트사,422110,5402191090,540219,5402,기타
섬유,원사,나일론 필라멘트사,422110,5402199000,540219,5402,기타
섬유,원사,나일론 필라멘트사,422110,5402311010,540231,5402,나일론 6의 것
섬유,원사,나일론 필라멘트사,422110,5402311020,540231,5402,나일론 66의 것
섬유,원사,나일론 필라멘트사,422110,5402311090,540231,5402,기타
섬유,원사,나일론 필라멘트사,422110,5402319000,540231,5402,기타
섬유,원사,나일론 필라멘트사,422110,5402321010,540232,5402,나일론 6의 것
섬유,원사,나일론 필라멘트사,422110,5402321020,540232,5402,나일론 66의 것
섬유,원사,나일론 필라멘트사,422110,5402321090,540232,5402,기타
섬유,원사,나일론 필라멘트사,422110,5402329000,540232,5402,기타
섬유,원사,나일론 필라멘트사,422110,5402451010,540245,5402,나일론 6의 것
섬유,원사,나일론 필라멘트사,422110,5402451020,540245,5402,나일론 66의 것
섬유,원사,나일론 필라멘트사,422110,5402451090,540245,5402,기타
섬유,원사,나일론 필라멘트사,422110,5402459000,540245,5402,기타
섬유,원사,나일론 필라멘트사,422110,5402510000,540251,5402,나일론이나 그 밖의 폴리아미드의 것
섬유,원사,나일론 필라멘트사,422110,5402610000,540261,5402,나일론이나 그 밖의 폴리아미드의 것
섬유,원사,나일론 필라멘트사,422110,5404191000,540419,5404,나일론이나 기타 폴리아미드의 것
섬유,원사,나일론 필라멘트사,422120,5402110000,540211,5402,아라미드의 것
섬유,원사,나일론 필라멘트사,422130,5402191011,540219,5402,타이어 코드사
섬유,원사,나일론 필라멘트사,422130,5402191021,540219,5402,타이어 코드사
섬유,원사,폴리에스터 필라멘트사,422200,5401102000,540110,5401,폴리에스테르의 것
섬유,원사,폴리에스터 필라멘트사,422200,5402200000,540220,5402,"강력사[폴리에스테르의 것으로 한정하며, 텍스처화한(textured) 것인지에 상관없다]"
섬유,원사,폴리에스터 필라멘트사,422200,5402331000,540233,5402,폴리 트리메틸렌 테레프탈레이트의 것
섬유,원사,폴리에스터 필라멘트사,422200,5402339000,540233,5402,기타
섬유,원사,폴리에스터 필라멘트사,422200,5402461000,540246,5402,폴리 트리메틸렌 테레프탈레이트의 것
섬유,원사,폴리에스터 필라멘트사,422200,5402469000,540246,5402,기타
섬유,원사,폴리에스터 필라멘트사,422200,5402471000,540247,5402,폴리 트리메틸렌 테레프탈레이트의 것
섬유,원사,폴리에스터 필라멘트사,422200,5402479000,540247,5402,기타
섬유,원사,폴리에스터 필라멘트사,422200,5402520000,540252,5402,폴리에스테르의 것
섬유,원사,폴리에스터 필라멘트사,422200,5402620000,540262,5402,폴리에스테르의 것
섬유,원사,비스코스레이온 필라멘트사,422300,5401201000,540120,5401,비스코스 레이온의 것
섬유,원사,비스코스레이온 필라멘트사,422300,5403100000,540310,5403,강력사[비스코스레이온(viscose rayon)의 것으로 한정한다]
섬유,원사,비스코스레이온 필라멘트사,422300,5403310000,540331,5403,"비스코스레이온(viscose rayon)의 것(꼬임이 없거나, 꼬임이 미터당 120회 이하인 것으로 한정한다)"
섬유,원사,비스코스레이온 필라멘트사,422300,5403320000,540332,5403,비스코스레이온(viscose rayon)의 것(꼬임이 미터당 120회 초과인 것으로 한정한다)
섬유,원사,비스코스레이온 필라멘트사,422300,5403411000,540341,5403,텍스처드사
섬유,원사,비스코스레이온 필라멘트사,422300,5403419000,540341,5403,기타
섬유,원사,아세테이트·기타 재생필라멘트사,422400,5403331000,540333,5403,텍스처드사
섬유,원사,아세테이트·기타 재생필라멘트사,422400,5403339000,540333,5403,기타
섬유,원사,아세테이트·기타 재생필라멘트사,422400,5403420000,540342,5403,초산셀룰로오스의 것
섬유,산업용섬유,탄소섬유,422500,6815110000,681511,6815,탄소섬유
섬유,원사,기타 화학필라멘트사,422900,5401109000,540110,5401,기타
섬유,원사,기타 화학필라멘트사,422900,5401209000,540120,5401,기타
섬유,원사,기타 화학필라멘트사,422900,5402340000,540234,5402,폴리프로필렌의 것
섬유,원사,기타 화학필라멘트사,422900,5402390000,540239,5402,기타
섬유,원사,기타 화학필라멘트사,422900,5402440000,540244,5402,탄성사
섬유,원사,기타 화학필라멘트사,422900,5402480000,540248,5402,기타(폴리프로필렌의 것으로 한정한다)
섬유,원사,기타 화학필라멘트사,422900,5402491000,540249,5402,아크릴 중합체의 것
섬유,원사,기타 화학필라멘트사,422900,5402499000,540249,5402,기타
섬유,원사,기타 화학필라멘트사,422900,5402530000,540253,5402,폴리프로필렌의 것
섬유,원사,기타 화학필라멘트사,422900,5402591000,540259,5402,아크릴 중합체의 것
섬유,원사,기타 화학필라멘트사,422900,5402599000,540259,5402,기타
섬유,원사,기타 화학필라멘트사,422900,5402630000,540263,5402,폴리프로필렌의 것
섬유,원사,기타 화학필라멘트사,422900,5402691000,540269,5402,아크릴 중합체의 것
섬유,원사,기타 화학필라멘트사,422900,5402692000,540269,5402,폴리비닐알코올의 것
섬유,원사,기타 화학필라멘트사,422900,5402699000,540269,5402,기타
섬유,원사,기타 화학필라멘트사,422900,5403390000,540339,5403,기타
섬유,원사,기타 화학필라멘트사,422900,5403490000,540349,5403,기타
섬유,원사,기타 화학필라멘트사,422900,5404110000,540411,5404,탄성사
섬유,원사,기타 화학필라멘트사,422900,5404120000,540412,5404,기타(폴리프로필렌의 것으로 한정한다)
섬유,원사,기타 화학필라멘트사,422900,5404199000,540419,5404,기타
섬유,원사,기타 화학필라멘트사,422900,5404901000,540490,5404,스트립 모양의 것
섬유,원사,기타 화학필라멘트사,422900,5404909000,540490,5404,기타
섬유,원사,기타 화학필라멘트사,422900,5405000000,540500,5405,"재생ㆍ반(半)합성 모노필라멘트(67데시텍스 이상인 것으로서 횡단면의 치수가 1밀리미터 이하인 것으로 한정한다), 재생ㆍ반(半)합성 방직용 섬유재료의 스트립(strip)이나 이와 유사한 것[예: 인조 스트로(straw)](시폭이 5밀리미터 이하인 것으로 한정한다)"
섬유,원사,기타 화학필라멘트사,422900,5406001000,540600,5406,합성필라멘트사
섬유,원사,기타 화학필라멘트사,422900,5406002000,540600,5406,재생ㆍ반(半)합성 필라멘트사
섬유,원사,기타 화학필라멘트사,422900,7019110000,701911,7019,단연사(길이가 50밀리미터 이하인 것으로 한정한다)
섬유,원사,기타 화학필라멘트사,422900,7019120000,701912,7019,로빙(roving)
섬유,원사,기타 화학필라멘트사,422900,7019130000,701913,7019,그 밖의 실[슬리버(sliver)로 한정한다]
섬유,원사,기타 화학필라멘트사,422900,7019190000,701919,7019,기타
섬유,원사,폴리에스터 스테이플사,423110,5509530000,550953,5509,주로 면과 혼방한 것
섬유,원사,폴리에스터 스테이플사,423120,5509520000,550952,5509,주로 양모나 동물의 부드러운 털과 혼방한 것
섬유,원사,폴리에스터 스테이플사,423190,5508102000,550810,5508,폴리에스테르의 것
섬유,원사,폴리에스터 스테이플사,423190,5509211000,550921,5509,강력사
섬유,원사,폴리에스터 스테이플사,423190,5509219000,550921,5509,기타
섬유,원사,폴리에스터 스테이플사,423190,5509221000,550922,5509,강력사
섬유,원사,폴리에스터 스테이플사,423190,5509229000,550922,5509,기타
섬유,원사,폴리에스터 스테이플사,423190,5509510000,550951,5509,주로 재생ㆍ반(半)합성 스테이플섬유와 혼방한 것
섬유,원사,폴리에스터 스테이플사,423190,5509590000,550959,5509,기타
섬유,원사,아크릴 스테이플사,423210,5509621000,550962,5509,아크릴의 것
섬유,원사,아크릴 스테이플사,423210,5509622000,550962,5509,모다크릴(modacrylic)의 것
섬유,원사,아크릴 스테이플사,423220,5509611000,550961,5509,아크릴의 것
섬유,원사,아크릴 스테이플사,423220,5509612000,550961,5509,모다크릴(modacrylic)의 것
섬유,원사,아크릴 스테이플사,423290,5509311000,550931,5509,아크릴의 것
섬유,원사,아크릴 스테이플사,423290,5509312000,550931,5509,모다크릴(modacrylic)의 것
섬유,원사,아크릴 스테이플사,423290,5509321000,550932,5509,아크릴의 것
섬유,원사,아크릴 스테이플사,423290,5509322000,550932,5509,모다크릴(modacrylic)의 것
섬유,원사,아크릴 스테이플사,423290,5509691010,550969,5509,아크릴의 것
섬유,원사,아크릴 스테이플사,423290,5509691020,550969,5509,모다크릴(modacrylic)의 것
섬유,원사,아크릴 스테이플사,423290,5509692010,550969,5509,아크릴의 것
섬유,원사,아크릴 스테이플사,423290,5509692020,550969,5509,모다크릴(modacrylic)의 것
섬유,원사,기타 스테이플사,423900,5508109000,550810,5508,기타
섬유,원사,기타 스테이플사,423900,5508200000,550820,5508,재생ㆍ반(半)합성 스테이플섬유의 것
섬유,원사,기타 스테이플사,423900,5509111000,550911,5509,강력사
섬유,원사,기타 스테이플사,423900,5509119000,550911,5509,기타
섬유,원사,기타 스테이플사,423900,5509121000,550912,5509,강력사
섬유,원사,기타 스테이플사,423900,5509129000,550912,5509,기타
섬유,원사,기타 스테이플사,423900,5509410000,550941,5509,단사
섬유,원사,기타 스테이플사,423900,5509420000,550942,5509,복합사(연합사)나 케이블사
섬유,원사,기타 스테이플사,423900,5509911000,550991,5509,나일론이나 그 밖의 폴리아미드의 것
섬유,원사,기타 스테이플사,423900,5509919000,550991,5509,기타
섬유,원사,기타 스테이플사,423900,5509920000,550992,5509,주로 면과 혼방한 것
섬유,원사,기타 스테이플사,423900,5509990000,550999,5509,기타
섬유,원사,기타 스테이플사,423900,5510111000,551011,5510,비스코스레이온(viscose rayon)의 것
섬유,원사,기타 스테이플사,423900,5510119000,551011,5510,기타
섬유,원사,기타 스테이플사,423900,5510121000,551012,5510,비스코스레이온(viscose rayon)의 것
섬유,원사,기타 스테이플사,423900,5510129000,551012,5510,기타
섬유,원사,기타 스테이플사,423900,5510201000,551020,5510,비스코스레이온(viscose rayon)의 것
섬유,원사,기타 스테이플사,423900,5510209000,551020,5510,기타
섬유,원사,기타 스테이플사,423900,5510301000,551030,5510,비스코스레이온(viscose rayon)의 것
섬유,원사,기타 스테이플사,423900,5510309000,551030,5510,기타
섬유,원사,기타 스테이플사,423900,5510901000,551090,5510,비스코스레이온(viscose rayon)의 것
섬유,원사,기타 스테이플사,423900,5510909000,551090,5510,기타
섬유,원사,기타 스테이플사,423900,5511100000,551110,5511,합성스테이플섬유의 함유량이 전 중량의 100분의 85 이상인 것
섬유,원사,기타 스테이플사,423900,5511200000,551120,5511,합성스테이플섬유의 함유량이 전 중량의 100분의 85 미만인 것
섬유,원사,기타 스테이플사,423900,5511300000,551130,5511,재생ㆍ반(半)합성 스테이플섬유의 것
섬유,직물,견직물,431110,5007202010,500720,5007,홀치기가공
섬유,직물,견직물,431190,5007201000,500720,5007,생지견직물
섬유,직물,견직물,431190,5007202020,500720,5007,사틴
섬유,직물,견직물,431190,5007202030,500720,5007,크레이프 드 신(crepe de chine)
섬유,직물,견직물,431190,5007202090,500720,5007,기타
섬유,직물,견직물,431190,5007209000,500720,5007,기타
섬유,직물,혼방 견직물,431200,5007901000,500790,5007,생지견직물
섬유,직물,혼방 견직물,431200,5007902000,500790,5007,아세테이트사와 혼방한 견직물
섬유,직물,혼방 견직물,431200,5007903000,500790,5007,그 밖의 인조섬유와 혼방한 견직물
섬유,직물,혼방 견직물,431200,5007904000,500790,5007,양모와 혼방한 견직물
섬유,직물,혼방 견직물,431200,5007909000,500790,5007,기타
섬유,직물,기타 견직물,431900,5007100000,500710,5007,견 노일(noil) 직물
섬유,직물,소모직물,432100,5112111000,511211,5112,양모로 만든 것
섬유,직물,소모직물,432100,5112112000,511211,5112,동물의 부드러운 털의 실로 만든 것
섬유,직물,소모직물,432100,5112191000,511219,5112,양모로 만든 것
섬유,직물,소모직물,432100,5112192000,511219,5112,동물의 부드러운 털의 실로 만든 것
섬유,직물,소모직물,432100,5112200000,511220,5112,기타(주로 인조필라멘트와 혼방한 것으로 한정한다)
섬유,직물,소모직물,432100,5112300000,511230,5112,기타(주로 인조스테이플섬유와 혼방한 것으로 한정한다)
섬유,직물,소모직물,432100,5112900000,511290,5112,기타
섬유,직물,방모직물,432200,5111111000,511111,5111,양모로 만든 것
섬유,직물,방모직물,432200,5111112000,511111,5111,동물의 부드러운 털의 실로 만든 것
섬유,직물,방모직물,432200,5111191000,511119,5111,양모로 만든 것
섬유,직물,방모직물,432200,5111192000,511119,5111,동물의 부드러운 털의 실로 만든 것
섬유,직물,방모직물,432200,5111200000,511120,5111,기타(주로 인조필라멘트와 혼방한 것으로 한정한다)
섬유,직물,방모직물,432200,5111300000,511130,5111,기타(주로 인조스테이플섬유와 혼방한 것으로 한정한다)
섬유,직물,방모직물,432200,5111900000,511190,5111,기타
섬유,직물,기타 모직물,432900,5113000000,511300,5113,직물(동물의 거친 털이나 말의 털의 것으로 한정한다)
섬유,직물,면직물,433110,5208110000,520811,5208,평직물(平織物)(1제곱미터당 중량이 100그램 이하인 것으로 한정한다)
섬유,직물,면직물,433110,5208120000,520812,5208,평직물(平織物)(1제곱미터당 중량이 100그램 초과인 것으로 한정한다)
섬유,직물,면직물,433110,5208130000,520813,5208,3올이나 4올의 능직물(綾織物)[파사문직(破斜文織)의 것을 포함한다]
섬유,직물,면직물,433110,5208190000,520819,5208,그 밖의 직물의 것
섬유,직물,면직물,433110,5209110000,520911,5209,평직물(平織物)
섬유,직물,면직물,433110,5209120000,520912,5209,3올이나 4올의 능직물(綾織物)[파사문직(破斜文織)의 것을 포함한다]
섬유,직물,면직물,433110,5209190000,520919,5209,그 밖의 직물
섬유,직물,면직물,433120,5208210000,520821,5208,평직물(平織物)(1제곱미터당 중량이 100그램 이하인 것으로 한정한다)
섬유,직물,면직물,433120,5208220000,520822,5208,평직물(平織物)(1제곱미터당 중량이 100그램 초과인 것으로 한정한다)
섬유,직물,면직물,433120,5208230000,520823,5208,3올이나 4올의 능직물(綾織物)[파사문직(破斜文織)의 것을 포함한다]
섬유,직물,면직물,433120,5208290000,520829,5208,그 밖의 직물의 것
섬유,직물,면직물,433120,5209210000,520921,5209,평직물(平織物)
섬유,직물,면직물,433120,5209220000,520922,5209,3올이나 4올의 능직물(綾織物)[파사문직(破斜文織)의 것을 포함한다]
섬유,직물,면직물,433120,5209290000,520929,5209,그 밖의 직물
섬유,직물,면직물,433130,5208310000,520831,5208,평직물(平織物)(1제곱미터당 중량이 100그램 이하인 것으로 한정한다)
섬유,직물,면직물,433130,5208320000,520832,5208,평직물(平織物)(1제곱미터당 중량이 100그램 초과인 것으로 한정한다)
섬유,직물,면직물,433130,5208330000,520833,5208,3올이나 4올의 능직물(綾織物)[파사문직(破斜文織)의 것을 포함한다]
섬유,직물,면직물,433130,5208390000,520839,5208,그 밖의 직물
섬유,직물,면직물,433130,5208510000,520851,5208,평직물(平織物)(1제곱미터당 중량이 100그램 이하인 것으로 한정한다)
섬유,직물,면직물,433130,5208520000,520852,5208,평직물(平織物)(1제곱미터당 중량이 100그램 초과인 것으로 한정한다)
섬유,직물,면직물,433130,5208591000,520859,5208,3올이나 4올의 능직물(綾織物)[파사문직(破斜文織)의 것을 포함한다]
섬유,직물,면직물,433130,5208599000,520859,5208,기타
섬유,직물,면직물,433130,5209310000,520931,5209,평직물(平織物)
섬유,직물,면직물,433130,5209320000,520932,5209,3올이나 4올의 능직물(綾織物)[파사문직(破斜文織)의 것을 포함한다]
섬유,직물,면직물,433130,5209390000,520939,5209,그 밖의 직물
섬유,직물,면직물,433130,5209510000,520951,5209,평직물(平織物)
섬유,직물,면직물,433130,5209520000,520952,5209,3올이나 4올의 능직물(綾織物)[파사문직(破斜文織)의 것을 포함한다]
섬유,직물,면직물,433130,5209590000,520959,5209,그 밖의 직물
섬유,직물,면직물,433190,5208410000,520841,5208,평직물(平織物)(1제곱미터당 중량이 100그램 이하인 것으로 한정한다)
섬유,직물,면직물,433190,5208420000,520842,5208,평직물(平織物)(1제곱미터당 중량이 100그램 초과인 것으로 한정한다)
섬유,직물,면직물,433190,5208430000,520843,5208,3올이나 4올의 능직물(綾織物)[파사문직(破斜文織)의 것을 포함한다]
섬유,직물,면직물,433190,5208490000,520849,5208,그 밖의 직물
섬유,직물,면직물,433190,5209410000,520941,5209,평직물(平織物)
섬유,직물,면직물,433190,5209420000,520942,5209,데님(denim)
섬유,직물,면직물,433190,5209430000,520943,5209,3올이나 4올의 그 밖의 능직물(綾織物)[파사문직(破斜文織)의 것을 포함한다]
섬유,직물,면직물,433190,5209490000,520949,5209,그 밖의 직물
섬유,직물,혼방 면직물,433210,5210110000,521011,5210,평직물(平織物)
섬유,직물,혼방 면직물,433210,5210190000,521019,5210,그 밖의 직물
섬유,직물,혼방 면직물,433210,5211110000,521111,5211,평직물(平織物)
섬유,직물,혼방 면직물,433210,5211120000,521112,5211,3올이나 4올의 능직물(綾織物)[파사문직(破斜文織)의 것을 포함한다]
섬유,직물,혼방 면직물,433210,5211190000,521119,5211,그 밖의 직물
섬유,직물,혼방 면직물,433210,5212110000,521211,5212,표백하지 않은 것
섬유,직물,혼방 면직물,433210,5212210000,521221,5212,표백하지 않은 것
섬유,직물,혼방 면직물,433220,5210210000,521021,5210,평직물(平織物)
섬유,직물,혼방 면직물,433220,5210290000,521029,5210,그 밖의 직물
섬유,직물,혼방 면직물,433220,5211200000,521120,5211,표백한 것
섬유,직물,혼방 면직물,433220,5212120000,521212,5212,표백한 것
섬유,직물,혼방 면직물,433220,5212220000,521222,5212,표백한 것
섬유,직물,혼방 면직물,433230,5210310000,521031,5210,평직물(平織物)
섬유,직물,혼방 면직물,433230,5210320000,521032,5210,3올이나 4올의 능직물(綾織物)[파사문직(破斜文織)의 것을 포함한다]
섬유,직물,혼방 면직물,433230,5210390000,521039,5210,그 밖의 직물
섬유,직물,혼방 면직물,433230,5210510000,521051,5210,평직물(平織物)
섬유,직물,혼방 면직물,433230,5210590000,521059,5210,그 밖의 직물
섬유,직물,혼방 면직물,433230,5211310000,521131,5211,평직물(平織物)
섬유,직물,혼방 면직물,433230,5211320000,521132,5211,3올이나 4올의 능직물(綾織物)[파사문직(破斜文織)의 것을 포함한다]
섬유,직물,혼방 면직물,433230,5211390000,521139,5211,그 밖의 직물
섬유,직물,혼방 면직물,433230,5211510000,521151,5211,평직물(平織物)
섬유,직물,혼방 면직물,433230,5211520000,521152,5211,3올이나 4올의 능직물(綾織物)[파사문직(破斜文織)의 것을 포함한다]
섬유,직물,혼방 면직물,433230,5211590000,521159,5211,그 밖의 직물
섬유,직물,혼방 면직물,433230,5212130000,521213,5212,염색한 것
섬유,직물,혼방 면직물,433230,5212150000,521215,5212,날염한 것
섬유,직물,혼방 면직물,433230,5212230000,521223,5212,염색한 것
섬유,직물,혼방 면직물,433230,5212250000,521225,5212,날염한 것
섬유,직물,혼방 면직물,433290,5210410000,521041,5210,평직물(平織物)
섬유,직물,혼방 면직물,433290,5210490000,521049,5210,그 밖의 직물
섬유,직물,혼방 면직물,433290,5211410000,521141,5211,평직물(平織物)
섬유,직물,혼방 면직물,433290,5211420000,521142,5211,데님(denim)
섬유,직물,혼방 면직물,433290,5211430000,521143,5211,3올이나 4올의 그 밖의 능직물(綾織物)[파사문직(破斜文織)의 것을 포함한다]
섬유,직물,혼방 면직물,433290,5211490000,521149,5211,그 밖의 직물
섬유,직물,혼방 면직물,433290,5212140000,521214,5212,서로 다른 색실로 된 것
섬유,직물,혼방 면직물,433290,5212240000,521224,5212,서로 다른 색실로 된 것
섬유,직물,나일론 직물,434100,5407101000,540710,5407,나일론이나 그 밖의 폴리아미드의 것
섬유,직물,나일론 직물,434100,5407410000,540741,5407,표백하지 않은 것이나 표백한 것
섬유,직물,나일론 직물,434100,5407420000,540742,5407,염색한 것
섬유,직물,나일론 직물,434100,5407430000,540743,5407,서로 다른 색실로 된 것
섬유,직물,나일론 직물,434100,5407440000,540744,5407,날염한 것
섬유,직물,나일론 직물,434100,5407811000,540781,5407,나일론이나 그 밖의 폴리아미드의 것
섬유,직물,나일론 직물,434100,5407821000,540782,5407,나일론이나 그 밖의 폴리아미드의 것
섬유,직물,나일론 직물,434100,5407831000,540783,5407,나일론이나 그 밖의 폴리아미드의 것
섬유,직물,나일론 직물,434100,5407841000,540784,5407,나일론이나 그 밖의 폴리아미드의 것
섬유,직물,나일론 직물,434100,5407911000,540791,5407,나일론이나 그 밖의 폴리아미드의 것
섬유,직물,나일론 직물,434100,5407921000,540792,5407,나일론이나 그 밖의 폴리아미드의 것
섬유,직물,나일론 직물,434100,5407931000,540793,5407,나일론이나 그 밖의 폴리아미드의 것
섬유,직물,나일론 직물,434100,5407941000,540794,5407,나일론이나 그 밖의 폴리아미드의 것
섬유,직물,폴리에스터 직물,434200,5407102000,540710,5407,폴리에스테르의 것
섬유,직물,폴리에스터 직물,434200,5407510000,540751,5407,표백하지 않은 것이나 표백한 것
섬유,직물,폴리에스터 직물,434200,5407520000,540752,5407,염색한 것
섬유,직물,폴리에스터 직물,434200,5407530000,540753,5407,서로 다른 색실로 된 것
섬유,직물,폴리에스터 직물,434200,5407540000,540754,5407,날염한 것
섬유,직물,폴리에스터 직물,434200,5407611000,540761,5407,표백하지 않은 것이나 표백한 것
섬유,직물,폴리에스터 직물,434200,5407612000,540761,5407,염색한 것
섬유,직물,폴리에스터 직물,434200,5407613000,540761,5407,서로 다른 색실로 된 것
섬유,직물,폴리에스터 직물,434200,5407614000,540761,5407,날염한 것
섬유,직물,폴리에스터 직물,434200,5407691000,540769,5407,표백하지 않은 것이나 표백한 것
섬유,직물,폴리에스터 직물,434200,5407692000,540769,5407,염색한 것
섬유,직물,폴리에스터 직물,434200,5407693000,540769,5407,서로 다른 색실로 된 것
섬유,직물,폴리에스터 직물,434200,5407694000,540769,5407,날염한 것
섬유,직물,폴리에스터 직물,434200,5407812000,540781,5407,폴리에스테르의 것
섬유,직물,폴리에스터 직물,434200,5407822000,540782,5407,폴리에스테르의 것
섬유,직물,폴리에스터 직물,434200,5407832000,540783,5407,폴리에스테르의 것
섬유,직물,폴리에스터 직물,434200,5407842000,540784,5407,폴리에스테르의 것
섬유,직물,폴리에스터 직물,434200,5407912000,540791,5407,폴리에스테르의 것
섬유,직물,폴리에스터 직물,434200,5407922000,540792,5407,폴리에스테르의 것
섬유,직물,폴리에스터 직물,434200,5407932000,540793,5407,폴리에스테르의 것
섬유,직물,폴리에스터 직물,434200,5407942000,540794,5407,폴리에스테르의 것
섬유,직물,기타 합성필라멘트 직물,434300,5407200000,540720,5407,스트립(strip)이나 이와 유사한 것으로 직조한 직물
섬유,직물,기타 합성필라멘트 직물,434300,5407300000,540730,5407,제11부의 주 제9호의 직물
섬유,직물,기타 합성필라멘트 직물,434300,5407710000,540771,5407,표백하지 않은 것이나 표백한 것
섬유,직물,기타 합성필라멘트 직물,434300,5407720000,540772,5407,염색한 것
섬유,직물,기타 합성필라멘트 직물,434300,5407730000,540773,5407,서로 다른 색실로 된 것
섬유,직물,기타 합성필라멘트 직물,434300,5407740000,540774,5407,날염한 것
섬유,직물,기타 합성필라멘트 직물,434300,5407813000,540781,5407,아크릴 중합체의 것
섬유,직물,기타 합성필라멘트 직물,434300,5407819000,540781,5407,기타
섬유,직물,기타 합성필라멘트 직물,434300,5407823000,540782,5407,아크릴 중합체의 것
섬유,직물,기타 합성필라멘트 직물,434300,5407829000,540782,5407,기타
섬유,직물,기타 합성필라멘트 직물,434300,5407833000,540783,5407,아크릴 중합체의 것
섬유,직물,기타 합성필라멘트 직물,434300,5407839000,540783,5407,기타
섬유,직물,기타 합성필라멘트 직물,434300,5407843000,540784,5407,아크릴 중합체의 것
섬유,직물,기타 합성필라멘트 직물,434300,5407849000,540784,5407,기타
섬유,직물,기타 합성필라멘트 직물,434300,5407913000,540791,5407,아크릴 중합체의 것
섬유,직물,기타 합성필라멘트 직물,434300,5407919000,540791,5407,기타
섬유,직물,기타 합성필라멘트 직물,434300,5407923000,540792,5407,아크릴 중합체의 것
섬유,직물,기타 합성필라멘트 직물,434300,5407929000,540792,5407,기타
섬유,직물,기타 합성필라멘트 직물,434300,5407933000,540793,5407,아크릴 중합체의 것
섬유,직물,기타 합성필라멘트 직물,434300,5407939000,540793,5407,기타
섬유,직물,기타 합성필라멘트 직물,434300,5407943000,540794,5407,아크릴 중합체의 것
섬유,직물,기타 합성필라멘트 직물,434300,5407949000,540794,5407,기타
섬유,직물,재생·반합성 필라멘트 직물,434900,5408100000,540810,5408,비스코스레이온(viscose rayon)의 강력사로 직조한 직물
섬유,직물,재생·반합성 필라멘트 직물,434900,5408210000,540821,5408,표백하지 않은 것이나 표백한 것
섬유,직물,재생·반합성 필라멘트 직물,434900,5408220000,540822,5408,염색한 것
섬유,직물,재생·반합성 필라멘트 직물,434900,5408230000,540823,5408,서로 다른 색실로 된 것
섬유,직물,재생·반합성 필라멘트 직물,434900,5408240000,540824,5408,날염한 것
섬유,직물,재생·반합성 필라멘트 직물,434900,5408310000,540831,5408,표백하지 않은 것이나 표백한 것
섬유,직물,재생·반합성 필라멘트 직물,434900,5408320000,540832,5408,염색한 것
섬유,직물,재생·반합성 필라멘트 직물,434900,5408330000,540833,5408,서로 다른 색실로 된 것
섬유,직물,재생·반합성 필라멘트 직물,434900,5408340000,540834,5408,날염한 것
섬유,직물,폴리에스터 스테이플 직물,435110,5513110000,551311,5513,폴리에스테르 스테이플섬유의 것[평직(平織)으로 한정한다]
섬유,직물,폴리에스터 스테이플 직물,435110,5513120000,551312,5513,폴리에스테르 스테이플섬유의 능직(綾織)[3올이나 4올의 능직(綾織)으로 한정하며 파사문직(破斜文織)을 포함한다]
섬유,직물,폴리에스터 스테이플 직물,435110,5513130000,551313,5513,폴리에스테르 스테이플섬유의 그 밖의 직물
섬유,직물,폴리에스터 스테이플 직물,435110,5513210000,551321,5513,폴리에스테르 스테이플섬유의 것[평직(平織)으로 한정한다]
섬유,직물,폴리에스터 스테이플 직물,435110,5513231000,551323,5513,폴리에스테르 스테이플섬유의 능직(綾織)[3올이나 4올의 능직(綾織)으로 한정하며 파사문직(破斜文織)을 포함한다]
섬유,직물,폴리에스터 스테이플 직물,435110,5513239000,551323,5513,기타
섬유,직물,폴리에스터 스테이플 직물,435110,5513310000,551331,5513,폴리에스테르 스테이플섬유의 것[평직(平織)으로 한정한다]
섬유,직물,폴리에스터 스테이플 직물,435110,5513410000,551341,5513,폴리에스테르 스테이플섬유의 것[평직(平織)으로 한정한다]
섬유,직물,폴리에스터 스테이플 직물,435110,5514110000,551411,5514,폴리에스테르 스테이플섬유의 것[평직(平織)으로 한정한다]
섬유,직물,폴리에스터 스테이플 직물,435110,5514120000,551412,5514,폴리에스테르 스테이플섬유의 능직(綾織)[3올이나 4올의 능직(綾織)으로 한정하며 파사문직(破斜文織)을 포함한다]
섬유,직물,폴리에스터 스테이플 직물,435110,5514193000,551419,5514,폴리에스테르 스테이플섬유의 기타직물
섬유,직물,폴리에스터 스테이플 직물,435110,5514210000,551421,5514,폴리에스테르 스테이플섬유의 것[평직(平織)으로 한정한다]
섬유,직물,폴리에스터 스테이플 직물,435110,5514220000,551422,5514,폴리에스테르 스테이플섬유의 능직(綾織)[3올이나 4올의 능직(綾織)으로 한정하며 파사문직(破斜文織)을 포함한다]
섬유,직물,폴리에스터 스테이플 직물,435110,5514230000,551423,5514,폴리에스테르 스테이플섬유의 그 밖의 직물
섬유,직물,폴리에스터 스테이플 직물,435110,5514410000,551441,5514,폴리에스테르 스테이플섬유의 것[평직(平織)으로 한정한다]
섬유,직물,폴리에스터 스테이플 직물,435110,5514420000,551442,5514,폴리에스테르 스테이플섬유의 능직(綾織)[3올이나 4올의 능직(綾織)으로 한정하며 파사문직(破斜文織)을 포함한다]
섬유,직물,폴리에스터 스테이플 직물,435110,5514430000,551443,5514,폴리에스테르 스테이플섬유의 그 밖의 직물
섬유,직물,폴리에스터 스테이플 직물,435120,5515131000,551513,5515,표백하지 않은 것이나 표백한 것
섬유,직물,폴리에스터 스테이플 직물,435120,5515139000,551513,5515,기타
섬유,직물,폴리에스터 스테이플 직물,435190,5512110000,551211,5512,표백하지 않은 것이나 표백한 것
섬유,직물,폴리에스터 스테이플 직물,435190,5512191000,551219,5512,염색한 것
섬유,직물,폴리에스터 스테이플 직물,435190,5512192000,551219,5512,서로 다른 색실로 된 것
섬유,직물,폴리에스터 스테이플 직물,435190,5512193000,551219,5512,날염한 것
섬유,직물,폴리에스터 스테이플 직물,435190,5512911000,551291,5512,나일론이나 그 밖의 폴리아미드의 것
섬유,직물,폴리에스터 스테이플 직물,435190,5512919000,551291,5512,기타
섬유,직물,폴리에스터 스테이플 직물,435190,5512991000,551299,5512,나일론이나 그 밖의 폴리아미드의 것
섬유,직물,폴리에스터 스테이플 직물,435190,5512999000,551299,5512,기타
섬유,직물,폴리에스터 스테이플 직물,435190,5513190000,551319,5513,그 밖의 직물
섬유,직물,폴리에스터 스테이플 직물,435190,5513290000,551329,5513,그 밖의 직물
섬유,직물,폴리에스터 스테이플 직물,435190,5513390000,551339,5513,그 밖의 직물
섬유,직물,폴리에스터 스테이플 직물,435190,5513490000,551349,5513,그 밖의 직물
섬유,직물,폴리에스터 스테이플 직물,435190,5514199000,551419,5514,기타
섬유,직물,폴리에스터 스테이플 직물,435190,5514290000,551429,5514,그 밖의 직물
섬유,직물,폴리에스터 스테이플 직물,435190,5514490000,551449,5514,그 밖의 직물
섬유,직물,폴리에스터 스테이플 직물,435190,5515111000,551511,5515,표백하지 않은 것이나 표백한 것
섬유,직물,폴리에스터 스테이플 직물,435190,5515119000,551511,5515,기타
섬유,직물,폴리에스터 스테이플 직물,435190,5515121000,551512,5515,표백하지 않은 것이나 표백한 것
섬유,직물,폴리에스터 스테이플 직물,435190,5515129000,551512,5515,기타
섬유,직물,폴리에스터 스테이플 직물,435190,5515191000,551519,5515,표백하지 않은 것이나 표백한 것
섬유,직물,폴리에스터 스테이플 직물,435190,5515199000,551519,5515,기타
섬유,직물,폴리에스터 스테이플 직물,435190,5515910000,551591,5515,주로 인조필라멘트와 혼방한 것
섬유,직물,폴리에스터 스테이플 직물,435190,5515990000,551599,5515,기타
섬유,직물,기타 합성스테이플 직물,435210,5512210000,551221,5512,표백하지 않은 것이나 표백한 것
섬유,직물,기타 합성스테이플 직물,435210,5512290000,551229,5512,기타
섬유,직물,기타 합성스테이플 직물,435210,5515210000,551521,5515,주로 인조필라멘트와 혼방한 것
섬유,직물,기타 합성스테이플 직물,435210,5515221000,551522,5515,표백하지 않은 것이나 표백한 것
섬유,직물,기타 합성스테이플 직물,435210,5515229000,551522,5515,기타
섬유,직물,기타 합성스테이플 직물,435210,5515290000,551529,5515,기타
섬유,직물,기타 합성스테이플 직물,435220,5514300000,551430,5514,서로 다른 색실로 된 것
섬유,직물,재생·반합성 스테이플 직물,435910,5516111000,551611,5516,비스코스레이온(viscose rayon)의 것
섬유,직물,재생·반합성 스테이플 직물,435910,5516119000,551611,5516,기타
섬유,직물,재생·반합성 스테이플 직물,435910,5516121000,551612,5516,비스코스레이온(viscose rayon)의 것
섬유,직물,재생·반합성 스테이플 직물,435910,5516129000,551612,5516,기타
섬유,직물,재생·반합성 스테이플 직물,435910,5516130000,551613,5516,서로 다른 색실로 된 것
섬유,직물,재생·반합성 스테이플 직물,435910,5516141000,551614,5516,비스코스레이온(viscose rayon)의 것
섬유,직물,재생·반합성 스테이플 직물,435910,5516149000,551614,5516,기타
섬유,직물,재생·반합성 스테이플 직물,435990,5516211000,551621,5516,비스코스레이온(viscose rayon)의 것
섬유,직물,재생·반합성 스테이플 직물,435990,5516219000,551621,5516,기타
섬유,직물,재생·반합성 스테이플 직물,435990,5516221000,551622,5516,비스코스레이온(viscose rayon)의 것
섬유,직물,재생·반합성 스테이플 직물,435990,5516229000,551622,5516,기타
섬유,직물,재생·반합성 스테이플 직물,435990,5516230000,551623,5516,서로 다른 색실로 된 것
섬유,직물,재생·반합성 스테이플 직물,435990,5516241000,551624,5516,비스코스레이온(viscose rayon)의 것
섬유,직물,재생·반합성 스테이플 직물,435990,5516249000,551624,5516,기타
섬유,직물,재생·반합성 스테이플 직물,435990,5516310000,551631,5516,표백하지 않은 것이나 표백한 것
섬유,직물,재생·반합성 스테이플 직물,435990,5516320000,551632,5516,염색한 것
섬유,직물,재생·반합성 스테이플 직물,435990,5516330000,551633,5516,서로 다른 색실로 된 것
섬유,직물,재생·반합성 스테이플 직물,435990,5516340000,551634,5516,날염한 것
섬유,직물,재생·반합성 스테이플 직물,435990,5516411000,551641,5516,비스코스레이온(viscose rayon)의 것
섬유,직물,재생·반합성 스테이플 직물,435990,5516419000,551641,5516,기타
섬유,직물,재생·반합성 스테이플 직물,435990,5516421000,551642,5516,비스코스레이온(viscose rayon)의 것
섬유,직물,재생·반합성 스테이플 직물,435990,5516429000,551642,5516,기타
섬유,직물,재생·반합성 스테이플 직물,435990,5516430000,551643,5516,서로 다른 색실로 된 것
섬유,직물,재생·반합성 스테이플 직물,435990,5516440000,551644,5516,날염한 것
섬유,직물,재생·반합성 스테이플 직물,435990,5516910000,551691,5516,표백하지 않은 것이나 표백한 것
섬유,직물,재생·반합성 스테이플 직물,435990,5516921000,551692,5516,비스코스레이온(viscose rayon)의 것
섬유,직물,재생·반합성 스테이플 직물,435990,5516929000,551692,5516,기타
섬유,직물,재생·반합성 스테이플 직물,435990,5516930000,551693,5516,서로 다른 색실로 된 것
섬유,직물,재생·반합성 스테이플 직물,435990,5516940000,551694,5516,날염한 것
섬유,편직물,편직물,436000,6001101000,600110,6001,면으로 만든 것
섬유,편직물,편직물,436000,6001102000,600110,6001,인조섬유로 만든 것
섬유,편직물,편직물,436000,6001109000,600110,6001,기타
섬유,편직물,편직물,436000,6001210000,600121,6001,면으로 만든 것
섬유,편직물,편직물,436000,6001220000,600122,6001,인조섬유로 만든 것
섬유,편직물,편직물,436000,6001290000,600129,6001,그 밖의 방직용 섬유로 만든 것
섬유,편직물,편직물,436000,6001910000,600191,6001,면으로 만든 것
섬유,편직물,편직물,436000,6001920000,600192,6001,인조섬유로 만든 것
섬유,편직물,편직물,436000,6001990000,600199,6001,그 밖의 방직용 섬유로 만든 것
섬유,편직물,편직물,436000,6002400000,600240,6002,"탄성사의 함유중량이 전 중량의 100분의 5 이상이며, 고무실은 함유하지 않은 것"
섬유,편직물,편직물,436000,6002900000,600290,6002,기타
섬유,편직물,편직물,436000,6003100000,600310,6003,양모나 동물의 부드러운 털로 만든 것
섬유,편직물,편직물,436000,6003200000,600320,6003,면으로 만든 것
섬유,편직물,편직물,436000,6003300000,600330,6003,합성섬유로 만든 것
섬유,편직물,편직물,436000,6003400000,600340,6003,재생ㆍ반(半)합성 섬유로 만든 것
섬유,편직물,편직물,436000,6003900000,600390,6003,기타
섬유,편직물,편직물,436000,6004100000,600410,6004,"탄성사의 함유중량이 전 중량의 100분의 5 이상이며, 고무실은 함유하지 않은 것"
섬유,편직물,편직물,436000,6004900000,600490,6004,기타
섬유,편직물,편직물,436000,6005210000,600521,6005,표백하지 않은 것이나 표백한 것
섬유,편직물,편직물,436000,6005220000,600522,6005,염색한 것
섬유,편직물,편직물,436000,6005230000,600523,6005,서로 다른 색실의 것
섬유,편직물,편직물,436000,6005240000,600524,6005,날염한 것
섬유,편직물,편직물,436000,6005351000,600535,6005,표백하지 않은 것이나 표백한 것
섬유,편직물,편직물,436000,6005352000,600535,6005,염색한 것
섬유,편직물,편직물,436000,6005353000,600535,6005,서로 다른 색실의 것
섬유,편직물,편직물,436000,6005354000,600535,6005,날염한 것
섬유,편직물,편직물,436000,6005360000,600536,6005,기타(표백하지 않은 것이나 표백한 것으로 한정한다)
섬유,편직물,편직물,436000,6005370000,600537,6005,기타(염색한 것으로 한정한다)
섬유,편직물,편직물,436000,6005380000,600538,6005,기타(서로 다른 색실의 것으로 한정한다)
섬유,편직물,편직물,436000,6005390000,600539,6005,기타(날염한 것으로 한정한다)
섬유,편직물,편직물,436000,6005410000,600541,6005,표백하지 않은 것이나 표백한 것
섬유,편직물,편직물,436000,6005420000,600542,6005,염색한 것
섬유,편직물,편직물,436000,6005430000,600543,6005,서로 다른 색실의 것
섬유,편직물,편직물,436000,6005440000,600544,6005,날염한 것
섬유,편직물,편직물,436000,6005900000,600590,6005,기타
섬유,편직물,편직물,436000,6006100000,600610,6006,양모나 동물의 부드러운 털로 만든 것
섬유,편직물,편직물,436000,6006210000,600621,6006,표백하지 않은 것이나 표백한 것
섬유,편직물,편직물,436000,6006220000,600622,6006,염색한 것
섬유,편직물,편직물,436000,6006230000,600623,6006,서로 다른 색실의 것
섬유,편직물,편직물,436000,6006240000,600624,6006,날염한 것
섬유,편직물,편직물,436000,6006310000,600631,6006,표백하지 않은 것이나 표백한 것
섬유,편직물,편직물,436000,6006320000,600632,6006,염색한 것
섬유,편직물,편직물,436000,6006330000,600633,6006,서로 다른 색실의 것
섬유,편직물,편직물,436000,6006340000,600634,6006,날염한 것
섬유,편직물,편직물,436000,6006410000,600641,6006,표백하지 않은 것이나 표백한 것
섬유,편직물,편직물,436000,6006420000,600642,6006,염색한 것
섬유,편직물,편직물,436000,6006430000,600643,6006,서로 다른 색실의 것
섬유,편직물,편직물,436000,6006440000,600644,6006,날염한 것
섬유,편직물,편직물,436000,6006900000,600690,6006,기타
섬유,직물,마직물,439100,5309110000,530911,5309,표백하지 않은 것이나 표백한 것
섬유,직물,마직물,439100,5309190000,530919,5309,기타
섬유,직물,마직물,439100,5309210000,530921,5309,표백하지 않은 것이나 표백한 것
섬유,직물,마직물,439100,5309290000,530929,5309,기타
섬유,직물,마직물,439100,5310100000,531010,5310,표백하지 않은 것
섬유,직물,마직물,439100,5310900000,531090,5310,기타
섬유,직물,마직물,439100,5311001000,531100,5311,라미(ramie)의 것
섬유,직물,마직물,439100,5311002000,531100,5311,대마의 것
섬유,직물,마직물,439100,5311009000,531100,5311,기타
섬유,산업용섬유,타이어코드 직물,439200,5902100000,590210,5902,나일론이나 그 밖의 폴리아미드로 만든 것
섬유,산업용섬유,타이어코드 직물,439200,5902200000,590220,5902,폴리에스테르로 만든 것
섬유,산업용섬유,타이어코드 직물,439200,5902900000,590290,5902,기타
섬유,특수직물,자수직물,439300,5810100000,581010,5810,자수천(바탕천을 육안으로 식별할 수 없는 것으로 한정한다)
섬유,특수직물,자수직물,439300,5810910000,581091,5810,면으로 만든 것
섬유,특수직물,자수직물,439300,5810920000,581092,5810,인조섬유로 만든 것
섬유,특수직물,자수직물,439300,5810990000,581099,5810,그 밖의 방직용 섬유로 만든 것
섬유,특수직물,파일·셔닐직물,439400,5801100000,580110,5801,양모나 동물의 부드러운 털로 만든 것
섬유,특수직물,파일·셔닐직물,439400,5801210000,580121,5801,절단되지 않은 위(緯)파일(pile)직물
섬유,특수직물,파일·셔닐직물,439400,5801220000,580122,5801,절단된 코듀로이(corduroy)
섬유,특수직물,파일·셔닐직물,439400,5801230000,580123,5801,그 밖의 위(緯)파일(pile)직물
섬유,특수직물,파일·셔닐직물,439400,5801260000,580126,5801,셔닐(chenille)직물
섬유,특수직물,파일·셔닐직물,439400,5801270000,580127,5801,경(經)파일(pile)직물
섬유,특수직물,파일·셔닐직물,439400,5801310000,580131,5801,절단되지 않은 위(緯)파일(pile)직물
섬유,특수직물,파일·셔닐직물,439400,5801320000,580132,5801,절단된 코듀로이(corduroy)
섬유,특수직물,파일·셔닐직물,439400,5801330000,580133,5801,그 밖의 위(緯)파일(pile)직물
섬유,특수직물,파일·셔닐직물,439400,5801360000,580136,5801,셔닐(chenille)직물
섬유,특수직물,파일·셔닐직물,439400,5801370000,580137,5801,경(經)파일(pile) 직물
섬유,특수직물,파일·셔닐직물,439400,5801900000,580190,5801,그 밖의 섬유로 만든 것
섬유,산업용섬유,부직포,439500,5603111000,560311,5603,침투ㆍ도포ㆍ피복ㆍ적층한 것
섬유,산업용섬유,부직포,439500,5603119000,560311,5603,기타
섬유,산업용섬유,부직포,439500,5603121000,560312,5603,침투ㆍ도포ㆍ피복ㆍ적층한 것
섬유,산업용섬유,부직포,439500,5603129000,560312,5603,기타
섬유,산업용섬유,부직포,439500,5603131000,560313,5603,침투ㆍ도포ㆍ피복ㆍ적층한 것
섬유,산업용섬유,부직포,439500,5603139000,560313,5603,기타
섬유,산업용섬유,부직포,439500,5603141000,560314,5603,침투ㆍ도포ㆍ피복ㆍ적층한 것
섬유,산업용섬유,부직포,439500,5603149000,560314,5603,기타
섬유,산업용섬유,부직포,439500,5603910000,560391,5603,1제곱미터당 중량이 25그램 이하인 것
섬유,산업용섬유,부직포,439500,5603920000,560392,5603,1제곱미터당 중량이 25그램 초과 70그램 이하인 것
섬유,산업용섬유,부직포,439500,5603930000,560393,5603,1제곱미터당 중량이 70그램 초과 150그램 이하인 것
섬유,산업용섬유,부직포,439500,5603940000,560394,5603,1제곱미터당 중량이 150그램을 초과하는 것
섬유,산업용섬유,탄소섬유 직물·프리프레그,439610,6815120000,681512,6815,탄소섬유 직물
섬유,산업용섬유,탄소섬유 직물·프리프레그,439620,6815131000,681513,6815,프리프레그
섬유,산업용섬유,유리섬유·기타 산업용 직물,439910,7019610000,701961,7019,촘촘하게 직조한 직물[로빙(roving)의 것]
섬유,산업용섬유,유리섬유·기타 산업용 직물,439910,7019620000,701962,7019,그 밖의 촘촘한 직물[로빙(roving)의 것]
섬유,산업용섬유,유리섬유·기타 산업용 직물,439910,7019631000,701963,7019,폭이 30센티미터 이하인 것
섬유,산업용섬유,유리섬유·기타 산업용 직물,439910,7019632000,701963,7019,"폭이 30센티미터 초과인 것(평직물로서 1제곱미터당 중량이 250그램 미만이며, 구성하는 단사가 136텍스 이하의 필라멘트인 것으로 한정한다)"
섬유,산업용섬유,유리섬유·기타 산업용 직물,439910,7019639000,701963,7019,기타
섬유,산업용섬유,유리섬유·기타 산업용 직물,439910,7019641000,701964,7019,폭이 30센티미터 이하인 것
섬유,산업용섬유,유리섬유·기타 산업용 직물,439910,7019642000,701964,7019,"폭이 30센티미터 초과인 것(평직물로서 1제곱미터당 중량이 250그램 미만이며, 구성하는 단사가 136텍스 이하의 필라멘트인 것으로 한정한다)"
섬유,산업용섬유,유리섬유·기타 산업용 직물,439910,7019649000,701964,7019,기타
섬유,산업용섬유,유리섬유·기타 산업용 직물,439910,7019651000,701965,7019,로빙으로 짠 것
섬유,산업용섬유,유리섬유·기타 산업용 직물,439910,7019659000,701965,7019,기타
섬유,산업용섬유,유리섬유·기타 산업용 직물,439910,7019661000,701966,7019,로빙으로 짠 것
섬유,산업용섬유,유리섬유·기타 산업용 직물,439910,7019662000,701966,7019,"기타(평직물로서 1제곱미터당 중량이 250그램 미만이며, 구성하는 단사가 136텍스 이하의 필라멘트인 것으로 한정한다)"
섬유,산업용섬유,유리섬유·기타 산업용 직물,439910,7019669000,701966,7019,기타
섬유,산업용섬유,유리섬유·기타 산업용 직물,439910,7019692000,701969,7019,웹(web)ㆍ매트리스(mattress)ㆍ보드와 이와 유사한 부직포
섬유,산업용섬유,유리섬유·기타 산업용 직물,439910,7019693010,701969,7019,폭이 30센티미터 이하인 것
섬유,산업용섬유,유리섬유·기타 산업용 직물,439910,7019693090,701969,7019,기타
섬유,산업용섬유,유리섬유·기타 산업용 직물,439910,7019699000,701969,7019,기타
섬유,산업용섬유,유리섬유·기타 산업용 직물,439910,7019710000,701971,7019,베일(얇은 시트)
섬유,산업용섬유,유리섬유·기타 산업용 직물,439910,7019720000,701972,7019,그 밖의 촘촘한 직물
섬유,산업용섬유,유리섬유·기타 산업용 직물,439910,7019730000,701973,7019,그 밖의 성긴 직물
섬유,산업용섬유,유리섬유·기타 산업용 직물,439920,7019801000,701980,7019,글라스 울(glass wool)
섬유,산업용섬유,유리섬유·기타 산업용 직물,439920,7019809000,701980,7019,기타
섬유,산업용섬유,유리섬유·기타 산업용 직물,439990,5802100000,580210,5802,면으로 만든 테리타월지(terry towelling fabric)와 이와 유사한 테리(terry)직물
섬유,산업용섬유,유리섬유·기타 산업용 직물,439990,5802200000,580220,5802,그 밖의 섬유로 만든 테리타월지(terry towelling fabric)와 이와 유사한 테리(terry)직물
섬유,산업용섬유,유리섬유·기타 산업용 직물,439990,5802300000,580230,5802,터프트(tuft)한 직물
섬유,산업용섬유,유리섬유·기타 산업용 직물,439990,5803000000,580300,5803,거즈[제5806호에 해당하는 세폭(細幅)직물은 제외한다]
섬유,산업용섬유,유리섬유·기타 산업용 직물,439990,5804103000,580410,5804,인조섬유로 만든 것
섬유,산업용섬유,유리섬유·기타 산업용 직물,439990,5804109000,580410,5804,기타
섬유,산업용섬유,유리섬유·기타 산업용 직물,439990,5804210000,580421,5804,인조섬유로 만든 것
섬유,산업용섬유,유리섬유·기타 산업용 직물,439990,5804292000,580429,5804,면으로 만든 것
섬유,산업용섬유,유리섬유·기타 산업용 직물,439990,5804299000,580429,5804,기타
섬유,산업용섬유,유리섬유·기타 산업용 직물,439990,5804300000,580430,5804,손으로 만든 레이스
섬유,산업용섬유,유리섬유·기타 산업용 직물,439990,5806103000,580610,5806,인조섬유로 만든 것
섬유,산업용섬유,유리섬유·기타 산업용 직물,439990,5806109000,580610,5806,기타
섬유,산업용섬유,유리섬유·기타 산업용 직물,439990,5806200000,580620,5806,그 밖의 직물(탄성사나 고무실의 중량이 전 중량의 100분의 5 이상인 것으로 한정한다)
섬유,산업용섬유,유리섬유·기타 산업용 직물,439990,5806310000,580631,5806,면으로 만든 것
섬유,산업용섬유,유리섬유·기타 산업용 직물,439990,5806320000,580632,5806,인조섬유로 만든 것
섬유,산업용섬유,유리섬유·기타 산업용 직물,439990,5806390000,580639,5806,그 밖의 방직용 섬유로 만든 것
섬유,산업용섬유,유리섬유·기타 산업용 직물,439990,5806400000,580640,5806,접착제로 접착한 경사(經絲)만으로 이루어진 세폭(細幅)직물(볼덕)
섬유,산업용섬유,유리섬유·기타 산업용 직물,439990,5809000000,580900,5809,"금속사의 직물과 제5605호에 해당하는 금속드리사(metallised yarn)의 직물(의류ㆍ실내용품이나 이와 유사한 물품에 사용되는 것으로 한정하며, 따로 분류되는 것은 제외한다)"
섬유,산업용섬유,유리섬유·기타 산업용 직물,439990,5901100000,590110,5901,서적 장정용이나 이와 유사한 용도로 사용하는 방직용 섬유의 직물류로서 검(gum)이나 전분질의 물품을 도포한 것
섬유,산업용섬유,유리섬유·기타 산업용 직물,439990,5901901000,590190,5901,투사포(tracing cloth)
섬유,산업용섬유,유리섬유·기타 산업용 직물,439990,5901903000,590190,5901,버크럼(buckram)과 이와 유사한 경화가공된 방직용 섬유의 직물
섬유,산업용섬유,유리섬유·기타 산업용 직물,439990,5903100000,590310,5903,폴리(염화비닐)의 것
섬유,산업용섬유,유리섬유·기타 산업용 직물,439990,5903200000,590320,5903,폴리우레탄의 것
섬유,산업용섬유,유리섬유·기타 산업용 직물,439990,5903900000,590390,5903,기타
섬유,산업용섬유,유리섬유·기타 산업용 직물,439990,5905000000,590500,5905,방직용 섬유로 만든 벽 피복재
섬유,산업용섬유,유리섬유·기타 산업용 직물,439990,5906100000,590610,5906,폭이 20센티미터 이하인 접착테이프
섬유,산업용섬유,유리섬유·기타 산업용 직물,439990,5906910000,590691,5906,메리야스 편물이나 뜨개질 편물
섬유,산업용섬유,유리섬유·기타 산업용 직물,439990,5906990000,590699,5906,기타
섬유,산업용섬유,유리섬유·기타 산업용 직물,439990,5907001000,590700,5907,건성유의 조제품이나 기름을 도포ㆍ침투한 방직용 섬유의 직물류
섬유,산업용섬유,유리섬유·기타 산업용 직물,439990,5907002000,590700,5907,극장용 배경이나 스튜디오용 배경막이나 이와유사하게 사용되는 그림이 그려진 캔버스
섬유,산업용섬유,유리섬유·기타 산업용 직물,439990,5907009000,590700,5907,기타
섬유,산업용섬유,유리섬유·기타 산업용 직물,439990,7019140000,701914,7019,기계적으로 접착한 매트
섬유,산업용섬유,유리섬유·기타 산업용 직물,439990,7019150000,701915,7019,화학적으로 접착한 매트
섬유,산업용섬유,유리섬유·기타 산업용 직물,439990,7019900000,701990,7019,기타
섬유,의류,편직의류,441101,6101200000,610120,6101,면으로 만든 것
섬유,의류,편직의류,441101,6101301000,610130,6101,합성섬유로 만든 것
섬유,의류,편직의류,441101,6101302000,610130,6101,재생ㆍ반(半)합성 섬유로 만든 것
섬유,의류,편직의류,441101,6101900000,610190,6101,그 밖의 방직용 섬유로 만든 것
섬유,의류,편직의류,441101,6102100000,610210,6102,양모나 동물의 부드러운 털로 만든 것
섬유,의류,편직의류,441101,6102200000,610220,6102,면으로 만든 것
섬유,의류,편직의류,441101,6102301000,610230,6102,합성섬유로 만든 것
섬유,의류,편직의류,441101,6102302000,610230,6102,재생ㆍ반(半)합성 섬유로 만든 것
섬유,의류,편직의류,441101,6102900000,610290,6102,그 밖의 방직용 섬유로 만든 것
섬유,의류,편직의류,441102,6103101000,610310,6103,양모나 동물의 부드러운 털로 만든 것
섬유,의류,편직의류,441102,6103102000,610310,6103,합성섬유로 만든 것
섬유,의류,편직의류,441102,6103109000,610310,6103,그 밖의 방직용 섬유로 만든 것
섬유,의류,편직의류,441102,6103220000,610322,6103,면으로 만든 것
섬유,의류,편직의류,441102,6103230000,610323,6103,합성섬유로 만든 것
섬유,의류,편직의류,441102,6103290000,610329,6103,그 밖의 방직용 섬유로 만든 것
섬유,의류,편직의류,441102,6104130000,610413,6104,합성섬유로 만든 것
섬유,의류,편직의류,441102,6104191000,610419,6104,면으로 만든 것
섬유,의류,편직의류,441102,6104199000,610419,6104,기타
섬유,의류,편직의류,441102,6104220000,610422,6104,면으로 만든 것
섬유,의류,편직의류,441102,6104230000,610423,6104,합성섬유로 만든 것
섬유,의류,편직의류,441102,6104290000,610429,6104,그 밖의 방직용 섬유로 만든 것
섬유,의류,편직의류,441103,6103310000,610331,6103,양모나 동물의 부드러운 털로 만든 것
섬유,의류,편직의류,441103,6103320000,610332,6103,면으로 만든 것
섬유,의류,편직의류,441103,6103330000,610333,6103,합성섬유로 만든 것
섬유,의류,편직의류,441103,6103390000,610339,6103,그 밖의 방직용 섬유로 만든 것
섬유,의류,편직의류,441103,6104310000,610431,6104,양모나 동물의 부드러운 털로 만든 것
섬유,의류,편직의류,441103,6104320000,610432,6104,면으로 만든 것
섬유,의류,편직의류,441103,6104330000,610433,6104,합성섬유로 만든 것
섬유,의류,편직의류,441103,6104390000,610439,6104,그 밖의 방직용 섬유로 만든 것
섬유,의류,편직의류,441104,6103410000,610341,6103,양모나 동물의 부드러운 털로 만든 것
섬유,의류,편직의류,441104,6103420000,610342,6103,면으로 만든 것
섬유,의류,편직의류,441104,6103430000,610343,6103,합성섬유로 만든 것
섬유,의류,편직의류,441104,6103490000,610349,6103,그 밖의 방직용 섬유로 만든 것
섬유,의류,편직의류,441104,6104510000,610451,6104,양모나 동물의 부드러운 털로 만든 것
섬유,의류,편직의류,441104,6104520000,610452,6104,면으로 만든 것
섬유,의류,편직의류,441104,6104530000,610453,6104,합성섬유로 만든 것
섬유,의류,편직의류,441104,6104590000,610459,6104,그 밖의 방직용 섬유로 만든 것
섬유,의류,편직의류,441104,6104610000,610461,6104,양모나 동물의 부드러운 털로 만든 것
섬유,의류,편직의류,441104,6104620000,610462,6104,면으로 만든 것
섬유,의류,편직의류,441104,6104630000,610463,6104,합성섬유로 만든 것
섬유,의류,편직의류,441104,6104690000,610469,6104,그 밖의 방직용 섬유로 만든 것
섬유,의류,편직의류,441105,6104410000,610441,6104,양모나 동물의 부드러운 털로 만든 것
섬유,의류,편직의류,441105,6104420000,610442,6104,면으로 만든 것
섬유,의류,편직의류,441105,6104430000,610443,6104,합성섬유로 만든 것
섬유,의류,편직의류,441105,6104440000,610444,6104,재생ㆍ반(半)합성 섬유로 만든 것
섬유,의류,편직의류,441105,6104491000,610449,6104,견으로 만든 것
섬유,의류,편직의류,441105,6104499000,610449,6104,기타
섬유,의류,편직의류,441106,6105100000,610510,6105,면으로 만든 것
섬유,의류,편직의류,441106,6105201000,610520,6105,합성섬유로 만든 것
섬유,의류,편직의류,441106,6105202000,610520,6105,재생ㆍ반(半)합성 섬유로 만든 것
섬유,의류,편직의류,441106,6105900000,610590,6105,그 밖의 방직용 섬유로 만든 것
섬유,의류,편직의류,441107,6106100000,610610,6106,면으로 만든 것
섬유,의류,편직의류,441107,6106201000,610620,6106,합성섬유로 만든 것
섬유,의류,편직의류,441107,6106202000,610620,6106,재생ㆍ반(半)합성 섬유로 만든 것
섬유,의류,편직의류,441107,6106900000,610690,6106,그 밖의 방직용 섬유로 만든 것
섬유,의류,편직의류,441108,6110110000,611011,6110,양모로 만든 것
섬유,의류,편직의류,441108,6110120000,611012,6110,캐시미어 염소의 털로 만든 것
섬유,의류,편직의류,441108,6110190000,611019,6110,기타
섬유,의류,편직의류,441108,6110200000,611020,6110,면으로 만든 것
섬유,의류,편직의류,441108,6110301000,611030,6110,합성섬유로 만든 것
섬유,의류,편직의류,441108,6110302000,611030,6110,재생ㆍ반(半)합성 섬유로 만든 것
섬유,의류,편직의류,441108,6110901000,611090,6110,견으로 만든 것
섬유,의류,편직의류,441108,6110909000,611090,6110,기타
섬유,의류,편직의류,441109,6109101000,610910,6109,티셔츠
섬유,의류,편직의류,441109,6109109000,610910,6109,기타
섬유,의류,편직의류,441109,6109901010,610990,6109,티셔츠
섬유,의류,편직의류,441109,6109901090,610990,6109,기타
섬유,의류,편직의류,441109,6109902010,610990,6109,티셔츠
섬유,의류,편직의류,441109,6109902090,610990,6109,기타
섬유,의류,편직의류,441109,6109903010,610990,6109,티셔츠
섬유,의류,편직의류,441109,6109903090,610990,6109,기타
섬유,의류,편직의류,441109,6109909010,610990,6109,티셔츠
섬유,의류,편직의류,441109,6109909090,610990,6109,기타
섬유,의류,편직의류,441110,6107110000,610711,6107,면으로 만든 것
섬유,의류,편직의류,441110,6107121000,610712,6107,합성섬유로 만든 것
섬유,의류,편직의류,441110,6107122000,610712,6107,재생ㆍ반(半)합성 섬유로 만든 것
섬유,의류,편직의류,441110,6107190000,610719,6107,그 밖의 방직용 섬유로 만든 것
섬유,의류,편직의류,441110,6108210000,610821,6108,면으로 만든 것
섬유,의류,편직의류,441110,6108221000,610822,6108,합성섬유로 만든 것
섬유,의류,편직의류,441110,6108222000,610822,6108,재생ㆍ반(半)합성 섬유로 만든 것
섬유,의류,편직의류,441110,6108290000,610829,6108,그 밖의 방직용 섬유로 만든 것
섬유,의류,편직의류,441111,6108111000,610811,6108,합성섬유로 만든 것
섬유,의류,편직의류,441111,6108112000,610811,6108,재생ㆍ반(半)합성 섬유로 만든 것
섬유,의류,편직의류,441111,6108190000,610819,6108,그 밖의 방직용 섬유로 만든 것
섬유,의류,편직의류,441112,6212101000,621210,6212,면으로 만든 것
섬유,의류,편직의류,441112,6212102000,621210,6212,인조섬유로 만든 것
섬유,의류,편직의류,441112,6212109000,621210,6212,기타
섬유,의류,편직의류,441112,6212201000,621220,6212,면으로 만든 것
섬유,의류,편직의류,441112,6212202000,621220,6212,인조섬유로 만든 것
섬유,의류,편직의류,441112,6212209000,621220,6212,기타
섬유,의류,편직의류,441112,6212300000,621230,6212,코르슬렛(corselette)
섬유,의류,편직의류,441112,6212900000,621290,6212,기타
섬유,의류,편직의류,441113,6107210000,610721,6107,면으로 만든 것
섬유,의류,편직의류,441113,6107221000,610722,6107,합성섬유로 만든 것
섬유,의류,편직의류,441113,6107222000,610722,6107,재생ㆍ반(半)합성 섬유로 만든 것
섬유,의류,편직의류,441113,6107290000,610729,6107,그 밖의 방직용 섬유로 만든 것
섬유,의류,편직의류,441113,6108310000,610831,6108,면으로 만든 것
섬유,의류,편직의류,441113,6108321000,610832,6108,합성섬유로 만든 것
섬유,의류,편직의류,441113,6108322000,610832,6108,재생ㆍ반(半)합성 섬유로 만든 것
섬유,의류,편직의류,441113,6108390000,610839,6108,그 밖의 방직용 섬유로 만든 것
섬유,의류,편직의류,441114,6107910000,610791,6107,면으로 만든 것
섬유,의류,편직의류,441114,6107990000,610799,6107,그 밖의 방직용 섬유로 만든 것
섬유,의류,편직의류,441114,6108910000,610891,6108,면으로 만든 것
섬유,의류,편직의류,441114,6108921000,610892,6108,합성섬유로 만든 것
섬유,의류,편직의류,441114,6108922000,610892,6108,재생ㆍ반(半)합성 섬유로 만든 것
섬유,의류,편직의류,441114,6108990000,610899,6108,그 밖의 방직용 섬유로 만든 것
섬유,의류,편직의류,441115,6111201000,611120,6111,의류
섬유,의류,편직의류,441115,6111202000,611120,6111,부속품
섬유,의류,편직의류,441115,6111301000,611130,6111,의류
섬유,의류,편직의류,441115,6111302000,611130,6111,부속품
섬유,의류,편직의류,441115,6111901000,611190,6111,의류
섬유,의류,편직의류,441115,6111902000,611190,6111,부속품
섬유,의류,편직의류,441116,6112110000,611211,6112,면으로 만든 것
섬유,의류,편직의류,441116,6112120000,611212,6112,합성섬유로 만든 것
섬유,의류,편직의류,441116,6112190000,611219,6112,그 밖의 방직용 섬유로 만든 것
섬유,의류,편직의류,441116,6112200000,611220,6112,스키슈트
섬유,의류,편직의류,441116,6112310000,611231,6112,합성섬유로 만든 것
섬유,의류,편직의류,441116,6112390000,611239,6112,그 밖의 방직용 섬유로 만든 것
섬유,의류,편직의류,441116,6112410000,611241,6112,합성섬유로 만든 것
섬유,의류,편직의류,441116,6112490000,611249,6112,그 밖의 방직용 섬유로 만든 것
섬유,의류,편직의류,441117,6113001000,611300,6113,제5903호의 것
섬유,의류,편직의류,441117,6113002000,611300,6113,제5906호의 것
섬유,의류,편직의류,441117,6113003000,611300,6113,제5907호의 것
섬유,의류,편직의류,441118,6114200000,611420,6114,면으로 만든 것
섬유,의류,편직의류,441118,6114301000,611430,6114,합성섬유로 만든 것
섬유,의류,편직의류,441118,6114302000,611430,6114,재생ㆍ반(半)합성 섬유로 만든 것
섬유,의류,편직의류,441118,6114900000,611490,6114,그 밖의 방직용 섬유로 만든 것
섬유,의류,편직의류,441190,6117101000,611710,6117,견으로 만든 것
섬유,의류,편직의류,441190,6117102000,611710,6117,양모나 동물의 부드러운 털로 만든 것
섬유,의류,편직의류,441190,6117103000,611710,6117,면으로 만든 것
섬유,의류,편직의류,441190,6117104000,611710,6117,인조섬유로 만든 것
섬유,의류,편직의류,441190,6117109000,611710,6117,기타
섬유,의류,편직의류,441190,6117800000,611780,6117,그 밖의 부속품
섬유,의류,편직의류,441190,6117900000,611790,6117,부분품
섬유,의류,직물의류,441201,6201201000,620120,6201,오버코트(overcoat)ㆍ레인코트(raincoat)ㆍ카코트(car-coat)ㆍ케이프(cape)ㆍ클록(cloak)과 이와 유사한 의류
섬유,의류,직물의류,441201,6201209000,620120,6201,기타
섬유,의류,직물의류,441201,6201301000,620130,6201,오버코트(overcoat)ㆍ레인코트(raincoat)ㆍ카코트(car-coat)ㆍ케이프(cape)ㆍ클록(cloak)과 이와 유사한 의류
섬유,의류,직물의류,441201,6201309000,620130,6201,기타
섬유,의류,직물의류,441201,6201401010,620140,6201,오버코트(overcoat)ㆍ레인코트(raincoat)ㆍ카코트(car-coat)ㆍ케이프(cape)ㆍ클록(cloak)과 이와 유사한 의류
섬유,의류,직물의류,441201,6201401090,620140,6201,기타
섬유,의류,직물의류,441201,6201409010,620140,6201,오버코트(overcoat)ㆍ레인코트(raincoat)ㆍ카코트(car-coat)ㆍ케이프(cape)ㆍ클록(cloak)과 이와 유사한 의류
섬유,의류,직물의류,441201,6201409090,620140,6201,기타
섬유,의류,직물의류,441201,6201901000,620190,6201,오버코트(overcoat)ㆍ레인코트(raincoat)ㆍ카코트(car-coat)ㆍ케이프(cape)ㆍ클록(cloak)과 이와 유사한 의류
섬유,의류,직물의류,441201,6201909000,620190,6201,기타
섬유,의류,직물의류,441201,6202201000,620220,6202,오버코트(overcoat)ㆍ레인코트(raincoat)ㆍ카코트(car-coat)ㆍ케이프(cape)ㆍ클록(cloak)과 이와 유사한 의류
섬유,의류,직물의류,441201,6202209000,620220,6202,기타
섬유,의류,직물의류,441201,6202301000,620230,6202,오버코트(overcoat)ㆍ레인코트(raincoat)ㆍ카코트(car-coat)ㆍ케이프(cape)ㆍ클록(cloak)과 이와 유사한 의류
섬유,의류,직물의류,441201,6202309000,620230,6202,기타
섬유,의류,직물의류,441201,6202401010,620240,6202,오버코트(overcoat)ㆍ레인코트(raincoat)ㆍ카코트(car-coat)ㆍ케이프(cape)ㆍ클록(cloak)과 이와 유사한 의류
섬유,의류,직물의류,441201,6202401090,620240,6202,기타
섬유,의류,직물의류,441201,6202409010,620240,6202,오버코트(overcoat)ㆍ레인코트(raincoat)ㆍ카코트(car-coat)ㆍ케이프(cape)ㆍ클록(cloak)과 이와 유사한 의류
섬유,의류,직물의류,441201,6202409090,620240,6202,기타
섬유,의류,직물의류,441201,6202901000,620290,6202,오버코트(overcoat)ㆍ레인코트(raincoat)ㆍ카코트(car-coat)ㆍ케이프(cape)ㆍ클록(cloak)과 이와 유사한 의류
섬유,의류,직물의류,441201,6202909000,620290,6202,기타
섬유,의류,직물의류,441202,6203110000,620311,6203,양모나 동물의 부드러운 털로 만든 것
섬유,의류,직물의류,441202,6203120000,620312,6203,합성섬유로 만든 것
섬유,의류,직물의류,441202,6203190000,620319,6203,그 밖의 방직용 섬유로 만든 것
섬유,의류,직물의류,441203,6204110000,620411,6204,양모나 동물의 부드러운 털로 만든 것
섬유,의류,직물의류,441203,6204120000,620412,6204,면으로 만든 것
섬유,의류,직물의류,441203,6204130000,620413,6204,합성섬유로 만든 것
섬유,의류,직물의류,441203,6204190000,620419,6204,그 밖의 방직용 섬유로 만든 것
섬유,의류,직물의류,441204,6203220000,620322,6203,면으로 만든 것
섬유,의류,직물의류,441204,6203230000,620323,6203,합성섬유로 만든 것
섬유,의류,직물의류,441204,6203290000,620329,6203,그 밖의 방직용 섬유로 만든 것
섬유,의류,직물의류,441204,6204210000,620421,6204,양모나 동물의 부드러운 털로 만든 것
섬유,의류,직물의류,441204,6204220000,620422,6204,면으로 만든 것
섬유,의류,직물의류,441204,6204230000,620423,6204,합성섬유로 만든 것
섬유,의류,직물의류,441204,6204290000,620429,6204,그 밖의 방직용 섬유로 만든 것
섬유,의류,직물의류,441205,6203310000,620331,6203,양모나 동물의 부드러운 털로 만든 것
섬유,의류,직물의류,441205,6203320000,620332,6203,면으로 만든 것
섬유,의류,직물의류,441205,6203330000,620333,6203,합성섬유로 만든 것
섬유,의류,직물의류,441205,6203390000,620339,6203,그 밖의 방직용 섬유로 만든 것
섬유,의류,직물의류,441206,6204310000,620431,6204,양모나 동물의 부드러운 털로 만든 것
섬유,의류,직물의류,441206,6204320000,620432,6204,면으로 만든 것
섬유,의류,직물의류,441206,6204330000,620433,6204,합성섬유로 만든 것
섬유,의류,직물의류,441206,6204391000,620439,6204,견으로 만든 것
섬유,의류,직물의류,441206,6204399000,620439,6204,기타
섬유,의류,직물의류,441207,6203410000,620341,6203,양모나 동물의 부드러운 털로 만든 것
섬유,의류,직물의류,441207,6203421000,620342,6203,데님의 것(청바지를 포함한다)
섬유,의류,직물의류,441207,6203429000,620342,6203,기타
섬유,의류,직물의류,441207,6203430000,620343,6203,합성섬유로 만든 것
섬유,의류,직물의류,441207,6203490000,620349,6203,그 밖의 방직용 섬유로 만든 것
섬유,의류,직물의류,441208,6204510000,620451,6204,양모나 동물의 부드러운 털로 만든 것
섬유,의류,직물의류,441208,6204520000,620452,6204,면으로 만든 것
섬유,의류,직물의류,441208,6204530000,620453,6204,합성섬유로 만든 것
섬유,의류,직물의류,441208,6204591000,620459,6204,견으로 만든 것
섬유,의류,직물의류,441208,6204599000,620459,6204,기타
섬유,의류,직물의류,441208,6204610000,620461,6204,양모나 동물의 부드러운 털로 만든 것
섬유,의류,직물의류,441208,6204621000,620462,6204,데님의 것(청바지를 포함한다)
섬유,의류,직물의류,441208,6204629000,620462,6204,기타
섬유,의류,직물의류,441208,6204630000,620463,6204,합성섬유로 만든 것
섬유,의류,직물의류,441208,6204691000,620469,6204,견으로 만든 것
섬유,의류,직물의류,441208,6204699000,620469,6204,기타
섬유,의류,직물의류,441209,6204410000,620441,6204,양모나 동물의 부드러운 털로 만든 것
섬유,의류,직물의류,441209,6204420000,620442,6204,면으로 만든 것
섬유,의류,직물의류,441209,6204430000,620443,6204,합성섬유로 만든 것
섬유,의류,직물의류,441209,6204440000,620444,6204,재생ㆍ반(半)합성 섬유로 만든 것
섬유,의류,직물의류,441209,6204491000,620449,6204,견으로 만든 것
섬유,의류,직물의류,441209,6204499000,620449,6204,기타
섬유,의류,직물의류,441210,6206100000,620610,6206,견이나 견 웨이스트(waste)로 만든 것
섬유,의류,직물의류,441210,6206200000,620620,6206,양모나 동물의 부드러운 털로 만든 것
섬유,의류,직물의류,441210,6206300000,620630,6206,면으로 만든 것
섬유,의류,직물의류,441210,6206401000,620640,6206,합성섬유로 만든 것
섬유,의류,직물의류,441210,6206402000,620640,6206,재생ㆍ반(半)합성 섬유로 만든 것
섬유,의류,직물의류,441210,6206900000,620690,6206,그 밖의 방직용 섬유로 만든 것
섬유,의류,직물의류,441211,6211201000,621120,6211,인조섬유로 만든 것
섬유,의류,직물의류,441211,6211209000,621120,6211,기타
섬유,의류,직물의류,441212,6211111000,621111,6211,인조섬유로 만든 것
섬유,의류,직물의류,441212,6211119000,621111,6211,기타
섬유,의류,직물의류,441212,6211121000,621112,6211,인조섬유로 만든 것
섬유,의류,직물의류,441212,6211129000,621112,6211,기타
섬유,의류,직물의류,441212,6211321000,621132,6211,"유도, 태권도와 그 밖의 동양 무술복"
섬유,의류,직물의류,441212,6211329000,621132,6211,기타
섬유,의류,직물의류,441212,6211331000,621133,6211,합성섬유로 만든 것
섬유,의류,직물의류,441212,6211332000,621133,6211,재생ㆍ반(半)합성 섬유로 만든 것
섬유,의류,직물의류,441212,6211391000,621139,6211,양모나 동물의 부드러운 털로 만든 것
섬유,의류,직물의류,441212,6211399000,621139,6211,기타
섬유,의류,직물의류,441212,6211421000,621142,6211,"유도, 태권도와 그 밖의 동양 무술복"
섬유,의류,직물의류,441212,6211429000,621142,6211,기타
섬유,의류,직물의류,441212,6211431000,621143,6211,합성섬유로 만든 것
섬유,의류,직물의류,441212,6211432000,621143,6211,재생ㆍ반(半)합성 섬유로 만든 것
섬유,의류,직물의류,441212,6211491000,621149,6211,양모나 동물의 부드러운 털로 만든 것
섬유,의류,직물의류,441212,6211499000,621149,6211,기타
섬유,의류,직물의류,441213,6205200000,620520,6205,면으로 만든 것
섬유,의류,직물의류,441213,6205301000,620530,6205,합성섬유로 만든 것
섬유,의류,직물의류,441213,6205302000,620530,6205,재생ㆍ반(半)합성 섬유로 만든 것
섬유,의류,직물의류,441213,6205900000,620590,6205,그 밖의 방직용 섬유로 만든 것
섬유,의류,직물의류,441214,6207210000,620721,6207,면으로 만든 것
섬유,의류,직물의류,441214,6207221000,620722,6207,합성섬유로 만든 것
섬유,의류,직물의류,441214,6207222000,620722,6207,재생ㆍ반(半)합성 섬유로 만든 것
섬유,의류,직물의류,441214,6207290000,620729,6207,그 밖의 방직용 섬유로 만든 것
섬유,의류,직물의류,441214,6208210000,620821,6208,면으로 만든 것
섬유,의류,직물의류,441214,6208221000,620822,6208,합성섬유로 만든 것
섬유,의류,직물의류,441214,6208222000,620822,6208,재생ㆍ반(半)합성 섬유로 만든 것
섬유,의류,직물의류,441214,6208290000,620829,6208,그 밖의 방직용 섬유로 만든 것
섬유,의류,직물의류,441215,6207110000,620711,6207,면으로 만든 것
섬유,의류,직물의류,441215,6207191000,620719,6207,인조섬유로 만든 것
섬유,의류,직물의류,441215,6207199000,620719,6207,기타
섬유,의류,직물의류,441215,6207910000,620791,6207,면으로 만든 것
섬유,의류,직물의류,441215,6207991000,620799,6207,견으로 만든 것
섬유,의류,직물의류,441215,6207992000,620799,6207,양모나 동물의 부드러운 털로 만든 것
섬유,의류,직물의류,441215,6207993010,620799,6207,합성섬유로 만든 것
섬유,의류,직물의류,441215,6207993020,620799,6207,재생ㆍ반(半)합성 섬유로 만든 것
섬유,의류,직물의류,441215,6207999000,620799,6207,기타
섬유,의류,직물의류,441215,6208111000,620811,6208,합성섬유로 만든 것
섬유,의류,직물의류,441215,6208112000,620811,6208,재생ㆍ반(半)합성 섬유로 만든 것
섬유,의류,직물의류,441215,6208190000,620819,6208,그 밖의 방직용 섬유로 만든 것
섬유,의류,직물의류,441215,6208910000,620891,6208,면으로 만든 것
섬유,의류,직물의류,441215,6208921000,620892,6208,합성섬유로 만든 것
섬유,의류,직물의류,441215,6208922000,620892,6208,재생ㆍ반(半)합성 섬유로 만든 것
섬유,의류,직물의류,441215,6208990000,620899,6208,그 밖의 방직용 섬유로 만든 것
섬유,의류,직물의류,441216,6209201000,620920,6209,의류
섬유,의류,직물의류,441216,6209202000,620920,6209,부속품
섬유,의류,직물의류,441216,6209301000,620930,6209,의류
섬유,의류,직물의류,441216,6209302000,620930,6209,부속품
섬유,의류,직물의류,441216,6209901000,620990,6209,의류
섬유,의류,직물의류,441216,6209902000,620990,6209,부속품
섬유,의류,직물의류,441217,6210101000,621010,6210,제5602호의 직물로 만든 것
섬유,의류,직물의류,441217,6210102000,621010,6210,제5603호의 직물로 만든 것
섬유,의류,직물의류,441217,6210201010,621020,6210,제5903호의 직물로 만든 것
섬유,의류,직물의류,441217,6210201020,621020,6210,제5906호의 직물로 만든 것
섬유,의류,직물의류,441217,6210201030,621020,6210,제5907호의 직물로 만든 것
섬유,의류,직물의류,441217,6210209010,621020,6210,제5903호의 직물로 만든 것
섬유,의류,직물의류,441217,6210209020,621020,6210,제5906호의 직물로 만든 것
섬유,의류,직물의류,441217,6210209030,621020,6210,제5907호의 직물로 만든 것
섬유,의류,직물의류,441217,6210301010,621030,6210,제5903호의 직물로 만든 것
섬유,의류,직물의류,441217,6210301020,621030,6210,제5906호의 직물로 만든 것
섬유,의류,직물의류,441217,6210301030,621030,6210,제5907호의 직물로 만든 것
섬유,의류,직물의류,441217,6210309010,621030,6210,제5903호의 직물로 만든 것
섬유,의류,직물의류,441217,6210309020,621030,6210,제5906호의 직물로 만든 것
섬유,의류,직물의류,441217,6210309030,621030,6210,제5907호의 직물로 만든 것
섬유,의류,직물의류,441217,6210401000,621040,6210,제5903호의 직물로 만든 것
섬유,의류,직물의류,441217,6210402000,621040,6210,제5906호의 직물로 만든 것
섬유,의류,직물의류,441217,6210403000,621040,6210,제5907호의 직물로 만든 것
섬유,의류,직물의류,441217,6210501000,621050,6210,제5903호의 직물로 만든 것
섬유,의류,직물의류,441217,6210502000,621050,6210,제5906호의 직물로 만든 것
섬유,의류,직물의류,441217,6210503000,621050,6210,제5907호의 직물로 만든 것
섬유,의류,직물의류,441220,6217100000,621710,6217,부속품
섬유,의류,직물의류,441220,6217900000,621790,6217,부분품
섬유,의류,기타 의류,441301,4015190000,401519,4015,기타
섬유,의류,기타 의류,441301,4015901000,401590,4015,잠수복
섬유,의류,기타 의류,441302,4203101010,420310,4203,코트류
섬유,의류,기타 의류,441302,4203101020,420310,4203,"재킷, 블레이저와 점퍼류"
섬유,의류,기타 의류,441302,4203101060,420310,4203,바지류
섬유,의류,기타 의류,441302,4203101090,420310,4203,기타
섬유,의류,기타 의류,441302,4203102000,420310,4203,돼지 가죽으로 만든 것
섬유,의류,기타 의류,441302,4203103010,420310,4203,코트류
섬유,의류,기타 의류,441302,4203103020,420310,4203,"재킷, 블레이저와 점퍼류"
섬유,의류,기타 의류,441302,4203103050,420310,4203,조끼류
섬유,의류,기타 의류,441302,4203103060,420310,4203,바지류
섬유,의류,기타 의류,441302,4203103070,420310,4203,스커트류
섬유,의류,기타 의류,441302,4203103090,420310,4203,기타
섬유,의류,기타 의류,441302,4203109010,420310,4203,코트류
섬유,의류,기타 의류,441302,4203109020,420310,4203,"재킷, 블레이저와 점퍼류"
섬유,의류,기타 의류,441302,4203109090,420310,4203,기타
섬유,의류,기타 의류,441302,4203400000,420340,4203,그 밖의 의류 부속품
섬유,의류,기타 의류,441303,4303101100,430310,4303,밍크의 것
섬유,의류,기타 의류,441303,4303101200,430310,4303,토끼의 것
섬유,의류,기타 의류,441303,4303101300,430310,4303,어린 양의 것
섬유,의류,기타 의류,441303,4303101600,430310,4303,여우의 것
섬유,의류,기타 의류,441303,4303101900,430310,4303,기타
섬유,의류,기타 의류,441303,4303102100,430310,4303,밍크의 것
섬유,의류,기타 의류,441303,4303102200,430310,4303,토끼의 것
섬유,의류,기타 의류,441303,4303102600,430310,4303,여우의 것
섬유,의류,기타 의류,441303,4303102920,430310,4303,라쿤(raccoon)의 것
섬유,의류,기타 의류,441303,4303102990,430310,4303,기타
섬유,의류,기타 의류,441303,4303900000,430390,4303,기타
섬유,의류,기타 의류,441303,4304002000,430400,4304,인조모피의 제품
섬유,의류,양말·스타킹,441401,6115100000,611510,6115,단계압박 양말류(예: 정맥류 치료용 스타킹)
섬유,의류,양말·스타킹,441401,6115300000,611530,6115,그 밖의 여성용인 전길이(full-length)나 무릎길이(knee-length)의 양말(구성하는 단사가 67데시텍스 미만인 것으로 한정한다)
섬유,의류,양말·스타킹,441401,6115940000,611594,6115,양모나 동물의 부드러운 털로 만든 것
섬유,의류,양말·스타킹,441401,6115950000,611595,6115,면으로 만든 것
섬유,의류,양말·스타킹,441401,6115960000,611596,6115,합성섬유로 만든 것
섬유,의류,양말·스타킹,441401,6115990000,611599,6115,그 밖의 방직용 섬유로 만든 것
섬유,의류,양말·스타킹,441402,6115210000,611521,6115,합성섬유로 만든 것(구성하는 단사가 67데시텍스 미만인 것으로 한정한다)
섬유,의류,양말·스타킹,441402,6115220000,611522,6115,합성섬유로 만든 것(구성하는 단사가 67데시텍스 이상인 것으로 한정한다)
섬유,의류,양말·스타킹,441402,6115290000,611529,6115,그 밖의 방직용 섬유로 만든 것
섬유,의류,양말·스타킹,441403,6116100000,611610,6116,플라스틱이나 고무를 침투ㆍ도포ㆍ피복하거나 적층한 것
섬유,의류,양말·스타킹,441403,6116910000,611691,6116,양모나 동물의 부드러운 털로 만든 것
섬유,의류,양말·스타킹,441403,6116921000,611692,6116,작업용 장갑
섬유,의류,양말·스타킹,441403,6116929000,611692,6116,기타
섬유,의류,양말·스타킹,441403,6116930000,611693,6116,합성섬유로 만든 것
섬유,의류,양말·스타킹,441403,6116990000,611699,6116,그 밖의 방직용 섬유로 만든 것
섬유,의류,양말·스타킹,441403,6216001000,621600,6216,"플라스틱ㆍ고무를 침투, 도포, 피복한 것"
섬유,의류,양말·스타킹,441403,6216009000,621600,6216,기타
섬유,의류,양말·스타킹,441404,6213200000,621320,6213,면으로 만든 것
섬유,의류,양말·스타킹,441404,6213900000,621390,6213,그 밖의 방직용 섬유로 만든 것
섬유,의류,양말·스타킹,441404,6214100000,621410,6214,견이나 견 웨이스트(waste)로 만든 것
섬유,의류,양말·스타킹,441404,6214200000,621420,6214,양모나 동물의 부드러운 털로 만든 것
섬유,의류,양말·스타킹,441404,6214300000,621430,6214,합성섬유로 만든 것
섬유,의류,양말·스타킹,441404,6214400000,621440,6214,재생ㆍ반(半)합성 섬유로 만든 것
섬유,의류,양말·스타킹,441404,6214900000,621490,6214,그 밖의 방직용 섬유로 만든 것
섬유,의류,양말·스타킹,441405,6215100000,621510,6215,견이나 견 웨이스트(waste)로 만든 것
섬유,의류,양말·스타킹,441405,6215200000,621520,6215,인조섬유로 만든 것
섬유,의류,양말·스타킹,441405,6215900000,621590,6215,그 밖의 방직용 섬유로 만든 것
섬유,의류,양말·스타킹,441406,6501000000,650100,6501,"모체(hat-form)[펠트(felt)로 만든 성형하지 않은 것으로서 차양을 붙이지 않은 것으로 한정한다], 펠트(felt)로 만든 플래토우(plateaux)와 망숑(manchon)[슬릿망숑(slit manchon)을 포함한다]"
섬유,의류,양말·스타킹,441406,6502000000,650200,6502,"모체(hat-shape)[각종 재료로 만든 스트립(strip)을 엮거나 결합하여 만든 것으로서 미성형인 것, 차양을 붙이지 않은 것, 안을 대지 않거나 장식하지 않은 것으로 한정한다]"
섬유,의류,양말·스타킹,441406,6504000000,650400,6504,"모자[각종 재료로 만든 스트립(strip)을 엮거나 결합하여 만든 것으로 한정하며, 안을 댄 것인지 또는 장식한 것인지에 상관없다]"
섬유,의류,양말·스타킹,441406,6505001000,650500,6505,헤어네트
섬유,의류,양말·스타킹,441406,6505009011,650500,6505,합성섬유로 만든 것
섬유,의류,양말·스타킹,441406,6505009019,650500,6505,그 밖의 섬유로 만든 것
섬유,의류,양말·스타킹,441406,6505009021,650500,6505,운동모
섬유,의류,양말·스타킹,441406,6505009029,650500,6505,기타
섬유,의류,양말·스타킹,441406,6505009090,650500,6505,기타
섬유,의류,양말·스타킹,441406,6506100000,650610,6506,안전모자
섬유,의류,양말·스타킹,441406,6506910000,650691,6506,고무나 플라스틱으로 만든 것
섬유,의류,양말·스타킹,441406,6506990000,650699,6506,그 밖의 재료로 만든 것
섬유,의류,양말·스타킹,441406,6507000000,650700,6507,헤드밴드ㆍ내장재ㆍ커버ㆍ모자의 파운데이션(foundation)ㆍ모자의 프레임(frame)ㆍ챙ㆍ턱끈
섬유,의류,양말·스타킹,441407,4203301030,420330,4203,악어 가죽으로 만든 것
섬유,의류,양말·스타킹,441407,4203301090,420330,4203,기타
섬유,의류,양말·스타킹,441407,4203309000,420330,4203,기타
섬유,패션잡화,가방·여행용품,442110,4202122000,420212,4202,방직용 섬유재료로 만든 것
섬유,패션잡화,가방·여행용품,442110,4202222000,420222,4202,방직용 섬유재료로 만든 것
섬유,패션잡화,가방·여행용품,442110,4202322000,420232,4202,방직용 섬유재료로 만든 것
섬유,패션잡화,가방·여행용품,442110,4202922000,420292,4202,방직용 섬유재료로 만든 것
섬유,패션잡화,가방·여행용품,442120,4202111000,420211,4202,가죽으로 만든 것
섬유,패션잡화,가방·여행용품,442120,4202112000,420211,4202,콤퍼지션 레더로 만든 것
섬유,패션잡화,가방·여행용품,442120,4202113000,420211,4202,페이턴트 레더로 만든 것
섬유,패션잡화,가방·여행용품,442120,4202211010,420221,4202,뱀 가죽으로 만든 것
섬유,패션잡화,가방·여행용품,442120,4202211020,420221,4202,도마뱀 가죽으로 만든 것
섬유,패션잡화,가방·여행용품,442120,4202211030,420221,4202,악어 가죽으로 만든 것
섬유,패션잡화,가방·여행용품,442120,4202211090,420221,4202,기타
섬유,패션잡화,가방·여행용품,442120,4202212000,420221,4202,콤퍼지션 레더로 만든 것
섬유,패션잡화,가방·여행용품,442120,4202213000,420221,4202,페이턴트 레더로 만든 것
섬유,패션잡화,가방·여행용품,442120,4202311030,420231,4202,악어 가죽으로 만든 것
섬유,패션잡화,가방·여행용품,442120,4202311090,420231,4202,기타
섬유,패션잡화,가방·여행용품,442120,4202312000,420231,4202,콤퍼지션 레더로 만든 것
섬유,패션잡화,가방·여행용품,442120,4202313000,420231,4202,페이턴트 레더로 만든 것
섬유,패션잡화,가방·여행용품,442120,4202911000,420291,4202,가죽으로 만든 것
섬유,패션잡화,가방·여행용품,442120,4202912000,420291,4202,콤퍼지션 레더로 만든 것
섬유,패션잡화,가방·여행용품,442120,4202913000,420291,4202,페이턴트 레더로 만든 것
섬유,패션잡화,가방·여행용품,442130,4202121010,420212,4202,폴리염화비닐로 만든 것
섬유,패션잡화,가방·여행용품,442130,4202121020,420212,4202,폴리우레탄으로 만든 것
섬유,패션잡화,가방·여행용품,442130,4202121090,420212,4202,기타
섬유,패션잡화,가방·여행용품,442130,4202221010,420222,4202,폴리염화비닐로 만든 것
섬유,패션잡화,가방·여행용품,442130,4202221020,420222,4202,폴리우레탄으로 만든 것
섬유,패션잡화,가방·여행용품,442130,4202221090,420222,4202,기타
섬유,패션잡화,가방·여행용품,442130,4202321010,420232,4202,폴리염화비닐로 만든 것
섬유,패션잡화,가방·여행용품,442130,4202321020,420232,4202,폴리우레탄으로 만든 것
섬유,패션잡화,가방·여행용품,442130,4202321090,420232,4202,기타
섬유,패션잡화,가방·여행용품,442130,4202921010,420292,4202,폴리염화비닐로 만든 것
섬유,패션잡화,가방·여행용품,442130,4202921020,420292,4202,폴리우레탄으로 만든 것
섬유,패션잡화,가방·여행용품,442130,4202921090,420292,4202,기타
섬유,패션잡화,가방·여행용품,442190,4202190000,420219,4202,기타
섬유,패션잡화,가방·여행용품,442190,4202290000,420229,4202,기타
섬유,패션잡화,가방·여행용품,442190,4202390000,420239,4202,기타
섬유,패션잡화,가방·여행용품,442190,4202991000,420299,4202,판지로 만든 것
섬유,패션잡화,가방·여행용품,442190,4202999000,420299,4202,기타
섬유,패션잡화,신발,443110,6403912000,640391,6403,등산화
섬유,패션잡화,신발,443110,6403992000,640399,6403,등산화
섬유,패션잡화,신발,443120,6402190000,640219,6402,기타
섬유,패션잡화,신발,443120,6402912000,640291,6402,테니스화ㆍ농구화ㆍ체조화ㆍ훈련화나 이와 유사한 것
섬유,패션잡화,신발,443120,6402992000,640299,6402,테니스화ㆍ농구화ㆍ체조화ㆍ훈련화나 이와 유사한 것
섬유,패션잡화,신발,443120,6403190000,640319,6403,기타
섬유,패션잡화,신발,443120,6403914000,640391,6403,테니스화ㆍ농구화ㆍ체조화ㆍ훈련화나 이와 유사한 것
섬유,패션잡화,신발,443120,6403994000,640399,6403,테니스화ㆍ농구화ㆍ체조화ㆍ훈련화나 이와 유사한 것
섬유,패션잡화,신발,443120,6404110000,640411,6404,"스포츠용 신발류, 테니스화ㆍ농구화ㆍ체조화ㆍ훈련화나 이와 유사한 것"
섬유,패션잡화,신발,443130,6403591000,640359,6403,드레스화
섬유,패션잡화,신발,443130,6403911000,640391,6403,드레스화
섬유,패션잡화,신발,443130,6403991000,640399,6403,드레스화
섬유,패션잡화,신발,443140,6401921000,640192,6401,스키부츠
섬유,패션잡화,신발,443140,6402120000,640212,6402,스키부츠ㆍ크로스컨트리스키화ㆍ스노보드부츠
섬유,패션잡화,신발,443140,6403120000,640312,6403,스키부츠ㆍ크로스컨트리스키화ㆍ스노보드부츠
섬유,패션잡화,신발,443150,6406101000,640610,6406,갑피
섬유,패션잡화,신발,443150,6406102000,640610,6406,부분품
섬유,패션잡화,신발,443150,6406201000,640620,6406,바깥바닥
섬유,패션잡화,신발,443150,6406202000,640620,6406,뒷굽
섬유,패션잡화,신발,443150,6406902000,640690,6406,갈아 끼울 수 있는 안창
섬유,패션잡화,신발,443150,6406903000,640690,6406,각반
섬유,패션잡화,신발,443150,6406909000,640690,6406,기타
섬유,패션잡화,신발,443190,6401100000,640110,6401,보호용 금속 토캡(toe-cap)을 넣은 신발
섬유,패션잡화,신발,443190,6401929010,640192,6401,고무로 만든 것
섬유,패션잡화,신발,443190,6401929090,640192,6401,기타
섬유,패션잡화,신발,443190,6401991010,640199,6401,고무로 만든 것
섬유,패션잡화,신발,443190,6401991090,640199,6401,기타
섬유,패션잡화,신발,443190,6401999000,640199,6401,기타
섬유,패션잡화,신발,443190,6402200000,640220,6402,신발[갑피(甲皮)끈을 플러그(plug) 삽입식으로 바닥에 조립한 것으로 한정한다]
섬유,패션잡화,신발,443190,6402911000,640291,6402,방한화
섬유,패션잡화,신발,443190,6402919000,640291,6402,기타
섬유,패션잡화,신발,443190,6402991000,640299,6402,샌들이나 이와 유사한 신발로서 주조에 의하여 단일체로 제조된 것
섬유,패션잡화,신발,443190,6402999000,640299,6402,기타
섬유,패션잡화,신발,443190,6403200000,640320,6403,"신발류[바깥 바닥을 가죽으로 만들고, 갑피(甲皮)를발등과 엄지발가락의 주위를 감싸는 가죽끈으로 만든 것으로 한정한다]"
섬유,패션잡화,신발,443190,6403400000,640340,6403,그 밖의 신발류[보호용 금속 토캡(toe-cap)을 넣은 것으로 한정한다]
섬유,패션잡화,신발,443190,6403510000,640351,6403,발목을 덮는 것
섬유,패션잡화,신발,443190,6403599000,640359,6403,기타
섬유,패션잡화,신발,443190,6403913000,640391,6403,편상화(lace-boots)
섬유,패션잡화,신발,443190,6403919000,640391,6403,기타
섬유,패션잡화,신발,443190,6403999000,640399,6403,기타
섬유,패션잡화,신발,443190,6404191000,640419,6404,실내화
섬유,패션잡화,신발,443190,6404199000,640419,6404,기타
섬유,패션잡화,신발,443190,6404200000,640420,6404,신발류[바깥 바닥을 가죽이나 콤퍼지션 레더(composition leather)로 만든 것으로 한정한다]
섬유,패션잡화,신발,443190,6405100000,640510,6405,갑피(甲皮)를 가죽이나 콤퍼지션 레더(composition leather)로 만든 것
섬유,패션잡화,신발,443190,6405200000,640520,6405,갑피(甲皮)를 방직용 섬유재료로 만든 것
섬유,패션잡화,신발,443190,6405900000,640590,6405,기타
섬유,섬유제품,카펫·기타 섬유제품,449001,5701100000,570110,5701,양모나 동물의 부드러운 털로 만든 것
섬유,섬유제품,카펫·기타 섬유제품,449001,5701900000,570190,5701,그 밖의 방직용 섬유로 만든 것
섬유,섬유제품,카펫·기타 섬유제품,449001,5702100000,570210,5702,켈렘(Kelem)ㆍ슈맥(Schumack)ㆍ카라마니(Karamanie)와 이와 유사한 손으로 짠 러그(rug)
섬유,섬유제품,카펫·기타 섬유제품,449001,5702200000,570220,5702,코코넛섬유(코이어)로 만든 바닥깔개
섬유,섬유제품,카펫·기타 섬유제품,449001,5702310000,570231,5702,양모나 동물의 부드러운 털로 만든 것
섬유,섬유제품,카펫·기타 섬유제품,449001,5702320000,570232,5702,인조섬유로 만든 것
섬유,섬유제품,카펫·기타 섬유제품,449001,5702390000,570239,5702,그 밖의 방직용 섬유로 만든 것
섬유,섬유제품,카펫·기타 섬유제품,449001,5702410000,570241,5702,양모나 동물의 부드러운 털로 만든 것
섬유,섬유제품,카펫·기타 섬유제품,449001,5702420000,570242,5702,인조섬유로 만든 것
섬유,섬유제품,카펫·기타 섬유제품,449001,5702490000,570249,5702,그 밖의 방직용 섬유로 만든 것
섬유,섬유제품,카펫·기타 섬유제품,449001,5702500000,570250,5702,기타[파일(pile)직물로 만든 것과 제품으로 된 것은 제외한다]
섬유,섬유제품,카펫·기타 섬유제품,449001,5702910000,570291,5702,양모나 동물의 부드러운 털로 만든 것
섬유,섬유제품,카펫·기타 섬유제품,449001,5702920000,570292,5702,인조섬유로 만든 것
섬유,섬유제품,카펫·기타 섬유제품,449001,5702990000,570299,5702,그 밖의 방직용 섬유로 만든 것
섬유,섬유제품,카펫·기타 섬유제품,449001,5703100000,570310,5703,양모나 동물의 부드러운 털로 만든 것
섬유,섬유제품,카펫·기타 섬유제품,449001,5703290000,570329,5703,기타
섬유,섬유제품,카펫·기타 섬유제품,449001,5703390000,570339,5703,기타
섬유,섬유제품,카펫·기타 섬유제품,449001,5703900000,570390,5703,그 밖의 방직용 섬유로 만든 것
섬유,섬유제품,카펫·기타 섬유제품,449001,5704100000,570410,5704,타일(tile)(표면적이 최고 0.3제곱미터인 것으로 한정한다)
섬유,섬유제품,카펫·기타 섬유제품,449001,5704200000,570420,5704,타일(tile)(표면적이 최고 0.3제곱미터 초과 1제곱미터 이하인 것으로 한정한다)
섬유,섬유제품,카펫·기타 섬유제품,449001,5704900000,570490,5704,기타
섬유,섬유제품,카펫·기타 섬유제품,449001,5705000000,570500,5705,그 밖의 양탄자류와 그 밖의 방직용 섬유로 만든 바닥깔개(제품으로 된 것인지에 상관없다)
섬유,섬유제품,카펫·기타 섬유제품,449002,6301100000,630110,6301,전기모포
섬유,섬유제품,카펫·기타 섬유제품,449002,6301200000,630120,6301,양모나 동물의 부드러운 털로 만든 모포(전기모포는 제외한다)와 여행용 러그(rug)
섬유,섬유제품,카펫·기타 섬유제품,449002,6301300000,630130,6301,면으로 만든 모포(전기모포는 제외한다)와 여행용 러그(rug)
섬유,섬유제품,카펫·기타 섬유제품,449002,6301400000,630140,6301,합성섬유로 만든 모포(전기모포는 제외한다)와 여행용 러그(rug)
섬유,섬유제품,카펫·기타 섬유제품,449002,6301900000,630190,6301,그 밖의 모포와 여행용 러그(rug)
섬유,섬유제품,카펫·기타 섬유제품,449003,6302101000,630210,6302,면으로 만든 것
섬유,섬유제품,카펫·기타 섬유제품,449003,6302109000,630210,6302,기타
섬유,섬유제품,카펫·기타 섬유제품,449003,6302210000,630221,6302,면으로 만든 것
섬유,섬유제품,카펫·기타 섬유제품,449003,6302220000,630222,6302,인조섬유로 만든 것
섬유,섬유제품,카펫·기타 섬유제품,449003,6302290000,630229,6302,그 밖의 방직용 섬유로 만든 것
섬유,섬유제품,카펫·기타 섬유제품,449003,6302310000,630231,6302,면으로 만든 것
섬유,섬유제품,카펫·기타 섬유제품,449003,6302320000,630232,6302,인조섬유로 만든 것
섬유,섬유제품,카펫·기타 섬유제품,449003,6302390000,630239,6302,그 밖의 방직용 섬유로 만든 것
섬유,섬유제품,카펫·기타 섬유제품,449003,6302400000,630240,6302,테이블린넨(table linen)(메리야스 편물이나 뜨개질 편물로 한정한다)
섬유,섬유제품,카펫·기타 섬유제품,449003,6302510000,630251,6302,면으로 만든 것
섬유,섬유제품,카펫·기타 섬유제품,449003,6302530000,630253,6302,인조섬유로 만든 것
섬유,섬유제품,카펫·기타 섬유제품,449003,6302590000,630259,6302,그 밖의 방직용 섬유로 만든 것
섬유,섬유제품,카펫·기타 섬유제품,449003,6302600000,630260,6302,면으로 만든 토일렛린넨(toilet linen)과 주방린넨(kitchen linen)[테리타월지(terry towelling fabric)나 그 밖에 이와 유사한 테리(terry)직물의 것으로 한정한다]
섬유,섬유제품,카펫·기타 섬유제품,449003,6302910000,630291,6302,면으로 만든 것
섬유,섬유제품,카펫·기타 섬유제품,449003,6302930000,630293,6302,인조섬유로 만든 것
섬유,섬유제품,카펫·기타 섬유제품,449003,6302990000,630299,6302,그 밖의 방직용 섬유로 만든 것
섬유,섬유제품,카펫·기타 섬유제품,449003,6304110000,630411,6304,메리야스 편물이나 뜨개질 편물로 만든 것
섬유,섬유제품,카펫·기타 섬유제품,449003,6304190000,630419,6304,기타
섬유,섬유제품,카펫·기타 섬유제품,449003,6304200000,630420,6304,베드 네트(이 류의 소호주 제1호에 규정된 것으로 한정한다)
섬유,섬유제품,카펫·기타 섬유제품,449003,6304910000,630491,6304,메리야스 편물이나 뜨개질 편물로 만든 것
섬유,섬유제품,카펫·기타 섬유제품,449003,6304920000,630492,6304,면으로 만든 것(메리야스 편물이나 뜨개질 편물은 제외한다)
섬유,섬유제품,카펫·기타 섬유제품,449003,6304930000,630493,6304,합성섬유로 만든 것(메리야스 편물이나 뜨개질 편물은 제외한다)
섬유,섬유제품,카펫·기타 섬유제품,449003,6304990000,630499,6304,그 밖의 방직용 섬유로 만든 것(메리야스 편물이나 뜨개질 편물은 제외한다)
섬유,섬유제품,카펫·기타 섬유제품,449004,6305100000,630510,6305,황마나 제5303호의 그 밖의 방직용 인피(靭皮)섬유로 만든 것
섬유,섬유제품,카펫·기타 섬유제품,449004,6305200000,630520,6305,면으로 만든 것
섬유,섬유제품,카펫·기타 섬유제품,449004,6305320000,630532,6305,중간 벌크컨테이너(신축성이 있는 것으로 한정한다)
섬유,섬유제품,카펫·기타 섬유제품,449004,6305330000,630533,6305,기타[폴리에틸렌ㆍ폴리프로필렌 스트립(strip)이나 그 밖에 이와 유사한 것으로 만든 것으로 한정한다]
섬유,섬유제품,카펫·기타 섬유제품,449004,6305390000,630539,6305,기타
섬유,섬유제품,카펫·기타 섬유제품,449004,6305900000,630590,6305,그 밖의 방직용 섬유로 만든 것
섬유,섬유제품,카펫·기타 섬유제품,449005,6306300000,630630,6306,돛
섬유,섬유제품,카펫·기타 섬유제품,449006,5608111011,560811,5608,그물코 크기가 35밀리미터를 초과하는 것
섬유,섬유제품,카펫·기타 섬유제품,449006,5608111012,560811,5608,그물코 크기가 22밀리미터를 초과하고 35밀리미터 이하인 것
섬유,섬유제품,카펫·기타 섬유제품,449006,5608111013,560811,5608,그물코 크기가 22밀리미터 이하인 것
섬유,섬유제품,카펫·기타 섬유제품,449006,5608111020,560811,5608,자망
섬유,섬유제품,카펫·기타 섬유제품,449006,5608111090,560811,5608,기타
섬유,섬유제품,카펫·기타 섬유제품,449006,5608119000,560811,5608,기타
섬유,섬유제품,카펫·기타 섬유제품,449006,5608191000,560819,5608,합성섬유로 만든 것
섬유,섬유제품,카펫·기타 섬유제품,449006,5608199000,560819,5608,기타
섬유,섬유제품,카펫·기타 섬유제품,449006,5608900000,560890,5608,기타
섬유,섬유제품,카펫·기타 섬유제품,449007,5607210000,560721,5607,포장용 끈
섬유,섬유제품,카펫·기타 섬유제품,449007,5607290000,560729,5607,기타
섬유,섬유제품,카펫·기타 섬유제품,449007,5607410000,560741,5607,포장용 끈
섬유,섬유제품,카펫·기타 섬유제품,449007,5607490000,560749,5607,기타
섬유,섬유제품,카펫·기타 섬유제품,449007,5607500000,560750,5607,그 밖의 합성섬유로 만든 것
섬유,섬유제품,카펫·기타 섬유제품,449007,5607901000,560790,5607,"제5303호의 황마, 방직용 인피섬유로 만든 것"
섬유,섬유제품,카펫·기타 섬유제품,449007,5607909000,560790,5607,기타
섬유,섬유제품,카펫·기타 섬유제품,449007,5609001000,560900,5609,면으로 만든 것
섬유,섬유제품,카펫·기타 섬유제품,449007,5609002000,560900,5609,식물성 섬유로 만든 것(면으로 만든 것은 제외한다)
섬유,섬유제품,카펫·기타 섬유제품,449007,5609003000,560900,5609,인조섬유로 만든 것
섬유,섬유제품,카펫·기타 섬유제품,449007,5609009000,560900,5609,기타
섬유,섬유제품,카펫·기타 섬유제품,449009,9404210000,940421,9404,셀룰러 고무나 플라스틱으로 만든 것(피복하였는지에 상관없다)
섬유,섬유제품,카펫·기타 섬유제품,449009,9404290000,940429,9404,그 밖의 재료로 만든 것
섬유,섬유제품,카펫·기타 섬유제품,449009,9404300000,940430,9404,침낭(sleeping bag)
섬유,섬유제품,카펫·기타 섬유제품,449009,9404400000,940440,9404,이불·침대보·솜털이불·깃털이불[컴포터(comforter)]
섬유,섬유제품,카펫·기타 섬유제품,449009,9404900000,940490,9404,기타
섬유,섬유제품,카펫·기타 섬유제품,449010,4203291000,420329,4203,작업용 장갑
섬유,섬유제품,카펫·기타 섬유제품,449010,4203292000,420329,4203,방한용 장갑
섬유,섬유제품,카펫·기타 섬유제품,449010,4203299000,420329,4203,기타
섬유,섬유제품,카펫·기타 섬유제품,449013,5703210000,570321,5703,인조잔디(turf)
섬유,섬유제품,카펫·기타 섬유제품,449013,5703310000,570331,5703,인조잔디(turf)
섬유,섬유제품,카펫·기타 섬유제품,449014,6303120000,630312,6303,합성섬유로 만든 것
섬유,섬유제품,카펫·기타 섬유제품,449014,6303190000,630319,6303,그 밖의 방직용 섬유로 만든 것
섬유,섬유제품,카펫·기타 섬유제품,449014,6303910000,630391,6303,면으로 만든 것
섬유,섬유제품,카펫·기타 섬유제품,449014,6303920000,630392,6303,합성섬유로 만든 것
섬유,섬유제품,카펫·기타 섬유제품,449014,6303990000,630399,6303,그 밖의 방직용 섬유로 만든 것
섬유,섬유제품,카펫·기타 섬유제품,449090,5601210000,560121,5601,면으로 만든 것
섬유,섬유제품,카펫·기타 섬유제품,449090,5601220000,560122,5601,인조섬유로 만든 것
섬유,섬유제품,카펫·기타 섬유제품,449090,5601290000,560129,5601,기타
섬유,섬유제품,카펫·기타 섬유제품,449090,5601301000,560130,5601,섬유의 플록(flock)
섬유,섬유제품,카펫·기타 섬유제품,449090,5601309000,560130,5601,기타
섬유,섬유제품,카펫·기타 섬유제품,449090,5602101000,560210,5602,니들룸 펠트(needleloom felt)
섬유,섬유제품,카펫·기타 섬유제품,449090,5602102000,560210,5602,스티치 본드(stitch-bonded) 섬유직물
섬유,섬유제품,카펫·기타 섬유제품,449090,5602210000,560221,5602,양모나 동물의 부드러운 털로 만든 것
섬유,섬유제품,카펫·기타 섬유제품,449090,5602290000,560229,5602,그 밖의 섬유로 만든 것
섬유,섬유제품,카펫·기타 섬유제품,449090,5602900000,560290,5602,기타
섬유,섬유제품,카펫·기타 섬유제품,449090,5805000000,580500,5805,"고블랭(gobelin)직ㆍ플랜더스(flanders)직ㆍ오뷔송(aubusson)직ㆍ보베(beauvais)직과 이와 유사한 손으로 짠 태피스트리(tapestry), 자수의 태피스트리(tapestry)[예: 프티포인트(petit point)ㆍ십자수](제품으로 된 것인지에 상관없다)"
섬유,섬유제품,카펫·기타 섬유제품,449090,5807101000,580710,5807,레이블(label)
섬유,섬유제품,카펫·기타 섬유제품,449090,5807109000,580710,5807,기타
섬유,섬유제품,카펫·기타 섬유제품,449090,5807901000,580790,5807,레이블(label)
섬유,섬유제품,카펫·기타 섬유제품,449090,5807909000,580790,5807,기타
섬유,섬유제품,카펫·기타 섬유제품,449090,5808100000,580810,5808,브레이드(braid)(원단 상태로 한정한다)
섬유,섬유제품,카펫·기타 섬유제품,449090,5808900000,580890,5808,기타
섬유,섬유제품,카펫·기타 섬유제품,449090,5811004000,581100,5811,인조섬유로 만든 것
섬유,섬유제품,카펫·기타 섬유제품,449090,5811009000,581100,5811,기타
섬유,섬유제품,카펫·기타 섬유제품,449090,5904100000,590410,5904,리놀륨
섬유,섬유제품,카펫·기타 섬유제품,449090,5904900000,590490,5904,기타
섬유,섬유제품,카펫·기타 섬유제품,449090,5908001000,590800,5908,심지
섬유,섬유제품,카펫·기타 섬유제품,449090,5908009000,590800,5908,기타
섬유,섬유제품,카펫·기타 섬유제품,449090,5909000000,590900,5909,방직용 섬유로 만든 호스와 이와 유사한 관 모양의 물품(다른 재료를 내장ㆍ보강한 것인지 또는 부속품이 있는지에 상관없다)
섬유,섬유제품,카펫·기타 섬유제품,449090,5910000000,591000,5910,"전동(transmission)용ㆍ컨베이어용 벨트와 벨팅(belting)(방직용 섬유로 만든 것으로 한정하며, 플라스틱을 침투ㆍ도포ㆍ피복ㆍ적층한 것인지 또는 금속이나 그 밖의 물품으로 보강한 것인지에 상관없다)"
섬유,섬유제품,카펫·기타 섬유제품,449090,5911100000,591110,5911,"침포(針布)로 사용하는 방직용 섬유의 직물류, 펠트(felt), 펠트(felt)로 안을 붙인 직물로서 고무ㆍ가죽 그 밖의 물품을 도포ㆍ피복하거나 적층한 물품으로 그 밖의 기술적 용도로 사용하는 이와 유사한 직물[위빙스핀들(weaving spindle)(위빙빔)을 피복하기 위한 고무를 침투시킨 벨벳으로 된 세폭(細幅)직물을 포함한다]"
섬유,섬유제품,카펫·기타 섬유제품,449090,5911200000,591120,5911,볼팅 클로스(bolting cloth)(제품인지에 상관없다)
섬유,섬유제품,카펫·기타 섬유제품,449090,5911310000,591131,5911,1제곱미터당 중량이 650그램 미만인 것
섬유,섬유제품,카펫·기타 섬유제품,449090,5911320000,591132,5911,1제곱미터당 중량이 650그램 이상인 것
섬유,섬유제품,카펫·기타 섬유제품,449090,5911400000,591140,5911,착유기나 이와 유사한 용도로 사용하는 여과포(사람 머리카락으로 만든 것을 포함한다)
섬유,섬유제품,카펫·기타 섬유제품,449090,5911900000,591190,5911,기타
섬유,섬유제품,카펫·기타 섬유제품,449090,6307100000,630710,6307,마루닦이포ㆍ접시닦이포ㆍ더스터(duster)와 이와 유사한 청소용 포
섬유,섬유제품,카펫·기타 섬유제품,449090,6307200000,630720,6307,구명재킷과 구명벨트
섬유,섬유제품,카펫·기타 섬유제품,449090,6307901000,630790,6307,신발류 끈
섬유,섬유제품,카펫·기타 섬유제품,449090,6307902000,630790,6307,보자기
섬유,섬유제품,카펫·기타 섬유제품,449090,6307903000,630790,6307,드레스 패턴(dress pattern)
섬유,섬유제품,카펫·기타 섬유제품,449090,6307904010,630790,6307,수술용 마스크
섬유,섬유제품,카펫·기타 섬유제품,449090,6307904020,630790,6307,보건용 마스크
섬유,섬유제품,카펫·기타 섬유제품,449090,6307904030,630790,6307,비말차단용 마스크
섬유,섬유제품,카펫·기타 섬유제품,449090,6307904090,630790,6307,그 밖의 안면마스크
섬유,섬유제품,카펫·기타 섬유제품,449090,6307909000,630790,6307,기타
섬유,섬유제품,카펫·기타 섬유제품,449090,6308000000,630800,6308,"러그(rug)용ㆍ태피스트리(tapestry)용ㆍ자수한 테이블보용ㆍ서비에트(serviette)용 직물이나 실로 구성된 세트(부속품이 있는지에 상관없다), 이와 유사한 방직용 섬유제품을 제조하기 위한 것으로서 소매용으로 포장한 것"
섬유,섬유제품,카펫·기타 섬유제품,449090,6309000000,630900,6309,사용하던 의류와 그 밖의 사용하던 물품
섬유,섬유제품,카펫·기타 섬유제품,449090,6310100000,631010,6310,선별한 것
섬유,섬유제품,카펫·기타 섬유제품,449090,6310900000,631090,6310,기타
섬유,섬유제품,카펫·기타 섬유제품,449090,9619002000,961900,9619,방직용 섬유재료의 워딩(wadding)으로 만든 것
섬유,섬유제품,카펫·기타 섬유제품,449090,9619003010,961900,9619,"소호 제6108.21호, 제6108.22호, 제6108.29호, 제6111.20호, 제6111.30호, 제6111.90호, 제6209.20호, 제6209.30호, 제6209.90호, 제6210.50호의 것"
섬유,섬유제품,카펫·기타 섬유제품,449090,9619003020,961900,9619,"제6113호, 제6208.91호, 제6208.92호, 제6208.99호의 것"
섬유,섬유제품,카펫·기타 섬유제품,449090,9619004000,961900,9619,제품으로 된 방직용 섬유재료의 그 밖의 물품(제63류 주 제2호 각 목의 것은 제외한다)
섬유,섬유제품,카펫·기타 섬유제품,449090,9619009010,961900,9619,유아용 냅킨과 냅킨라이너(napkin liner)
섬유,섬유제품,카펫·기타 섬유제품,449090,9619009090,961900,9619,기타
가전,영상가전,TV,821122,8528722000,852872,8528,LCD TV
가전,영상가전,TV,821143,8528719000,852871,8528,기타 TV
가전,영상가전,TV,821143,8528725000,852872,8528,OLED TV
가전,영상가전,TV,821143,8528726000,852872,8528,기타 TV
가전,영상가전,TV,821143,8528729000,852872,8528,기타 TV
가전,영상가전,TV,821170,8529906021,852990,8529,기타 TV
가전,영상가전,TV,821170,8529906029,852990,8529,기타 TV
가전,영상가전,TV,821210,8528730000,852873,8528,기타(단색)
가전,영상가전,영상 기록·재생기기,821310,8521100000,852110,8521,마그네틱 테이프형
가전,영상가전,영상 기록·재생기기,821310,8521901000,852190,8521,디스크형
가전,영상가전,영상 기록·재생기기,821310,8521909000,852190,8521,기타
가전,영상가전,디지털카메라,821410,8525899000,852589,8525,기타
가전,영상가전,디지털카메라,821490,8525893000,852589,8525,그 밖의 디지털 카메라
가전,영상가전,영상 기록매체,821500,8523292020,852329,8523,비디오 녹화된 것
가전,영상가전,영상 기록매체,821500,8523499020,852349,8523,비디오 녹화된 것
가전,음향가전,라디오,822100,8527190000,852719,8527,기타
가전,음향가전,라디오,822100,8527290000,852729,8527,기타
가전,음향가전,라디오,822100,8527920000,852792,8527,시계와 결합된 것(음성기록기기나 재생기기와 결합된 것은 제외한다)
가전,음향가전,라디오,822100,8527990000,852799,8527,기타
가전,음향가전,오디오기기,822210,8527120000,852712,8527,포켓사이즈형 라디오카세트플레이어
가전,음향가전,오디오기기,822290,8527131000,852713,8527,카세트형
가전,음향가전,오디오기기,822290,8527132000,852713,8527,디스크형
가전,음향가전,오디오기기,822290,8527133000,852713,8527,카셋트형과 디스크형의 결합기기
가전,음향가전,오디오기기,822290,8527139000,852713,8527,기타
가전,음향가전,오디오기기,822290,8527911010,852791,8527,카세트형
가전,음향가전,오디오기기,822290,8527911020,852791,8527,디스크형
가전,음향가전,오디오기기,822290,8527911030,852791,8527,카셋트형과 디스크형의 결합기기
가전,음향가전,오디오기기,822290,8527911090,852791,8527,기타
가전,음향가전,오디오기기,822290,8527919000,852791,8527,기타
가전,음향가전,카오디오,822300,8527211000,852721,8527,카세트형
가전,음향가전,카오디오,822300,8527212010,852721,8527,디지털 무선 데이터 시스템 신호를 수신 및 디코딩할 수 있는 것
가전,음향가전,카오디오,822300,8527212090,852721,8527,기타
가전,음향가전,카오디오,822300,8527213010,852721,8527,디지털 무선 데이터 시스템 신호를 수신 및 디코딩할 수 있는 것
가전,음향가전,카오디오,822300,8527213090,852721,8527,기타
가전,음향가전,카오디오,822300,8527219010,852721,8527,디지털 무선 데이터 시스템 신호를 수신 및 디코딩할 수 있는 것
가전,음향가전,카오디오,822300,8527219090,852721,8527,기타
가전,음향가전,음향증폭기,822490,8518400000,851840,8518,가청주파증폭기
가전,음향가전,음향증폭기,822490,8518500000,851850,8518,음향증폭세트
가전,음향가전,음향증폭기,822490,8519200000,851920,8519,코인ㆍ은행권ㆍ은행카드ㆍ토큰이나 그 밖의 지급 수단으로 작동하는 기기
가전,음향가전,음향증폭기,822490,8519300000,851930,8519,턴 테이블(레코드 데크)
가전,음향가전,음향증폭기,822490,8543702030,854370,8543,오디오믹서
가전,음향가전,음향증폭기,822490,8543702040,854370,8543,이퀄라이저
가전,음향가전,음향증폭기,822490,8543709010,854370,8543,고주파증폭기
가전,음향가전,스피커,822500,8518210000,851821,8518,단일형 확성기[인클로저(enclosure)에 장착된 것으로 한정한다]
가전,음향가전,스피커,822500,8518220000,851822,8518,복합형 확성기[동일 인클로저(enclosure)에 장착된 것으로 한정한다]
가전,음향가전,스피커,822500,8518291000,851829,8518,"전기통신용의 것(지름이 50밀리미터 이하이고, 주파수대역이 300헤르츠부터 3.4킬로헤르츠까지이며, 하우징이 없는 것으로 한정한다)"
가전,음향가전,스피커,822500,8518299000,851829,8518,기타
가전,음향가전,마이크,822610,8518101000,851810,8518,"전기통신용 마이크로폰(지름이 10밀리미터 이하이고, 높이가 3밀리미터 이하이며, 주파수 대역이 300헤르츠부터 3.4킬로헤르츠까지인 것으로 한정한다)"
가전,음향가전,마이크,822610,8518109010,851810,8518,무선 마이크로폰(무선 마이크로폰 세트를 포함한다)
가전,음향가전,마이크,822610,8518109090,851810,8518,기타
가전,음향가전,음성 기록매체,822720,8523491040,852349,8523,음성만을 기록한 것
가전,음향가전,음향기기 부품,822800,8518901000,851890,8518,인쇄회로조립품(제8518.10-1000호ㆍ제8518.29-1000호의 것으로 한정한다)
가전,음향가전,음향기기 부품,822800,8518909000,851890,8518,기타
가전,음향가전,음향기기 부품,822800,8522100000,852210,8522,픽업 카트리지
가전,음향가전,음향기기 부품,822800,8522909000,852290,8522,기타
가전,음향가전,음향기기 부품,822800,8529905000,852990,8529,제8527호 기기의 것
가전,음향가전,기타 음향기기,822900,8519812000,851981,8519,자기식 매체를 이용하는 기기
가전,음향가전,기타 음향기기,822900,8519814000,851981,8519,광학식 매체를 이용하는 기기
가전,음향가전,기타 음향기기,822900,8519815000,851981,8519,반도체 매체를 이용하는 기기
가전,음향가전,기타 음향기기,822900,8519816000,851981,8519,자기식ㆍ광학식이나 그 밖의 반도체 매체 중 두 가지 이상의 방식을 이용할 수 있는 기기
가전,음향가전,기타 음향기기,822900,8519890000,851989,8519,기타
가전,대형가전,냉장고,823010,8418101010,841810,8418,냉장고·냉동고
가전,대형가전,냉장고,823010,8418211000,841821,8418,냉장고·냉동고
가전,대형가전,냉장고,823020,8418101020,841810,8418,냉장고·냉동고
가전,대형가전,냉장고,823020,8418212000,841821,8418,냉장고·냉동고
가전,대형가전,냉장고,823030,8418101030,841810,8418,냉장고·냉동고
가전,대형가전,냉장고,823030,8418109000,841810,8418,냉장고·냉동고
가전,대형가전,냉장고,823030,8418213000,841821,8418,냉장고·냉동고
가전,대형가전,냉장고,823030,8418291000,841829,8418,냉장고·냉동고
가전,대형가전,냉장고,823030,8418299000,841829,8418,냉장고·냉동고
가전,대형가전,냉장고,823040,8418991000,841899,8418,냉장고·냉동고
가전,대형가전,세탁기,824100,8450110000,845011,8450,완전자동 세탁기
가전,대형가전,세탁기,824100,8450120000,845012,8450,그 밖의 세탁기(원심탈수기를 내장한 것으로 한정한다)
가전,대형가전,세탁기,824100,8450190000,845019,8450,기타
가전,대형가전,세탁기,824100,8450200000,845020,8450,1회의 세탁 능력이 건조한 섬유제품의 중량으로 10킬로그램을 초과하는 것
가전,대형가전,세탁기,824100,8450900000,845090,8450,부분품
가전,대형가전,세탁기,824110,8451210000,845121,8451,1회의 건조 능력이 건조한 섬유제품의 중량으로 10킬로그램 이하인 것
가전,대형가전,에어컨,824200,8415102010,841510,8415,소비전력이 11킬로와트 미만인 것
가전,대형가전,의류건조기,824300,8414519000,841451,8414,기타
가전,주방가전,식기세척기,824400,8414609000,841460,8414,기타
가전,청소가전,진공청소기,824500,8508119000,850811,8508,진공청소기
가전,청소가전,진공청소기,824510,8508111000,850811,8508,로봇청소기
가전,청소가전,진공청소기,824510,8508192000,850819,8508,로봇청소기
가전,주방가전,식품가공 가전,824600,8509400000,850940,8509,"식품용 그라인더와 믹서, 과실주스·채소주스 추출기"
가전,주방가전,식기세척기 부품,824700,8422901000,842290,8422,접시세척기의 것
가전,소형가전,기타 소형가전,824900,8509801000,850980,8509,커피분쇄기
가전,소형가전,기타 소형가전,824900,8509802000,850980,8509,얼음분쇄기
가전,소형가전,기타 소형가전,824900,8509803000,850980,8509,바닥광택기
가전,생활가전,전기난방·온수기,825100,8516100000,851610,8516,전기식의 즉시식ㆍ저장식 물가열기와 투입식 가열기
가전,생활가전,전기난방·온수기,825100,8516210000,851621,8516,저장식 가열 라디에이터
가전,생활가전,전기난방·온수기,825100,8516290000,851629,8516,기타
가전,생활가전,전기다리미,825200,8516400000,851640,8516,전기다리미
가전,생활가전,헤어드라이어,825300,8516310000,851631,8516,헤어드라이어
가전,주방가전,전자레인지,825400,8516500000,851650,8516,마이크로웨이브 오븐(microwave oven)
가전,주방가전,전기밥솥,825500,8516602000,851660,8516,전기밥솥(보온기능을 가진 것을 포함한다)
가전,주방가전,전기보온밥통,825600,8516791000,851679,8516,전기보온밥통
가전,주방가전,토스터,825700,8516720000,851672,8516,토스터
가전,가전부품,전열부품,825800,8516800000,851680,8516,전열용 저항체
가전,가전부품,전열부품,825800,8516900000,851690,8516,부분품
가전,소형가전,기타 전열가전,825900,8516330000,851633,8516,손 건조기
가전,소형가전,기타 전열가전,825900,8516601000,851660,8516,전기오븐
가전,소형가전,기타 전열가전,825900,8516609000,851660,8516,기타
가전,소형가전,기타 전열가전,825900,8516710000,851671,8516,커피ㆍ차를 끓이는 기기
가전,소형가전,기타 전열가전,825900,8516799000,851679,8516,기타
가전,조명,전구·램프,826100,8539100000,853910,8539,실드빔 램프 유닛(sealed beam lamp unit)
가전,조명,전구·램프,826100,8539210000,853921,8539,텅스텐 할로겐의 것
가전,조명,전구·램프,826100,8539221000,853922,8539,백열램프
가전,조명,전구·램프,826100,8539223000,853922,8539,빔 램프
가전,조명,전구·램프,826100,8539229000,853922,8539,기타
가전,조명,전구·램프,826100,8539290000,853929,8539,기타
가전,조명,전구·램프,826100,8539310000,853931,8539,형광램프(열음극형으로 한정한다)
가전,조명,전구·램프,826100,8539321000,853932,8539,수은램프
가전,조명,전구·램프,826100,8539322000,853932,8539,나트륨 증기 램프
가전,조명,전구·램프,826100,8539323000,853932,8539,메탈 할라이드(metal halide)램프
가전,조명,전구·램프,826100,8539391010,853939,8539,평판디스플레이의 후면광원(backlighting)용
가전,조명,전구·램프,826100,8539391090,853939,8539,기타
가전,조명,전구·램프,826100,8539399000,853939,8539,기타
가전,조명,전구·램프,826100,8539410000,853941,8539,아크램프
가전,조명,전구·램프,826100,8539491090,853949,8539,기타
가전,조명,전구·램프,826100,8539492000,853949,8539,적외선 램프
가전,조명,전구·램프,826100,8539520000,853952,8539,발광다이오드(엘이디) 램프
가전,조명,조명 부품,826200,8513900000,851390,8513,부분품
가전,조명,조명 부품,826200,8539901000,853990,8539,필라멘트 램프의 것
가전,조명,조명 부품,826200,8539902000,853990,8539,방전램프의 것
가전,조명,LED 조명,826910,8512101000,851210,8512,발광다이오드(엘이디)의 것
가전,조명,LED 조명,826910,8512109000,851210,8512,기타
가전,조명,LED 조명,826910,8512201010,851220,8512,발광다이오드(엘이디)의 것
가전,조명,LED 조명,826910,8512201090,851220,8512,기타
가전,조명,LED 조명,826910,8512202010,851220,8512,발광다이오드(엘이디)의 것
가전,조명,LED 조명,826910,8512202090,851220,8512,기타
가전,조명,LED 조명,826910,8513101000,851310,8513,광산용 안전등
가전,조명,LED 조명,826910,8513102010,851310,8513,발광다이오드(엘이디)의 것
가전,조명,LED 조명,826910,8513102090,851310,8513,기타
가전,조명,LED 조명,826910,8513109010,851310,8513,발광다이오드(엘이디)의 것
가전,조명,LED 조명,826910,8513109090,851310,8513,기타
가전,조명,LED 조명,826910,8539510000,853951,8539,발광다이오드(엘이디) 모듈
가전,조명,LED 조명,826910,9405110000,940511,9405,발광다이오드(엘이디) 광원에 전용되도록 설계된 것
가전,조명,LED 조명,826910,9405191000,940519,9405,필라멘트 램프의 것
가전,조명,LED 조명,826910,9405192000,940519,9405,형광램프의 것
가전,조명,LED 조명,826910,9405199000,940519,9405,기타
가전,조명,LED 조명,826910,9405210000,940521,9405,발광다이오드(엘이디) 광원에 전용되도록 설계된 것
가전,조명,LED 조명,826910,9405291000,940529,9405,필라멘트 램프의 것
가전,조명,LED 조명,826910,9405299000,940529,9405,기타
가전,조명,LED 조명,826910,9405310000,940531,9405,발광다이오드(엘이디) 광원에 전용되도록 설계된 것
가전,조명,LED 조명,826910,9405390000,940539,9405,기타
가전,조명,LED 조명,826910,9405410000,940541,9405,광전(光電)식의 것[발광다이오드(엘이디) 광원에 전용되도록 설계된 것으로 한정한다]
가전,조명,LED 조명,826910,9405420000,940542,9405,기타[발광다이오드(엘이디) 광원에 전용되도록 설계된 것으로 한정한다]
가전,조명,LED 조명,826910,9405491000,940549,9405,방폭형
가전,조명,LED 조명,826910,9405492000,940549,9405,투광형
가전,조명,LED 조명,826910,9405493000,940549,9405,가로등의 것
가전,조명,LED 조명,826910,9405499000,940549,9405,기타
가전,조명,LED 조명,826910,9405500000,940550,9405,비전기식 램프와 조명기구
가전,조명,LED 조명,826910,9405610000,940561,9405,발광다이오드(엘이디) 광원에 전용되도록 설계된 것
가전,조명,LED 조명,826910,9405691000,940569,9405,네온관의 것
가전,조명,LED 조명,826910,9405692000,940569,9405,필라멘트램프의 것
가전,조명,LED 조명,826910,9405699000,940569,9405,기타
가전,조명,LED 조명,826920,8539909000,853990,8539,기타
가전,조명,LED 조명,826920,9405910000,940591,9405,유리로 만든 것
가전,조명,LED 조명,826920,9405920000,940592,9405,플라스틱으로 만든 것
가전,조명,LED 조명,826920,9405990000,940599,9405,기타
가전,생활환경가전,공기청정·생활환경가전,829100,8479891010,847989,8479,공기청정기
가전,생활환경가전,공기청정·생활환경가전,829100,8509804000,850980,8509,음식물·주방 폐기물처리기
가전,생활환경가전,공기청정·생활환경가전,829100,8509809000,850980,8509,기타
가전,생활환경가전,공기청정·생활환경가전,829100,8510100000,851010,8510,면도기
가전,생활환경가전,공기청정·생활환경가전,829100,8510200000,851020,8510,이발기
가전,생활환경가전,공기청정·생활환경가전,829100,8510300000,851030,8510,모발제거기
가전,생활환경가전,공기청정·생활환경가전,829100,8516320000,851632,8516,그 밖의 이용기기
가전,생활환경가전,공기청정·생활환경가전,829100,8523592090,852359,8523,기타
가전,생활환경가전,공기청정·생활환경가전,829100,8543702010,854370,8543,이온정수기
가전,생활환경가전,공기청정·생활환경가전,829100,8543702020,854370,8543,미용기기
가전,생활환경가전,공기청정·생활환경가전,829100,8543702050,854370,8543,오존 발생기
가전,생활환경가전,공기청정·생활환경가전,829100,8543702090,854370,8543,기타
가전,생활환경가전,공기청정·생활환경가전,829100,9019102000,901910,9019,마사지용 기기
가전,가전부품,가전 필터·부품,829200,8421999021,842199,8421,액체용의 여과기나 청정기(플루오르 중합체로 만든 것으로서 여과기나 청정기의 막 두께가 140마이크론 이하의 것으로 한정한다) 또는 스테인리스강의 하우징을 갖춘 기체용의 여과기나 청정기(내경이 1.3센티미터 이하인 관 구멍을 가진 주입구와 배출구를 갖춘 것으로 한정한다)의 것
가전,가전부품,가전 필터·부품,829200,8421999029,842199,8421,기타
가전,가전부품,가전 필터·부품,829200,8508701000,850870,8508,제8508.11-9000호의 것
가전,가전부품,가전 필터·부품,829200,8508703000,850870,8508,"제8508.11-1000호, 제8508.19-2000호의 것"
가전,가전부품,가전 필터·부품,829200,8509900000,850990,8509,부분품
가전,가전부품,가전 필터·부품,829200,8510901000,851090,8510,면도기의 것
가전,가전부품,가전 필터·부품,829200,8510902000,851090,8510,이발기의 것
가전,가전부품,가전 필터·부품,829200,8510903000,851090,8510,모발제거기의 것
컴퓨터,컴퓨터,컴퓨터,813110,8471300000,847130,8471,노트북
컴퓨터,컴퓨터,컴퓨터,813120,8471411000,847141,8471,데스크톱·서버·CPU 유닛
컴퓨터,컴퓨터,컴퓨터,813120,8471412000,847141,8471,데스크톱·서버·CPU 유닛
컴퓨터,컴퓨터,컴퓨터,813120,8471419000,847141,8471,데스크톱·서버·CPU 유닛
컴퓨터,컴퓨터,컴퓨터,813120,8471491010,847149,8471,데스크톱·서버·CPU 유닛
컴퓨터,컴퓨터,컴퓨터,813120,8471491020,847149,8471,데스크톱·서버·CPU 유닛
컴퓨터,컴퓨터,컴퓨터,813120,8471491090,847149,8471,데스크톱·서버·CPU 유닛
컴퓨터,컴퓨터,컴퓨터,813120,8471499000,847149,8471,데스크톱·서버·CPU 유닛
컴퓨터,컴퓨터,컴퓨터,813120,8471501000,847150,8471,데스크톱·서버·CPU 유닛
컴퓨터,컴퓨터,컴퓨터,813120,8471502000,847150,8471,데스크톱·서버·CPU 유닛
컴퓨터,컴퓨터,컴퓨터,813120,8471509000,847150,8471,데스크톱·서버·CPU 유닛
컴퓨터,저장장치,보조기억장치,813220,8471702020,847170,8471,HDD
컴퓨터,저장장치,보조기억장치,813230,8471702031,847170,8471,CD 드라이브
컴퓨터,저장장치,보조기억장치,813240,8471702032,847170,8471,DVD 드라이브
컴퓨터,저장장치,보조기억장치,813250,8471702039,847170,8471,기타
컴퓨터,저장장치,보조기억장치,813260,8471702033,847170,8471,Blu-ray 드라이브
컴퓨터,저장장치,보조기억장치,813290,8471702090,847170,8471,기타
컴퓨터,주변기기,프린터,813310,8443311010,844331,8443,레이저 프린터
컴퓨터,주변기기,프린터,813310,8443321010,844332,8443,레이저 프린터
컴퓨터,주변기기,프린터,813320,8443311020,844331,8443,도트 프린터
컴퓨터,주변기기,프린터,813320,8443321020,844332,8443,도트 프린터
컴퓨터,주변기기,프린터,813330,8443311030,844331,8443,잉크젯 프린터
컴퓨터,주변기기,프린터,813330,8443321030,844332,8443,잉크젯 프린터
컴퓨터,주변기기,프린터,813390,8443311090,844331,8443,기타
컴퓨터,주변기기,프린터,813390,8443321090,844332,8443,기타
컴퓨터,주변기기,컴퓨터 모니터,813420,8528521000,852852,8528,액정모니터
컴퓨터,주변기기,컴퓨터 모니터,813420,8528529000,852852,8528,기타
컴퓨터,주변기기,컴퓨터 모니터,813420,8528620000,852862,8528,제8471호의 자동자료처리기계에 사용하도록 설계된 것으로 직접 연결하여 사용할 수 있는 것
컴퓨터,주변기기,컴퓨터 주변기기,813510,8471601010,847160,8471,문자(표식) 판독장치
컴퓨터,주변기기,컴퓨터 주변기기,813510,8471601040,847160,8471,스캐너
컴퓨터,주변기기,컴퓨터 주변기기,813520,8471601020,847160,8471,키보드
컴퓨터,주변기기,컴퓨터 주변기기,813530,8471601030,847160,8471,마우스
컴퓨터,주변기기,컴퓨터 주변기기,813590,8471601090,847160,8471,기타
컴퓨터,주변기기,컴퓨터 주변기기,813590,8471602000,847160,8471,출력장치
컴퓨터,주변기기,컴퓨터 주변기기,813590,8471603000,847160,8471,입출력 겸용의 것
컴퓨터,주변기기,컴퓨터 주변기기,813590,8471701000,847170,8471,주기억장치(램ㆍ롬)
컴퓨터,주변기기,컴퓨터 주변기기,813590,8471709000,847170,8471,기타
컴퓨터,주변기기,컴퓨터 주변기기,813590,8471801000,847180,8471,사운드카드
컴퓨터,주변기기,컴퓨터 주변기기,813590,8471802000,847180,8471,그래픽카드
컴퓨터,주변기기,컴퓨터 주변기기,813590,8471809000,847180,8471,기타
컴퓨터,주변기기,컴퓨터 주변기기,813590,8471900000,847190,8471,기타
컴퓨터,주변기기,컴퓨터 주변기기,813590,8473500000,847350,8473,제8470호부터 제8472호까지에 해당하는 기계 중에서 두 개 이상의 기계에 공통적으로 사용되는 부분품과 부속품
컴퓨터,부품,컴퓨터 부품,813610,8473302000,847330,8473,메인보드
컴퓨터,부품,컴퓨터 부품,813690,8414592000,841459,8414,컴퓨터 냉각부품
컴퓨터,부품,컴퓨터 부품,813690,8473301000,847330,8473,자기헤드
컴퓨터,부품,컴퓨터 부품,813690,8473303000,847330,8473,컴퓨터 케이스
컴퓨터,부품,컴퓨터 부품,813690,8473304090,847330,8473,기타
컴퓨터,부품,컴퓨터 부품,813690,8473309010,847330,8473,컴퓨터용 중앙처리장치로서 제8542호에 분류되지 않는 것
컴퓨터,부품,컴퓨터 부품,813690,8473309090,847330,8473,기타
컴퓨터,부품,컴퓨터 부품,813690,8522903000,852290,8522,자기헤드와 동 부분품
컴퓨터,소프트웨어·콘텐츠,소프트웨어·기록매체,813700,8523292010,852329,8523,컴퓨터 소프트웨어를 수록한 것
컴퓨터,소프트웨어·콘텐츠,소프트웨어·기록매체,813700,8523292030,852329,8523,음성만을 기록한 것
컴퓨터,소프트웨어·콘텐츠,소프트웨어·기록매체,813700,8523292090,852329,8523,기타
컴퓨터,소프트웨어·콘텐츠,소프트웨어·기록매체,813700,8523491010,852349,8523,컴퓨터 소프트웨어를 수록한 것
컴퓨터,소프트웨어·콘텐츠,소프트웨어·기록매체,813700,8523491030,852349,8523,비디오 녹화된 것
컴퓨터,소프트웨어·콘텐츠,소프트웨어·기록매체,813700,8523491090,852349,8523,기타
컴퓨터,소프트웨어·콘텐츠,소프트웨어·기록매체,813700,8523499010,852349,8523,컴퓨터 소프트웨어를 수록한 것
컴퓨터,소프트웨어·콘텐츠,소프트웨어·기록매체,813700,8523499030,852349,8523,음성만을 기록한 것
컴퓨터,소프트웨어·콘텐츠,소프트웨어·기록매체,813700,8523499090,852349,8523,기타
컴퓨터,소프트웨어·콘텐츠,소프트웨어·기록매체,813700,8523512010,852351,8523,컴퓨터 소프트웨어를 수록한 것
컴퓨터,소프트웨어·콘텐츠,소프트웨어·기록매체,813700,8523512020,852351,8523,비디오 녹화된 것
컴퓨터,소프트웨어·콘텐츠,소프트웨어·기록매체,813700,8523512030,852351,8523,음성만을 기록한 것
컴퓨터,소프트웨어·콘텐츠,소프트웨어·기록매체,813700,8523512090,852351,8523,기타
컴퓨터,소프트웨어·콘텐츠,소프트웨어·기록매체,813700,8523592010,852359,8523,컴퓨터 소프트웨어를 수록한 것
컴퓨터,소프트웨어·콘텐츠,소프트웨어·기록매체,813700,8523592020,852359,8523,비디오 녹화된 것
컴퓨터,소프트웨어·콘텐츠,소프트웨어·기록매체,813700,8523592030,852359,8523,음성만을 기록한 것
컴퓨터,소프트웨어·콘텐츠,소프트웨어·기록매체,813700,8523802010,852380,8523,컴퓨터 소프트웨어를 수록한 것
컴퓨터,소프트웨어·콘텐츠,소프트웨어·기록매체,813700,8523802020,852380,8523,비디오 녹화된 것
컴퓨터,소프트웨어·콘텐츠,소프트웨어·기록매체,813700,8523802030,852380,8523,음성만을 기록한 것
컴퓨터,소프트웨어·콘텐츠,소프트웨어·기록매체,813700,8523802090,852380,8523,기타
컴퓨터,저장장치,SSD·전산기록매체,813800,8523210000,852321,8523,마그네틱 스트라이프(magnetic stripe)를 갖춘 카드(기록된 것인지에 상관없다)
컴퓨터,저장장치,SSD·전산기록매체,813800,8523291000,852329,8523,기록이 안 된 매체
컴퓨터,저장장치,SSD·전산기록매체,813800,8523410000,852341,8523,기록이 안 된 것
컴퓨터,저장장치,SSD·전산기록매체,813800,8523511000,852351,8523,기록이 안 된 매체
컴퓨터,저장장치,SSD·전산기록매체,813800,8523591000,852359,8523,기록이 안 된 매체
컴퓨터,저장장치,SSD·전산기록매체,813800,8523801000,852380,8523,기록이 안 된 매체
바이오헬스,의약품,백신·면역물품,931110,3002140000,300214,3002,면역물품·항독소
바이오헬스,의약품,백신·면역물품,931110,3002150000,300215,3002,면역물품·항독소
바이오헬스,의약품,백신·면역물품,931110,3002410000,300241,3002,백신
바이오헬스,의약품,백신·면역물품,931110,3002421000,300242,3002,백신
바이오헬스,의약품,백신·면역물품,931110,3002491000,300249,3002,면역물품·항독소
바이오헬스,의약품,완제·치료용 의약품,931120,2844410000,284441,2844,"삼중수소와 그 화합물, 합금ㆍ분산물(分散物)[서멧(cermet)을 포함한다]ㆍ도자제품과 이들의 혼합물(삼중수소와 그 화합물을 함유하는 것으로 한정한다)"
바이오헬스,의약품,완제·치료용 의약품,931120,2844420000,284442,2844,"악티늄-225ㆍ악티늄-227ㆍ캘리포늄-253ㆍ퀴륨-240ㆍ퀴륨-241ㆍ퀴륨-242ㆍ퀴륨-243ㆍ퀴륨-244ㆍ아인슈타이늄-253ㆍ아인슈타이늄-254ㆍ가돌리늄-148ㆍ폴로늄-208ㆍ폴로늄-209ㆍ폴로늄-210ㆍ라듐-223ㆍ우라늄-230ㆍ우라늄-232와 이들의 화합물, 합금ㆍ분산물(分散物)[서멧(cermet)을 포함한다]ㆍ도자제품과 이들의 혼합물(이들 원소나 그 화합물을 함유하는 것으로 한정한다)"
바이오헬스,의약품,완제·치료용 의약품,931120,2844430000,284443,2844,"그 밖의 방사성원소ㆍ방사성동위원소와 이들의 화합물, 합금ㆍ분산물(分散物)[서멧(cermet)을 포함한다]ㆍ도자제품과 이들의 혼합물(이들 방사성원소ㆍ방사성동위원소나 화합물을 함유하는 것으로 한정한다)"
바이오헬스,의약품,완제·치료용 의약품,931120,2845902000,284590,2845,탄소의 동위원소
바이오헬스,의약품,완제·치료용 의약품,931120,2846909000,284690,2846,기타
바이오헬스,의약품,완제·치료용 의약품,931120,3003101000,300310,3003,항생제
바이오헬스,의약품,완제·치료용 의약품,931120,3003102000,300310,3003,항생제
바이오헬스,의약품,완제·치료용 의약품,931120,3003200000,300320,3003,항생제
바이오헬스,의약품,완제·치료용 의약품,931120,3003310000,300331,3003,인슐린제제
바이오헬스,의약품,완제·치료용 의약품,931120,3003395000,300339,3003,부신피질 호르몬제제
바이오헬스,의약품,완제·치료용 의약품,931120,3003399000,300339,3003,기타
바이오헬스,의약품,완제·치료용 의약품,931120,3003410000,300341,3003,에페드린 또는 그 염을 함유한 것
바이오헬스,의약품,완제·치료용 의약품,931120,3003420000,300342,3003,슈도에페드린(INN) 또는 그 염을 함유한 것
바이오헬스,의약품,완제·치료용 의약품,931120,3003430000,300343,3003,놀에페드린 또는 그 염을 함유한 것
바이오헬스,의약품,완제·치료용 의약품,931120,3003490000,300349,3003,기타
바이오헬스,의약품,완제·치료용 의약품,931120,3003600000,300360,3003,기타(이 류의 소호주 제2호에 열거한 항말라리아 활성성분을 함유한 것에 한정한다)
바이오헬스,의약품,완제·치료용 의약품,931120,3003902000,300390,3003,아스피린제제
바이오헬스,의약품,완제·치료용 의약품,931120,3003903000,300390,3003,비타민제제
바이오헬스,의약품,완제·치료용 의약품,931120,3003909000,300390,3003,기타
바이오헬스,의약품,완제·치료용 의약품,931120,3004101000,300410,3004,항생제
바이오헬스,의약품,완제·치료용 의약품,931120,3004102000,300410,3004,항생제
바이오헬스,의약품,완제·치료용 의약품,931120,3004201000,300420,3004,항암제
바이오헬스,의약품,완제·치료용 의약품,931120,3004209100,300420,3004,클로람페니콜제제
바이오헬스,의약품,완제·치료용 의약품,931120,3004209300,300420,3004,옥시테트라 사이클린제제
바이오헬스,의약품,완제·치료용 의약품,931120,3004209900,300420,3004,기타
바이오헬스,의약품,완제·치료용 의약품,931120,3004310000,300431,3004,인슐린제제
바이오헬스,의약품,완제·치료용 의약품,931120,3004320000,300432,3004,코르티코스테로이드(corticosteroid) 호르몬을 함유한 것과 이들의 유도체나 그와 유사한 구조를 가지는 것
바이오헬스,의약품,완제·치료용 의약품,931120,3004391010,300439,3004,뇌하수체 전엽 호르몬제제
바이오헬스,의약품,완제·치료용 의약품,931120,3004391020,300439,3004,뇌하수체 후엽 호르몬제제
바이오헬스,의약품,완제·치료용 의약품,931120,3004393000,300439,3004,갑상샘과 부갑상샘 호르몬제제
바이오헬스,의약품,완제·치료용 의약품,931120,3004395000,300439,3004,부신수질 호르몬제제
바이오헬스,의약품,완제·치료용 의약품,931120,3004396000,300439,3004,남성 호르몬제제
바이오헬스,의약품,완제·치료용 의약품,931120,3004397000,300439,3004,난포와 황체 호르몬제제
바이오헬스,의약품,완제·치료용 의약품,931120,3004399000,300439,3004,기타
바이오헬스,의약품,완제·치료용 의약품,931120,3004410000,300441,3004,에페드린 또는 그 염을 함유한 것
바이오헬스,의약품,완제·치료용 의약품,931120,3004420000,300442,3004,슈도에페드린(INN) 또는 그 염을 함유한 것
바이오헬스,의약품,완제·치료용 의약품,931120,3004430000,300443,3004,놀에페드린 또는 그 염을 함유한 것
바이오헬스,의약품,완제·치료용 의약품,931120,3004491000,300449,3004,항암제
바이오헬스,의약품,완제·치료용 의약품,931120,3004492010,300449,3004,코카인제제
바이오헬스,의약품,완제·치료용 의약품,931120,3004492020,300449,3004,맥각알칼로이드제제
바이오헬스,의약품,완제·치료용 의약품,931120,3004492030,300449,3004,니코틴제제
바이오헬스,의약품,완제·치료용 의약품,931120,3004493000,300449,3004,아트로핀과 호마트로핀제제
바이오헬스,의약품,완제·치료용 의약품,931120,3004499000,300449,3004,기타
바이오헬스,의약품,완제·치료용 의약품,931120,3004501000,300450,3004,비타민제제
바이오헬스,의약품,완제·치료용 의약품,931120,3004502010,300450,3004,비타민제제
바이오헬스,의약품,완제·치료용 의약품,931120,3004502090,300450,3004,기타
바이오헬스,의약품,완제·치료용 의약품,931120,3004503000,300450,3004,비타민제제
바이오헬스,의약품,완제·치료용 의약품,931120,3004504000,300450,3004,비타민제제
바이오헬스,의약품,완제·치료용 의약품,931120,3004509000,300450,3004,기타
바이오헬스,의약품,완제·치료용 의약품,931120,3004901000,300490,3004,항암제
바이오헬스,의약품,완제·치료용 의약품,931120,3004909100,300490,3004,아스피린제제
바이오헬스,의약품,완제·치료용 의약품,931120,3004909200,300490,3004,항히스타민제제
바이오헬스,의약품,완제·치료용 의약품,931120,3004909900,300490,3004,기타
바이오헬스,의약품,완제·치료용 의약품,931120,3006301000,300630,3006,조영제
바이오헬스,의약품,완제·치료용 의약품,931120,3006302000,300630,3006,진단용 시약(환자 투여용)
바이오헬스,의약품,완제·치료용 의약품,931120,3006600000,300660,3006,제2937호의 호르몬과 그 밖의 제품이나 살정자제(殺精子劑)를 기본 재료로 하는 피임성의 화학조제품
바이오헬스,의약품,완제·치료용 의약품,931120,3006930000,300693,3006,공인된 임상시험에 사용하는 플라세보(placebo)와 맹검(또는 이중 맹검) 임상시험 키트(일정한 투여량으로 한 것으로 한정한다)
바이오헬스,의약품,완제·치료용 의약품,931120,3808940000,380894,3808,소독제
바이오헬스,의약품,완제·치료용 의약품,931120,9602001000,960200,9602,젤라틴 캡슐
바이오헬스,의약품,혈액제제·세포치료·바이오원료,931210,3001202000,300120,3001,간장 추출물
바이오헬스,의약품,혈액제제·세포치료·바이오원료,931210,3001209000,300120,3001,기타
바이오헬스,의약품,혈액제제·세포치료·바이오원료,931210,3001901090,300190,3001,기타
바이오헬스,의약품,혈액제제·세포치료·바이오원료,931210,3001902090,300190,3001,기타
바이오헬스,의약품,혈액제제·세포치료·바이오원료,931210,3001909010,300190,3001,혈액제제
바이오헬스,의약품,혈액제제·세포치료·바이오원료,931210,3001909090,300190,3001,기타
바이오헬스,의약품,혈액제제·세포치료·바이오원료,931210,3002122000,300212,3002,혈액제제
바이오헬스,의약품,혈액제제·세포치료·바이오원료,931210,3002123000,300212,3002,혈액제제
바이오헬스,의약품,혈액제제·세포치료·바이오원료,931210,3002130000,300213,3002,"면역물품(혼합하지 않은 것에 한정하며, 일정한 투여량으로 한 것, 소매용 모양이나 포장을 한 것은 제외한다)"
바이오헬스,의약품,혈액제제·세포치료·바이오원료,931210,3002429000,300242,3002,기타
바이오헬스,의약품,혈액제제·세포치료·바이오원료,931210,3002492000,300249,3002,미생물·바이러스 제제
바이오헬스,의약품,혈액제제·세포치료·바이오원료,931210,3002493000,300249,3002,미생물·바이러스 제제
바이오헬스,의약품,혈액제제·세포치료·바이오원료,931210,3002494000,300249,3002,기타[박테리오파지(bacteriophage)를 포함한다]
바이오헬스,의약품,혈액제제·세포치료·바이오원료,931210,3002510000,300251,3002,세포치료제
바이오헬스,의약품,혈액제제·세포치료·바이오원료,931210,3002590000,300259,3002,기타
바이오헬스,의약품,혈액제제·세포치료·바이오원료,931210,3002901000,300290,3002,사람의 피
바이오헬스,의약품,혈액제제·세포치료·바이오원료,931210,3002902000,300290,3002,동물의 피(치료용ㆍ예방용ㆍ진단용으로 조제한 것으로 한정한다)
바이오헬스,의약품,혈액제제·세포치료·바이오원료,931210,3002909000,300290,3002,기타
바이오헬스,의약품,원료의약품·부형제,931220,1108129000,110812,1108,기타
바이오헬스,의약품,원료의약품·부형제,931220,1301200000,130120,1301,아라비아 검
바이오헬스,의약품,원료의약품·부형제,931220,1301902010,130190,1301,쉘락(shellac)
바이오헬스,의약품,원료의약품·부형제,931220,1301909000,130190,1301,기타
바이오헬스,의약품,원료의약품·부형제,931220,1302120000,130212,1302,감초로 만든 것
바이오헬스,의약품,원료의약품·부형제,931220,1302130000,130213,1302,홉(hop)으로 만든 것
바이오헬스,의약품,원료의약품·부형제,931220,1302191110,130219,1302,인삼 추출물(extract)
바이오헬스,의약품,원료의약품·부형제,931220,1302191120,130219,1302,인삼 추출물(extract) 가루
바이오헬스,의약품,원료의약품·부형제,931220,1302191190,130219,1302,기타
바이오헬스,의약품,원료의약품·부형제,931220,1302191220,130219,1302,홍삼 추출물(extract) 가루
바이오헬스,의약품,원료의약품·부형제,931220,1302191290,130219,1302,기타
바이오헬스,의약품,원료의약품·부형제,931220,1302199010,130219,1302,알로에 수액과 추출물(extract)
바이오헬스,의약품,원료의약품·부형제,931220,1302199031,130219,1302,당귀(當歸) 추출물
바이오헬스,의약품,원료의약품·부형제,931220,1302199032,130219,1302,오미자(五味子) 추출물
바이오헬스,의약품,원료의약품·부형제,931220,1302199033,130219,1302,작약(芍藥) 추출물
바이오헬스,의약품,원료의약품·부형제,931220,1302199034,130219,1302,천궁(川芎) 추출물
바이오헬스,의약품,원료의약품·부형제,931220,1302199035,130219,1302,황기(黃) 추출물
바이오헬스,의약품,원료의약품·부형제,931220,1302199039,130219,1302,기타
바이오헬스,의약품,원료의약품·부형제,931220,1504200000,150420,1504,어류의 지방과 기름 및 그 분획물[간유(肝油)는 제외한다]
바이오헬스,의약품,원료의약품·부형제,931220,1505001000,150500,1505,가공하지 않은 울그리스(wool grease)
바이오헬스,의약품,원료의약품·부형제,931220,1505009000,150500,1505,기타
바이오헬스,의약품,원료의약품·부형제,931220,1506009000,150600,1506,기타
바이오헬스,의약품,원료의약품·부형제,931220,1507901090,150790,1507,기타
바이오헬스,의약품,원료의약품·부형제,931220,1507909000,150790,1507,기타
바이오헬스,의약품,원료의약품·부형제,931220,1509900000,150990,1509,기타
바이오헬스,의약품,원료의약품·부형제,931220,1512112000,151211,1512,잇꽃유
바이오헬스,의약품,원료의약품·부형제,931220,1512291000,151229,1512,정제유(精製油)
바이오헬스,의약품,원료의약품·부형제,931220,1513291010,151329,1513,팜핵유(palm kernel oil)
바이오헬스,의약품,원료의약품·부형제,931220,1515300000,151530,1515,피마자유와 그 분획물
바이오헬스,의약품,원료의약품·부형제,931220,1521101000,152110,1521,카나버 왁스
바이오헬스,의약품,원료의약품·부형제,931220,1521902000,152190,1521,밀랍(蜜蠟)
바이오헬스,의약품,원료의약품·부형제,931220,1702111000,170211,1702,유당(乳糖)
바이오헬스,의약품,원료의약품·부형제,931220,1702191000,170219,1702,유당(乳糖)
바이오헬스,의약품,원료의약품·부형제,931220,1702301000,170230,1702,포도당
바이오헬스,의약품,원료의약품·부형제,931220,1702401000,170240,1702,포도당
바이오헬스,의약품,원료의약품·부형제,931220,1702601000,170260,1702,과당
바이오헬스,의약품,원료의약품·부형제,931220,1702903000,170290,1702,맥아당
바이오헬스,의약품,원료의약품·부형제,931220,2102109000,210210,2102,기타
바이오헬스,의약품,원료의약품·부형제,931220,2102201000,210220,2102,불활성 효모
바이오헬스,의약품,원료의약품·부형제,931220,2102209000,210220,2102,기타
바이오헬스,의약품,원료의약품·부형제,931220,2501009020,250100,2501,순염화나트륨
바이오헬스,의약품,원료의약품·부형제,931220,2507001010,250700,2507,하소(燒)하지 않은 것
바이오헬스,의약품,원료의약품·부형제,931220,2507001090,250700,2507,기타
바이오헬스,의약품,원료의약품·부형제,931220,2519909000,251990,2519,기타
바이오헬스,의약품,원료의약품·부형제,931220,2810009000,281000,2810,기타
바이오헬스,의약품,원료의약품·부형제,931220,2811210000,281121,2811,이산화탄소
바이오헬스,의약품,원료의약품·부형제,931220,2811229090,281122,2811,기타
바이오헬스,의약품,원료의약품·부형제,931220,2811299000,281129,2811,기타
바이오헬스,의약품,원료의약품·부형제,931220,2815110000,281511,2815,고체
바이오헬스,의약품,원료의약품·부형제,931220,2816101000,281610,2816,수산화마그네슘
바이오헬스,의약품,원료의약품·부형제,931220,2818301000,281830,2818,알루미나겔
바이오헬스,의약품,원료의약품·부형제,931220,2825902010,282590,2825,수산화칼슘
바이오헬스,의약품,원료의약품·부형제,931220,2826904000,282690,2826,플루오르화인산염
바이오헬스,의약품,원료의약품·부형제,931220,2827100000,282710,2827,염화암모늄
바이오헬스,의약품,원료의약품·부형제,931220,2827200000,282720,2827,염화칼슘
바이오헬스,의약품,원료의약품·부형제,931220,2827310000,282731,2827,마그네슘 염화물
바이오헬스,의약품,원료의약품·부형제,931220,2827320000,282732,2827,알루미늄 염화물
바이오헬스,의약품,원료의약품·부형제,931220,2827399000,282739,2827,기타
바이오헬스,의약품,원료의약품·부형제,931220,2827609010,282760,2827,요드화칼륨
바이오헬스,의약품,원료의약품·부형제,931220,2828100000,282810,2828,상관습(商慣習)상의 하이포아염소산칼슘과 그 밖의 하이포아염소산칼슘
바이오헬스,의약품,원료의약품·부형제,931220,2832100000,283210,2832,아황산나트륨
바이오헬스,의약품,원료의약품·부형제,931220,2833110000,283311,2833,황산이나트륨
바이오헬스,의약품,원료의약품·부형제,931220,2833210000,283321,2833,황산마그네슘
바이오헬스,의약품,원료의약품·부형제,931220,2833299000,283329,2833,기타
바이오헬스,의약품,원료의약품·부형제,931220,2835221000,283522,2835,인산일나트륨
바이오헬스,의약품,원료의약품·부형제,931220,2835222000,283522,2835,인산이나트륨
바이오헬스,의약품,원료의약품·부형제,931220,2835240000,283524,2835,인산칼륨
바이오헬스,의약품,원료의약품·부형제,931220,2835250000,283525,2835,오르토인산수소칼슘(인산이칼슘)
바이오헬스,의약품,원료의약품·부형제,931220,2835260000,283526,2835,그 밖의 인산칼슘
바이오헬스,의약품,원료의약품·부형제,931220,2836300000,283630,2836,탄산수소나트륨(중탄산나트륨)
바이오헬스,의약품,원료의약품·부형제,931220,2836500000,283650,2836,탄산칼슘
바이오헬스,의약품,원료의약품·부형제,931220,2836991010,283699,2836,탄산마그네슘
바이오헬스,의약품,원료의약품·부형제,931220,2842101000,284210,2842,알루미노실리케이트
바이오헬스,의약품,원료의약품·부형제,931220,2903120000,290312,2903,이염화메탄(염화메틸렌)
바이오헬스,의약품,원료의약품·부형제,931220,2903899000,290389,2903,기타
바이오헬스,의약품,원료의약품·부형제,931220,2904100000,290410,2904,술폰화유도체와 이들의 염과 에틸에스테르
바이오헬스,의약품,원료의약품·부형제,931220,2904990000,290499,2904,기타
바이오헬스,의약품,원료의약품·부형제,931220,2905172000,290517,2905,1-헥사데칸올(세틸알코올)
바이오헬스,의약품,원료의약품·부형제,931220,2905173000,290517,2905,1-옥타데칸올(스테아릴알코올)
바이오헬스,의약품,원료의약품·부형제,931220,2905199090,290519,2905,기타
바이오헬스,의약품,원료의약품·부형제,931220,2905430000,290543,2905,만니톨
바이오헬스,의약품,원료의약품·부형제,931220,2905440000,290544,2905,디-글루시톨(소르비톨)
바이오헬스,의약품,원료의약품·부형제,931220,2905450000,290545,2905,글리세롤
바이오헬스,의약품,원료의약품·부형제,931220,2905490000,290549,2905,기타
바이오헬스,의약품,원료의약품·부형제,931220,2905590000,290559,2905,기타
바이오헬스,의약품,원료의약품·부형제,931220,2906110000,290611,2906,멘톨
바이오헬스,의약품,원료의약품·부형제,931220,2906131000,290613,2906,스테롤
바이오헬스,의약품,원료의약품·부형제,931220,2906132000,290613,2906,이노시톨
바이오헬스,의약품,원료의약품·부형제,931220,2906191000,290619,2906,보르네올
바이오헬스,의약품,원료의약품·부형제,931220,2906210000,290621,2906,벤질알코올
바이오헬스,의약품,원료의약품·부형제,931220,2906290000,290629,2906,기타
바이오헬스,의약품,원료의약품·부형제,931220,2907191000,290719,2907,티몰
바이오헬스,의약품,원료의약품·부형제,931220,2907221000,290722,2907,히드로퀴논
바이오헬스,의약품,원료의약품·부형제,931220,2907222000,290722,2907,히드로퀴논의 염
바이오헬스,의약품,원료의약품·부형제,931220,2914190000,291419,2914,기타
바이오헬스,의약품,원료의약품·부형제,931220,2914299000,291429,2914,기타
바이오헬스,의약품,원료의약품·부형제,931220,2914390000,291439,2914,기타
바이오헬스,의약품,원료의약품·부형제,931220,2914509000,291450,2914,기타
바이오헬스,의약품,원료의약품·부형제,931220,2914699000,291469,2914,기타
바이오헬스,의약품,원료의약품·부형제,931220,2914799000,291479,2914,기타
바이오헬스,의약품,원료의약품·부형제,931220,2915110000,291511,2915,포름산
바이오헬스,의약품,원료의약품·부형제,931220,2915240000,291524,2915,무수(無水)초산
바이오헬스,의약품,원료의약품·부형제,931220,2915291000,291529,2915,초산칼슘
바이오헬스,의약품,원료의약품·부형제,931220,2915292000,291529,2915,초산나트륨
바이오헬스,의약품,원료의약품·부형제,931220,2915299000,291529,2915,기타
바이오헬스,의약품,원료의약품·부형제,931220,2916151000,291615,2916,"올레산, 그 염과 에스테르"
바이오헬스,의약품,원료의약품·부형제,931220,2916209000,291620,2916,기타
바이오헬스,의약품,원료의약품·부형제,931220,2916311000,291631,2916,벤조산
바이오헬스,의약품,원료의약품·부형제,931220,2916312000,291631,2916,벤조산나트륨
바이오헬스,의약품,원료의약품·부형제,931220,2916319090,291631,2916,기타
바이오헬스,의약품,원료의약품·부형제,931220,2916321000,291632,2916,과산화벤조일
바이오헬스,의약품,원료의약품·부형제,931220,2916322000,291632,2916,염화벤조일
바이오헬스,의약품,원료의약품·부형제,931220,2916340000,291634,2916,페닐아세트산과 그 염
바이오헬스,의약품,원료의약품·부형제,931220,2916391000,291639,2916,계피산
바이오헬스,의약품,원료의약품·부형제,931220,2916399090,291639,2916,기타
바이오헬스,의약품,원료의약품·부형제,931220,2917111000,291711,2917,옥살산
바이오헬스,의약품,원료의약품·부형제,931220,2917131000,291713,2917,"아젤라산, 그 염과 에스테르"
바이오헬스,의약품,원료의약품·부형제,931220,2917199000,291719,2917,기타
바이오헬스,의약품,원료의약품·부형제,931220,2917369000,291736,2917,기타
바이오헬스,의약품,원료의약품·부형제,931220,2918111000,291811,2918,락트산
바이오헬스,의약품,원료의약품·부형제,931220,2918112000,291811,2918,락트산의 염
바이오헬스,의약품,원료의약품·부형제,931220,2918120000,291812,2918,타르타르산
바이오헬스,의약품,원료의약품·부형제,931220,2918131000,291813,2918,타르타르산의 염
바이오헬스,의약품,원료의약품·부형제,931220,2918132000,291813,2918,타르타르산의 에스테르
바이오헬스,의약품,원료의약품·부형제,931220,2918140000,291814,2918,시트르산
바이오헬스,의약품,원료의약품·부형제,931220,2918151000,291815,2918,시트르산의 염
바이오헬스,의약품,원료의약품·부형제,931220,2918152000,291815,2918,시트르산의 에스테르
바이오헬스,의약품,원료의약품·부형제,931220,2918161000,291816,2918,글루콘산
바이오헬스,의약품,원료의약품·부형제,931220,2918162000,291816,2918,글루콘산의 염
바이오헬스,의약품,원료의약품·부형제,931220,2918163000,291816,2918,글루콘산의 에스테르
바이오헬스,의약품,원료의약품·부형제,931220,2918191010,291819,2918,말산
바이오헬스,의약품,원료의약품·부형제,931220,2918191090,291819,2918,기타
바이오헬스,의약품,원료의약품·부형제,931220,2918192000,291819,2918,그 밖의 알코올관능의 카르복시산의 염
바이오헬스,의약품,원료의약품·부형제,931220,2918193000,291819,2918,그 밖의 알코올관능의 카르복시산의 에스테르
바이오헬스,의약품,원료의약품·부형제,931220,2918199000,291819,2918,기타
바이오헬스,의약품,원료의약품·부형제,931220,2918210000,291821,2918,살리실산과 그 염
바이오헬스,의약품,원료의약품·부형제,931220,2918220000,291822,2918,"오르토-아세틸살리실산, 그 염과 에스테르"
바이오헬스,의약품,원료의약품·부형제,931220,2918231000,291823,2918,그 밖의 살리실산의 에스테르
바이오헬스,의약품,원료의약품·부형제,931220,2918232000,291823,2918,그 밖의 살리실산에스테르의 염
바이오헬스,의약품,원료의약품·부형제,931220,2918299010,291829,2918,갈산
바이오헬스,의약품,원료의약품·부형제,931220,2918309000,291830,2918,기타
바이오헬스,의약품,원료의약품·부형제,931220,2918999000,291899,2918,기타
바이오헬스,의약품,원료의약품·부형제,931220,2919901090,291990,2919,기타
바이오헬스,의약품,원료의약품·부형제,931220,2919902000,291990,2919,인산에스테르의 염
바이오헬스,의약품,원료의약품·부형제,931220,2919909000,291990,2919,기타
바이오헬스,의약품,원료의약품·부형제,931220,2922199000,292219,2922,기타
바이오헬스,의약품,원료의약품·부형제,931220,2922299000,292229,2922,기타
바이오헬스,의약품,원료의약품·부형제,931220,2922411000,292241,2922,리신
바이오헬스,의약품,원료의약품·부형제,931220,2922412000,292241,2922,리신의 에스테르
바이오헬스,의약품,원료의약품·부형제,931220,2922421000,292242,2922,글루탐산
바이오헬스,의약품,원료의약품·부형제,931220,2922423000,292242,2922,그 밖의 글루탐산의 염
바이오헬스,의약품,원료의약품·부형제,931220,2922491000,292249,2922,글리신
바이오헬스,의약품,원료의약품·부형제,931220,2922492000,292249,2922,알라닌
바이오헬스,의약품,원료의약품·부형제,931220,2922493000,292249,2922,류우신
바이오헬스,의약품,원료의약품·부형제,931220,2922494000,292249,2922,바린
바이오헬스,의약품,원료의약품·부형제,931220,2922499000,292249,2922,기타
바이오헬스,의약품,원료의약품·부형제,931220,2922506000,292250,2922,세린
바이오헬스,의약품,원료의약품·부형제,931220,2922509000,292250,2922,기타
바이오헬스,의약품,원료의약품·부형제,931220,2923101000,292310,2923,콜린
바이오헬스,의약품,원료의약품·부형제,931220,2923102000,292310,2923,콜린의 염
바이오헬스,의약품,원료의약품·부형제,931220,2923201000,292320,2923,레시틴
바이오헬스,의약품,원료의약품·부형제,931220,2924291010,292429,2924,아미노아세트아닐리드와 그 유도체
바이오헬스,의약품,원료의약품·부형제,931220,2924291020,292429,2924,아세트아미노펜
바이오헬스,의약품,원료의약품·부형제,931220,2924291090,292429,2924,기타
바이오헬스,의약품,원료의약품·부형제,931220,2924292000,292429,2924,아세토아세트아닐리드와 그 유도체
바이오헬스,의약품,원료의약품·부형제,931220,2924299010,292429,2924,염산리도카인
바이오헬스,의약품,원료의약품·부형제,931220,2924299020,292429,2924,"이오프로마이드, 이오파미돌, 이오메프롤, 이오헥솔, 이오버솔, 이오딕산올"
바이오헬스,의약품,원료의약품·부형제,931220,2924299099,292429,2924,기타
바이오헬스,의약품,원료의약품·부형제,931220,2925111000,292511,2925,사카린
바이오헬스,의약품,원료의약품·부형제,931220,2925199090,292519,2925,기타
바이오헬스,의약품,원료의약품·부형제,931220,2925299090,292529,2925,기타
바이오헬스,의약품,원료의약품·부형제,931220,2930100000,293010,2930,"2-(엔,엔-디메틸아미노) 에탄티올"
바이오헬스,의약품,원료의약품·부형제,931220,2930400000,293040,2930,메티오닌
바이오헬스,의약품,원료의약품·부형제,931220,2930909030,293090,2930,시스테인
바이오헬스,의약품,원료의약품·부형제,931220,2930909050,293090,2930,글루타티온
바이오헬스,의약품,원료의약품·부형제,931220,2930909090,293090,2930,기타
바이오헬스,의약품,원료의약품·부형제,931220,2932199000,293219,2932,기타
바이오헬스,의약품,원료의약품·부형제,931220,2932209099,293220,2932,기타
바이오헬스,의약품,원료의약품·부형제,931220,2932960000,293296,2932,카보퓨란(ISO)
바이오헬스,의약품,원료의약품·부형제,931220,2932999090,293299,2932,기타
바이오헬스,의약품,원료의약품·부형제,931220,2933119000,293311,2933,기타
바이오헬스,의약품,원료의약품·부형제,931220,2933199000,293319,2933,기타
바이오헬스,의약품,원료의약품·부형제,931220,2933299090,293329,2933,기타
바이오헬스,의약품,원료의약품·부형제,931220,2933311000,293331,2933,피리딘
바이오헬스,의약품,원료의약품·부형제,931220,2933312000,293331,2933,피리딘의 염
바이오헬스,의약품,원료의약품·부형제,931220,2933321000,293332,2933,피페리딘
바이오헬스,의약품,원료의약품·부형제,931220,2933329000,293332,2933,피페리딘의 염
바이오헬스,의약품,원료의약품·부형제,931220,2933330000,293333,2933,알펜타닐(INN)ㆍ아닐레리딘(INN)ㆍ베지트라마이드(INN)ㆍ브로마제팜(INN)ㆍ카펜타닐(INN)ㆍ디페녹신(INN)ㆍ디펜옥실레이트(INN)ㆍ디피파논(INN)ㆍ펜타닐(INN)ㆍ케토베미돈(INN)ㆍ메틸페니데이트(INN)ㆍ펜타조신(INN)ㆍ페치딘(INN)ㆍ페치딘(INN) 제조중간체 에이ㆍ펜사이클리딘(INN)(PCP)ㆍ페노페리딘(INN)ㆍ피프라드롤(INN)ㆍ피리트라미드(INN)ㆍ프로피람(INN)ㆍ레미펜타닐(INN)ㆍ트리메페리딘(INN)과 이들의 염
바이오헬스,의약품,원료의약품·부형제,931220,2933340000,293334,2933,그 밖의 펜타닐과 그 유도체
바이오헬스,의약품,원료의약품·부형제,931220,2933350000,293335,2933,3-퀴뉴클리디놀
바이오헬스,의약품,원료의약품·부형제,931220,2933360000,293336,2933,4-아닐리노-N-펜에틸피페리딘(ANPP)
바이오헬스,의약품,원료의약품·부형제,931220,2933370000,293337,2933,엔-펜에틸-4-피페리돈(NPP)
바이오헬스,의약품,원료의약품·부형제,931220,2933393000,293339,2933,3-하이드록시-1-메틸피페리딘
바이오헬스,의약품,원료의약품·부형제,931220,2933399000,293339,2933,기타
바이오헬스,의약품,원료의약품·부형제,931220,2933499090,293349,2933,기타
바이오헬스,의약품,원료의약품·부형제,931220,2933592000,293359,2933,"피리미딘, 그 염과 그 밖의 피리미딘고리(수소를 첨가하였는지에 상관없다) 구조를 가지는 화합물"
바이오헬스,의약품,원료의약품·부형제,931220,2933593000,293359,2933,"피페라진, 그 염과 그 밖의 피페라진고리 구조를 가지는 화합물"
바이오헬스,의약품,원료의약품·부형제,931220,2933799000,293379,2933,기타
바이오헬스,의약품,원료의약품·부형제,931220,2933910000,293391,2933,알프라졸람(INN)ㆍ카마제팜(INN)ㆍ클로르디아제폭사이드(INN)ㆍ클로나제팜(INN)ㆍ클로라제페이트ㆍ델로라제팜(INN)ㆍ디아제팜(INN)ㆍ에스타졸람(INN)ㆍ에틸로프라제페이트(INN)ㆍ플르디아제팜(INN)ㆍ플루니트라제팜(INN)ㆍ플루라제팜(INN)ㆍ할라제팜(INN)ㆍ로라제팜(INN)ㆍ로르메타제팜(INN)ㆍ마진돌(INN)ㆍ메다제팜(INN)ㆍ미다졸람(INN)ㆍ니메타제팜(INN)ㆍ니트라제팜(INN)ㆍ놀다제팜(INN)ㆍ옥사제팜(INN)ㆍ피나제팜(INN)ㆍ프라제팜(INN)ㆍ피로발레론(INN)ㆍ테마제팜(INN)ㆍ테트라제팜(INN)ㆍ트리아졸람(INN)과 이들의 염
바이오헬스,의약품,원료의약품·부형제,931220,2933991000,293399,2933,인돌과 그 유도체
바이오헬스,의약품,원료의약품·부형제,931220,2933999090,293399,2933,기타
바이오헬스,의약품,원료의약품·부형제,931220,2934101000,293410,2934,아미노티아졸과 그 유도체
바이오헬스,의약품,원료의약품·부형제,931220,2934109090,293410,2934,기타
바이오헬스,의약품,원료의약품·부형제,931220,2934209000,293420,2934,기타
바이오헬스,의약품,원료의약품·부형제,931220,2934309000,293430,2934,기타
바이오헬스,의약품,원료의약품·부형제,931220,2934920000,293492,2934,그 밖의 펜타닐과 그 유도체
바이오헬스,의약품,원료의약품·부형제,931220,2934995000,293499,2934,모르포린
바이오헬스,의약품,원료의약품·부형제,931220,2934997000,293499,2934,7-아미노세팔로스포린산
바이오헬스,의약품,원료의약품·부형제,931220,2934999000,293499,2934,기타
바이오헬스,의약품,원료의약품·부형제,931220,2935905000,293590,2935,그 밖의 파라아미노벤젠 술폰아미드의 유도체
바이오헬스,의약품,원료의약품·부형제,931220,2935909000,293590,2935,기타
바이오헬스,의약품,원료의약품·부형제,931220,2936210000,293621,2936,비타민 A와 이들의 유도체
바이오헬스,의약품,원료의약품·부형제,931220,2936220000,293622,2936,비타민 B1과 이들의 유도체
바이오헬스,의약품,원료의약품·부형제,931220,2936230000,293623,2936,비타민 B2와 이들의 유도체
바이오헬스,의약품,원료의약품·부형제,931220,2936240000,293624,2936,디-판토텐산이나 디엘-판토텐산(비타민 B5)과 이들의 유도체
바이오헬스,의약품,원료의약품·부형제,931220,2936250000,293625,2936,비타민 B6와 이들의 유도체
바이오헬스,의약품,원료의약품·부형제,931220,2936260000,293626,2936,비타민 B12와 이들의 유도체
바이오헬스,의약품,원료의약품·부형제,931220,2936271000,293627,2936,아스코르브산
바이오헬스,의약품,원료의약품·부형제,931220,2936272000,293627,2936,아스코르브산나트륨
바이오헬스,의약품,원료의약품·부형제,931220,2936273000,293627,2936,아스코르브산 칼슘
바이오헬스,의약품,원료의약품·부형제,931220,2936279000,293627,2936,기타
바이오헬스,의약품,원료의약품·부형제,931220,2936281000,293628,2936,초산알파토코페롤
바이오헬스,의약품,원료의약품·부형제,931220,2936289000,293628,2936,기타
바이오헬스,의약품,원료의약품·부형제,931220,2936291010,293629,2936,비타민 B9
바이오헬스,의약품,원료의약품·부형제,931220,2936291090,293629,2936,기타
바이오헬스,의약품,원료의약품·부형제,931220,2936292000,293629,2936,비타민 D와 이들의 유도체
바이오헬스,의약품,원료의약품·부형제,931220,2936293000,293629,2936,비타민 H와 이들의 유도체
바이오헬스,의약품,원료의약품·부형제,931220,2936294000,293629,2936,비타민 K와 이들의 유도체
바이오헬스,의약품,원료의약품·부형제,931220,2936295000,293629,2936,니코틴아미드와 이들의 유도체
바이오헬스,의약품,원료의약품·부형제,931220,2936299000,293629,2936,기타
바이오헬스,의약품,원료의약품·부형제,931220,2936901000,293690,2936,프로비타민(혼합하지 아니한 것으로 한정한다)
바이오헬스,의약품,원료의약품·부형제,931220,2936909000,293690,2936,기타
바이오헬스,의약품,원료의약품·부형제,931220,2937111000,293711,2937,소호 제2933.9호나 제2934.9호의 것
바이오헬스,의약품,원료의약품·부형제,931220,2937119000,293711,2937,기타
바이오헬스,의약품,원료의약품·부형제,931220,2937120000,293712,2937,인슐린과 그 염
바이오헬스,의약품,원료의약품·부형제,931220,2937191000,293719,2937,"소호 제2933.9호, 제2934.9호의 것"
바이오헬스,의약품,원료의약품·부형제,931220,2937199000,293719,2937,기타
바이오헬스,의약품,원료의약품·부형제,931220,2937211000,293721,2937,코르티손
바이오헬스,의약품,원료의약품·부형제,931220,2937212000,293721,2937,히드로코르티손
바이오헬스,의약품,원료의약품·부형제,931220,2937213000,293721,2937,프레드니손
바이오헬스,의약품,원료의약품·부형제,931220,2937214000,293721,2937,프레드니소론
바이오헬스,의약품,원료의약품·부형제,931220,2937220000,293722,2937,코르티코스테로이드 호르몬의 할로겐화 유도체
바이오헬스,의약품,원료의약품·부형제,931220,2937230000,293723,2937,에스트로겐과 프로게스토겐
바이오헬스,의약품,원료의약품·부형제,931220,2937292000,293729,2937,소호 제2914.50호의 것
바이오헬스,의약품,원료의약품·부형제,931220,2937299000,293729,2937,기타
바이오헬스,의약품,원료의약품·부형제,931220,2937501000,293750,2937,"소호 제2918.19호, 제2918.9호의 것"
바이오헬스,의약품,원료의약품·부형제,931220,2937502000,293750,2937,소호 제2934.9호의 것
바이오헬스,의약품,원료의약품·부형제,931220,2937509000,293750,2937,기타
바이오헬스,의약품,원료의약품·부형제,931220,2937901000,293790,2937,"소호 제2933.9호, 제2934.9호의 것"
바이오헬스,의약품,원료의약품·부형제,931220,2937902100,293790,2937,에피네프린
바이오헬스,의약품,원료의약품·부형제,931220,2937902910,293790,2937,소호 제2922.50호의 것
바이오헬스,의약품,원료의약품·부형제,931220,2937902990,293790,2937,기타
바이오헬스,의약품,원료의약품·부형제,931220,2937903000,293790,2937,아미노산 유도체
바이오헬스,의약품,원료의약품·부형제,931220,2937909000,293790,2937,기타
바이오헬스,의약품,원료의약품·부형제,931220,2938902000,293890,2938,글리시리진과 글리시리제이트
바이오헬스,의약품,원료의약품·부형제,931220,2938909000,293890,2938,기타
바이오헬스,의약품,원료의약품·부형제,931220,2939119000,293911,2939,기타
바이오헬스,의약품,원료의약품·부형제,931220,2939190000,293919,2939,기타
바이오헬스,의약품,원료의약품·부형제,931220,2939300000,293930,2939,카페인과 그 염
바이오헬스,의약품,원료의약품·부형제,931220,2939421000,293942,2939,슈도에페드린(INN)
바이오헬스,의약품,원료의약품·부형제,931220,2939490000,293949,2939,기타
바이오헬스,의약품,원료의약품·부형제,931220,2939510000,293951,2939,페네틸린(INN)과 그 염
바이오헬스,의약품,원료의약품·부형제,931220,2939590000,293959,2939,기타
바이오헬스,의약품,원료의약품·부형제,931220,2939791000,293979,2939,니코틴과 그 염
바이오헬스,의약품,원료의약품·부형제,931220,2939799000,293979,2939,기타
바이오헬스,의약품,원료의약품·부형제,931220,2941101000,294110,2941,페니실린 지(G) 칼륨
바이오헬스,의약품,원료의약품·부형제,931220,2941109010,294110,2941,페니실린 지(G) 나트륨
바이오헬스,의약품,원료의약품·부형제,931220,2941109020,294110,2941,페니실린 브이(V)
바이오헬스,의약품,원료의약품·부형제,931220,2941109090,294110,2941,기타
바이오헬스,의약품,원료의약품·부형제,931220,2941209000,294120,2941,기타
바이오헬스,의약품,원료의약품·부형제,931220,2941301000,294130,2941,클로로 테트라사이클린
바이오헬스,의약품,원료의약품·부형제,931220,2941302000,294130,2941,염산 옥시 테트라사이클린
바이오헬스,의약품,원료의약품·부형제,931220,2941303000,294130,2941,염산 클로로 테트라사이클린
바이오헬스,의약품,원료의약품·부형제,931220,2941309000,294130,2941,기타
바이오헬스,의약품,원료의약품·부형제,931220,2941400000,294140,2941,"클로람페니콜과 그 유도체, 이들의 염"
바이오헬스,의약품,원료의약품·부형제,931220,2941501000,294150,2941,에리즈로마이신 티오시아네이트
바이오헬스,의약품,원료의약품·부형제,931220,2941509000,294150,2941,기타
바이오헬스,의약품,원료의약품·부형제,931220,2941909000,294190,2941,기타
바이오헬스,의약품,원료의약품·부형제,931220,3001901010,300190,3001,인체의 것
바이오헬스,의약품,원료의약품·부형제,931220,3001909020,300190,3001,인체의 것
바이오헬스,의약품,원료의약품·부형제,931220,3004600000,300460,3004,기타(이 류의 소호주 제2호에 열거한 항말라리아 활성성분을 함유한 것에 한정한다)
바이오헬스,의약품,원료의약품·부형제,931220,3102109000,310210,3102,기타
바이오헬스,의약품,원료의약품·부형제,931220,3104200000,310420,3104,염화칼륨
바이오헬스,의약품,원료의약품·부형제,931220,3104309000,310430,3104,기타
바이오헬스,의약품,원료의약품·부형제,931220,3203001000,320300,3203,식물성 착색제
바이오헬스,의약품,원료의약품·부형제,931220,3205009000,320500,3205,기타
바이오헬스,의약품,원료의약품·부형제,931220,3301240000,330124,3301,박하유[멘타 피페리타(Mentha piperita)]
바이오헬스,의약품,원료의약품·부형제,931220,3503001010,350300,3503,젤라틴
바이오헬스,의약품,원료의약품·부형제,931220,3504002010,350400,3504,케라틴
바이오헬스,의약품,원료의약품·부형제,931220,3505101000,350510,3505,덱스트린
바이오헬스,의약품,원료의약품·부형제,931220,3505104090,350510,3505,기타
바이오헬스,의약품,원료의약품·부형제,931220,3505105090,350510,3505,기타
바이오헬스,의약품,원료의약품·부형제,931220,3507901000,350790,3507,췌장계 효소
바이오헬스,의약품,원료의약품·부형제,931220,3507904000,350790,3507,"파파인, 브로멜라인과 피신"
바이오헬스,의약품,원료의약품·부형제,931220,3507906010,350790,3507,아밀라제
바이오헬스,의약품,원료의약품·부형제,931220,3507906020,350790,3507,프로테아제
바이오헬스,의약품,원료의약품·부형제,931220,3507909000,350790,3507,기타
바이오헬스,의약품,원료의약품·부형제,931220,3823110000,382311,3823,스테아린산
바이오헬스,의약품,원료의약품·부형제,931220,3823702000,382370,3823,스테아릴 알코올
바이오헬스,의약품,원료의약품·부형제,931220,3824600000,382460,3824,소르비톨(sorbitol)(소호 제2905.44호에 해당하는 것은 제외한다)
바이오헬스,의약품,원료의약품·부형제,931220,3824850000,382485,3824,"1,2,3,4,5,6-헥사클로로시클로헥산[HCH(ISO)][린데인(ISO, INN)을 포함하는 것]을 함유한 것"
바이오헬스,의약품,원료의약품·부형제,931220,3912311000,391231,3912,카르복시메틸셀룰로오스 나트륨
바이오헬스,의약품,원료의약품·부형제,931220,3912319000,391231,3912,기타
바이오헬스,의약품,원료의약품·부형제,931220,3913101000,391310,3913,알긴산 나트륨
바이오헬스,의약품,원료의약품·부형제,931220,3913102000,391310,3913,알긴산 프로필렌 글리콜
바이오헬스,의약품,원료의약품·부형제,931220,3913109000,391310,3913,기타
바이오헬스,의약품,원료의약품·부형제,931220,3913909000,391390,3913,기타
바이오헬스,의료기기,체외진단기기·시약,932010,3822111000,382211,3822,진단 시험 도구모음
바이오헬스,의료기기,체외진단기기·시약,932010,3822112000,382211,3822,면역물품
바이오헬스,의료기기,체외진단기기·시약,932010,3822119000,382211,3822,기타
바이오헬스,의료기기,체외진단기기·시약,932010,3822121000,382212,3822,면역물품
바이오헬스,의료기기,체외진단기기·시약,932010,3822129000,382212,3822,기타
바이오헬스,의료기기,체외진단기기·시약,932010,3822130000,382213,3822,혈액형 분류용
바이오헬스,의료기기,체외진단기기·시약,932010,3822191000,382219,3822,면역물품
바이오헬스,의료기기,체외진단기기·시약,932010,3822192011,382219,3822,"플라스틱으로 만든 그 밖의 판, 시트(sheet), 필름, 박(箔)과 스트립(strip)의 것"
바이오헬스,의료기기,체외진단기기·시약,932010,3822192012,382219,3822,플라스틱으로 만든 그 밖의 제품
바이오헬스,의료기기,체외진단기기·시약,932010,3822192013,382219,3822,"종이, 판지, 셀룰로오스워딩, 셀룰로오스 섬유의 웹(web)[제48류의 주 제8호의 롤 모양이나 시트(sheet) 모양으로 한정한다]"
바이오헬스,의료기기,체외진단기기·시약,932010,3822192014,382219,3822,리트머스 시험지와 그 밖의 이와 유사한 시험지
바이오헬스,의료기기,체외진단기기·시약,932010,3822192019,382219,3822,기타
바이오헬스,의료기기,체외진단기기·시약,932010,3822192020,382219,3822,조제된 것(뒷편을 보강하지 않은 것으로 한정한다)
바이오헬스,의료기기,체외진단기기·시약,932010,3822192091,382219,3822,"플라스틱으로 만든 그 밖의 판, 시트(sheet), 필름, 박(箔)과 스트립(strip)의 것"
바이오헬스,의료기기,체외진단기기·시약,932010,3822192092,382219,3822,플라스틱으로 만든 그 밖의 제품
바이오헬스,의료기기,체외진단기기·시약,932010,3822192093,382219,3822,"종이, 판지, 셀룰로오스워딩, 셀룰로오스 섬유의 웹(web)[제48류의 주 제8호의 롤 모양이나 시트(sheet) 모양으로 한정한다]"
바이오헬스,의료기기,체외진단기기·시약,932010,3822192099,382219,3822,기타
바이오헬스,의료기기,체외진단기기·시약,932010,3822193011,382219,3822,"플라스틱으로 만든 그 밖의 판, 시트(sheet), 필름, 박(箔)과 스트립(strip)의 것"
바이오헬스,의료기기,체외진단기기·시약,932010,3822193012,382219,3822,플라스틱으로 만든 그 밖의 제품
바이오헬스,의료기기,체외진단기기·시약,932010,3822193013,382219,3822,"종이, 판지, 셀룰로오스워딩, 셀룰로오스 섬유의 웹(web)[제48류의 주 제8호의 롤 모양이나 시트(sheet) 모양으로 한정한다]"
바이오헬스,의료기기,체외진단기기·시약,932010,3822193014,382219,3822,리트머스 시험지와 그 밖의 이와 유사한 시험지
바이오헬스,의료기기,체외진단기기·시약,932010,3822193019,382219,3822,기타
바이오헬스,의료기기,체외진단기기·시약,932010,3822193020,382219,3822,조제된 것(뒷편을 보강하지 않은 것으로 한정한다)
바이오헬스,의료기기,체외진단기기·시약,932010,3822193091,382219,3822,"플라스틱으로 만든 그 밖의 판, 시트(sheet), 필름, 박(箔)과 스트립(strip)의 것"
바이오헬스,의료기기,체외진단기기·시약,932010,3822193092,382219,3822,플라스틱으로 만든 그 밖의 제품
바이오헬스,의료기기,체외진단기기·시약,932010,3822193093,382219,3822,"종이, 판지, 셀룰로오스워딩, 셀룰로오스 섬유의 웹(web)[제48류의 주 제8호의 롤 모양이나 시트(sheet) 모양으로 한정한다]"
바이오헬스,의료기기,체외진단기기·시약,932010,3822193099,382219,3822,기타
바이오헬스,의료기기,체외진단기기·시약,932010,3822900011,382290,3822,이 표에서 세율이 무세인 것
바이오헬스,의료기기,체외진단기기·시약,932010,3822900012,382290,3822,이 표에서 세율이 1퍼센트인 것
바이오헬스,의료기기,체외진단기기·시약,932010,3822900013,382290,3822,이 표에서 세율이 2퍼센트인 것
바이오헬스,의료기기,체외진단기기·시약,932010,3822900014,382290,3822,이 표에서 세율이 3퍼센트인 것
바이오헬스,의료기기,체외진단기기·시약,932010,3822900015,382290,3822,이 표에서 세율이 4퍼센트인 것
바이오헬스,의료기기,체외진단기기·시약,932010,3822900016,382290,3822,이 표에서 세율이 5퍼센트인 것
바이오헬스,의료기기,체외진단기기·시약,932010,3822900017,382290,3822,이 표에서 세율이 5.4퍼센트인 것
바이오헬스,의료기기,체외진단기기·시약,932010,3822900018,382290,3822,이 표에서 세율이 6.5퍼센트인 것
바이오헬스,의료기기,체외진단기기·시약,932010,3822900019,382290,3822,이 표에서 세율이 7퍼센트인 것
바이오헬스,의료기기,체외진단기기·시약,932010,3822900020,382290,3822,기타
바이오헬스,의료기기,치과기기·재료,932020,9018491000,901849,9018,치과용 버(bur)
바이오헬스,의료기기,치과기기·재료,932020,9018492000,901849,9018,치과용 유닛
바이오헬스,의료기기,치과기기·재료,932020,9018493000,901849,9018,치석제거기
바이오헬스,의료기기,치과기기·재료,932020,9018498000,901849,9018,기타
바이오헬스,의료기기,치과기기·재료,932020,9018499000,901849,9018,부분품과 부속품
바이오헬스,의료기기,치과기기·재료,932020,9021210000,902121,9021,의치·임플란트 관련
바이오헬스,의료기기,치과기기·재료,932020,9021290000,902129,9021,기타
바이오헬스,의료기기,치과기기·재료,932020,9022130000,902213,9022,기타(치과용으로 한정한다)
바이오헬스,의료기기,영상진단기기,932030,9018121000,901812,9018,초음파 영상진단기
바이오헬스,의료기기,영상진단기기,932030,9018129000,901812,9018,부분품과 부속품
바이오헬스,의료기기,영상진단기기,932030,9018131000,901813,9018,MRI
바이오헬스,의료기기,영상진단기기,932030,9018139000,901813,9018,부분품과 부속품
바이오헬스,의료기기,영상진단기기,932030,9022120000,902212,9022,CT
바이오헬스,의료기기,영상진단기기,932030,9022901020,902290,9022,엑스선의 스크린
바이오헬스,의료기기,영상진단기기,932030,9022901090,902290,9022,기타
바이오헬스,의료기기,영상진단기기,932030,9022909010,902290,9022,엑스선을 사용하는 기기의 것
바이오헬스,의료기기,영상진단기기,932030,9022909090,902290,9022,기타
바이오헬스,의료기기,수술·치료기기,932040,9018209000,901820,9018,부분품과 부속품
바이오헬스,의료기기,수술·치료기기,932040,9018901000,901890,9018,임신진단기
바이오헬스,의료기기,수술·치료기기,932040,9018902010,901890,9018,레이저 작동식 기기
바이오헬스,의료기기,수술·치료기기,932040,9018902090,901890,9018,기타
바이오헬스,의료기기,수술·치료기기,932040,9018903000,901890,9018,산부인과용 기기
바이오헬스,의료기기,수술·치료기기,932040,9018904000,901890,9018,"내시경(위내시경, 복막경, 방광경과 이와 유사한 것으로 한정한다)"
바이오헬스,의료기기,수술·치료기기,932040,9018905000,901890,9018,인공신장기(인공신장기용 투석기를 포함한다)
바이오헬스,의료기기,수술·치료기기,932040,9018906000,901890,9018,경피전기신경자극기
바이오헬스,의료기기,수술·치료기기,932040,9018907000,901890,9018,수의과용 기기
바이오헬스,의료기기,수술·치료기기,932040,9018908110,901890,9018,레이저 작동식 기기
바이오헬스,의료기기,수술·치료기기,932040,9018908190,901890,9018,기타
바이오헬스,의료기기,수술·치료기기,932040,9018908900,901890,9018,기타
바이오헬스,의료기기,수술·치료기기,932040,9018909000,901890,9018,부분품과 부속품
바이오헬스,의료기기,안과·광학기기,932050,9001300000,900130,9001,콘택트렌즈
바이오헬스,의료기기,안과·광학기기,932050,9001400000,900140,9001,유리로 만든 안경렌즈
바이오헬스,의료기기,안과·광학기기,932050,9001501000,900150,9001,시력 교정용
바이오헬스,의료기기,안과·광학기기,932050,9018201000,901820,9018,자외선이나 적외선 응용기기
바이오헬스,의료기기,의료소모품·정형기기,932060,9018191000,901819,9018,뇌파계
바이오헬스,의료기기,의료소모품·정형기기,932060,9018192000,901819,9018,청력검사용 기구
바이오헬스,의료기기,의료소모품·정형기기,932060,9018194000,901819,9018,혈압 측정기기
바이오헬스,의료기기,의료소모품·정형기기,932060,9018197000,901819,9018,환자감시장치
바이오헬스,의료기기,의료소모품·정형기기,932060,9018198000,901819,9018,기타
바이오헬스,의료기기,의료소모품·정형기기,932060,9018199000,901819,9018,부분품과 부속품
바이오헬스,의료기기,의료소모품·정형기기,932060,9018310000,901831,9018,주사기
바이오헬스,의료기기,의료소모품·정형기기,932060,9018391000,901839,9018,수혈세트와 수액세트
바이오헬스,의료기기,의료소모품·정형기기,932060,9018392000,901839,9018,카테터
바이오헬스,의료기기,의료소모품·정형기기,932060,9018398000,901839,9018,기타
바이오헬스,의료기기,의료소모품·정형기기,932060,9018399000,901839,9018,부분품과 부속품
바이오헬스,의료기기,의료소모품·정형기기,932060,9021101000,902110,9021,스크루ㆍ스테이플ㆍ핀과 그 밖에 이와 유사한 것
바이오헬스,의료기기,의료소모품·정형기기,932060,9021109000,902110,9021,기타
바이오헬스,의료기기,의료소모품·정형기기,932060,9021310000,902131,9021,인공관절
바이오헬스,의료기기,기타 의료기기,932090,2520201000,252020,2520,치과용으로 사용하기 위하여 특별히 하소하거나 미세하게 분쇄한 것
바이오헬스,의료기기,기타 의료기기,932090,3006101010,300610,3006,살균한 외과용 캣거트(catgut)
바이오헬스,의료기기,기타 의료기기,932090,3006101020,300610,3006,살균한 봉합재(살균한 외과용이나 치과용 흡수성 실을 포함한다)
바이오헬스,의료기기,기타 의료기기,932090,3006102000,300610,3006,살균한 외과용 수술상처의 봉합용 접착제
바이오헬스,의료기기,기타 의료기기,932090,3006103000,300610,3006,살균한 라미나리아와 살균한 라미나리아의 텐트
바이오헬스,의료기기,기타 의료기기,932090,3006104000,300610,3006,살균한 외과용이나 치과용 흡수성 지혈제
바이오헬스,의료기기,기타 의료기기,932090,3006105010,300610,3006,플라스틱으로 만든 것
바이오헬스,의료기기,기타 의료기기,932090,3006105090,300610,3006,기타
바이오헬스,의료기기,기타 의료기기,932090,3006401000,300640,3006,치과용 시멘트
바이오헬스,의료기기,기타 의료기기,932090,3006402000,300640,3006,치과용 충전제
바이오헬스,의료기기,기타 의료기기,932090,3006403000,300640,3006,뼈 형성용 시멘트
바이오헬스,의료기기,기타 의료기기,932090,3006500000,300650,3006,구급상자와 구급대
바이오헬스,의료기기,기타 의료기기,932090,3006910000,300691,3006,장루(腸瘻)용으로 인정되는 기구
바이오헬스,의료기기,기타 의료기기,932090,3306901000,330690,3306,구강위생용 제품류
바이오헬스,의료기기,기타 의료기기,932090,3306902000,330690,3306,치과위생용 제품류
바이오헬스,의료기기,기타 의료기기,932090,3407001000,340700,3407,조형용 페이스트(paste)
바이오헬스,의료기기,기타 의료기기,932090,3407002000,340700,3407,치과용 왁스나 치과용 인상재료
바이오헬스,의료기기,기타 의료기기,932090,3407003000,340700,3407,플라스터를 기본 재료로 한 기타 치과용 조제품
바이오헬스,의료기기,기타 의료기기,932090,3701100000,370110,3701,엑스선용
바이오헬스,의료기기,기타 의료기기,932090,3702100000,370210,3702,엑스선용
바이오헬스,의료기기,기타 의료기기,932090,3824996200,382499,3824,특정요업제품 제조용 조제품(의치 등)
바이오헬스,의료기기,기타 의료기기,932090,4014100000,401410,4014,콘돔
바이오헬스,의료기기,기타 의료기기,932090,4014909000,401490,4014,기타
바이오헬스,의료기기,기타 의료기기,932090,4015120000,401512,4015,내과용ㆍ외과용ㆍ치과용ㆍ수의과용으로 사용되는 종류의 것
바이오헬스,의료기기,기타 의료기기,932090,4015902000,401590,4015,방사선 방호복
바이오헬스,의료기기,기타 의료기기,932090,7108131090,710813,7108,기타
바이오헬스,의료기기,기타 의료기기,932090,8418691000,841869,8418,혈액 저장용 냉장고
바이오헬스,의료기기,기타 의료기기,932090,8419200000,841920,8419,내과용ㆍ외과용ㆍ실험실용 살균기
바이오헬스,의료기기,기타 의료기기,932090,8528591010,852859,8528,의료용으로 특수 제작된 것
바이오헬스,의료기기,기타 의료기기,932090,8528592010,852859,8528,의료용으로 특수 제작된 것
바이오헬스,의료기기,기타 의료기기,932090,8713100000,871310,8713,기계구동식이 아닌 것
바이오헬스,의료기기,기타 의료기기,932090,8713900000,871390,8713,기타
바이오헬스,의료기기,기타 의료기기,932090,8714200000,871420,8714,신체장애인용 차량의 것
바이오헬스,의료기기,기타 의료기기,932090,9004901000,900490,9004,시력교정용 안경
바이오헬스,의료기기,기타 의료기기,932090,9004909000,900490,9004,기타
바이오헬스,의료기기,기타 의료기기,932090,9006300000,900630,9006,수중촬영용ㆍ공중측량용ㆍ장기(臟器)의 내과나 외과 검사용으로 특별히 설계된 사진기와 법정비교용 사진기
바이오헬스,의료기기,기타 의료기기,932090,9018111000,901811,9018,심전계
바이오헬스,의료기기,기타 의료기기,932090,9018119000,901811,9018,부분품과 부속품
바이오헬스,의료기기,기타 의료기기,932090,9018140000,901814,9018,신티그래픽(scintigraphic)식 진단기기
바이오헬스,의료기기,기타 의료기기,932090,9018321000,901832,9018,주사침
바이오헬스,의료기기,기타 의료기기,932090,9018322000,901832,9018,봉합침
바이오헬스,의료기기,기타 의료기기,932090,9018329000,901832,9018,기타
바이오헬스,의료기기,기타 의료기기,932090,9018411000,901841,9018,치과용 드릴 엔진
바이오헬스,의료기기,기타 의료기기,932090,9018419000,901841,9018,부분품과 부속품
바이오헬스,의료기기,기타 의료기기,932090,9018501010,901850,9018,레이저 작동식 기기
바이오헬스,의료기기,기타 의료기기,932090,9018501090,901850,9018,기타
바이오헬스,의료기기,기타 의료기기,932090,9018509000,901850,9018,부분품과 부속품
바이오헬스,의료기기,기타 의료기기,932090,9019101000,901910,9019,기계요법용 기기
바이오헬스,의료기기,기타 의료기기,932090,9019103000,901910,9019,심리학적 적성검사용 기기
바이오헬스,의료기기,기타 의료기기,932090,9019109000,901910,9019,부분품과 부속품
바이오헬스,의료기기,기타 의료기기,932090,9019202000,901920,9019,산소 흡입기
바이오헬스,의료기기,기타 의료기기,932090,9019203000,901920,9019,에어로졸 치료기
바이오헬스,의료기기,기타 의료기기,932090,9019204000,901920,9019,인공호흡기
바이오헬스,의료기기,기타 의료기기,932090,9019208000,901920,9019,기타
바이오헬스,의료기기,기타 의료기기,932090,9019209000,901920,9019,부분품과 부속품
바이오헬스,의료기기,기타 의료기기,932090,9020001000,902000,9020,가스마스크
바이오헬스,의료기기,기타 의료기기,932090,9020008000,902000,9020,그 밖의 호흡용 기기
바이오헬스,의료기기,기타 의료기기,932090,9020009000,902000,9020,부분품과 부속품
바이오헬스,의료기기,기타 의료기기,932090,9021391000,902139,9021,인공수정체
바이오헬스,의료기기,기타 의료기기,932090,9021399000,902139,9021,기타
바이오헬스,의료기기,기타 의료기기,932090,9021400000,902140,9021,보청기(부분품과 부속품은 제외한다)
바이오헬스,의료기기,기타 의료기기,932090,9021500000,902150,9021,심장박동기(부분품과 부속품은 제외한다)
바이오헬스,의료기기,기타 의료기기,932090,9021901010,902190,9021,스텐트
바이오헬스,의료기기,기타 의료기기,932090,9021901090,902190,9021,기타
바이오헬스,의료기기,기타 의료기기,932090,9021908000,902190,9021,기타
바이오헬스,의료기기,기타 의료기기,932090,9021909000,902190,9021,부분품과 부속품
바이오헬스,의료기기,기타 의료기기,932090,9022141020,902214,9022,혈관조영 촬영장치
바이오헬스,의료기기,기타 의료기기,932090,9022141030,902214,9022,뼈(골)밀도측정기
바이오헬스,의료기기,기타 의료기기,932090,9022141090,902214,9022,기타
바이오헬스,의료기기,기타 의료기기,932090,9022142000,902214,9022,수의과용
바이오헬스,의료기기,기타 의료기기,932090,9022211020,902221,9022,선형 가속치료 장치
바이오헬스,의료기기,기타 의료기기,932090,9022211030,902221,9022,코발트 60 치료기
바이오헬스,의료기기,기타 의료기기,932090,9022211090,902221,9022,기타
바이오헬스,의료기기,기타 의료기기,932090,9022212000,902221,9022,수의과용
바이오헬스,의료기기,기타 의료기기,932090,9025111000,902511,9025,의료용ㆍ수의과용 온도계
바이오헬스,의료기기,기타 의료기기,932090,9025119000,902511,9025,기타
바이오헬스,의료기기,기타 의료기기,932090,9025192090,902519,9025,기타
바이오헬스,의료기기,기타 의료기기,932090,9027503000,902750,9027,비색계
바이오헬스,의료기기,기타 의료기기,932090,9402101000,940210,9402,내과용ㆍ외과용ㆍ치과용 의자
바이오헬스,의료기기,기타 의료기기,932090,9402901000,940290,9402,수술대
바이오헬스,의료기기,기타 의료기기,932090,9402908000,940290,9402,기타
바이오헬스,의료기기,기타 의료기기,932090,9402909000,940290,9402,부분품
바이오헬스,의료기기,기타 의료기기,932090,9404100000,940410,9404,매트리스 서포트(mattress support)
이차전지,배터리 셀,EV용 리튬이온배터리,836110,8507602000,850760,8507,EV·HEV용 리튬이온배터리
이차전지,배터리 셀,ESS용 리튬이온배터리,836110,8507603000,850760,8507,ESS용 리튬이온배터리
이차전지,배터리 셀,기타 리튬이온배터리,836110,8507609000,850760,8507,기타 리튬이온배터리
이차전지,배터리 셀,연산축전지,836120,8507100000,850710,8507,피스톤식 엔진 시동용 연산(鉛酸)축전지
이차전지,배터리 셀,연산축전지,836120,8507200000,850720,8507,그 밖의 연산(鉛酸)축전지
이차전지,배터리 셀,기타 이차전지,836130,8507300000,850730,8507,니켈-카드뮴 축전지
이차전지,배터리 셀,기타 이차전지,836130,8507500000,850750,8507,니켈-수소합금 축전지
이차전지,배터리 셀,기타 이차전지,836130,8507800000,850780,8507,그 밖의 축전지
이차전지,배터리 부품,배터리 부품,836140,8507901000,850790,8507,격리판
이차전지,배터리 부품,배터리 부품,836140,8507909000,850790,8507,기타 배터리 부품
이차전지,배터리 소재,양극재,836210,2841691000,284169,2841,LMO 계열 양극재
이차전지,배터리 소재,양극재,836210,2841909010,284190,2841,LCO 양극재
이차전지,배터리 소재,양극재,836210,2841909020,284190,2841,NCM 양극재
이차전지,배터리 소재,양극재,836210,2841909030,284190,2841,NCA 양극재
이차전지,배터리 소재,양극재,836210,2841909040,284190,2841,NCMA 양극재
이차전지,배터리 소재,전해액·전해질 기타,836220,2826909000,282690,2826,전해액·전해질 기타
이차전지,배터리 소재,전해액 첨가제,836220,3824999052,382499,3824,전해액 첨가제
이차전지,배터리 소재,전해액,836220,3824999053,382499,3824,전해액
이차전지,배터리 소재,분리막,836230,3921191010,392119,3921,분리막
이차전지,배터리 소재,분리막,836230,3921192010,392119,3921,분리막
전기기기,발전설비,원자력 기기,841110,8401100000,840110,8401,원자로
전기기기,발전설비,원자력 기기,841110,8401200000,840120,8401,동위원소 분리용 기기와 그 부분품
전기기기,발전설비,원자력 기기,841110,8401400000,840140,8401,원자로의 부분품
전기기기,회전기기,전동기,841121,8501710000,850171,8501,출력이 50와트 이하인 것
전기기기,회전기기,전동기,841121,8501721000,850172,8501,출력이 50와트 초과 750와트 이하인 것
전기기기,회전기기,전동기,841121,8501722000,850172,8501,출력이 750와트 초과 75킬로와트 이하인 것
전기기기,회전기기,전동기,841121,8501723000,850172,8501,출력이 75킬로와트 초과 375킬로와트 이하인 것
전기기기,회전기기,전동기,841121,8501724000,850172,8501,출력이 375킬로와트를 초과하는 것
전기기기,회전기기,발전기,841129,8501312000,850131,8501,직류 발전기
전기기기,회전기기,발전기,841129,8501322000,850132,8501,직류 발전기
전기기기,회전기기,연료전지,841129,8501332010,850133,8501,연료전지스택
전기기기,회전기기,전동기,841129,8501332090,850133,8501,기타
전기기기,회전기기,발전기,841129,8501342000,850134,8501,직류 발전기
전기기기,회전기기,전동기,841131,8501801000,850180,8501,출력이 750볼트암페어 이하인 것
전기기기,회전기기,전동기,841131,8501802000,850180,8501,출력이 750볼트암페어 초과 75킬로볼트암페어 이하인 것
전기기기,회전기기,전동기,841131,8501803000,850180,8501,출력이 75킬로볼트암페어 초과 375킬로볼트암페어 이하인 것
전기기기,회전기기,전동기,841131,8501804010,850180,8501,400킬로와트에 상응하는 출력 이상인 것
전기기기,회전기기,전동기,841131,8501804090,850180,8501,기타
전기기기,회전기기,전동기,841131,8501805000,850180,8501,출력이 750킬로볼트암페어를 초과하는 것
전기기기,회전기기,전동기,841139,8501611000,850161,8501,출력이 750볼트암페어 이하인 것
전기기기,회전기기,전동기,841139,8501612000,850161,8501,출력이 750볼트암페어 초과 75킬로볼트암페어 이하인 것
전기기기,회전기기,연료전지,841139,8501621000,850162,8501,연료전지시스템
전기기기,회전기기,전동기,841139,8501629000,850162,8501,기타
전기기기,회전기기,전동기,841139,8501631000,850163,8501,400킬로와트에 상응하는 출력 이상인 것
전기기기,회전기기,전동기,841139,8501639000,850163,8501,기타
전기기기,회전기기,전동기,841139,8501640000,850164,8501,출력이 750킬로볼트암페어를 초과하는 것
전기기기,발전설비,발전기 세트,841140,8502111000,850211,8502,출력이 750VA 이하인 것
전기기기,발전설비,발전기 세트,841140,8502112000,850211,8502,출력이 750VA 초과 75kVA 이하인 것
전기기기,발전설비,발전기 세트,841140,8502120000,850212,8502,출력이 75kVA 초과 375kVA 이하인 것
전기기기,발전설비,발전기 세트,841140,8502131010,850213,8502,400kW에 상응하는 출력 이상인 것
전기기기,발전설비,발전기 세트,841140,8502131090,850213,8502,기타
전기기기,발전설비,발전기 세트,841140,8502132000,850213,8502,"출력이 750kVA 초과 3,500kVA 이하인 것"
전기기기,발전설비,발전기 세트,841140,8502134000,850213,8502,"출력이 3,500kVA를 초과하는 것"
전기기기,발전설비,발전기 세트,841140,8502201000,850220,8502,출력이 75kVA 이하인 것
전기기기,발전설비,발전기 세트,841140,8502202000,850220,8502,출력이 75kVA 초과 375kVA 이하인 것
전기기기,발전설비,발전기 세트,841140,8502203010,850220,8502,400kW에 상응하는 출력 이상인 것
전기기기,발전설비,발전기 세트,841140,8502203090,850220,8502,기타
전기기기,발전설비,발전기 세트,841140,8502204000,850220,8502,출력이 750kVA를 초과하는 것
전기기기,기타 전기기기,기타 전기기기,841150,8483602000,848360,8483,풍력발전기용
전기기기,기타 전기기기,기타 전기기기,841150,8483902000,848390,8483,풍력발전기용
전기기기,발전설비,풍력발전기,841150,8502311000,850231,8502,출력이 75kVA 이하인 것
전기기기,발전설비,풍력발전기,841150,8502312000,850231,8502,출력이 75kVA 초과 750kVA 이하인 것
전기기기,발전설비,풍력발전기,841150,8502314000,850231,8502,출력이 750kVA를 초과하는 것
전기기기,발전설비,기타 발전기·회전변환기,841170,8502391000,850239,8502,출력이 75kVA 이하인 것
전기기기,발전설비,기타 발전기·회전변환기,841170,8502392000,850239,8502,출력이 75kVA 초과 375kVA 이하인 것
전기기기,발전설비,기타 발전기·회전변환기,841170,8502393000,850239,8502,출력이 375kVA 초과 750kVA 이하인 것
전기기기,발전설비,기타 발전기·회전변환기,841170,8502394000,850239,8502,출력이 750kVA를 초과하는 것
전기기기,발전설비,기타 발전기·회전변환기,841170,8502400000,850240,8502,회전변환기
전기기기,발전설비,태양광 모듈,841180,8541430000,854143,8541,태양광 모듈·패널
전기기기,변압기,변압기,841210,8504219010,850421,8504,유입변압기 - 용량이 100kVA 이하인 것
전기기기,변압기,변압기,841210,8504219020,850421,8504,유입변압기 - 용량이 100kVA 초과 650kVA 이하인 것
전기기기,변압기,변압기,841210,8504229010,850422,8504,"유입변압기 - 용량이 650kVA 초과 1,000kVA 이하인 것"
전기기기,변압기,변압기,841210,8504229020,850422,8504,"유입변압기 - 용량이 1,000kVA 초과 5,000kVA 이하인 것"
전기기기,변압기,변압기,841210,8504229030,850422,8504,"유입변압기 - 용량이 5,000kVA 초과 10,000kVA 이하인 것"
전기기기,변압기,변압기,841210,8504230000,850423,8504,"유입변압기 - 용량이 10,000kVA를 초과하는 것"
전기기기,변압기,변압기,841220,8504319010,850431,8504,기타 변압기(건식 포함) - 용량이 100VA 이하인 것
전기기기,변압기,변압기,841220,8504319020,850431,8504,기타 변압기(건식 포함) - 용량이 100VA 초과 500VA 이하인 것
전기기기,변압기,변압기,841220,8504319040,850431,8504,기타 변압기(건식 포함) - 용량이 500VA 초과 1kVA 이하인 것
전기기기,변압기,변압기,841220,8504329010,850432,8504,기타 변압기(건식 포함) - 용량이 1kVA 초과 5kVA 이하인 것
전기기기,변압기,변압기,841220,8504329020,850432,8504,기타 변압기(건식 포함) - 용량이 5kVA 초과 16kVA 이하인 것
전기기기,변압기,변압기,841220,8504339010,850433,8504,기타 변압기(건식 포함) - 용량이 16kVA 초과 30kVA 이하인 것
전기기기,변압기,변압기,841220,8504339020,850433,8504,기타 변압기(건식 포함) - 용량이 30kVA 초과 100kVA 이하인 것
전기기기,변압기,변압기,841220,8504339040,850433,8504,기타 변압기(건식 포함) - 용량이 100kVA 초과 500kVA 이하인 것
전기기기,변압기,변압기,841220,8504349010,850434,8504,"기타 변압기(건식 포함) - 용량이 500kVA 초과 2,000kVA 이하인 것"
전기기기,변압기,변압기,841220,8504349030,850434,8504,"기타 변압기(건식 포함) - 용량이 2,000kVA를 초과하는 것"
전기기기,변압기,계기용 변압기,841230,8504211000,850421,8504,계기용 변압기
전기기기,변압기,계기용 변압기,841230,8504221000,850422,8504,계기용 변압기
전기기기,변압기,계기용 변압기,841230,8504311000,850431,8504,계기용 변압기
전기기기,변압기,계기용 변압기,841230,8504321000,850432,8504,계기용 변압기
전기기기,변압기,계기용 변압기,841230,8504331000,850433,8504,계기용 변압기
전기기기,변압기,계기용 변압기,841230,8504341000,850434,8504,계기용 변압기
전기기기,전력변환·조정,전압조정기,841240,8504312000,850431,8504,전압조정기
전기기기,전력변환·조정,전압조정기,841240,8504322000,850432,8504,전압조정기
전기기기,전력변환·조정,전압조정기,841240,8504332000,850433,8504,전압조정기
전기기기,전력변환·조정,전압조정기,841240,8504342000,850434,8504,전압조정기
전기기기,개폐·보호기기,차단기,841310,8535211000,853521,8535,정격전압이 7.25킬로볼트 미만인 것
전기기기,개폐·보호기기,차단기,841310,8535212000,853521,8535,정격전압이 7.25킬로볼트 이상 72.5킬로볼트 미만인 것
전기기기,개폐·보호기기,차단기,841310,8535291000,853529,8535,정격전압이 200킬로볼트 미만인 것
전기기기,개폐·보호기기,차단기,841310,8535292000,853529,8535,정격전압이 200킬로볼트 이상인 것
전기기기,개폐·보호기기,개폐기,841310,8535301000,853530,8535,정격전압이 7.25킬로볼트 미만인 것
전기기기,개폐·보호기기,개폐기,841310,8535302000,853530,8535,정격전압이 7.25킬로볼트 이상 72.5킬로볼트 미만인 것
전기기기,개폐·보호기기,개폐기,841310,8535303000,853530,8535,정격전압이 72.5킬로볼트 이상인 것
전기기기,개폐·보호기기,차단기,841320,8536200000,853620,8536,자동차단기
전기기기,개폐·보호기기,개폐기,841320,8536501000,853650,8536,회전형
전기기기,개폐·보호기기,개폐기,841320,8536502000,853650,8536,푸쉬 버튼형
전기기기,개폐·보호기기,개폐기,841320,8536503000,853650,8536,마이크로형
전기기기,개폐·보호기기,개폐기,841320,8536504000,853650,8536,전자개폐형(전자접속기를 포함한다)
전기기기,개폐·보호기기,개폐기,841320,8536509010,853650,8536,전기기계식의 스냅동작방식의 것(11암페어 이하로 한정한다)
전기기기,개폐·보호기기,개폐기,841320,8536509020,853650,8536,교류(AC)방식의 것(입출력 회로가 광학적으로 짝지워진 것으로 한정한다)
전기기기,개폐·보호기기,개폐기,841320,8536509030,853650,8536,"온도보호용의 것(1,000볼트 이하의 전압용으로 트랜지스터와 논리칩으로 구성된 것으로 한정한다)"
전기기기,개폐·보호기기,개폐기,841320,8536509090,853650,8536,기타
전기기기,개폐·접속기기,고압 접속기기,841330,8535901000,853590,8535,커넥터
전기기기,개폐·접속기기,고압 접속기기,841330,8535902000,853590,8535,터미널
전기기기,절연기기,애자·절연물,841340,8546100000,854610,8546,유리로 만든 것
전기기기,절연기기,애자·절연물,841340,8546200000,854620,8546,도자제의 것
전기기기,절연기기,애자·절연물,841340,8546901000,854690,8546,플라스틱으로 만든 애자
전기기기,절연기기,애자·절연물,841340,8546909000,854690,8546,기타
전기기기,기타 전기기기,기타 전기기기,841390,8504501090,850450,8504,기타
전기기기,기타 전기기기,기타 전기기기,841390,8532100000,853210,8532,"고정식 축전기로 50/60헤르츠 회로에서 사용하고, 무효(無效)전력 용량이 0.5킬로바르 이상인 것(전력용 축전기)"
전기기기,개폐·보호기기,퓨즈,841390,8535100000,853510,8535,퓨즈
전기기기,개폐·보호기기,피뢰기·서지보호기,841390,8535400000,853540,8535,피뢰기ㆍ전압제한기와 서지(surge)억제기
전기기기,개폐·접속기기,고압 접속기기,841390,8535909000,853590,8535,기타
전기기기,개폐·보호기기,계전기·보호기기,841390,8536300000,853630,8536,전기회로 보호용 그 밖의 기기
전기기기,개폐·보호기기,계전기·보호기기,841390,8536490000,853649,8536,기타
전기기기,배전·제어,배전반·제어반,841420,8537203000,853720,8537,배전용의 것
전기기기,배전·제어,배전반·제어반,841430,8537204000,853720,8537,전기제어용의 것
전기기기,기타 전기기기,기타 전기기기,841440,9028301010,902830,9028,전류가 50암페어 이상인 것
전기기기,기타 전기기기,기타 전기기기,841440,9028301020,902830,9028,전류가 50암페어 미만인 것
전기기기,전선·케이블,전력·통신 케이블,841510,8544491090,854449,8544,기타
전기기기,전선·케이블,전력·통신 케이블,841510,8544492090,854449,8544,기타
전기기기,전선·케이블,전력·통신 케이블,841510,8544499090,854449,8544,기타
전기기기,전선·케이블,전력·통신 케이블,841520,7413000000,741300,7413,구리로 만든 연선ㆍ케이블ㆍ엮은 밴드와 이와 유사한 것(전기 절연한 것은 제외한다)
전기기기,전선·케이블,전력·통신 케이블,841520,8544601010,854460,8544,플라스틱 절연전선
전기기기,전선·케이블,전력·통신 케이블,841520,8544601090,854460,8544,기타
전기기기,전선·케이블,전력·통신 케이블,841520,8544602010,854460,8544,플라스틱 절연전선
전기기기,전선·케이블,전력·통신 케이블,841520,8544602090,854460,8544,기타
전기기기,전선·케이블,전력·통신 케이블,841520,8544603010,854460,8544,플라스틱 절연전선
전기기기,전선·케이블,전력·통신 케이블,841520,8544603090,854460,8544,기타
전기기기,전선·케이블,권선,842110,8544111000,854411,8544,절연도료 피복전선
전기기기,전선·케이블,권선,842110,8544119000,854411,8544,기타
전기기기,전선·케이블,권선,842110,8544190000,854419,8544,기타
전기기기,전선·케이블,동축케이블,842120,8544200000,854420,8544,동축케이블
전기기기,전선·케이블,와이어링 하네스,842130,8544300000,854430,8544,차량·항공·선박용 와이어링 하네스
전기기기,전선·케이블,전력·통신 케이블,842140,8544421010,854442,8544,전기통신용
전기기기,전선·케이블,전력·통신 케이블,842140,8544422010,854442,8544,전기통신용
전기기기,전선·케이블,전력·통신 케이블,842140,8544429010,854442,8544,전기통신용
전기기기,전선·케이블,전력·통신 케이블,842140,8544491011,854449,8544,전압이 80볼트 이하인 것
전기기기,전선·케이블,전력·통신 케이블,842140,8544491012,854449,8544,"전압이 80볼트 초과 1,000볼트 이하인 것"
전기기기,전선·케이블,전력·통신 케이블,842140,8544492011,854449,8544,전압이 80볼트 이하인 것
전기기기,전선·케이블,전력·통신 케이블,842140,8544492012,854449,8544,"전압이 80볼트 초과 1,000볼트 이하인 것"
전기기기,전선·케이블,전력·통신 케이블,842140,8544499011,854449,8544,전압이 80볼트 이하인 것
전기기기,전선·케이블,전력·통신 케이블,842140,8544499012,854449,8544,"전압이 80볼트 초과 1,000볼트 이하인 것"
전기기기,전선·케이블,전력·통신 케이블,842150,8544421090,854442,8544,기타
전기기기,전선·케이블,전력·통신 케이블,842150,8544422090,854442,8544,기타
전기기기,전선·케이블,전력·통신 케이블,842150,8544429090,854442,8544,기타
전기기기,전선·케이블,광섬유 케이블,842160,8544700000,854470,8544,광섬유 케이블
전기기기,회전기기,전동기,842210,8501101000,850110,8501,직류 전동기
전기기기,회전기기,전동기,842210,8501102000,850110,8501,교류 전동기
전기기기,회전기기,전동기,842210,8501103000,850110,8501,교류ㆍ직류 겸용 전동기
전기기기,회전기기,전동기,842220,8501201000,850120,8501,출력이 37.5와트 초과 100와트 이하인 것
전기기기,회전기기,전동기,842220,8501401000,850140,8501,출력이 100와트 이하인 것
전기기기,회전기기,전동기,842220,8501402000,850140,8501,출력이 100와트 초과 750와트 이하인 것
전기기기,회전기기,전동기,842220,8501403000,850140,8501,출력이 750와트 초과 75킬로와트 이하인 것
전기기기,회전기기,전동기,842220,8501404000,850140,8501,출력이 75킬로와트를 초과하는 것
전기기기,회전기기,전동기,842220,8501510000,850151,8501,출력이 750와트 이하인 것
전기기기,회전기기,전동기,842220,8501521000,850152,8501,전기차(하이브리드형을 포함한다)용의 구동 모터
전기기기,회전기기,전동기,842220,8501529000,850152,8501,기타
전기기기,회전기기,전동기,842220,8501531010,850153,8501,전기차(하이브리드형을 포함한다)용의 구동 모터
전기기기,회전기기,전동기,842220,8501531090,850153,8501,기타
전기기기,회전기기,전동기,842220,8501532000,850153,8501,"출력이 375킬로와트 초과 1,500킬로와트 이하인 것"
전기기기,회전기기,전동기,842220,8501534000,850153,8501,"출력이 1,500킬로와트를 초과하는 것"
전기기기,회전기기,전동기,842230,8501311010,850131,8501,출력이 100와트 이하인 것
전기기기,회전기기,전동기,842230,8501311090,850131,8501,기타
전기기기,회전기기,전동기,842230,8501321000,850132,8501,직류 전동기
전기기기,회전기기,전동기,842230,8501331000,850133,8501,직류 전동기
전기기기,회전기기,전동기,842230,8501341000,850134,8501,직류 전동기
전기기기,전력변환·조정,안정기,842310,8504101010,850410,8504,전류가 1암페어 이하인 것
전기기기,전력변환·조정,안정기,842310,8504101020,850410,8504,전류가 1암페어 초과 20암페어 이하인 것
전기기기,전력변환·조정,안정기,842310,8504102000,850410,8504,전류가 20암페어 초과 60암페어 이하인 것
전기기기,전력변환·조정,안정기,842310,8504103000,850410,8504,전류가 60암페어를 초과하는 것
전기기기,전력변환·조정,정류기,842320,8504401010,850440,8504,정류기
전기기기,전력변환·조정,정류기,842320,8504401090,850440,8504,정류기
전기기기,전력변환·조정,인버터,842330,8504402011,850440,8504,인버터
전기기기,전력변환·조정,인버터,842330,8504402019,850440,8504,인버터
전기기기,전력변환·조정,인버터,842330,8504402020,850440,8504,EV·HEV 구동모터용 인버터
전기기기,전력변환·조정,인버터,842340,8504402091,850440,8504,인버터
전기기기,전력변환·조정,인버터,842340,8504402099,850440,8504,인버터
전기기기,전력변환·조정,배터리 충전기,842350,8504403010,850440,8504,배터리 충전기
전기기기,전력변환·조정,배터리 충전기,842350,8504403090,850440,8504,배터리 충전기
전기기기,전력변환·조정,파워팩,842360,8504404010,850440,8504,파워팩
전기기기,전력변환·조정,파워팩,842360,8504404090,850440,8504,파워팩
전기기기,전력변환·조정,어댑터,842370,8504405010,850440,8504,어댑터
전기기기,전력변환·조정,어댑터,842370,8504405090,850440,8504,어댑터
전기기기,전력변환·조정,기타 정지형 변환기,842380,8504409011,850440,8504,기타 정지형 변환기
전기기기,전력변환·조정,기타 정지형 변환기,842380,8504409019,850440,8504,기타 정지형 변환기
전기기기,전력변환·조정,기타 정지형 변환기,842390,8504409091,850440,8504,기타 정지형 변환기
전기기기,전력변환·조정,기타 정지형 변환기,842390,8504409099,850440,8504,기타 정지형 변환기
전기기기,산업전기설비,전기로·전기오븐,842410,8514191000,851419,8514,실험실용
전기기기,산업전기설비,전기로·전기오븐,842410,8514201000,851420,8514,실험실용
전기기기,산업전기설비,전기로·전기오븐,842420,8514192000,851419,8514,금속공업용
전기기기,산업전기설비,전기로·전기오븐,842420,8514202000,851420,8514,금속공업용
전기기기,산업전기설비,전기로·전기오븐,842430,8514193000,851419,8514,식품공업용
전기기기,산업전기설비,전기로·전기오븐,842430,8514203000,851420,8514,식품공업용
전기기기,산업전기설비,전기로·전기오븐,842490,8514199000,851419,8514,기타
전기기기,산업전기설비,전기로·전기오븐,842490,8514209000,851420,8514,기타
전기기기,산업전기설비,전기로·전기오븐,842490,8514311000,851431,8514,인쇄회로나 인쇄회로조립품의 제조에 전용되거나 주로 사용되는 종류의 것
전기기기,산업전기설비,전기로·전기오븐,842490,8514319000,851431,8514,기타
전기기기,산업전기설비,전기로·전기오븐,842490,8514321000,851432,8514,인쇄회로나 인쇄회로조립품의 제조에 전용되거나 주로 사용되는 종류의 것
전기기기,산업전기설비,전기로·전기오븐,842490,8514329000,851432,8514,기타
전기기기,산업전기설비,전기로·전기오븐,842490,8514391000,851439,8514,인쇄회로나 인쇄회로조립품의 제조에 전용되거나 주로 사용되는 종류의 것
전기기기,산업전기설비,전기로·전기오븐,842490,8514399000,851439,8514,기타
전기기기,산업전기설비,전기로·전기오븐,842490,8514409000,851440,8514,기타
전기기기,배전·제어,배전반·제어반,842510,8537105010,853710,8537,수치 제어반
전기기기,배전·제어,배전반·제어반,842520,8537105020,853710,8537,프로그램이 가능한 제어기
전기기기,배전·제어,배전반·제어반,842530,8537105090,853710,8537,기타
전기기기,전자기기,전자석·전자클러치,842910,8505200000,850520,8505,전자석 커플링(coupling)ㆍ클러치ㆍ브레이크
전기기기,전자기기,전자석·전자클러치,842910,8505901010,850590,8505,자기공명 촬영기기에 전용 또는 주로 사용되는 종류의 것(제9018호의 전자석은 제외한다)
전기기기,전자기기,전자석·전자클러치,842910,8505901090,850590,8505,기타
전기기기,전자기기,전자석·전자클러치,842910,8505902000,850590,8505,전자석이나 영구자석식의 척(chuck)ㆍ클램프ㆍ바이스와 그 밖에 이와 유사한 가공물 홀더
전기기기,전자기기,전자석·전자클러치,842910,8505903000,850590,8505,전자석 리프팅 헤드(lifting head)
전기기기,산업전기설비,전기분해·수전해 설비,842990,8543301000,854330,8543,인쇄회로의 제조에 전용되거나 주로 사용되는 종류의 것(전기영동용은 제외한다)
전기기기,산업전기설비,전기분해·수전해 설비,842990,8543302000,854330,8543,수전해 설비
전기기기,산업전기설비,전기분해·수전해 설비,842990,8543309000,854330,8543,기타
전기기기,산업전기설비,전기분해·수전해 설비,842990,8543701000,854370,8543,일렉트릭 펜스 에너자이저
전기기기,회전기기,전동기·발전기 부품,849110,8503001000,850300,8503,전동기의 것
전기기기,회전기기,전동기·발전기 부품,849120,8503002010,850300,8503,풍력발전기용
전기기기,회전기기,전동기·발전기 부품,849120,8503002090,850300,8503,기타
전기기기,회전기기,전동기·발전기 부품,849120,8503003000,850300,8503,회전변환기의 것
전기기기,전력변환·조정,변압기·변환기 부품,849210,8504909000,850490,8504,기타
전기기기,배전·제어,배전반·제어반,849220,8537103000,853710,8537,"터치감응식 자료입력장치('터치스크린'이라 불림)[영상 디스플레이 장치가 있는 기기에 결합되어 디스플레이 영역 내의 접촉여부와 위치를 감지하는 기능을 하며, 제시된 상태에서 디스플레이를 갖추지 않은 것으로 한정함]"
전기기기,배전·제어,배전반·제어반,849220,8537104000,853710,8537,배전용의 것
전기기기,배전·제어,배전반·제어반,849220,8538100000,853810,8538,"보드ㆍ패널ㆍ콘솔ㆍ책상ㆍ캐비닛과 그 밖의 기반(基盤)(제8537호의 물품용으로 한정하며, 이들 기기를 장착하여 조립한 것은 제외한다)"
전기기기,배전·제어,개폐·제어기기 부품,849230,8538901000,853890,8538,개폐기의 것
전기기기,배전·제어,개폐·제어기기 부품,849240,8538902000,853890,8538,자동차단기의 것
전기기기,배전·제어,개폐·제어기기 부품,849250,8538903000,853890,8538,계전기의 것
전기기기,배전·제어,개폐·제어기기 부품,849260,8538905000,853890,8538,전기제어용의 것
전기기기,전기소재,전기용 탄소제품,849310,8545110000,854511,8545,노(爐)용
전기기기,전기소재,전기용 탄소제품,849310,8545190000,854519,8545,기타
전기기기,전기소재,전기용 탄소제품,849310,8545200000,854520,8545,브러시
전기기기,전기소재,전기용 탄소제품,849310,8545901000,854590,8545,탄소봉
전기기기,전기소재,전기용 탄소제품,849310,8545902000,854590,8545,탄소난방필름
전기기기,절연기기,애자·절연물,849490,8547100000,854710,8547,도자제의 절연용 물품
전기기기,절연기기,애자·절연물,849490,8547200000,854720,8547,플라스틱으로 만든 절연용 물품
전기기기,절연기기,애자·절연물,849490,8547900000,854790,8547,기타
전기기기,기타 전기기기,기타 전기기기,849910,8543401000,854340,8543,연소시키지 않고 흡입하도록 만들어진 물품(제2404호의 것으로 한정한다)을 포함한 것
전기기기,기타 전기기기,기타 전기기기,849910,8543409000,854340,8543,기타
전기기기,전기전자 재활용,전기전자 폐기물,849930,8549110000,854911,8549,"연산(鉛酸) 축전지의 웨이스트(waste)와 스크랩(scrap), 수명이 끝난 연산 축전지"
전기기기,전기전자 재활용,전기전자 폐기물,849930,8549121000,854912,8549,납을 함유한 것
전기기기,전기전자 재활용,전기전자 폐기물,849930,8549122000,854912,8549,카드뮴을 함유한 것
전기기기,전기전자 재활용,전기전자 폐기물,849930,8549123000,854912,8549,수은을 함유한 것
전기기기,전기전자 재활용,전기전자 폐기물,849930,8549130000,854913,8549,화학적 유형에 따라 선별된 것(납ㆍ카드뮴ㆍ수은을 함유하지 않은 것으로 한정한다)
전기기기,전기전자 재활용,전기전자 폐기물,849930,8549141000,854914,8549,철강ㆍ구리ㆍ니켈ㆍ아연을 함유한 것
전기기기,전기전자 재활용,전기전자 폐기물,849930,8549142000,854914,8549,망간을 함유한 것
전기기기,전기전자 재활용,전기전자 폐기물,849930,8549149000,854914,8549,기타
전기기기,전기전자 재활용,전기전자 폐기물,849930,8549190000,854919,8549,기타
전기기기,전기전자 재활용,전기전자 폐기물,849930,8549211000,854921,8549,철강·구리·니켈·납·아연을 함유한 것
전기기기,전기전자 재활용,전기전자 폐기물,849930,8549212000,854921,8549,유리·카드뮴·망간을 함유한 것
전기기기,전기전자 재활용,전기전자 폐기물,849930,8549219000,854921,8549,기타
전기기기,전기전자 재활용,전기전자 폐기물,849930,8549291000,854929,8549,철강·구리·니켈·납·아연을 함유한 것
전기기기,전기전자 재활용,전기전자 폐기물,849930,8549292000,854929,8549,유리·카드뮴·망간을 함유한 것
전기기기,전기전자 재활용,전기전자 폐기물,849930,8549299000,854929,8549,기타
전기기기,전기전자 재활용,전기전자 폐기물,849930,8549311000,854931,8549,철강·구리·니켈·납·아연을 함유한 것
전기기기,전기전자 재활용,전기전자 폐기물,849930,8549312000,854931,8549,유리·카드뮴·망간을 함유한 것
전기기기,전기전자 재활용,전기전자 폐기물,849930,8549319000,854931,8549,기타
전기기기,전기전자 재활용,전기전자 폐기물,849930,8549391000,854939,8549,철강·구리·니켈·납·아연을 함유한 것
전기기기,전기전자 재활용,전기전자 폐기물,849930,8549392000,854939,8549,유리·카드뮴·망간을 함유한 것
전기기기,전기전자 재활용,전기전자 폐기물,849930,8549399000,854939,8549,기타
전기기기,전기전자 재활용,전기전자 폐기물,849930,8549911000,854991,8549,철강·구리·니켈·납·아연을 함유한 것
전기기기,전기전자 재활용,전기전자 폐기물,849930,8549912000,854991,8549,유리·카드뮴·망간을 함유한 것
전기기기,전기전자 재활용,전기전자 폐기물,849930,8549919000,854991,8549,기타
전기기기,전기전자 재활용,전기전자 폐기물,849930,8549991000,854999,8549,철강·구리·니켈·납·아연을 함유한 것
전기기기,전기전자 재활용,전기전자 폐기물,849930,8549992000,854999,8549,유리·카드뮴·망간을 함유한 것
전기기기,전기전자 재활용,전기전자 폐기물,849930,8549999000,854999,8549,기타
전기기기,전자기기,전자석·전자클러치,849990,8505909000,850590,8505,부분품
전기기기,기타 전기기기,기타 전기기기,849990,8514902000,851490,8514,인쇄회로나 인쇄회로조립품의 제조에 전용되거나 주로 사용되는 노(爐)와 오븐의 것
전기기기,기타 전기기기,기타 전기기기,849990,8514909000,851490,8514,기타
비철금속,알루미늄,알루미늄 괴·스크랩,621110,7601100000,760110,7601,합금하지 않은 알루미늄
비철금속,알루미늄,알루미늄 괴·스크랩,621110,7601201000,760120,7601,캐스팅 얼로이(casting alloy)
비철금속,알루미늄,알루미늄 괴·스크랩,621110,7601202000,760120,7601,빌릿(billet)
비철금속,알루미늄,알루미늄 괴·스크랩,621110,7601209000,760120,7601,기타
비철금속,알루미늄,알루미늄 괴·스크랩,621120,7602001000,760200,7602,캔의 웨이스트와 스크랩
비철금속,알루미늄,알루미늄 괴·스크랩,621120,7602009000,760200,7602,기타
비철금속,알루미늄,알루미늄 가공품,621210,7603100000,760310,7603,비(非)층상조직인 가루
비철금속,알루미늄,알루미늄 가공품,621210,7603201000,760320,7603,가루
비철금속,알루미늄,알루미늄 가공품,621210,7603202000,760320,7603,플레이크(flake)
비철금속,알루미늄,알루미늄 가공품,621220,7604101000,760410,7604,봉
비철금속,알루미늄,알루미늄 가공품,621220,7604102010,760410,7604,중공(中空)프로파일(profile)
비철금속,알루미늄,알루미늄 가공품,621220,7604102090,760410,7604,기타
비철금속,알루미늄,알루미늄 가공품,621220,7604210000,760421,7604,중공(中空)프로파일(profile)
비철금속,알루미늄,알루미늄 가공품,621220,7604291000,760429,7604,봉
비철금속,알루미늄,알루미늄 가공품,621220,7604299000,760429,7604,그 밖의 프로파일(profile)
비철금속,알루미늄,알루미늄 가공품,621230,7605110000,760511,7605,횡단면의 최대치수가 7밀리미터를 초과하는 것
비철금속,알루미늄,알루미늄 가공품,621230,7605190000,760519,7605,기타
비철금속,알루미늄,알루미늄 가공품,621230,7605210000,760521,7605,횡단면의 최대치수가 7밀리미터를 초과하는 것
비철금속,알루미늄,알루미늄 가공품,621230,7605290000,760529,7605,기타
비철금속,알루미늄,알루미늄 가공품,621240,7606111000,760611,7606,알루미늄의 함유량이 전 중량의 100분의 99.99 이상인 것
비철금속,알루미늄,알루미늄 가공품,621240,7606119000,760611,7606,기타
비철금속,알루미늄,알루미늄 가공품,621240,7606120000,760612,7606,알루미늄 합금으로 만든 것
비철금속,알루미늄,알루미늄 가공품,621240,7606911000,760691,7606,알루미늄의 함유량이 전 중량의 100분의 99.99 이상인 것
비철금속,알루미늄,알루미늄 가공품,621240,7606919000,760691,7606,기타
비철금속,알루미늄,알루미늄 가공품,621240,7606920000,760692,7606,알루미늄 합금으로 만든 것
비철금속,알루미늄,알루미늄 가공품,621250,7607111000,760711,7607,알루미늄의 함유량이 전 중량의 100분의 99.99 이상인 것
비철금속,알루미늄,알루미늄 가공품,621250,7607119000,760711,7607,기타
비철금속,알루미늄,알루미늄 가공품,621250,7607191000,760719,7607,알루미늄의 함유량이 전 중량의 100분의 99.99 이상인 것
비철금속,알루미늄,알루미늄 가공품,621250,7607199000,760719,7607,기타
비철금속,알루미늄,알루미늄 가공품,621250,7607201000,760720,7607,알루미늄의 함유량이 전 중량의 100분의 99.99 이상인 것
비철금속,알루미늄,알루미늄 가공품,621250,7607209000,760720,7607,기타
비철금속,알루미늄,알루미늄 가공품,621260,7608100000,760810,7608,합금하지 않은 알루미늄으로 만든 것
비철금속,알루미늄,알루미늄 가공품,621260,7608200000,760820,7608,알루미늄 합금으로 만든 것
비철금속,알루미늄,알루미늄 가공품,621270,7609000000,760900,7609,알루미늄으로 만든 관(管) 연결구류[예: 커플링(coupling)ㆍ엘보(elbow)ㆍ슬리브(sleeve)]
비철금속,알루미늄,알루미늄 구조물,621310,7610100000,761010,7610,문ㆍ창과 이들의 틀과 문지방
비철금속,알루미늄,알루미늄 구조물,621310,7610901000,761090,7610,구조물
비철금속,알루미늄,알루미늄 구조물,621310,7610908000,761090,7610,기타
비철금속,알루미늄,알루미늄 구조물,621310,7610909000,761090,7610,부분품
비철금속,알루미늄,알루미늄 구조물,621310,9406903000,940690,9406,알루미늄으로 만든 것
비철금속,알루미늄,알루미늄 구조물,621320,7611000000,761100,7611,"알루미늄으로 만든 각종 재료용 저장조ㆍ탱크ㆍ통과 이와 유사한 용기(압축용이나 액화가스용은 제외하고, 기계장치나 가열ㆍ냉각 장치를 갖추지 않은 것으로서 용적이 300리터를 초과하는 것으로 한정하며, 내장한 것인지 또는 열절연한 것인지에 상관없다)"
비철금속,알루미늄,알루미늄 구조물,621320,7612100000,761210,7612,연질의 튜브형 용기
비철금속,알루미늄,알루미늄 구조물,621320,7612901000,761290,7612,경질의 튜브형 용기
비철금속,알루미늄,알루미늄 구조물,621320,7612909010,761290,7612,용적이 1리터 미만인 것
비철금속,알루미늄,알루미늄 구조물,621320,7612909020,761290,7612,용적이 1리터 이상 20리터 미만인 것
비철금속,알루미늄,알루미늄 구조물,621320,7612909030,761290,7612,용적이 20리터 이상인 것
비철금속,알루미늄,알루미늄 구조물,621320,7613001000,761300,7613,압축가스용
비철금속,알루미늄,알루미늄 구조물,621320,7613002000,761300,7613,액화가스용
비철금속,알루미늄,알루미늄 연선·케이블,621400,7614100000,761410,7614,철강심으로 되어 있는 것
비철금속,알루미늄,알루미늄 연선·케이블,621400,7614900000,761490,7614,기타
비철금속,알루미늄,기타 알루미늄 제품,621900,7616100000,761610,7616,못ㆍ압정ㆍ스테이플(제8305호의 것은 제외한다)ㆍ스크루(screw)ㆍ볼트(bolt)ㆍ너트(nut)ㆍ스크루 훅(screw hook)ㆍ리벳(rivet)ㆍ코터(cotter)ㆍ코터핀(cotter-pin)ㆍ와셔(washer)와 이와 유사한 물품
비철금속,알루미늄,기타 알루미늄 제품,621900,7616910000,761691,7616,알루미늄선으로 만든 클로스(cloth)ㆍ그릴ㆍ망ㆍ울타리
비철금속,알루미늄,기타 알루미늄 제품,621900,7616991000,761699,7616,보빈(bobbin)
비철금속,알루미늄,기타 알루미늄 제품,621900,7616999010,761699,7616,알루미늄 파우치(pouch)
비철금속,알루미늄,기타 알루미늄 제품,621900,7616999020,761699,7616,알루미늄 노브(knob)
비철금속,알루미늄,기타 알루미늄 제품,621900,7616999090,761699,7616,기타
비철금속,구리,동괴·스크랩,622110,7401001000,740100,7401,구리의 매트(mat)
비철금속,구리,동괴·스크랩,622110,7401002000,740100,7401,시멘트동(침전동)
비철금속,구리,동괴·스크랩,622110,7402001000,740200,7402,정제하지 않은 구리
비철금속,구리,동괴·스크랩,622110,7402002000,740200,7402,전해정제용 구리 양극
비철금속,구리,동괴·스크랩,622120,7403110000,740311,7403,음극과 음극의 형재
비철금속,구리,동괴·스크랩,622120,7403120000,740312,7403,와이어바(wire-bar)
비철금속,구리,동괴·스크랩,622120,7403130000,740313,7403,빌릿(billet)
비철금속,구리,동괴·스크랩,622120,7403191000,740319,7403,슬래브
비철금속,구리,동괴·스크랩,622120,7403192000,740319,7403,잉곳(ingot)
비철금속,구리,동괴·스크랩,622120,7403199000,740319,7403,기타
비철금속,구리,동괴·스크랩,622120,7403210000,740321,7403,구리-아연의 합금(황동)
비철금속,구리,동괴·스크랩,622120,7403220000,740322,7403,구리-주석의 합금(청동)
비철금속,구리,동괴·스크랩,622120,7403291010,740329,7403,구리-니켈의 합금(백동)
비철금속,구리,동괴·스크랩,622120,7403291020,740329,7403,구리-니켈-아연의 합금(양백)
비철금속,구리,동괴·스크랩,622120,7403299000,740329,7403,기타
비철금속,구리,동괴·스크랩,622130,7404000000,740400,7404,구리의 웨이스트(waste)와 스크랩(scrap)
비철금속,구리,동 가공품,622210,7406100000,740610,7406,비(非)층상조직인 가루
비철금속,구리,동 가공품,622210,7406201000,740620,7406,층상조직인 가루
비철금속,구리,동 가공품,622210,7406202000,740620,7406,플레이크(flake)
비철금속,구리,동 가공품,622220,7407100000,740710,7407,정제한 구리로 만든 것
비철금속,구리,동 가공품,622220,7407210000,740721,7407,구리-아연 합금으로 만든 것(황동)
비철금속,구리,동 가공품,622220,7407291000,740729,7407,구리-주석 합금으로 만든 것(청동)
비철금속,구리,동 가공품,622220,7407292010,740729,7407,구리-니켈 합금으로 만든 것(백동)
비철금속,구리,동 가공품,622220,7407292020,740729,7407,구리-니켈-아연 합금으로 만든 것(양백)
비철금속,구리,동 가공품,622220,7407299000,740729,7407,기타
비철금속,구리,동 가공품,622230,7408110000,740811,7408,횡단면의 최대치수가 6밀리미터를 초과하는 것
비철금속,구리,동 가공품,622230,7408190000,740819,7408,기타
비철금속,구리,동 가공품,622230,7408210000,740821,7408,구리-아연 합금으로 만든 것(황동)
비철금속,구리,동 가공품,622230,7408221000,740822,7408,구리-니켈 합금으로 만든 것(백동)
비철금속,구리,동 가공품,622230,7408222000,740822,7408,구리-니켈-아연 합금으로 만든 것(양백)
비철금속,구리,동 가공품,622230,7408291000,740829,7408,구리-주석 합금으로 만든 것(청동)
비철금속,구리,동 가공품,622230,7408299000,740829,7408,기타
비철금속,구리,동 가공품,622240,7409111000,740911,7409,반도체 제조용
비철금속,구리,동 가공품,622240,7409119000,740911,7409,기타
비철금속,구리,동 가공품,622240,7409191000,740919,7409,반도체 제조용
비철금속,구리,동 가공품,622240,7409199000,740919,7409,기타
비철금속,구리,동 가공품,622240,7409211000,740921,7409,반도체 제조용
비철금속,구리,동 가공품,622240,7409219000,740921,7409,기타
비철금속,구리,동 가공품,622240,7409291000,740929,7409,반도체 제조용
비철금속,구리,동 가공품,622240,7409299000,740929,7409,기타
비철금속,구리,동 가공품,622240,7409311000,740931,7409,반도체 제조용
비철금속,구리,동 가공품,622240,7409319000,740931,7409,기타
비철금속,구리,동 가공품,622240,7409391000,740939,7409,반도체 제조용
비철금속,구리,동 가공품,622240,7409399000,740939,7409,기타
비철금속,구리,동 가공품,622240,7409401010,740940,7409,반도체 제조용
비철금속,구리,동 가공품,622240,7409401090,740940,7409,기타
비철금속,구리,동 가공품,622240,7409402010,740940,7409,반도체 제조용
비철금속,구리,동 가공품,622240,7409402090,740940,7409,기타
비철금속,구리,동 가공품,622240,7409901000,740990,7409,반도체 제조용
비철금속,구리,동 가공품,622240,7409909000,740990,7409,기타
비철금속,구리,동 가공품,622250,7410110000,741011,7410,정제한 구리로 만든 것
비철금속,구리,동 가공품,622250,7410120000,741012,7410,구리합금으로 만든 것
비철금속,구리,동 가공품,622250,7410211000,741021,7410,인쇄회로판 제조에 적합한 모양인 것
비철금속,구리,동 가공품,622250,7410219000,741021,7410,기타
비철금속,구리,동 가공품,622250,7410221000,741022,7410,인쇄회로판 제조에 적합한 모양인 것
비철금속,구리,동 가공품,622250,7410229000,741022,7410,기타
비철금속,구리,동 가공품,622260,7411100000,741110,7411,정제한 구리로 만든 것
비철금속,구리,동 가공품,622260,7411210000,741121,7411,구리-아연 합금으로 만든 것(황동)
비철금속,구리,동 가공품,622260,7411221000,741122,7411,구리-니켈 합금으로 만든 것(백동)
비철금속,구리,동 가공품,622260,7411222000,741122,7411,구리-니켈-아연 합금으로 만든 것(양백)
비철금속,구리,동 가공품,622260,7411291000,741129,7411,구리－주석 합금으로 만든 것(청동)
비철금속,구리,동 가공품,622260,7411299000,741129,7411,기타
비철금속,구리,동 가공품,622270,7412100000,741210,7412,정제한 구리로 만든 것
비철금속,구리,동 가공품,622270,7412200000,741220,7412,구리합금으로 만든 것
비철금속,구리,기타 동제품,622900,7405000000,740500,7405,구리의 모합금(master alloy)
비철금속,구리,기타 동제품,622900,7415101000,741510,7415,귀금속을 도금ㆍ피복ㆍ도포한 것
비철금속,구리,기타 동제품,622900,7415109000,741510,7415,기타
비철금속,구리,기타 동제품,622900,7415210000,741521,7415,와셔(washer)[스프링와셔(spring washer)를 포함한다]
비철금속,구리,기타 동제품,622900,7415290000,741529,7415,기타
비철금속,구리,기타 동제품,622900,7415330000,741533,7415,"스크루(screw), 볼트(bolt)와 너트(nut)"
비철금속,구리,기타 동제품,622900,7415390000,741539,7415,기타
비철금속,구리,기타 동제품,622900,7419200000,741920,7419,주조ㆍ주형ㆍ압착ㆍ단조(鍛造)된 것(이보다 더 가공하지 않은 것으로 한정한다)
비철금속,구리,기타 동제품,622900,7419801010,741980,7419,클로스(cloth)
비철금속,구리,기타 동제품,622900,7419801090,741980,7419,기타
비철금속,구리,기타 동제품,622900,7419809000,741980,7419,기타
비철금속,니켈,니켈 괴·스크랩,623110,7501100000,750110,7501,니켈의 매트(mat)
비철금속,니켈,니켈 괴·스크랩,623110,7501201010,750120,7501,니켈의 함유량이 전 중량의 100분의 88 이상인 것
비철금속,니켈,니켈 괴·스크랩,623110,7501201090,750120,7501,기타
비철금속,니켈,니켈 괴·스크랩,623110,7501209010,750120,7501,니켈의 함유량이 전 중량의 100분의 88 이상인 것
비철금속,니켈,니켈 괴·스크랩,623110,7501209090,750120,7501,기타
비철금속,니켈,니켈 괴·스크랩,623120,7502101000,750210,7502,음극
비철금속,니켈,니켈 괴·스크랩,623120,7502109000,750210,7502,기타
비철금속,니켈,니켈 괴·스크랩,623120,7502200000,750220,7502,니켈 합금
비철금속,니켈,니켈 괴·스크랩,623130,7503000000,750300,7503,니켈의 웨이스트(waste)와 스크랩(scrap)
비철금속,니켈,니켈 가공품,623210,7504001000,750400,7504,가루
비철금속,니켈,니켈 가공품,623210,7504002000,750400,7504,플레이크(flake)
비철금속,니켈,니켈 가공품,623220,7505110000,750511,7505,합금하지 않은 니켈로 만든 것
비철금속,니켈,니켈 가공품,623220,7505120000,750512,7505,니켈 합금으로 만든 것
비철금속,니켈,니켈 가공품,623220,7505210000,750521,7505,합금하지 않은 니켈로 만든 것
비철금속,니켈,니켈 가공품,623220,7505220000,750522,7505,니켈 합금으로 만든 것
비철금속,니켈,니켈 가공품,623230,7506102000,750610,7506,박(箔)
비철금속,니켈,니켈 가공품,623230,7506202000,750620,7506,박(箔)
비철금속,니켈,니켈 가공품,623240,7506101000,750610,7506,판ㆍ시트(sheet)ㆍ스트립
비철금속,니켈,니켈 가공품,623240,7506201000,750620,7506,판ㆍ시트(sheet)ㆍ스트립
비철금속,니켈,니켈 가공품,623250,7507110000,750711,7507,합금하지 않은 니켈로 만든 것
비철금속,니켈,니켈 가공품,623250,7507120000,750712,7507,니켈 합금으로 만든 것
비철금속,니켈,니켈 가공품,623260,7507200000,750720,7507,관(管) 연결구류
비철금속,니켈,기타 니켈 제품,623900,7508100000,750810,7508,니켈선으로 만든 클로스(cloth)ㆍ그릴ㆍ망
비철금속,니켈,기타 니켈 제품,623900,7508901000,750890,7508,전기도금용 양극
비철금속,니켈,기타 니켈 제품,623900,7508902010,750890,7508,합금하지 않은 니켈로 만든 것
비철금속,니켈,기타 니켈 제품,623900,7508902020,750890,7508,니켈 합금으로 만든 것
비철금속,니켈,기타 니켈 제품,623900,7508909000,750890,7508,기타
비철금속,마그네슘,마그네슘 괴·스크랩,624110,8104110000,810411,8104,마그네슘의 함유량이 전 중량의 100분의 99.8 이상인 것
비철금속,마그네슘,마그네슘 괴·스크랩,624110,8104190000,810419,8104,기타
비철금속,마그네슘,마그네슘 괴·스크랩,624120,8104200000,810420,8104,웨이스트(waste)와 스크랩(scrap)
비철금속,마그네슘,마그네슘 가공품,624200,8104901000,810490,8104,봉
비철금속,마그네슘,마그네슘 가공품,624200,8104909000,810490,8104,기타
비철금속,마그네슘,마그네슘 분말,624900,8104301000,810430,8104,줄밥(rasping)ㆍ연삭설(turning)ㆍ알갱이
비철금속,마그네슘,마그네슘 분말,624900,8104302000,810430,8104,가루
비철금속,납,납 괴·스크랩,625110,7801101000,780110,7801,납의 함유량이 전 중량의 100분의 99.99 이상인 것
비철금속,납,납 괴·스크랩,625110,7801109000,780110,7801,기타
비철금속,납,납 괴·스크랩,625110,7801910000,780191,7801,안티모니의 함유량이 중량비로 주된 그 밖의 원소의 것
비철금속,납,납 괴·스크랩,625110,7801991000,780199,7801,정제하지 않은 납
비철금속,납,납 괴·스크랩,625110,7801992010,780199,7801,납-주석 합금
비철금속,납,납 괴·스크랩,625110,7801992090,780199,7801,기타
비철금속,납,납 괴·스크랩,625120,7802000000,780200,7802,납의 웨이스트(waste)와 스크랩(scrap)
비철금속,납,납 가공품,625210,7806003010,780600,7806,봉
비철금속,납,납 가공품,625210,7806003030,780600,7806,선(線)
비철금속,납,납 가공품,625220,7804201000,780420,7804,가루
비철금속,납,납 가공품,625220,7804202000,780420,7804,플레이크(flake)
비철금속,납,납 가공품,625230,7804112000,780411,7804,박(箔)
비철금속,납,납 가공품,625240,7804111000,780411,7804,시트(sheet)ㆍ스트립
비철금속,납,납 가공품,625240,7804190000,780419,7804,기타
비철금속,납,납 가공품,625250,7806004000,780600,7806,관(管)과 관(管) 연결구류[예: 커플링(coupling)ㆍ엘보(elbow)ㆍ슬리브(sleeve)]
비철금속,납,기타 납제품,625900,7806001000,780600,7806,납으로 만든 용기
비철금속,납,기타 납제품,625900,7806002000,780600,7806,전기도금용 양극
비철금속,납,기타 납제품,625900,7806009000,780600,7806,기타
비철금속,아연,아연 괴·스크랩,626110,7901110000,790111,7901,아연의 함유량이 전 중량의 100분의 99.99 이상인 것
비철금속,아연,아연 괴·스크랩,626110,7901120000,790112,7901,아연의 함유량이 전 중량의 100분의 99.99 미만인 것
비철금속,아연,아연 괴·스크랩,626110,7901201000,790120,7901,아연-알루미늄 합금
비철금속,아연,아연 괴·스크랩,626110,7901209000,790120,7901,기타
비철금속,아연,아연 괴·스크랩,626120,7902000000,790200,7902,아연의 웨이스트(waste)와 스크랩(scrap)
비철금속,아연,아연 가공품,626210,7903100000,790310,7903,아연 더스트(dust)
비철금속,아연,아연 가공품,626210,7903901000,790390,7903,가루
비철금속,아연,아연 가공품,626210,7903902000,790390,7903,플레이크(flake)
비철금속,아연,아연 가공품,626220,7904001000,790400,7904,봉
비철금속,아연,아연 가공품,626220,7904002000,790400,7904,프로파일(profile)
비철금속,아연,아연 가공품,626220,7904003000,790400,7904,선(線)
비철금속,아연,아연 가공품,626230,7905001000,790500,7905,판ㆍ시트(sheet)ㆍ스트립
비철금속,아연,아연 가공품,626240,7905002000,790500,7905,박(箔)
비철금속,아연,아연 가공품,626250,7907002010,790700,7907,관(管)
비철금속,아연,아연 가공품,626260,7907002020,790700,7907,관(管) 연결구류
비철금속,아연,기타 아연 제품,626900,7907001000,790700,7907,아연으로 만든 홈통ㆍ지붕덮개ㆍ채광 창틀과 그 밖의 가공한 건축용 재료
비철금속,아연,기타 아연 제품,626900,7907009010,790700,7907,전기도금용 양극
비철금속,아연,기타 아연 제품,626900,7907009090,790700,7907,기타
비철금속,주석,주석 괴·스크랩,627110,8001100000,800110,8001,합금하지 않은 주석
비철금속,주석,주석 괴·스크랩,627110,8001200000,800120,8001,주석 합금
비철금속,주석,주석 괴·스크랩,627120,8002000000,800200,8002,주석의웨이스트(waste)와 스크랩(scrap)
비철금속,주석,주석 가공품,627210,8007003021,800700,8007,가루
비철금속,주석,주석 가공품,627210,8007003022,800700,8007,플레이크(flake)
비철금속,주석,주석 가공품,627220,8003001010,800300,8003,합금하지 않은 것
비철금속,주석,주석 가공품,627220,8003001090,800300,8003,기타
비철금속,주석,주석 가공품,627220,8003002010,800300,8003,합금하지 않은 것
비철금속,주석,주석 가공품,627220,8003002090,800300,8003,기타
비철금속,주석,주석 가공품,627230,8007002000,800700,8007,판ㆍ시트(sheet) 및 스트립(두께가 0.2밀리미터를 초과하는 것으로 한정한다)
비철금속,주석,주석 가공품,627240,8007003010,800700,8007,박(箔)
비철금속,주석,기타 주석 제품,627900,8007001000,800700,8007,전기도금용 양극
비철금속,주석,기타 주석 제품,627900,8007009000,800700,8007,기타
비철금속,희소금속,텅스텐,628110,8101940000,810194,8101,괴(塊)[단순히 소결(燒結)로 얻어지는 봉을 포함한다]
비철금속,희소금속,텅스텐,628110,8101970000,810197,8101,웨이스트(waste)와 스크랩(scrap)
비철금속,희소금속,텅스텐,628190,8101100000,810110,8101,가루
비철금속,희소금속,텅스텐,628190,8101960000,810196,8101,선(線)
비철금속,희소금속,텅스텐,628190,8101991010,810199,8101,봉
비철금속,희소금속,텅스텐,628190,8101991020,810199,8101,프로파일(profile)
비철금속,희소금속,텅스텐,628190,8101991030,810199,8101,판ㆍ시트(sheet)ㆍ스트립
비철금속,희소금속,텅스텐,628190,8101991040,810199,8101,박(箔)
비철금속,희소금속,텅스텐,628190,8101999010,810199,8101,전구용이나 전자관용 스파이럴 필라멘트
비철금속,희소금속,텅스텐,628190,8101999090,810199,8101,기타
비철금속,희소금속,몰리브덴,628210,8102940000,810294,8102,괴(塊)[단순히 소결(燒結)로 얻어지는 봉을 포함한다]
비철금속,희소금속,몰리브덴,628210,8102970000,810297,8102,웨이스트(waste)와 스크랩(scrap)
비철금속,희소금속,몰리브덴,628290,8102100000,810210,8102,가루
비철금속,희소금속,몰리브덴,628290,8102951000,810295,8102,봉
비철금속,희소금속,몰리브덴,628290,8102952000,810295,8102,프로파일(profile)
비철금속,희소금속,몰리브덴,628290,8102953000,810295,8102,판ㆍ시트(sheet)ㆍ스트립
비철금속,희소금속,몰리브덴,628290,8102954000,810295,8102,박(箔)
비철금속,희소금속,몰리브덴,628290,8102961000,810296,8102,전구용이나 전자관용 스파이럴 필라멘트
비철금속,희소금속,몰리브덴,628290,8102969000,810296,8102,기타
비철금속,희소금속,몰리브덴,628290,8102990000,810299,8102,기타
비철금속,희소금속,망간,628300,8111000000,811100,8111,망간과 그 제품[웨이스트(waste)와 스크랩(scrap)을 포함한다]
비철금속,희소·기타 비철,기타 희소·비철금속,629000,2844301000,284430,2844,분산물(分散物)(우라늄 235를 열화시킨 우라늄과 토륨이나 이들의 화합물을 함유하는 것으로 한정한다)
비철금속,희소·기타 비철,기타 희소·비철금속,629000,2844309000,284430,2844,기타
비철금속,희소·기타 비철,기타 희소·비철금속,629000,8103201000,810320,8103,괴(塊)
비철금속,희소·기타 비철,기타 희소·비철금속,629000,8103202000,810320,8103,가루
비철금속,희소·기타 비철,기타 희소·비철금속,629000,8103300000,810330,8103,웨이스트(waste)와 스크랩(scrap)
비철금속,희소·기타 비철,기타 희소·비철금속,629000,8103910000,810391,8103,도가니
비철금속,희소·기타 비철,기타 희소·비철금속,629000,8103990000,810399,8103,기타
비철금속,희소·기타 비철,기타 희소·비철금속,629000,8105201000,810520,8105,괴(塊)
비철금속,희소·기타 비철,코발트,629000,8105202000,810520,8105,코발트의 매트(mat)와 코발트 제련으로 생산된 그 밖의 중간생산물
비철금속,희소·기타 비철,기타 희소·비철금속,629000,8105203000,810520,8105,가루
비철금속,희소·기타 비철,기타 희소·비철금속,629000,8105300000,810530,8105,웨이스트(waste)와 스크랩(scrap)
비철금속,희소·기타 비철,기타 희소·비철금속,629000,8105900000,810590,8105,기타
비철금속,희소·기타 비철,기타 희소·비철금속,629000,8106101000,810610,8106,괴(塊)
비철금속,희소·기타 비철,기타 희소·비철금속,629000,8106103000,810610,8106,가루
비철금속,희소·기타 비철,기타 희소·비철금속,629000,8106109000,810610,8106,기타
비철금속,희소·기타 비철,기타 희소·비철금속,629000,8106901000,810690,8106,괴(塊)
비철금속,희소·기타 비철,기타 희소·비철금속,629000,8106903000,810690,8106,가루
비철금속,희소·기타 비철,기타 희소·비철금속,629000,8106909000,810690,8106,기타
비철금속,희소·기타 비철,기타 희소·비철금속,629000,8108201000,810820,8108,괴(塊)
비철금속,희소·기타 비철,기타 희소·비철금속,629000,8108202000,810820,8108,가루
비철금속,희소·기타 비철,기타 희소·비철금속,629000,8108300000,810830,8108,웨이스트(waste)와 스크랩(scrap)
비철금속,희소·기타 비철,기타 희소·비철금속,629000,8108901000,810890,8108,판과 스트립
비철금속,희소·기타 비철,기타 희소·비철금속,629000,8108902000,810890,8108,관
비철금속,희소·기타 비철,기타 희소·비철금속,629000,8108909000,810890,8108,기타
비철금속,희소·기타 비철,지르코늄,629000,8109210000,810921,8109,하프늄 함유량이 중량비로 지르코늄 함유량의 500분의 1 미만인 것
비철금속,희소·기타 비철,기타 희소·비철금속,629000,8109290000,810929,8109,기타
비철금속,희소·기타 비철,지르코늄,629000,8109310000,810931,8109,하프늄 함유량이 중량비로 지르코늄 함유량의 500분의 1 미만인 것
비철금속,희소·기타 비철,기타 희소·비철금속,629000,8109390000,810939,8109,기타
비철금속,희소·기타 비철,기타 희소·비철금속,629000,8109911010,810991,8109,관
비철금속,희소·기타 비철,기타 희소·비철금속,629000,8109911020,810991,8109,판ㆍ시트(sheet)ㆍ스트립
비철금속,희소·기타 비철,기타 희소·비철금속,629000,8109911030,810991,8109,봉
비철금속,희소·기타 비철,기타 희소·비철금속,629000,8109911090,810991,8109,기타
비철금속,희소·기타 비철,기타 희소·비철금속,629000,8109919000,810991,8109,기타
비철금속,희소·기타 비철,기타 희소·비철금속,629000,8109991010,810999,8109,관
비철금속,희소·기타 비철,기타 희소·비철금속,629000,8109991020,810999,8109,판ㆍ시트(sheet)ㆍ스트립
비철금속,희소·기타 비철,기타 희소·비철금속,629000,8109991030,810999,8109,봉
비철금속,희소·기타 비철,기타 희소·비철금속,629000,8109991090,810999,8109,기타
비철금속,희소·기타 비철,기타 희소·비철금속,629000,8109999000,810999,8109,기타
비철금속,희소·기타 비철,기타 희소·비철금속,629000,8110100000,811010,8110,"안티모니의 괴(塊), 가루"
비철금속,희소·기타 비철,기타 희소·비철금속,629000,8110200000,811020,8110,웨이스트(waste)와 스크랩(scrap)
비철금속,희소·기타 비철,기타 희소·비철금속,629000,8110900000,811090,8110,기타
비철금속,희소·기타 비철,기타 희소·비철금속,629000,8112120000,811212,8112,"괴(塊), 가루"
비철금속,희소·기타 비철,기타 희소·비철금속,629000,8112130000,811213,8112,웨이스트(waste)와 스크랩(scrap)
비철금속,희소·기타 비철,기타 희소·비철금속,629000,8112190000,811219,8112,기타
비철금속,희소·기타 비철,기타 희소·비철금속,629000,8112210000,811221,8112,"괴(塊), 가루"
비철금속,희소·기타 비철,기타 희소·비철금속,629000,8112220000,811222,8112,웨이스트(waste)와 스크랩(scrap)
비철금속,희소·기타 비철,기타 희소·비철금속,629000,8112290000,811229,8112,기타
비철금속,희소·기타 비철,기타 희소·비철금속,629000,8112310000,811231,8112,"괴(塊), 웨이스트(waste)와 스크랩(scrap), 가루"
비철금속,희소·기타 비철,기타 희소·비철금속,629000,8112390000,811239,8112,기타
비철금속,희소·기타 비철,기타 희소·비철금속,629000,8112410000,811241,8112,"괴(塊), 웨이스트(waste)와 스크랩(scrap), 가루"
비철금속,희소·기타 비철,기타 희소·비철금속,629000,8112490000,811249,8112,기타
비철금속,희소·기타 비철,기타 희소·비철금속,629000,8112510000,811251,8112,"괴(塊), 가루"
비철금속,희소·기타 비철,기타 희소·비철금속,629000,8112520000,811252,8112,웨이스트(waste)와 스크랩(scrap)
비철금속,희소·기타 비철,기타 희소·비철금속,629000,8112590000,811259,8112,기타
비철금속,희소·기타 비철,기타 희소·비철금속,629000,8112610000,811261,8112,웨이스트(waste)와 스크랩(scrap)
비철금속,희소·기타 비철,기타 희소·비철금속,629000,8112690000,811269,8112,기타
비철금속,희소·기타 비철,기타 희소·비철금속,629000,8112921000,811292,8112,게르마늄
비철금속,희소·기타 비철,바나듐,629000,8112922000,811292,8112,바나듐
비철금속,희소·기타 비철,갈륨,629000,8112923000,811292,8112,갈륨
비철금속,희소·기타 비철,인듐,629000,8112925000,811292,8112,인듐
비철금속,희소·기타 비철,기타 희소·비철금속,629000,8112926000,811292,8112,니오븀(컬럼븀)
비철금속,희소·기타 비철,기타 희소·비철금속,629000,8112929000,811292,8112,기타
비철금속,희소·기타 비철,기타 희소·비철금속,629000,8112991000,811299,8112,게르마늄
비철금속,희소·기타 비철,바나듐,629000,8112992000,811299,8112,바나듐
비철금속,희소·기타 비철,갈륨,629000,8112993000,811299,8112,갈륨
비철금속,희소·기타 비철,인듐,629000,8112995000,811299,8112,인듐
비철금속,희소·기타 비철,기타 희소·비철금속,629000,8112996000,811299,8112,니오븀(컬럼븀)
비철금속,희소·기타 비철,기타 희소·비철금속,629000,8112999000,811299,8112,기타
비철금속,희소·기타 비철,기타 희소·비철금속,629000,8113000000,811300,8113,서멧(cermet)과 그 제품[웨이스트(waste)와 스크랩(scrap)을 포함한다]
비철금속,희소·기타 비철,기타 희소·비철금속,629000,8211100000,821110,8211,위 물품이 조합된 세트
농수산식품,농산물,곡물,011110,1006100000,100610,1006,벼
농수산식품,농산물,곡물,011110,1006201000,100620,1006,메현미
농수산식품,농산물,곡물,011110,1006202000,100620,1006,찰현미
농수산식품,농산물,곡물,011110,1006301000,100630,1006,멥쌀
농수산식품,농산물,곡물,011110,1006302000,100630,1006,찹쌀
농수산식품,농산물,곡물,011110,1006400000,100640,1006,쇄미(broken rice)
농수산식품,농산물,곡물,011120,1003101000,100310,1003,맥주보리
농수산식품,농산물,곡물,011120,1003102000,100310,1003,겉보리
농수산식품,농산물,곡물,011120,1003103000,100310,1003,쌀보리
농수산식품,농산물,곡물,011120,1003109000,100310,1003,기타
농수산식품,농산물,곡물,011120,1003901000,100390,1003,맥주보리
농수산식품,농산물,곡물,011120,1003902000,100390,1003,겉보리
농수산식품,농산물,곡물,011120,1003903000,100390,1003,쌀보리
농수산식품,농산물,곡물,011120,1003909000,100390,1003,기타
농수산식품,농산물,곡물,011130,1001110000,100111,1001,종자
농수산식품,농산물,곡물,011130,1001190000,100119,1001,기타
농수산식품,농산물,곡물,011130,1001911000,100191,1001,메슬린(meslin)
농수산식품,농산물,곡물,011130,1001919000,100191,1001,기타
농수산식품,농산물,곡물,011130,1001992010,100199,1001,메슬린(meslin)
농수산식품,농산물,곡물,011130,1001992090,100199,1001,기타
농수산식품,농산물,곡물,011130,1001999010,100199,1001,메슬린(meslin)
농수산식품,농산물,곡물,011130,1001999090,100199,1001,기타
농수산식품,농산물,곡물,011130,1002100000,100210,1002,종자
농수산식품,농산물,곡물,011130,1002900000,100290,1002,기타
농수산식품,농산물,곡물,011130,1008100000,100810,1008,메밀
농수산식품,농산물,곡물,011140,1005100000,100510,1005,종자용
농수산식품,농산물,곡물,011140,1005902000,100590,1005,팝콘용
농수산식품,농산물,곡물,011140,1005909000,100590,1005,기타
농수산식품,농산물,곡물,011150,1008211000,100821,1008,조
농수산식품,농산물,곡물,011150,1008219000,100821,1008,기타
농수산식품,농산물,곡물,011160,1007100000,100710,1007,종자
농수산식품,농산물,곡물,011160,1007900000,100790,1007,기타
농수산식품,농산물,곡물,011190,1004100000,100410,1004,종자
농수산식품,농산물,곡물,011190,1004900000,100490,1004,기타
농수산식품,농산물,곡물,011190,1008291000,100829,1008,조
농수산식품,농산물,곡물,011190,1008299000,100829,1008,기타
농수산식품,농산물,곡물,011190,1008300000,100830,1008,카나리시드(canary seed)
농수산식품,농산물,곡물,011190,1008400000,100840,1008,포니오(Fonio)[디지타리아(Digitaria)속]
농수산식품,농산물,곡물,011190,1008500000,100850,1008,퀴노아(quinoa)[체노포디움 퀴노아(Chenopodium quinoa)]
농수산식품,농산물,곡물,011190,1008600000,100860,1008,라이밀(triticale)
농수산식품,농산물,채소류,011210,0701100000,070110,0701,종자용
농수산식품,농산물,채소류,011210,0701900000,070190,0701,기타
농수산식품,농산물,채소류,011210,0710100000,071010,0710,감자
농수산식품,농산물,채소류,011210,0712902093,071290,0712,감자
농수산식품,가공식품,과채가공품,011210,2004100000,200410,2004,감자
농수산식품,가공식품,과채가공품,011210,2005201000,200520,2005,플레이크로 만든 감자크로켓
농수산식품,가공식품,과채가공품,011210,2005209000,200520,2005,기타
농수산식품,농산물,채소류,011220,0714201000,071420,0714,신선한 것
농수산식품,농산물,채소류,011220,0714202000,071420,0714,건조한 것
농수산식품,농산물,채소류,011220,0714203000,071420,0714,냉장한 것
농수산식품,농산물,채소류,011220,0714204000,071420,0714,냉동한 것
농수산식품,농산물,채소류,011220,0714301000,071430,0714,냉동한 것
농수산식품,농산물,채소류,011220,0714309000,071430,0714,기타
농수산식품,농산물,채소류,011220,0714401000,071440,0714,냉동한 것
농수산식품,농산물,채소류,011220,0714409000,071440,0714,기타
농수산식품,농산물,채소류,011220,0714501000,071450,0714,냉동한 것
농수산식품,농산물,채소류,011220,0714509000,071450,0714,기타
농수산식품,농산물,채소류,011230,0714101000,071410,0714,신선한 것
농수산식품,농산물,채소류,011230,0714102010,071410,0714,칩
농수산식품,농산물,채소류,011230,0714102020,071410,0714,펠릿(pellet)
농수산식품,농산물,채소류,011230,0714102090,071410,0714,기타
농수산식품,농산물,채소류,011230,0714103000,071410,0714,냉장한 것
농수산식품,농산물,채소류,011230,0714104000,071410,0714,냉동한 것
농수산식품,가공식품,면류·곡물가공식품,011230,1903001000,190300,1903,타피오카
농수산식품,가공식품,면류·곡물가공식품,011230,1903009000,190300,1903,기타
농수산식품,농산물,채소류,011290,0714909010,071490,0714,냉동한 것
농수산식품,농산물,채소류,011290,0714909090,071490,0714,기타
농수산식품,농산물,종자·약용작물,011310,1201101000,120110,1201,콩나물용
농수산식품,농산물,종자·약용작물,011310,1201109000,120110,1201,기타
농수산식품,농산물,종자·약용작물,011310,1201901000,120190,1201,채유용과 탈지대두박(脫脂大豆粕)용
농수산식품,농산물,종자·약용작물,011310,1201902000,120190,1201,사료용
농수산식품,농산물,종자·약용작물,011310,1201903000,120190,1201,콩나물용
농수산식품,농산물,종자·약용작물,011310,1201909000,120190,1201,기타
농수산식품,농산물,종자·약용작물,011310,1208100000,120810,1208,대두로 만든 것
농수산식품,농산물,채소류,011320,0713311000,071331,0713,종자용
농수산식품,농산물,채소류,011320,0713319000,071331,0713,기타
농수산식품,가공식품,과채가공품,011320,2005511000,200551,2005,녹두
농수산식품,가공식품,과채가공품,011320,2005591000,200559,2005,녹두
농수산식품,농산물,채소류,011330,0713321000,071332,0713,종자용
농수산식품,농산물,채소류,011330,0713329000,071332,0713,기타
농수산식품,가공식품,과채가공품,011330,2005512000,200551,2005,팥
농수산식품,가공식품,과채가공품,011330,2005592000,200559,2005,팥
농수산식품,농산물,채소류,011340,0713331000,071333,0713,종자용
농수산식품,농산물,채소류,011340,0713339000,071333,0713,기타
농수산식품,농산물,채소류,011350,0708100000,070810,0708,완두[피섬 새티범(Pisum sativum)]
농수산식품,농산물,채소류,011350,0710210000,071021,0710,완두[피섬 새티범(Pisum sativum)]
농수산식품,농산물,채소류,011350,0713101000,071310,0713,종자용
농수산식품,농산물,채소류,011350,0713102000,071310,0713,사료용
농수산식품,농산물,채소류,011350,0713109000,071310,0713,기타
농수산식품,가공식품,과채가공품,011350,2005400000,200540,2005,완두[피섬 새티범(Pisum sativum)]
농수산식품,가공식품,과채가공품,011350,2006005000,200600,2006,완두[피섬 새티범(Pisum sativum)]
농수산식품,농산물,채소류,011390,0708200000,070820,0708,콩[비그나(Vigna)속ㆍ파세러스(Phaseolus)속)]
농수산식품,농산물,채소류,011390,0708900000,070890,0708,그 밖의 채두류(菜豆類)
농수산식품,농산물,채소류,011390,0710220000,071022,0710,콩[비그나(Vigna)속ㆍ파세러스(Phaseolus)속)]
농수산식품,농산물,채소류,011390,0710290000,071029,0710,기타
농수산식품,농산물,채소류,011390,0713200000,071320,0713,병아리콩[가반조스(garbanzos)]
농수산식품,농산물,채소류,011390,0713340000,071334,0713,밤바라콩[비그나 서브터라니아(Vigna subterranea)ㆍ보안드제이아 서브터라니아(Voandzeia subterranea)]
농수산식품,농산물,채소류,011390,0713350000,071335,0713,동부콩[비그나 운구이쿨라타(Vigna unguiculata)]
농수산식품,농산물,채소류,011390,0713390000,071339,0713,기타
농수산식품,농산물,채소류,011390,0713400000,071340,0713,렌즈콩
농수산식품,농산물,채소류,011390,0713500000,071350,0713,누에콩[비시아 파바 변종 메이저(Vicia faba var. major)]과 말먹이용 누에콩[비시아 파바 변종 에퀴나(Vicia faba var. equina)ㆍ비시아 파바 변종 마이너(Vicia faba var. minor)]
농수산식품,농산물,채소류,011390,0713600000,071360,0713,비둘기콩[카자누스 카잔(Cajanus cajan)]
농수산식품,농산물,채소류,011390,0713900000,071390,0713,기타
농수산식품,농산물,곡물가공 원료,011390,1106100000,110610,1106,건조한 채두류(菜豆類)의 것(제0713호의 것으로 한정한다)
농수산식품,가공식품,과채가공품,011390,2005519000,200551,2005,기타
농수산식품,가공식품,과채가공품,011390,2005599000,200559,2005,기타
농수산식품,가공식품,과채가공품,011390,2006006010,200600,2006,꼬투리를 벗긴 콩
농수산식품,가공식품,과채가공품,011390,2006006090,200600,2006,기타
농수산식품,가공식품,쌀가공식품,011410,1102902000,110290,1102,쌀가루
농수산식품,가공식품,쌀가공식품,011410,1103193000,110319,1103,쌀로 만든 것
농수산식품,가공식품,쌀가공식품,011410,1103202000,110320,1103,쌀로 만든 것
농수산식품,가공식품,쌀가공식품,011410,1104191000,110419,1104,쌀로 만든 것
농수산식품,가공식품,쌀가공식품,011410,1104301000,110430,1104,쌀로 만든 것
농수산식품,농산물,곡물가공 원료,011420,1102901000,110290,1102,보릿가루
농수산식품,농산물,곡물가공 원료,011420,1103191000,110319,1103,보리로 만든 것
농수산식품,농산물,곡물가공 원료,011420,1103203000,110320,1103,보리로 만든 것
농수산식품,농산물,곡물가공 원료,011420,1104192000,110419,1104,보리로 만든 것
농수산식품,농산물,곡물가공 원료,011420,1104292000,110429,1104,보리로 만든 것
농수산식품,농산물,곡물가공 원료,011420,1107100000,110710,1107,볶지 않은 것
농수산식품,농산물,곡물가공 원료,011420,1107201000,110720,1107,훈연(燻煙)한 것
농수산식품,농산물,곡물가공 원료,011420,1107209000,110720,1107,기타
농수산식품,농산물,곡물,011430,1008900000,100890,1008,그 밖의 곡물
농수산식품,농산물,곡물가공 원료,011430,1101001000,110100,1101,밀가루
농수산식품,농산물,곡물가공 원료,011430,1103110000,110311,1103,밀로 만든 것
농수산식품,농산물,곡물가공 원료,011430,1103201000,110320,1103,밀로 만든 것
농수산식품,농산물,곡물가공 원료,011430,1108110000,110811,1108,밀로 만든 것
농수산식품,농산물,곡물가공 원료,011440,1102200000,110220,1102,옥수수가루
농수산식품,농산물,곡물가공 원료,011440,1103130000,110313,1103,옥수수로 만든 것
농수산식품,농산물,곡물가공 원료,011440,1108121000,110812,1108,식품용
농수산식품,농산물,곡물가공 원료,011490,1101002000,110100,1101,메슬린(meslin) 가루
농수산식품,농산물,곡물가공 원료,011490,1102903000,110290,1102,호밀가루
농수산식품,농산물,곡물가공 원료,011490,1102909000,110290,1102,기타
농수산식품,농산물,곡물가공 원료,011490,1103192000,110319,1103,귀리로 만든 것
농수산식품,농산물,곡물가공 원료,011490,1103199000,110319,1103,기타
농수산식품,농산물,곡물가공 원료,011490,1103209000,110320,1103,기타
농수산식품,농산물,곡물가공 원료,011490,1104120000,110412,1104,귀리로 만든 것
농수산식품,농산물,곡물가공 원료,011490,1104199000,110419,1104,기타
농수산식품,농산물,곡물가공 원료,011490,1104220000,110422,1104,귀리로 만든 것
농수산식품,농산물,곡물가공 원료,011490,1104230000,110423,1104,옥수수로 만든 것
농수산식품,농산물,곡물가공 원료,011490,1104291000,110429,1104,율무로 만든 것
농수산식품,농산물,곡물가공 원료,011490,1104299000,110429,1104,기타
농수산식품,농산물,곡물가공 원료,011490,1104309000,110430,1104,기타
농수산식품,농산물,곡물가공 원료,011490,1105100000,110510,1105,고운 가루ㆍ거친 가루ㆍ가루
농수산식품,농산물,곡물가공 원료,011490,1105200000,110520,1105,플레이크(flake)ㆍ알갱이ㆍ펠릿(pellet)
농수산식품,농산물,곡물가공 원료,011490,1108130000,110813,1108,감자로 만든 것
농수산식품,농산물,곡물가공 원료,011490,1108141000,110814,1108,식품용
농수산식품,농산물,곡물가공 원료,011490,1108149000,110814,1108,기타
농수산식품,농산물,곡물가공 원료,011490,1108191000,110819,1108,고구마로 만든 것
농수산식품,농산물,곡물가공 원료,011490,1108199000,110819,1108,기타
농수산식품,농산물,곡물가공 원료,011490,1108200000,110820,1108,이눌린(inulin)
농수산식품,농산물,종자·약용작물,011510,1202301000,120230,1202,꼬투리를 벗기지 않은 것
농수산식품,농산물,종자·약용작물,011510,1202302000,120230,1202,꼬투리를 벗긴 것(부수었는지에 상관없다)
농수산식품,농산물,종자·약용작물,011510,1202410000,120241,1202,꼬투리를 벗기지 않은 것
농수산식품,농산물,종자·약용작물,011510,1202420000,120242,1202,꼬투리를 벗긴 것(부수었는지에 상관없다)
농수산식품,가공식품,과채가공품,011510,2008111000,200811,2008,피넛 버터
농수산식품,가공식품,과채가공품,011510,2008119000,200811,2008,기타
농수산식품,농산물,종자·약용작물,011520,1207400000,120740,1207,참깨
농수산식품,농산물,종자·약용작물,011530,1207991000,120799,1207,들깨
농수산식품,농산물,종자·약용작물,011540,1206000000,120600,1206,해바라기씨(부수었는지에 상관없다)
농수산식품,농산물,종자·약용작물,011550,1207300000,120730,1207,피마자
농수산식품,농산물,종자·약용작물,011560,1204000000,120400,1204,아마씨(부수었는지에 상관없다)
농수산식품,농산물,종자·약용작물,011590,1203000000,120300,1203,코프라(copra)
농수산식품,농산물,종자·약용작물,011590,1205101000,120510,1205,사료작물 재배용 종자
농수산식품,농산물,종자·약용작물,011590,1205109000,120510,1205,기타
농수산식품,농산물,종자·약용작물,011590,1205901000,120590,1205,사료작물 재배용 종자
농수산식품,농산물,종자·약용작물,011590,1205909000,120590,1205,기타
농수산식품,농산물,종자·약용작물,011590,1207100000,120710,1207,팜너트(palm nut)와 핵(核)
농수산식품,농산물,종자·약용작물,011590,1207210000,120721,1207,종자
농수산식품,농산물,종자·약용작물,011590,1207291000,120729,1207,사료용
농수산식품,농산물,종자·약용작물,011590,1207299000,120729,1207,기타
농수산식품,농산물,종자·약용작물,011590,1207500000,120750,1207,겨자씨
농수산식품,농산물,종자·약용작물,011590,1207600000,120760,1207,잇꽃[카르타무스 틴크토리우스(Carthamus tinctorius)] 종자
농수산식품,농산물,종자·약용작물,011590,1207700000,120770,1207,멜론 종자
농수산식품,농산물,종자·약용작물,011590,1207910000,120791,1207,양귀비씨
농수산식품,농산물,종자·약용작물,011590,1207992000,120799,1207,시어너트(shea nut)[캐리트너트(karite nut)]
농수산식품,농산물,종자·약용작물,011590,1207999000,120799,1207,기타
농수산식품,농산물,종자·약용작물,011590,1208901000,120890,1208,고추ㆍ단고추류(Capsicum annuum)의 종자
농수산식품,농산물,종자·약용작물,011590,1208909000,120890,1208,기타
농수산식품,농산물,과실류,011601,0808100000,080810,0808,사과
농수산식품,농산물,과실류,011601,0813300000,081330,0813,사과
농수산식품,농산물,과실류,011602,0808300000,080830,0808,배
농수산식품,농산물,과실류,011603,0810100000,081010,0810,초본류 딸기
농수산식품,농산물,과실류,011603,0811100000,081110,0811,초본류 딸기
농수산식품,농산물,과실류,011603,0812901000,081290,0812,초본류 딸기
농수산식품,농산물,과실류,011604,0809300000,080930,0809,복숭아[넥터린(nectarine)을 포함한다]
농수산식품,농산물,과실류,011605,0809100000,080910,0809,살구
농수산식품,농산물,과실류,011605,0813100000,081310,0813,살구
농수산식품,농산물,과실류,011606,0809401000,080940,0809,자두
농수산식품,농산물,과실류,011606,0809402000,080940,0809,슬로(sloe)
농수산식품,농산물,과실류,011606,0813200000,081320,0813,프룬(prune)
농수산식품,농산물,과실류,011607,0810903000,081090,0810,대추
농수산식품,농산물,과실류,011607,0813402000,081340,0813,대추
농수산식품,농산물,과실류,011608,0809210000,080921,0809,신 체리[프루너스 체라서스(Prunus cerasus)]
농수산식품,농산물,과실류,011608,0809290000,080929,0809,기타
농수산식품,농산물,과실류,011608,0812100000,081210,0812,체리
농수산식품,농산물,과실류,011609,0808400000,080840,0808,마르멜로(quince)
농수산식품,농산물,과실류,011610,0810701000,081070,0810,단감
농수산식품,농산물,과실류,011610,0810709000,081070,0810,기타
농수산식품,농산물,과실류,011610,0813401000,081340,0813,감
농수산식품,농산물,과실류,011611,0810500000,081050,0810,키위프루트(kiwifruit)
농수산식품,농산물,과실류,011612,0810905000,081090,0810,매실
농수산식품,농산물,과실류,011613,0804100000,080410,0804,대추야자
농수산식품,농산물,과실류,011614,0804200000,080420,0804,무화과
농수산식품,농산물,과실류,011615,0804300000,080430,0804,파인애플
농수산식품,가공식품,과채가공품,011615,2006002000,200600,2006,파인애플
농수산식품,농산물,과실류,011616,0804502000,080450,0804,망고(mango)
농수산식품,농산물,과실류,011617,0803100000,080310,0803,플랜틴(plantain)
농수산식품,농산물,과실류,011617,0803900000,080390,0803,기타
농수산식품,농산물,과실류,011618,0805100000,080510,0805,오렌지
농수산식품,농산물,과실류,011619,0805501000,080550,0805,레몬[시트러스 리몬(Citrus limon)ㆍ시트러스 리머늄(Citrus limonum)]
농수산식품,농산물,과실류,011619,0805502010,080550,0805,시트러스 오란티폴리아(Citrus aurantifolia)
농수산식품,농산물,과실류,011619,0805502020,080550,0805,시트러스 라티폴리아(Citrus latifolia)
농수산식품,농산물,과실류,011620,0805211000,080521,0805,감귤
농수산식품,농산물,과실류,011620,0805900000,080590,0805,기타
농수산식품,농산물,과실류,011621,0806100000,080610,0806,신선한 것
농수산식품,농산물,과실류,011621,0806200000,080620,0806,건조한 것
농수산식품,농산물,과실류,011622,0807110000,080711,0807,수박
농수산식품,농산물,과실류,011623,0807199000,080719,0807,기타
농수산식품,농산물,과실류,011624,0807191000,080719,0807,참외
농수산식품,농산물,과실류,011690,0801210000,080121,0801,껍데기를 벗기지 않은 것
농수산식품,농산물,과실류,011690,0801220000,080122,0801,껍데기를 벗긴 것
농수산식품,농산물,과실류,011690,0801310000,080131,0801,껍데기를 벗기지 않은 것
농수산식품,농산물,과실류,011690,0801320000,080132,0801,껍데기를 벗긴 것
농수산식품,농산물,과실류,011690,0804400000,080440,0804,아보카도(avocado)
농수산식품,농산물,과실류,011690,0804501000,080450,0804,구아바(guava)
농수산식품,농산물,과실류,011690,0804503000,080450,0804,망고스틴(mangosteen)
농수산식품,농산물,과실류,011690,0805219000,080521,0805,기타
농수산식품,농산물,과실류,011690,0805220000,080522,0805,클레멘타인(clementine)
농수산식품,농산물,과실류,011690,0805290000,080529,0805,기타
농수산식품,농산물,과실류,011690,0805400000,080540,0805,그레이프프루트(grapefruit)와 포멜로(pomelo)
농수산식품,농산물,과실류,011690,0807200000,080720,0807,포포(papaw)[파파야(papaya)]
농수산식품,농산물,과실류,011690,0810200000,081020,0810,나무딸기ㆍ검은나무딸기ㆍ오디ㆍ로간베리(loganberry)
농수산식품,농산물,과실류,011690,0810300000,081030,0810,흑색ㆍ백색ㆍ적색의 커런트(currant)와 구즈베리(gooseberry)
농수산식품,농산물,과실류,011690,0810400000,081040,0810,크랜베리(cranberry)ㆍ빌베리(bilberry)와 그 밖의 박시니엄(Vaccinium)속의 과실
농수산식품,농산물,과실류,011690,0810600000,081060,0810,두리안(durian)
농수산식품,농산물,과실류,011690,0810909000,081090,0810,기타
농수산식품,농산물,과실류,011690,0811200000,081120,0811,"나무딸기, 검은나무딸기, 오디, 로간베리(loganberry), 흑색ㆍ백색ㆍ적색의 커런트(currant), 구즈베리(gooseberry)"
농수산식품,농산물,과실류,011690,0811902000,081190,0811,대추
농수산식품,농산물,과실류,011690,0811903000,081190,0811,잣
농수산식품,농산물,과실류,011690,0811909000,081190,0811,기타
농수산식품,농산물,과실류,011690,0812909000,081290,0812,기타
농수산식품,농산물,과실류,011690,0813409000,081340,0813,기타
농수산식품,농산물,곡물가공 원료,011690,1106300000,110630,1106,제8류 물품의 것
농수산식품,사료,사료·농식품 부산물,011690,2308002000,230800,2308,마로니에 열매
농수산식품,농산물,향신료,011900,0903000000,090300,0903,마테(mate)
농수산식품,농산물,향신료,011900,0905100000,090510,0905,부수지도 잘게 부수지도 않은 것
농수산식품,농산물,향신료,011900,0905200000,090520,0905,부수거나 잘게 부순 것
농수산식품,농산물,종자·약용작물,011900,1209294000,120929,1209,티모디그래스(timothy grass) 종자
농수산식품,농산물,종자·약용작물,011900,1209992000,120999,1209,과수목의 종자
농수산식품,농산물,종자·약용작물,011900,1209993000,120999,1209,담배 종자
농수산식품,농산물,종자·약용작물,011900,1209999000,120999,1209,기타
농수산식품,농산물,종자·약용작물,011900,1210100000,121010,1210,홉(hop)[잘게 부순 것ㆍ가루 모양ㆍ펠릿(pellet) 모양은 제외한다]
농수산식품,농산물,종자·약용작물,011900,1210201000,121020,1210,홉(hop)
농수산식품,농산물,종자·약용작물,011900,1210202000,121020,1210,루플린(lupulin)
농수산식품,농산물,종자·약용작물,011900,1212910000,121291,1212,사탕무
농수산식품,농산물,종자·약용작물,011900,1212920000,121292,1212,로커스트콩(locust bean)(캐롭)
농수산식품,농산물,종자·약용작물,011900,1212930000,121293,1212,사탕수수
농수산식품,농산물,종자·약용작물,011900,1212940000,121294,1212,치커리(chicory) 뿌리
농수산식품,농산물,종자·약용작물,011900,1212992000,121299,1212,곤약
농수산식품,농산물,종자·약용작물,011900,1212993000,121299,1212,꽃가루
농수산식품,농산물,종자·약용작물,011900,1212996000,121299,1212,살구ㆍ복숭아[넥터린(nectarine)을 포함한다]ㆍ자두의 핵(核)
농수산식품,농산물,종자·약용작물,011900,1212999000,121299,1212,기타
농수산식품,농산물,채소류,012101,0704902000,070490,0704,배추
농수산식품,농산물,채소류,012101,0704909000,070490,0704,기타
농수산식품,농산물,채소류,012102,0704100000,070410,0704,꽃양배추와 브로콜리(broccoli)
농수산식품,농산물,채소류,012102,0704200000,070420,0704,방울다다기 양배추
농수산식품,농산물,채소류,012102,0704901000,070490,0704,양배추
농수산식품,농산물,채소류,012102,0712902060,071290,0712,양배추
농수산식품,가공식품,과채가공품,012102,2001909030,200190,2001,꽃양배추
농수산식품,농산물,채소류,012103,0705110000,070511,0705,결구(結球) 상추
농수산식품,농산물,채소류,012103,0705190000,070519,0705,기타
농수산식품,농산물,채소류,012104,0709700000,070970,0709,시금치류
농수산식품,농산물,채소류,012104,0710300000,071030,0710,시금치류
농수산식품,농산물,채소류,012105,0706102000,070610,0706,순무
농수산식품,농산물,채소류,012105,0706901000,070690,0706,무
농수산식품,농산물,채소류,012105,0712902020,071290,0712,무
농수산식품,농산물,채소류,012106,0706101000,070610,0706,당근
농수산식품,농산물,채소류,012106,0710804000,071080,0710,당근
농수산식품,농산물,채소류,012106,0711904000,071190,0711,당근
농수산식품,농산물,채소류,012106,0712902040,071290,0712,당근
농수산식품,농산물,채소류,012107,0702001000,070200,0702,방울토마토
농수산식품,농산물,채소류,012107,0702009000,070200,0702,기타
농수산식품,가공식품,과채가공품,012107,2001909020,200190,2001,토마토
농수산식품,가공식품,과채가공품,012107,2002100000,200210,2002,토마토의 전체나 조각
농수산식품,가공식품,과채가공품,012107,2002901000,200290,2002,토마토 페이스트(paste)(브릭스(brix) 값이 100분의 24 이상인 것으로 한정한다)
농수산식품,가공식품,과채가공품,012107,2002909000,200290,2002,기타
농수산식품,농산물,채소류,012108,0707000000,070700,0707,오이류(신선한 것이나 냉장한 것으로 한정한다)
농수산식품,농산물,채소류,012108,0711400000,071140,0711,오이류
농수산식품,가공식품,과채가공품,012108,2001100000,200110,2001,오이류
농수산식품,농산물,채소류,012109,0709930000,070993,0709,호박류[쿠쿠르비타(Cucurbita)속]
농수산식품,농산물,채소류,012109,0712902050,071290,0712,호박
농수산식품,농산물,채소류,012110,0709300000,070930,0709,가지(에그플랜트)
농수산식품,농산물,채소류,012111,0703101010,070310,0703,껍질을 벗긴 것
농수산식품,농산물,채소류,012111,0703101090,070310,0703,기타
농수산식품,농산물,채소류,012111,0710801000,071080,0710,양파
농수산식품,농산물,채소류,012111,0712200000,071220,0712,양파
농수산식품,가공식품,과채가공품,012111,2001909070,200190,2001,양파
농수산식품,농산물,채소류,012112,0703103000,070310,0703,샬롯(shallot)
농수산식품,농산물,채소류,012112,0712902030,071290,0712,대파
농수산식품,가공식품,과채가공품,012112,2001909010,200190,2001,쪽파
농수산식품,농산물,채소류,012113,0703201000,070320,0703,껍질을 깐 것
농수산식품,농산물,채소류,012113,0703209000,070320,0703,기타
농수산식품,농산물,채소류,012113,0710802000,071080,0710,마늘
농수산식품,농산물,채소류,012113,0711901000,071190,0711,마늘
농수산식품,농산물,채소류,012113,0712901000,071290,0712,마늘
농수산식품,가공식품,과채가공품,012113,2001909060,200190,2001,마늘
농수산식품,농산물,채소류,012114,0703901000,070390,0703,리크(leek)
농수산식품,농산물,채소류,012115,0709200000,070920,0709,아스파라거스(asparagus)
농수산식품,가공식품,과채가공품,012115,2005600000,200560,2005,아스파라거스(asparagus)
농수산식품,가공식품,과채가공품,012115,2006007000,200600,2006,아스파라거스(asparagus)
농수산식품,농산물,채소류,012116,0709601000,070960,0709,단고추(벨타입으로 한정한다)
농수산식품,농산물,채소류,012116,0709609000,070960,0709,기타
농수산식품,농산물,채소류,012116,0710807000,071080,0710,고추류[캡시컴(Capsicum)속]의 열매나 피멘타(Pimenta)속의 열매
농수산식품,농산물,향신료,012116,0904210000,090421,0904,건조한 것(부수지도 잘게 부수지도 않은 것)
농수산식품,농산물,향신료,012116,0904220000,090422,0904,부수거나 잘게 부순 것
농수산식품,농산물,향신료,012117,0910111000,091011,0910,신선한 것이나 냉장한 것
농수산식품,농산물,향신료,012117,0910112000,091011,0910,건조한 것
농수산식품,농산물,향신료,012117,0910113000,091011,0910,냉동한 것
농수산식품,농산물,향신료,012117,0910119000,091011,0910,기타
농수산식품,농산물,향신료,012117,0910121000,091012,0910,신선한 것이나 냉장한 것
농수산식품,농산물,향신료,012117,0910122000,091012,0910,건조한 것
농수산식품,농산물,향신료,012117,0910123000,091012,0910,냉동한 것
농수산식품,농산물,향신료,012117,0910129000,091012,0910,기타
농수산식품,가공식품,과채가공품,012117,2006003000,200600,2006,생강
농수산식품,농산물,채소류,012118,0706902000,070690,0706,고추냉이와 겨자무
농수산식품,농산물,채소류,012119,0709993000,070999,0709,깻잎
농수산식품,농산물,채소류,012190,0703902000,070390,0703,대파
농수산식품,농산물,채소류,012190,0703903000,070390,0703,쪽파
농수산식품,농산물,채소류,012190,0703909000,070390,0703,기타
농수산식품,농산물,채소류,012190,0705210000,070521,0705,위트루프 치커리(Witloof chicory)[시코리엄 인티부스 변종 포리오섬(Cichorium intybus var. foliosum)]
농수산식품,농산물,채소류,012190,0705290000,070529,0705,기타
농수산식품,농산물,채소류,012190,0706903000,070690,0706,더덕
농수산식품,농산물,채소류,012190,0706904000,070690,0706,도라지
농수산식품,농산물,채소류,012190,0706909000,070690,0706,기타
농수산식품,농산물,채소류,012190,0709400000,070940,0709,셀러리(celery)[셀러리액(celeriac)은 제외한다]
농수산식품,농산물,채소류,012190,0709910000,070991,0709,글로브 아티초크(globe artichoke)
농수산식품,농산물,채소류,012190,0709920000,070992,0709,올리브
농수산식품,농산물,채소류,012190,0709999000,070999,0709,기타
농수산식품,농산물,채소류,012190,0710400000,071040,0710,스위트콘
농수산식품,농산물,채소류,012190,0710808010,071080,0710,"취(참취, 개미취, 곰취, 미역취)"
농수산식품,농산물,채소류,012190,0710808020,071080,0710,고려엉겅퀴(곤드레)
농수산식품,농산물,채소류,012190,0710809010,071080,0710,대파
농수산식품,농산물,채소류,012190,0710809090,071080,0710,기타
농수산식품,농산물,채소류,012190,0710900000,071090,0710,채소류의 혼합물
농수산식품,농산물,채소류,012190,0711200000,071120,0711,올리브
농수산식품,농산물,채소류,012190,0711591000,071159,0711,송로(松露)
농수산식품,농산물,채소류,012190,0711905091,071190,0711,고추류[캡시컴(Capsicum)속]의 열매나 피멘타(Pimenta)속의 열매
농수산식품,농산물,채소류,012190,0711905099,071190,0711,기타
농수산식품,농산물,채소류,012190,0711909000,071190,0711,채소류의 혼합물
농수산식품,농산물,채소류,012190,0712902070,071290,0712,토란줄기
농수산식품,농산물,채소류,012190,0712902080,071290,0712,고구마줄기
농수산식품,농산물,채소류,012190,0712902091,071290,0712,스위트콘(종자용)
농수산식품,농산물,채소류,012190,0712902092,071290,0712,스위트콘(기타)
농수산식품,농산물,채소류,012190,0712902095,071290,0712,더덕
농수산식품,농산물,채소류,012190,0712902096,071290,0712,"취(참취, 개미취, 곰취, 미역취)"
농수산식품,농산물,채소류,012190,0712902097,071290,0712,고려엉겅퀴(곤드레)
농수산식품,농산물,채소류,012190,0712902099,071290,0712,기타
농수산식품,농산물,채소류,012190,0712909000,071290,0712,채소류의 혼합물
농수산식품,농산물,향신료,012190,0904110000,090411,0904,부수지도 잘게 부수지도 않은 것
농수산식품,농산물,향신료,012190,0904120000,090412,0904,부수거나 잘게 부순 것
농수산식품,가공식품,과채가공품,012190,2001909040,200190,2001,스위트콘
농수산식품,가공식품,과채가공품,012190,2001909050,200190,2001,염교(rakkyo)
농수산식품,가공식품,과채가공품,012190,2001909090,200190,2001,기타
농수산식품,가공식품,과채가공품,012190,2004901000,200490,2004,스위트콘
농수산식품,가공식품,과채가공품,012190,2004909000,200490,2004,기타
농수산식품,가공식품,과채가공품,012190,2005101000,200510,2005,유아용 퓨레콘(pureed corn)
농수산식품,가공식품,과채가공품,012190,2005109000,200510,2005,기타
농수산식품,가공식품,과채가공품,012190,2005700000,200570,2005,올리브
농수산식품,가공식품,과채가공품,012190,2005800000,200580,2005,스위트콘[자메이스 변종 사카라타(Zea mays var. saccharata)]
농수산식품,가공식품,과채가공품,012190,2005992000,200599,2005,사우어크라우트(sauerkraut)
농수산식품,가공식품,과채가공품,012190,2005994000,200599,2005,고려엉겅퀴(곤드레)
농수산식품,가공식품,과채가공품,012190,2005999000,200599,2005,기타
농수산식품,가공식품,과채가공품,012190,2006004000,200600,2006,연근
농수산식품,가공식품,과채가공품,012190,2006008000,200600,2006,올리브
농수산식품,가공식품,과채가공품,012190,2006009010,200600,2006,스위트콘[자메이스 변종 사카라타(Zea mays var. saccharata)]
농수산식품,가공식품,과채가공품,012190,2006009030,200600,2006,그 밖의 채소
농수산식품,가공식품,과채가공품,012190,2006009090,200600,2006,기타
농수산식품,가공식품,기타 조제식품,012190,2104103000,210410,2104,채소로 만든 것
농수산식품,농산물,화훼류,012201,0602400000,060240,0602,장미(접목했는지에 상관없다)
농수산식품,농산물,화훼류,012201,0603110000,060311,0603,장미
농수산식품,농산물,화훼류,012202,0602901050,060290,0602,국화
농수산식품,농산물,화훼류,012202,0603140000,060314,0603,국화
농수산식품,농산물,화훼류,012203,0601101000,060110,0601,튤립의 것
농수산식품,농산물,화훼류,012203,0601201000,060120,0601,튤립의 것
농수산식품,농산물,화훼류,012203,0603191000,060319,0603,튤립
농수산식품,농산물,화훼류,012204,0601102000,060110,0601,백합의 것
농수산식품,농산물,화훼류,012204,0601202000,060120,0601,백합의 것
농수산식품,농산물,화훼류,012204,0603150000,060315,0603,백합[릴리움(Lilium)속]
농수산식품,농산물,화훼류,012206,0601104000,060110,0601,히아신스의 것
농수산식품,농산물,화훼류,012207,0601105000,060110,0601,글라디올러스의 것
농수산식품,농산물,화훼류,012208,0601106000,060110,0601,아이리스의 것
농수산식품,농산물,화훼류,012208,0601207000,060120,0601,아이리스의 것
농수산식품,농산물,화훼류,012209,0601107000,060110,0601,프리지어의 것
농수산식품,농산물,화훼류,012209,0601208000,060120,0601,프리지어의 것
농수산식품,농산물,화훼류,012210,0601108000,060110,0601,수선화의 것
농수산식품,농산물,화훼류,012210,0601209010,060120,0601,수선화의 것
농수산식품,농산물,화훼류,012211,0602901010,060290,0602,난초
농수산식품,농산물,화훼류,012211,0603131000,060313,0603,심비디움(Cymbidiums)
농수산식품,농산물,화훼류,012211,0603132000,060313,0603,팔레놉시스(Phalaenopsis)
농수산식품,농산물,화훼류,012211,0603139000,060313,0603,기타
농수산식품,농산물,화훼류,012212,0602901020,060290,0602,카네이션
농수산식품,농산물,화훼류,012212,0603120000,060312,0603,카네이션
농수산식품,농산물,화훼류,012290,0601109000,060110,0601,기타
농수산식품,농산물,화훼류,012290,0601209090,060120,0601,기타
농수산식품,농산물,화훼류,012290,0602300000,060230,0602,철쭉과 진달래속의 식물(접목했는지에 상관없다)
농수산식품,농산물,화훼류,012290,0602901030,060290,0602,구즈마니아
농수산식품,농산물,화훼류,012290,0602901040,060290,0602,안개초
농수산식품,농산물,화훼류,012290,0602901060,060290,0602,선인장류
농수산식품,농산물,화훼류,012290,0602901090,060290,0602,기타
농수산식품,농산물,화훼류,012290,0602909010,060290,0602,목단
농수산식품,농산물,화훼류,012290,0603199000,060319,0603,기타
농수산식품,농산물,화훼류,012290,0603900000,060390,0603,기타
농수산식품,농산물,채소류,012310,0709991000,070999,0709,고사리
농수산식품,농산물,채소류,012310,0710805000,071080,0710,고사리
농수산식품,농산물,채소류,012310,0711905010,071190,0711,고사리
농수산식품,농산물,채소류,012310,0712902010,071290,0712,고사리
농수산식품,농산물,채소류,012320,0711903000,071190,0711,죽순
농수산식품,가공식품,과채가공품,012320,2005910000,200591,2005,죽순
농수산식품,가공식품,과채가공품,012320,2006009020,200600,2006,죽순
농수산식품,농산물,채소류,012330,0709992000,070999,0709,고비
농수산식품,농산물,채소류,012330,0711905020,071190,0711,고비
농수산식품,농산물,채소류,012330,0712902094,071290,0712,고비
농수산식품,농산물,채소류,012410,0709517000,070951,0709,양송이 버섯
농수산식품,농산물,채소류,012410,0712311000,071231,0712,양송이 버섯
농수산식품,가공식품,과채가공품,012410,2003104000,200310,2003,양송이 버섯
농수산식품,농산물,채소류,012420,0709593000,070959,0709,영지버섯
농수산식품,농산물,채소류,012420,0712391030,071239,0712,영지버섯
농수산식품,농산물,채소류,012430,0709594010,070959,0709,큰느타리버섯
농수산식품,농산물,채소류,012430,0709594090,070959,0709,기타
농수산식품,농산물,채소류,012430,0712391040,071239,0712,느타리버섯
농수산식품,농산물,채소류,012440,0709550000,070955,0709,"송이버섯(Tricholoma matsutake, Tricholoma magnivelare, Tricholoma anatolicum, Tricholoma dulciolens, Tricholoma caligatum)"
농수산식품,농산물,채소류,012440,0710806000,071080,0710,송이버섯
농수산식품,농산물,채소류,012440,0712391010,071239,0712,송이버섯
농수산식품,가공식품,과채가공품,012440,2003902000,200390,2003,송이버섯
농수산식품,농산물,채소류,012450,0709540000,070954,0709,표고버섯(Lentinus edodes)
농수산식품,농산물,채소류,012450,0712340000,071234,0712,표고버섯(Lentinus edodes)
농수산식품,가공식품,과채가공품,012450,2003901000,200390,2003,표고버섯
농수산식품,농산물,채소류,012460,0709595000,070959,0709,팽이버섯
농수산식품,농산물,채소류,012460,0712391050,071239,0712,팽이버섯
농수산식품,농산물,화훼류,012490,0602909040,060290,0602,버섯의 종균(種菌)
농수산식품,농산물,채소류,012490,0709519000,070951,0709,기타
농수산식품,농산물,채소류,012490,0709520000,070952,0709,볼레투스(Boletus)속의 버섯
농수산식품,농산물,채소류,012490,0709530000,070953,0709,칸타렐루스(Cantharellus)속의 버섯
농수산식품,농산물,채소류,012490,0709560000,070956,0709,송로버섯[튜버(Tuber) 속]
농수산식품,농산물,채소류,012490,0709599000,070959,0709,기타
농수산식품,농산물,채소류,012490,0711510000,071151,0711,아가리쿠스(Agaricus)속의 버섯
농수산식품,농산물,채소류,012490,0711599000,071159,0711,기타
농수산식품,농산물,채소류,012490,0712319000,071231,0712,기타
농수산식품,농산물,채소류,012490,0712320000,071232,0712,목이버섯[오리쿨라리아(Auricularia)속]
농수산식품,농산물,채소류,012490,0712330000,071233,0712,젤리균류[트레멜라(Tremella)속]
농수산식품,농산물,채소류,012490,0712391090,071239,0712,기타
농수산식품,농산물,채소류,012490,0712392000,071239,0712,송로(松露)
농수산식품,가공식품,과채가공품,012490,2003109000,200310,2003,기타
농수산식품,가공식품,과채가공품,012490,2003903000,200390,2003,송로(松露)
농수산식품,가공식품,과채가공품,012490,2003909000,200390,2003,기타
농수산식품,농산물,과실류,012510,0802410000,080241,0802,껍데기를 벗기지 않은 것
농수산식품,농산물,과실류,012510,0802420000,080242,0802,껍데기를 벗긴 것
농수산식품,농산물,과실류,012510,0811901000,081190,0811,밤
농수산식품,가공식품,과채가공품,012510,2006001000,200600,2006,마롱 글라세(marrons glaces)
농수산식품,가공식품,과채가공품,012510,2008191000,200819,2008,밤
농수산식품,농산물,과실류,012520,0802310000,080231,0802,껍데기를 벗기지 않은 것
농수산식품,농산물,과실류,012520,0802320000,080232,0802,껍데기를 벗긴 것
농수산식품,농산물,과실류,012530,0802910000,080291,0802,잣(껍데기를 벗기지 않은 것)
농수산식품,농산물,과실류,012530,0802920000,080292,0802,잣(껍데기를 벗긴 것)
농수산식품,농산물,과실류,012540,0802991010,080299,0802,껍데기를 벗기지 않은 것
농수산식품,농산물,과실류,012540,0802991020,080299,0802,껍데기를 벗긴 것
농수산식품,농산물,과실류,012550,0802110000,080211,0802,껍데기를 벗기지 않은 것
농수산식품,농산물,과실류,012550,0802120000,080212,0802,껍데기를 벗긴 것
농수산식품,농산물,과실류,012560,0801110000,080111,0801,말린 것
농수산식품,농산물,과실류,012560,0801120000,080112,0801,내피[내과피(內果皮)]를 벗기지 않은 것
농수산식품,농산물,과실류,012560,0801190000,080119,0801,기타
농수산식품,가공식품,코코아·초콜릿,012560,1801001000,180100,1801,생 것
농수산식품,가공식품,코코아·초콜릿,012560,1801002000,180100,1801,볶은 것
농수산식품,농산물,과실류,012590,0802210000,080221,0802,껍데기를 벗기지 않은 것
농수산식품,농산물,과실류,012590,0802220000,080222,0802,껍데기를 벗긴 것
농수산식품,농산물,과실류,012590,0802510000,080251,0802,껍데기를 벗기지 않은 것
농수산식품,농산물,과실류,012590,0802520000,080252,0802,껍데기를 벗긴 것
농수산식품,농산물,과실류,012590,0802610000,080261,0802,껍데기를 벗기지 않은 것
농수산식품,농산물,과실류,012590,0802620000,080262,0802,껍데기를 벗긴 것
농수산식품,농산물,과실류,012590,0802700000,080270,0802,콜라 너트(kola nut)[콜라(Cola)속]
농수산식품,농산물,과실류,012590,0802800000,080280,0802,빈랑자(areca nut)
농수산식품,농산물,과실류,012590,0802999000,080299,0802,기타
농수산식품,가공식품,기타 조제식품,012590,2106909060,210690,2106,도토리 가루
농수산식품,사료,사료·농식품 부산물,012590,2308001000,230800,2308,도토리
농수산식품,농산물,화훼류,012910,0602909050,060290,0602,잔디
농수산식품,농산물,화훼류,012990,0602201000,060220,0602,사과나무
농수산식품,농산물,화훼류,012990,0602202000,060220,0602,배나무
농수산식품,농산물,화훼류,012990,0602203000,060220,0602,복숭아나무
농수산식품,농산물,화훼류,012990,0602204000,060220,0602,포도나무
농수산식품,농산물,화훼류,012990,0602206000,060220,0602,귤나무
농수산식품,농산물,화훼류,012990,0602209000,060220,0602,기타
농수산식품,농산물,화훼류,012990,0602909030,060290,0602,뽕나무
농수산식품,농산물,화훼류,012990,0602909090,060290,0602,기타
농수산식품,가공식품,식용유지,013110,1507101000,150710,1507,식품용
농수산식품,가공식품,식용유지,013110,1507102000,150710,1507,바이오디젤 제조용
농수산식품,가공식품,식용유지,013110,1507109000,150710,1507,기타
농수산식품,가공식품,식용유지,013110,1507901010,150790,1507,식품용
농수산식품,가공식품,식용유지,013110,1507901020,150790,1507,바이오디젤 제조용
농수산식품,가공식품,식용유지,013110,1516202050,151620,1516,대두유와 그 분획물
농수산식품,가공식품,식용유지,013120,1515500000,151550,1515,참기름과 그 분획물
농수산식품,가공식품,식용유지,013120,1516201050,151620,1516,참기름과 그 분획물
농수산식품,가공식품,식용유지,013130,1515901000,151590,1515,들기름과 그 분획물
농수산식품,가공식품,식용유지,013130,1516201040,151620,1516,들기름과 그 분획물
농수산식품,가공식품,식용유지,013140,1509200000,150920,1509,엑스트라 버진 올리브유
농수산식품,가공식품,식용유지,013140,1509300000,150930,1509,버진 올리브유
농수산식품,가공식품,식용유지,013140,1509400000,150940,1509,그 밖의 버진 올리브유
농수산식품,가공식품,식용유지,013140,1510100000,151010,1510,올리브 퍼미스 조유(粗油)
농수산식품,가공식품,식용유지,013140,1510900000,151090,1510,기타
농수산식품,가공식품,식용유지,013190,1508100000,150810,1508,조유(粗油)
농수산식품,가공식품,식용유지,013190,1508901000,150890,1508,정제유(精製油)
농수산식품,가공식품,식용유지,013190,1508909000,150890,1508,기타
농수산식품,가공식품,식용유지,013190,1511100000,151110,1511,조유(粗油)
농수산식품,가공식품,식용유지,013190,1511901000,151190,1511,팜 올레인(palm olein)
농수산식품,가공식품,식용유지,013190,1511902000,151190,1511,팜 스테아린(palm stearin)
농수산식품,가공식품,식용유지,013190,1511909000,151190,1511,기타
농수산식품,가공식품,식용유지,013190,1512111000,151211,1512,해바라기씨유
농수산식품,가공식품,식용유지,013190,1512191010,151219,1512,해바라기씨유
농수산식품,가공식품,식용유지,013190,1512191020,151219,1512,잇꽃유
농수산식품,가공식품,식용유지,013190,1512199010,151219,1512,해바라기씨유
농수산식품,가공식품,식용유지,013190,1512199020,151219,1512,잇꽃유
농수산식품,가공식품,식용유지,013190,1512210000,151221,1512,조유(粗油)[고시폴(gossypol)을 제거했는지에 상관없다]
농수산식품,가공식품,식용유지,013190,1512299000,151229,1512,기타
농수산식품,가공식품,식용유지,013190,1513110000,151311,1513,조유(粗油)
농수산식품,가공식품,식용유지,013190,1513191000,151319,1513,정제유(精製油)
농수산식품,가공식품,식용유지,013190,1513199000,151319,1513,기타
농수산식품,가공식품,식용유지,013190,1513211000,151321,1513,팜핵유(palm kernel oil)
농수산식품,가공식품,식용유지,013190,1513212000,151321,1513,바바수유(babassu oil)
농수산식품,가공식품,식용유지,013190,1513291020,151329,1513,바바수유(babassu oil)
농수산식품,가공식품,식용유지,013190,1513299000,151329,1513,기타
농수산식품,가공식품,식용유지,013190,1514110000,151411,1514,조유(粗油)
농수산식품,가공식품,식용유지,013190,1514191000,151419,1514,정제유(精製油)
농수산식품,가공식품,식용유지,013190,1514199000,151419,1514,기타
농수산식품,가공식품,식용유지,013190,1514911000,151491,1514,"그 밖의 유채유(rape oil, colza oil)"
농수산식품,가공식품,식용유지,013190,1514912000,151491,1514,겨자유
농수산식품,가공식품,식용유지,013190,1514991010,151499,1514,"그 밖의 유채유(rape oil, colza oil)"
농수산식품,가공식품,식용유지,013190,1514991020,151499,1514,겨자유
농수산식품,가공식품,식용유지,013190,1514999000,151499,1514,기타
농수산식품,가공식품,식용유지,013190,1515110000,151511,1515,조유(粗油)
농수산식품,가공식품,식용유지,013190,1515190000,151519,1515,기타
농수산식품,가공식품,식용유지,013190,1515210000,151521,1515,조유(粗油)
농수산식품,가공식품,식용유지,013190,1515290000,151529,1515,기타
농수산식품,가공식품,식용유지,013190,1515600000,151560,1515,미생물성 지방과 기름 및 이들의 분획물
농수산식품,가공식품,식용유지,013190,1515909010,151590,1515,쌀겨기름과 그 분획물
농수산식품,가공식품,식용유지,013190,1515909020,151590,1515,동백유와 그 분획물
농수산식품,가공식품,식용유지,013190,1515909030,151590,1515,호호바유(jojoba oil)와 그 분획물
농수산식품,가공식품,식용유지,013190,1515909040,151590,1515,동유(tung oil)와 그 분획물
농수산식품,가공식품,식용유지,013190,1515909090,151590,1515,기타
농수산식품,가공식품,식용유지,013190,1516201010,151620,1516,땅콩기름과 그 분획물
농수산식품,가공식품,식용유지,013190,1516201020,151620,1516,해바라기씨유와 그 분획물
농수산식품,가공식품,식용유지,013190,1516201030,151620,1516,"유채유(rape oil, colza oil)와 그 분획물"
농수산식품,가공식품,식용유지,013190,1516202010,151620,1516,야자[코프라(copra)]유와 그 분획물
농수산식품,가공식품,식용유지,013190,1516202020,151620,1516,팜유와 그 분획물
농수산식품,가공식품,식용유지,013190,1516202030,151620,1516,옥수수유와 그 분획물
농수산식품,가공식품,식용유지,013190,1516202040,151620,1516,목화씨유와 그 분획물
농수산식품,가공식품,식용유지,013190,1516202090,151620,1516,기타
농수산식품,가공식품,식용유지,013190,1516300000,151630,1516,미생물성 지방과 기름 및 이들의 분획물
농수산식품,농림수산 연관제품,기타 농림수산 연관제품,013190,3301120000,330112,3301,오렌지유
농수산식품,농림수산 연관제품,기타 농림수산 연관제품,013190,3301130000,330113,3301,레몬유
농수산식품,농림수산 연관제품,기타 농림수산 연관제품,013190,3301190000,330119,3301,기타
농수산식품,농림수산 연관제품,기타 농림수산 연관제품,013190,3301250000,330125,3301,그 밖의 민트류로 만든 것
농수산식품,농림수산 연관제품,기타 농림수산 연관제품,013190,3301290000,330129,3301,기타
농수산식품,농림수산 연관제품,기타 농림수산 연관제품,013190,3301300000,330130,3301,레지노이드(resinoid)
농수산식품,농림수산 연관제품,기타 농림수산 연관제품,013190,3301901000,330190,3301,정유(essential oil)에서 테르펜을 제거할 때에 생기는 테르펜계 부산물
농수산식품,농림수산 연관제품,기타 농림수산 연관제품,013190,3301902000,330190,3301,정유(essential oil)의 농축물
농수산식품,농림수산 연관제품,기타 농림수산 연관제품,013190,3301903000,330190,3301,정유(essential oil)의 애큐어스 디스틸레이트(aqueous distillate)와 애큐어스 솔루션(aqueous solution)
농수산식품,가공식품,식용유지,013210,1517100000,151710,1517,마가린(액상 마가린은 제외한다)
농수산식품,가공식품,식용유지,013290,1517901000,151790,1517,이미테이션 라드
농수산식품,가공식품,식용유지,013290,1517902000,151790,1517,쇼트닝
농수산식품,가공식품,식용유지,013290,1517909000,151790,1517,기타
농수산식품,가공식품,식용유지,013290,1518001000,151800,1518,탈수피마자유
농수산식품,가공식품,식용유지,013290,1518002000,151800,1518,에폭시화(epoxidised)한 대두유
농수산식품,가공식품,식용유지,013290,1518009010,151800,1518,사료용
농수산식품,가공식품,식용유지,013290,1518009090,151800,1518,기타
농수산식품,가공식품,식용유지,013300,1521102000,152110,1521,팜왁스
농수산식품,가공식품,식용유지,013300,1521109000,152110,1521,기타
농수산식품,가공식품,식용유지,013300,1521909000,152190,1521,기타
농수산식품,농산물,식물성 추출·원료,013400,1301902090,130190,1301,기타
농수산식품,농산물,식물성 추출·원료,013400,1302110000,130211,1302,아편
농수산식품,농산물,식물성 추출·원료,013400,1302140000,130214,1302,마황(麻黃)으로 만든 것
농수산식품,농산물,식물성 추출·원료,013400,1302192000,130219,1302,캐슈너트 쉘액(cashew nut shell liquid)
농수산식품,농산물,식물성 추출·원료,013400,1302199020,130219,1302,콜라 추출물(extract)
농수산식품,농산물,식물성 추출·원료,013400,1302199091,130219,1302,바닐라 올레오레진이나 바닐라 추출물(extract)
농수산식품,농산물,식물성 추출·원료,013400,1302199099,130219,1302,기타
농수산식품,농산물,식물성 추출·원료,013400,1302200000,130220,1302,펙틴질ㆍ펙티닝산염(pectinate)과 펙틴산염(pectate)
농수산식품,농산물,식물성 추출·원료,013400,1302320000,130232,1302,로커스트콩(locust bean)ㆍ로커스트콩(locust bean)의 씨나 구아(guar)의 씨로부터 얻은 점질물과 시커너(thickener)(변성 가공했는지에 상관없다)
농수산식품,농산물,식물성 추출·원료,013400,1302390000,130239,1302,기타
농수산식품,농림수산 연관제품,기타 농림수산 연관제품,013400,3301904100,330190,3301,아편에서 추출한 것
농수산식품,농림수산 연관제품,기타 농림수산 연관제품,013400,3301904200,330190,3301,감초에서 추출한 것
농수산식품,농림수산 연관제품,기타 농림수산 연관제품,013400,3301904300,330190,3301,홉(hop)에서 추출한 것
농수산식품,농림수산 연관제품,기타 농림수산 연관제품,013400,3301904400,330190,3301,제충국(除蟲菊)에서 추출한 것이나 로테논(rotenone)을 함유하는 식물 뿌리에서 추출한 것
농수산식품,농림수산 연관제품,기타 농림수산 연관제품,013400,3301904600,330190,3301,캐슈너트 쉘액(cashew nut shell liquid)에서 추출한 것
농수산식품,농림수산 연관제품,기타 농림수산 연관제품,013400,3301904700,330190,3301,생칠(生漆)에서 추출한 것
농수산식품,농림수산 연관제품,기타 농림수산 연관제품,013400,3301904800,330190,3301,기타
농수산식품,가공식품,코코아·초콜릿,013500,1802001000,180200,1802,코코아의 껍데기와 껍질
농수산식품,가공식품,코코아·초콜릿,013500,1802009000,180200,1802,기타
농수산식품,사료,사료·농식품 부산물,013500,2302100000,230210,2302,옥수수에서 나온 것
농수산식품,사료,사료·농식품 부산물,013500,2302300000,230230,2302,밀에서 나온 것
농수산식품,사료,사료·농식품 부산물,013500,2302401000,230240,2302,쌀에서 나온 것
농수산식품,사료,사료·농식품 부산물,013500,2302409000,230240,2302,기타
농수산식품,사료,사료·농식품 부산물,013500,2302500000,230250,2302,채두류(菜豆類)에서 나온 것
농수산식품,사료,사료·농식품 부산물,013500,2303100000,230310,2303,전분박과 이와 유사한 박(residue)류
농수산식품,사료,사료·농식품 부산물,013500,2303200000,230320,2303,"비트펄프(beet-pulp), 버개스(bagasse)와 그 밖의 설탕을 제조할 때 생기는 웨이스트(waste)"
농수산식품,사료,사료·농식품 부산물,013500,2303301000,230330,2303,사료용
농수산식품,사료,사료·농식품 부산물,013500,2303309000,230330,2303,기타
농수산식품,사료,사료·농식품 부산물,013500,2304000000,230400,2304,대두유를 추출할 때 얻는 오일 케이크와 고체 형태의 유박[잘게 부순 것인지 또는 펠릿(pellet) 모양인지에 상관없다]
농수산식품,사료,사료·농식품 부산물,013500,2305000000,230500,2305,땅콩기름을 추출할 때 얻는 오일 케이크와 고체 형태의 유박[잘게 부순 것인지 또는 펠릿(pellet) 모양인지에 상관없다]
농수산식품,사료,사료·농식품 부산물,013500,2306100000,230610,2306,목화씨에서 나온 것
농수산식품,사료,사료·농식품 부산물,013500,2306200000,230620,2306,아마씨에서 나온 것
농수산식품,사료,사료·농식품 부산물,013500,2306300000,230630,2306,해바라기씨에서 나온 것
농수산식품,사료,사료·농식품 부산물,013500,2306410000,230641,2306,"저에루크산(low erucic acid) 유채(rape, colza)씨에서 나온 것"
농수산식품,사료,사료·농식품 부산물,013500,2306490000,230649,2306,기타
농수산식품,사료,사료·농식품 부산물,013500,2306500000,230650,2306,야자나 코프라(copra)에서 나온 것
농수산식품,사료,사료·농식품 부산물,013500,2306600000,230660,2306,팜 너트(palm nut)나 핵(核)에서 나온 것
농수산식품,사료,사료·농식품 부산물,013500,2306901000,230690,2306,참깨에서 나온 것
농수산식품,사료,사료·농식품 부산물,013500,2306902000,230690,2306,들깨에서 나온 것
농수산식품,사료,사료·농식품 부산물,013500,2306903000,230690,2306,옥수수 씨눈에서 나온 것
농수산식품,사료,사료·농식품 부산물,013500,2306909000,230690,2306,기타
농수산식품,사료,사료·농식품 부산물,013500,2307000000,230700,2307,와인리스(wine lees)와 생주석(argol)
농수산식품,농산물,곡물,013600,1001991010,100199,1001,메슬린(meslin)
농수산식품,농산물,곡물,013600,1001991090,100199,1001,기타
농수산식품,농산물,곡물,013600,1005901000,100590,1005,사료용
농수산식품,농산물,종자·약용작물,013600,1213000000,121300,1213,"곡물의 짚과 껍질[조제하지 않은 것으로 한정하며, 절단하거나 잘게 부수거나 압착한 것인지 또는 펠릿(pellet) 모양인지에 상관없다]"
농수산식품,농산물,종자·약용작물,013600,1214101000,121410,1214,사료용
농수산식품,농산물,종자·약용작물,013600,1214109000,121410,1214,기타
농수산식품,농산물,종자·약용작물,013600,1214901000,121490,1214,사료용 뿌리채소류
농수산식품,농산물,종자·약용작물,013600,1214909011,121490,1214,사료용
농수산식품,농산물,종자·약용작물,013600,1214909019,121490,1214,기타
농수산식품,농산물,종자·약용작물,013600,1214909090,121490,1214,기타
농수산식품,사료,사료·농식품 부산물,013600,2308003000,230800,2308,목화씨 껍질
농수산식품,사료,사료·농식품 부산물,013600,2308009000,230800,2308,기타
농수산식품,사료,사료·농식품 부산물,013600,2309101000,230910,2309,개사료
농수산식품,사료,사료·농식품 부산물,013600,2309102000,230910,2309,고양이 사료
농수산식품,사료,사료·농식품 부산물,013600,2309901010,230990,2309,양돈용
농수산식품,사료,사료·농식품 부산물,013600,2309901020,230990,2309,양계용
농수산식품,사료,사료·농식품 부산물,013600,2309901030,230990,2309,어류용
농수산식품,사료,사료·농식품 부산물,013600,2309901040,230990,2309,축우용
농수산식품,사료,사료·농식품 부산물,013600,2309901091,230990,2309,대용유(代用乳)
농수산식품,사료,사료·농식품 부산물,013600,2309901099,230990,2309,기타
농수산식품,사료,사료·농식품 부산물,013600,2309902010,230990,2309,무기물 혹은 광물질(mineral)을 주로 한 것(미량 광물질을 주로 한 것은 제외한다)
농수산식품,사료,사료·농식품 부산물,013600,2309902020,230990,2309,향미제(香味劑)를 주로 한 것
농수산식품,사료,사료·농식품 부산물,013600,2309902030,230990,2309,비타민을 주로 한 것
농수산식품,사료,사료·농식품 부산물,013600,2309902099,230990,2309,기타
농수산식품,사료,사료·농식품 부산물,013600,2309903010,230990,2309,항생물질을 주로 한 것
농수산식품,사료,사료·농식품 부산물,013600,2309903020,230990,2309,비타민을 주로 한 것
농수산식품,사료,사료·농식품 부산물,013600,2309903030,230990,2309,미량 광물질(mineral)을 주로 한 것
농수산식품,사료,사료·농식품 부산물,013600,2309903090,230990,2309,기타(「사료관리법」에 따른 단미사료를 포함한다.)
농수산식품,사료,사료·농식품 부산물,013600,2309909010,230990,2309,낚시용 떡밥
농수산식품,사료,사료·농식품 부산물,013600,2309909090,230990,2309,기타
농수산식품,농산물,화훼류,013900,0604209000,060420,0604,기타
농수산식품,농산물,화훼류,013900,0604901000,060490,0604,이끼와 지의(地衣)
농수산식품,농산물,화훼류,013900,0604909000,060490,0604,기타
농수산식품,농산물,과실류,013900,0814001000,081400,0814,감귤류의 껍질
농수산식품,농산물,과실류,013900,0814002000,081400,0814,멜론(수박을 포함한다)의 껍질
농수산식품,농산물,곡물가공 원료,013900,1106209000,110620,1106,기타
농수산식품,농림수산 연관제품,기타 농림수산 연관제품,013900,3505102000,350510,3505,가용성 전분(아밀로겐)
농수산식품,농림수산 연관제품,기타 농림수산 연관제품,013900,3505103000,350510,3505,배소전분
농수산식품,농림수산 연관제품,기타 농림수산 연관제품,013900,3505104010,350510,3505,식품용
농수산식품,농림수산 연관제품,기타 농림수산 연관제품,013900,3505105010,350510,3505,식품용
농수산식품,농림수산 연관제품,기타 농림수산 연관제품,013900,3505109010,350510,3505,식품용
농수산식품,농림수산 연관제품,기타 농림수산 연관제품,013900,3505109090,350510,3505,기타
농수산식품,농림수산 연관제품,기타 농림수산 연관제품,013900,3809100000,380910,3809,전분질을 기본 재료로 한 것
농수산식품,농산물,곡물가공 원료,014100,1109000000,110900,1109,밀의 글루텐(gluten)(건조했는지에 상관없다)
농수산식품,가공식품,쌀가공식품,014100,1901201000,190120,1901,쌀가루의 것
농수산식품,가공식품,면류·곡물가공식품,014100,1901202000,190120,1901,보릿가루의 것
농수산식품,가공식품,면류·곡물가공식품,014100,1901209000,190120,1901,기타
농수산식품,가공식품,기타 조제식품,014200,2102101000,210210,2102,양조효모
농수산식품,가공식품,기타 조제식품,014200,2102102000,210210,2102,증류효모
농수산식품,가공식품,기타 조제식품,014200,2102103000,210210,2102,제빵효모
농수산식품,가공식품,기타 조제식품,014200,2102104000,210210,2102,배양효모
농수산식품,가공식품,기타 조제식품,014200,2102202000,210220,2102,누룩
농수산식품,가공식품,기타 조제식품,014200,2102203010,210220,2102,태블릿(tablet) 모양의 것
농수산식품,가공식품,기타 조제식품,014200,2102203090,210220,2102,기타
농수산식품,가공식품,기타 조제식품,014200,2102204010,210220,2102,태블릿(tablet) 모양의 것
농수산식품,가공식품,기타 조제식품,014200,2102204090,210220,2102,기타
농수산식품,가공식품,기타 조제식품,014200,2102300000,210230,2102,조제한 베이킹 파우더
농수산식품,가공식품,기타 조제식품,014200,2106909040,210690,2106,자기소화효모(autolyzed yeast)와 그 밖의 효모 추출물(extract)
농수산식품,가공식품,소스·장류,014310,2103100000,210310,2103,간장
농수산식품,가공식품,소스·장류,014320,2103901010,210390,2103,된장
농수산식품,가공식품,소스·장류,014330,2103901030,210390,2103,고추장
농수산식품,가공식품,소스·장류,014340,2103201000,210320,2103,토마토 케첩
농수산식품,가공식품,소스·장류,014350,2103301000,210330,2103,겨자의 고운 가루ㆍ거친 가루
농수산식품,가공식품,소스·장류,014350,2103302000,210330,2103,조제한 겨자
농수산식품,가공식품,소스·장류,014360,2103909010,210390,2103,마요네스
농수산식품,가공식품,소스·장류,014370,2103909020,210390,2103,인스턴트 카레
농수산식품,가공식품,소스·장류,014390,2103202000,210320,2103,그 밖의 토마토 소스
농수산식품,가공식품,소스·장류,014390,2103901020,210390,2103,춘장
농수산식품,가공식품,소스·장류,014390,2103901090,210390,2103,기타
농수산식품,가공식품,소스·장류,014390,2103909030,210390,2103,혼합조미료
농수산식품,가공식품,소스·장류,014390,2103909040,210390,2103,메주
농수산식품,가공식품,소스·장류,014390,2103909050,210390,2103,고추다진양념
농수산식품,가공식품,소스·장류,014390,2103909090,210390,2103,기타
농수산식품,농산물,향신료,014400,0910200000,091020,0910,사프란(saffron)
농수산식품,농산물,향신료,014400,0910300000,091030,0910,심황[강황(薑黃)]
농수산식품,농산물,향신료,014400,0910911000,091091,0910,카레
농수산식품,농산물,향신료,014400,0910919000,091091,0910,기타
농수산식품,농산물,향신료,014400,0910991000,091099,0910,타임과 월계수의 잎
농수산식품,농산물,향신료,014400,0910999000,091099,0910,기타
농수산식품,가공식품,식용유지,014500,1520000000,152000,1520,"글리세롤(glycerol)(가공하지 않은 것으로 한정한다), 글리세롤 수(水), 글리세롤 폐액(廢液)"
농수산식품,가공식품,식용유지,014500,1522000000,152200,1522,"데그라스(degras), 지방성 물질이나 동물성ㆍ식물성 왁스를 처리할 때 생기는 잔유물"
농수산식품,농산물,종자·약용작물,014900,1211609000,121160,1211,기타
농수산식품,농산물,종자·약용작물,014900,1211909090,121190,1211,기타
농수산식품,농산물,식물성 추출·원료,014900,1404200000,140420,1404,면(綿) 린터(linter)
농수산식품,농산물,식물성 추출·원료,014900,1404901000,140490,1404,조각용 종자ㆍ껍질ㆍ너트(예: 상아야자)
농수산식품,농산물,식물성 추출·원료,014900,1404904000,140490,1404,충전용으로 주로 사용되는 식물성 재료[예: 케이폭(kapok)ㆍ식물성헤어ㆍ거머리말][층상(層狀)으로 한 것인지 또는 지지물을 사용했는지에 상관없다]
농수산식품,농산물,식물성 추출·원료,014900,1404905000,140490,1404,비나 브러시를 만드는 데 주로 사용되는 식물성 재료[예: 수수류ㆍ피아사바(piassava)ㆍ카우치 그라스(couch-grass)ㆍ이스틸리(istle)](다발이나 꾸러미 상태인지에 상관없다)
농수산식품,농산물,식물성 추출·원료,014900,1404909000,140490,1404,기타
농수산식품,가공식품,코코아·초콜릿,014900,1803100000,180310,1803,탈지(脫脂)하지 않은 것
농수산식품,가공식품,코코아·초콜릿,014900,1803200000,180320,1803,전부나 일부를 탈지(脫脂)한 것
농수산식품,농산물,커피,015110,0901110000,090111,0901,카페인을 제거하지 않은 것
농수산식품,농산물,커피,015110,0901120000,090112,0901,카페인을 제거한 것
농수산식품,농산물,커피,015110,0901210000,090121,0901,카페인을 제거하지 않은 것
농수산식품,농산물,커피,015110,0901220000,090122,0901,카페인을 제거한 것
농수산식품,농산물,커피,015110,0901901000,090190,0901,커피의 껍데기와 껍질
농수산식품,농산물,커피,015110,0901902000,090190,0901,커피를 함유한 커피 대용물
농수산식품,가공식품,커피조제품,015120,2101111000,210111,2101,인스턴트 커피
농수산식품,가공식품,커피조제품,015120,2101119000,210111,2101,기타
농수산식품,가공식품,커피조제품,015120,2101121000,210112,2101,인스턴트 커피의 조제품
농수산식품,가공식품,커피조제품,015120,2101129010,210112,2101,밀크ㆍ크림 또는 이들의 대용물을 함유한 것
농수산식품,가공식품,커피조제품,015120,2101129090,210112,2101,기타
농수산식품,가공식품,기타 조제식품,015120,2106909010,210690,2106,커피크리머
농수산식품,가공식품,과자류,015210,1806201000,180620,1806,초콜릿과 초콜릿 과자
농수산식품,가공식품,과자류,015210,1806311000,180631,1806,초콜릿과 초콜릿 과자
농수산식품,가공식품,과자류,015210,1806321000,180632,1806,초콜릿과 초콜릿 과자
농수산식품,가공식품,과자류,015210,1806901000,180690,1806,초콜릿과 초콜릿 과자
농수산식품,가공식품,코코아·초콜릿,015220,1804000000,180400,1804,"코코아 버터, 지방과 기름"
농수산식품,가공식품,코코아·초콜릿,015220,1805000000,180500,1805,코코아 가루(설탕이나 그 밖의 감미료를 첨가한 것은 제외한다)
농수산식품,가공식품,코코아·초콜릿,015220,1806100000,180610,1806,코코아 가루(설탕이나 그 밖의 감미료를 첨가한 것으로 한정한다)
농수산식품,가공식품,코코아·초콜릿,015220,1806209010,180620,1806,코코아 조제품(밀크분의 함유량이 전 중량의 100분의 50 이상의 것으로 한정한다)
농수산식품,가공식품,코코아·초콜릿,015220,1806209090,180620,1806,기타
농수산식품,가공식품,코코아·초콜릿,015220,1806319000,180631,1806,기타
농수산식품,가공식품,코코아·초콜릿,015220,1806329000,180632,1806,기타
농수산식품,가공식품,코코아·초콜릿,015220,1806902290,180690,1806,기타
농수산식품,가공식품,코코아·초콜릿,015220,1806909010,180690,1806,코코아 조제품(밀크분의 함유량이 100분의 50 이상의 것)
농수산식품,가공식품,코코아·초콜릿,015220,1806909090,180690,1806,기타
농수산식품,농산물,차류,015310,0902100000,090210,0902,녹차(발효하지 않은 것으로서 내용물의 무게가 3킬로그램 이하로 내용물에 직접 접하여 포장된 것으로 한정한다)
농수산식품,농산물,차류,015310,0902200000,090220,0902,그 밖의 녹차(발효하지 않은 것으로 한정한다)
농수산식품,농산물,차류,015320,0902300000,090230,0902,홍차(발효차)와 부분 발효차(내용물의 무게가 3킬로그램 이하로 내용물에 직접 접하여 포장된 것으로 한정한다)
농수산식품,농산물,차류,015320,0902400000,090240,0902,그 밖의 홍차(발효차)와 그 밖의 부분 발효차
농수산식품,기호식품,담배,015410,2401101000,240110,2401,황색종(種)
농수산식품,기호식품,담배,015410,2401102000,240110,2401,버어리(burley)종(種)
농수산식품,기호식품,담배,015410,2401103000,240110,2401,오리엔트종(種)
농수산식품,기호식품,담배,015410,2401109000,240110,2401,기타
농수산식품,기호식품,담배,015410,2401201000,240120,2401,황색종
농수산식품,기호식품,담배,015410,2401202000,240120,2401,버어리(burley)종(種)
농수산식품,기호식품,담배,015410,2401203000,240120,2401,오리엔트종(種)
농수산식품,기호식품,담배,015410,2401209000,240120,2401,기타
농수산식품,기호식품,담배,015410,2401301000,240130,2401,잎의 주맥(主脈)
농수산식품,기호식품,담배,015410,2401302000,240130,2401,잎 부스러기
농수산식품,기호식품,담배,015410,2401309000,240130,2401,기타
농수산식품,기호식품,담배,015420,2402101000,240210,2402,시가(cigar)
농수산식품,기호식품,담배,015420,2402102000,240210,2402,셔루트(cheroot)
농수산식품,기호식품,담배,015420,2402103000,240210,2402,시가릴로(cigarillo)
농수산식품,기호식품,담배,015420,2402201000,240220,2402,필터담배
농수산식품,기호식품,담배,015420,2402209000,240220,2402,기타
농수산식품,기호식품,담배,015420,2402900000,240290,2402,기타
농수산식품,기호식품,담배,015420,2403110000,240311,2403,이 류의 소호주 제1호에 규정된 워터파이프(water pipe) 담배
농수산식품,기호식품,담배,015420,2403191000,240319,2403,파이프 담배
농수산식품,기호식품,담배,015420,2403199000,240319,2403,기타
농수산식품,기호식품,담배,015420,2403911000,240391,2403,판상엽(板狀葉)
농수산식품,기호식품,담배,015420,2403919000,240391,2403,기타
농수산식품,기호식품,담배,015420,2403991000,240399,2403,씹는 담배
농수산식품,기호식품,담배,015420,2403992000,240399,2403,코 담배
농수산식품,기호식품,담배,015420,2403993000,240399,2403,담배의 추출물(extracts)과 에센스(essence)
농수산식품,기호식품,담배,015420,2403994000,240399,2403,입안에 머금는 담배(예: 스누스)
농수산식품,기호식품,담배,015420,2403999000,240399,2403,기타
농수산식품,농산물,종자·약용작물,015510,1211201110,121120,1211,산양삼(山養蔘)
농수산식품,농산물,종자·약용작물,015510,1211201120,121120,1211,새싹삼
농수산식품,농산물,종자·약용작물,015510,1211201190,121120,1211,기타
농수산식품,농산물,종자·약용작물,015520,1211201211,121120,1211,본삼
농수산식품,농산물,종자·약용작물,015520,1211201219,121120,1211,기타
농수산식품,농산물,종자·약용작물,015520,1211201291,121120,1211,본삼
농수산식품,농산물,종자·약용작물,015520,1211201299,121120,1211,기타
농수산식품,농산물,종자·약용작물,015520,1211202110,121120,1211,가루
농수산식품,농산물,종자·약용작물,015520,1211202120,121120,1211,태블릿이나 캡슐
농수산식품,농산물,종자·약용작물,015520,1211202190,121120,1211,기타
농수산식품,가공식품,인삼류,015520,2106903011,210690,2106,인삼·홍삼
농수산식품,가공식품,기타 조제식품,015520,2106903019,210690,2106,기타
농수산식품,농산물,종자·약용작물,015530,1211201311,121120,1211,본삼
농수산식품,농산물,종자·약용작물,015530,1211201319,121120,1211,기타
농수산식품,농산물,종자·약용작물,015530,1211201391,121120,1211,본삼
농수산식품,농산물,종자·약용작물,015530,1211201399,121120,1211,기타
농수산식품,농산물,종자·약용작물,015530,1211202210,121120,1211,가루
농수산식품,농산물,종자·약용작물,015530,1211202220,121120,1211,태블릿이나 캡슐
농수산식품,농산물,종자·약용작물,015530,1211202290,121120,1211,기타
농수산식품,가공식품,인삼류,015530,1302191210,130219,1302,인삼·홍삼
농수산식품,가공식품,인삼류,015530,2106903021,210690,2106,인삼·홍삼
농수산식품,가공식품,기타 조제식품,015530,2106903029,210690,2106,기타
농수산식품,가공식품,인삼류,015590,1211203100,121120,1211,인삼·홍삼
농수산식품,농산물,종자·약용작물,015590,1211209300,121120,1211,신선ㆍ냉장하거나 건조한 것
농수산식품,농산물,종자·약용작물,015590,1211209900,121120,1211,기타
농수산식품,농산물,식물성 추출·원료,015590,1302191900,130219,1302,기타
농수산식품,농산물,향신료,015600,0906110000,090611,0906,계피[신나모멈 제이나이쿰 블룸(Cinnamomum zeylanicum Blume)]
농수산식품,농산물,향신료,015600,0906190000,090619,0906,기타
농수산식품,농산물,향신료,015600,0906200000,090620,0906,부수거나 잘게 부순 것
농수산식품,농산물,향신료,015600,0907100000,090710,0907,부수지도 잘게 부수지도 않은 것
농수산식품,농산물,향신료,015600,0907200000,090720,0907,부수거나 잘게 부순 것
농수산식품,농산물,향신료,015600,0908110000,090811,0908,부수지도 잘게 부수지도 않은 것
농수산식품,농산물,향신료,015600,0908120000,090812,0908,부수거나 잘게 부순 것
농수산식품,농산물,향신료,015600,0908210000,090821,0908,부수지도 잘게 부수지도 않은 것
농수산식품,농산물,향신료,015600,0908220000,090822,0908,부수거나 잘게 부순 것
농수산식품,농산물,향신료,015600,0908310000,090831,0908,부수지도 잘게 부수지도 않은 것
농수산식품,농산물,향신료,015600,0908320000,090832,0908,부수거나 잘게 부순 것
농수산식품,농산물,향신료,015600,0909210000,090921,0909,부수지도 잘게 부수지도 않은 것
농수산식품,농산물,향신료,015600,0909220000,090922,0909,부수거나 잘게 부순 것
농수산식품,농산물,향신료,015600,0909310000,090931,0909,부수지도 잘게 부수지도 않은 것
농수산식품,농산물,향신료,015600,0909320000,090932,0909,부수거나 잘게 부순 것
농수산식품,농산물,향신료,015600,0909611000,090961,0909,아니스(anise)나 대회향(大茴香)의 씨
농수산식품,농산물,향신료,015600,0909612000,090961,0909,캐러웨이(caraway)의 씨
농수산식품,농산물,향신료,015600,0909613000,090961,0909,회향(茴香)의 씨와 주니퍼(juniper)의 열매
농수산식품,농산물,향신료,015600,0909621000,090962,0909,아니스(anise)나 대회향(大茴香)의 씨
농수산식품,농산물,향신료,015600,0909622000,090962,0909,캐러웨이(caraway)의 씨
농수산식품,농산물,향신료,015600,0909623000,090962,0909,회향(茴香)의 씨와 주니퍼(juniper)의 열매
농수산식품,농산물,종자·약용작물,015600,1211301000,121130,1211,신선ㆍ냉장하거나 건조한 것
농수산식품,농산물,종자·약용작물,015600,1211309000,121130,1211,기타
농수산식품,농산물,종자·약용작물,015600,1211401000,121140,1211,신선ㆍ냉장하거나 건조한 것
농수산식품,농산물,종자·약용작물,015600,1211409000,121140,1211,기타
농수산식품,농산물,종자·약용작물,015600,1211501000,121150,1211,신선ㆍ냉장하거나 건조한 것
농수산식품,농산물,종자·약용작물,015600,1211509000,121150,1211,기타
농수산식품,농산물,종자·약용작물,015600,1211601000,121160,1211,신선ㆍ냉장하거나 건조한 것
농수산식품,농산물,종자·약용작물,015600,1211901100,121190,1211,부자(附子)
농수산식품,농산물,종자·약용작물,015600,1211901200,121190,1211,황련(黃連)
농수산식품,농산물,종자·약용작물,015600,1211901300,121190,1211,원지(遠志)
농수산식품,농산물,종자·약용작물,015600,1211901400,121190,1211,패모(貝母)
농수산식품,농산물,종자·약용작물,015600,1211901500,121190,1211,두충(杜沖)
농수산식품,농산물,종자·약용작물,015600,1211901600,121190,1211,감초
농수산식품,농산물,종자·약용작물,015600,1211901700,121190,1211,사인(砂仁)
농수산식품,농산물,종자·약용작물,015600,1211901800,121190,1211,산조인(酸棗仁)
농수산식품,농산물,종자·약용작물,015600,1211901910,121190,1211,용안육(龍眼肉)
농수산식품,농산물,종자·약용작물,015600,1211901920,121190,1211,산사자(山査子)
농수산식품,농산물,종자·약용작물,015600,1211901930,121190,1211,연자육(蓮子肉)
농수산식품,농산물,종자·약용작물,015600,1211901940,121190,1211,박하
농수산식품,농산물,종자·약용작물,015600,1211901960,121190,1211,건조한 도라지
농수산식품,농산물,종자·약용작물,015600,1211901970,121190,1211,구기자
농수산식품,농산물,종자·약용작물,015600,1211901980,121190,1211,오미자
농수산식품,농산물,종자·약용작물,015600,1211901991,121190,1211,사군자(使君子)
농수산식품,농산물,종자·약용작물,015600,1211901992,121190,1211,백수오
농수산식품,농산물,종자·약용작물,015600,1211901993,121190,1211,하수오
농수산식품,농산물,종자·약용작물,015600,1211901999,121190,1211,기타
농수산식품,농산물,종자·약용작물,015600,1211909010,121190,1211,식용에 적합한 것
농수산식품,가공식품,소주,015710,2208904000,220890,2208,소주
농수산식품,가공식품,맥주,015720,2203000000,220300,2203,맥주
농수산식품,가공식품,인삼류,015730,2208701000,220870,2208,인삼·홍삼
농수산식품,가공식품,와인,015740,2204100000,220410,2204,발포성(發泡性) 포도주
농수산식품,가공식품,와인,015740,2204211000,220421,2204,붉은 포도주
농수산식품,가공식품,와인,015740,2204212000,220421,2204,흰 포도주
농수산식품,가공식품,와인,015740,2204219000,220421,2204,기타
농수산식품,가공식품,와인,015740,2204221000,220422,2204,붉은 포도주
농수산식품,가공식품,와인,015740,2204222000,220422,2204,흰 포도주
농수산식품,가공식품,와인,015740,2204229000,220422,2204,기타
농수산식품,가공식품,와인,015740,2204291000,220429,2204,붉은 포도주
농수산식품,가공식품,와인,015740,2204292000,220429,2204,흰 포도주
농수산식품,가공식품,와인,015740,2204299000,220429,2204,기타
농수산식품,가공식품,와인,015740,2204300000,220430,2204,그 밖의 포도즙
농수산식품,가공식품,주류,015750,2208301000,220830,2208,스카치 위스키
농수산식품,가공식품,주류,015750,2208302000,220830,2208,버본 위스키
농수산식품,가공식품,주류,015750,2208303000,220830,2208,라이(rye) 위스키
농수산식품,가공식품,주류,015750,2208309000,220830,2208,기타
농수산식품,가공식품,주류,015760,2208400000,220840,2208,럼(rum)과 발효된 사탕수수제품을 증류하여 얻은 그 밖의 증류주
농수산식품,가공식품,주류,015760,2208500000,220850,2208,진(gin)과 제네바(geneva)
농수산식품,가공식품,주류,015760,2208901000,220890,2208,브랜디류(소호 제2208.20호의 것은 제외한다)
농수산식품,가공식품,주류,015790,2205100000,220510,2205,2리터 이하의 용기에 넣은 것
농수산식품,가공식품,주류,015790,2205900000,220590,2205,기타
농수산식품,가공식품,주류,015790,2206001010,220600,2206,사과술
농수산식품,가공식품,주류,015790,2206001020,220600,2206,배술
농수산식품,가공식품,주류,015790,2206001090,220600,2206,기타
농수산식품,가공식품,주류,015790,2206002010,220600,2206,청주
농수산식품,가공식품,주류,015790,2206002020,220600,2206,약주
농수산식품,가공식품,주류,015790,2206002030,220600,2206,탁주
농수산식품,가공식품,주류,015790,2206002090,220600,2206,기타
농수산식품,가공식품,주류,015790,2206009010,220600,2206,"와인쿨러(제2009호나 제2202호의 물품을 첨가한 것으로 한정하며, 포도를 원료로 한 것을 포함한다)"
농수산식품,가공식품,주류,015790,2206009090,220600,2206,기타
농수산식품,가공식품,주류,015790,2207101000,220710,2207,조주정(粗酒精)
농수산식품,가공식품,주류,015790,2207109010,220710,2207,주류 제조용 발효주정
농수산식품,가공식품,주류,015790,2207109090,220710,2207,기타
농수산식품,가공식품,주류,015790,2207200000,220720,2207,변성 에틸알코올과 그 밖의 변성 주정(알코올의 용량은 상관없다)
농수산식품,가공식품,주류,015790,2208201000,220820,2208,꼬냑
농수산식품,가공식품,주류,015790,2208209000,220820,2208,기타
농수산식품,가공식품,주류,015790,2208600000,220860,2208,보드카
농수산식품,가공식품,주류,015790,2208702000,220870,2208,오가피주
농수산식품,가공식품,주류,015790,2208709000,220870,2208,기타
농수산식품,가공식품,주류,015790,2208906000,220890,2208,고량주
농수산식품,가공식품,주류,015790,2208907000,220890,2208,데낄라
농수산식품,가공식품,주류,015790,2208909000,220890,2208,기타
농수산식품,가공식품,당류,015810,1701121000,170112,1701,편광도수가 98.5도 이하인 것
농수산식품,가공식품,당류,015810,1701122000,170112,1701,편광도수가 98.5도를 초과하는 것
농수산식품,가공식품,당류,015810,1701130000,170113,1701,이 류의 소호주 제2호에 규정된 사탕수수당
농수산식품,가공식품,당류,015810,1701141000,170114,1701,편광도수가 98.5도 이하인 것
농수산식품,가공식품,당류,015810,1701142000,170114,1701,편광도수가 98.5도를 초과하는 것
농수산식품,가공식품,당류,015820,1701910000,170191,1701,향미제(香味劑)나 착색제가 첨가된 것
농수산식품,가공식품,당류,015820,1701990000,170199,1701,기타
농수산식품,가공식품,당류,015830,1703101000,170310,1703,주정 제조용
농수산식품,가공식품,당류,015830,1703109000,170310,1703,기타
농수산식품,가공식품,당류,015830,1703901000,170390,1703,주정 제조용
농수산식품,가공식품,당류,015830,1703909000,170390,1703,기타
농수산식품,가공식품,당류,015890,1702119000,170211,1702,유당(乳糖)시럽
농수산식품,가공식품,당류,015890,1702199000,170219,1702,유당(乳糖)시럽
농수산식품,가공식품,당류,015890,1702201000,170220,1702,단풍당
농수산식품,가공식품,당류,015890,1702202000,170220,1702,단풍당시럽
농수산식품,가공식품,당류,015890,1702302000,170230,1702,포도당시럽
농수산식품,가공식품,당류,015890,1702402000,170240,1702,포도당시럽
농수산식품,가공식품,당류,015890,1702500000,170250,1702,화학적으로 순수한 과당
농수산식품,가공식품,당류,015890,1702602000,170260,1702,과당시럽
농수산식품,가공식품,당류,015890,1702902000,170290,1702,캐러멜당
농수산식품,가공식품,당류,015890,1702909000,170290,1702,기타
농수산식품,기타,기타 농수산식품,015910,2201100000,220110,2201,광천수와 탄산수
농수산식품,기타,기타 농수산식품,015910,2201901000,220190,2201,얼음과 눈
농수산식품,기타,기타 농수산식품,015910,2201909000,220190,2201,기타
농수산식품,가공식품,음료,015910,2202101000,220210,2202,색깔을 입힌 것
농수산식품,가공식품,음료,015910,2202109000,220210,2202,기타
농수산식품,가공식품,기타 조제식품,015920,2106901010,210690,2106,콜라 베이스
농수산식품,가공식품,음료,015920,2106901020,210690,2106,과일향의 음료베이스
농수산식품,가공식품,기타 조제식품,015920,2106901090,210690,2106,기타
농수산식품,가공식품,인삼류,015930,2202991000,220299,2202,인삼·홍삼
농수산식품,농림수산 연관제품,기타 농림수산 연관제품,015930,3301904510,330190,3301,백삼에서 추출한 것
농수산식품,가공식품,인삼류,015930,3301904520,330190,3301,인삼·홍삼
농수산식품,가공식품,인삼류,015930,3301904530,330190,3301,인삼·홍삼
농수산식품,가공식품,과채가공품,015940,2009110000,200911,2009,냉동한 것
농수산식품,가공식품,과채가공품,015940,2009120000,200912,2009,냉동하지 않은 것으로서 브릭스(Brix) 값이 20 이하인 것
농수산식품,가공식품,과채가공품,015940,2009190000,200919,2009,기타
농수산식품,가공식품,과채가공품,015940,2009210000,200921,2009,브릭스(Brix) 값이 20 이하인 것
농수산식품,가공식품,과채가공품,015940,2009290000,200929,2009,기타
농수산식품,가공식품,음료,015940,2009311000,200931,2009,레몬주스
농수산식품,가공식품,음료,015940,2009312000,200931,2009,라임주스
농수산식품,가공식품,과채가공품,015940,2009319000,200931,2009,기타
농수산식품,가공식품,음료,015940,2009391000,200939,2009,레몬주스
농수산식품,가공식품,음료,015940,2009392000,200939,2009,라임주스
농수산식품,가공식품,과채가공품,015940,2009399000,200939,2009,기타
농수산식품,가공식품,과채가공품,015940,2009410000,200941,2009,브릭스(Brix) 값이 20 이하인 것
농수산식품,가공식품,과채가공품,015940,2009490000,200949,2009,기타
농수산식품,가공식품,과채가공품,015940,2009610000,200961,2009,브릭스(Brix) 값이 30 이하인 것
농수산식품,가공식품,과채가공품,015940,2009690000,200969,2009,기타
농수산식품,가공식품,과채가공품,015940,2009710000,200971,2009,브릭스(Brix) 값이 20 이하인 것
농수산식품,가공식품,과채가공품,015940,2009790000,200979,2009,기타
농수산식품,가공식품,음료,015940,2009810000,200981,2009,"크랜베리(cranberry)[바치니움 매크로카르폰(Vaccinium macrocarpon)ㆍ바치니움 옥시코코스(Vaccinium oxycoccos)] 주스, 링곤베리(lingonberry)[바치니움 비티스-이다에아(Vaccinium vitis-idaea)] 주스"
농수산식품,가공식품,음료,015940,2009891010,200989,2009,복숭아주스
농수산식품,가공식품,음료,015940,2009891020,200989,2009,딸기주스
농수산식품,가공식품,음료,015940,2009891030,200989,2009,코코넛 주스(코코넛 워터를 포함한다)
농수산식품,가공식품,과채가공품,015940,2009891090,200989,2009,기타
농수산식품,가공식품,음료,015940,2009901010,200990,2009,오렌지주스를 주요 재료로 만든 것
농수산식품,가공식품,음료,015940,2009901020,200990,2009,사과주스를 주요 재료로 만든 것
농수산식품,가공식품,음료,015940,2009901030,200990,2009,포도주스를 주요 재료로 만든 것
농수산식품,가공식품,과채가공품,015940,2009901090,200990,2009,기타
농수산식품,가공식품,음료,015940,2202992000,220299,2202,과실주스 음료
농수산식품,가공식품,음료,015990,2009500000,200950,2009,토마토주스
농수산식품,가공식품,음료,015990,2009892000,200989,2009,채소 주스
농수산식품,가공식품,과채가공품,015990,2009902000,200990,2009,채소로 만든 것
농수산식품,가공식품,과채가공품,015990,2009909000,200990,2009,기타
농수산식품,가공식품,기타 조제식품,015990,2106902000,210690,2106,당시럽[향미제(香味劑)나 착색제를 첨가한 것으로 한정한다]
농수산식품,가공식품,음료,015990,2202910000,220291,2202,알코올을 함유하지 않은 맥주
농수산식품,가공식품,음료,015990,2202993000,220299,2202,식혜
농수산식품,가공식품,음료,015990,2202999000,220299,2202,기타
농수산식품,가공식품,과자류,016110,1704100000,170410,1704,추잉껌(당을 도포하였는지에 상관없다)
농수산식품,가공식품,과자류,016120,1704901000,170490,1704,감초 추출물(과자로 만들어진 것은 제외한다)
농수산식품,가공식품,과자류,016120,1704902010,170490,1704,드롭스(drops)
농수산식품,가공식품,과자류,016120,1704902020,170490,1704,캐러멜
농수산식품,가공식품,과자류,016120,1704902090,170490,1704,기타
농수산식품,가공식품,과자류,016120,1704909000,170490,1704,기타
농수산식품,가공식품,과자류,016130,1905310000,190531,1905,스위트 비스킷
농수산식품,가공식품,면류·곡물가공식품,016130,1905901020,190590,1905,건빵
농수산식품,가공식품,과자류,016130,1905901040,190590,1905,"비스킷, 쿠키와 크래커"
농수산식품,가공식품,과자류,016130,1905901050,190590,1905,쌀과자
농수산식품,가공식품,코코아·초콜릿,016200,1806902111,180690,1806,조제 분유
농수산식품,가공식품,코코아·초콜릿,016200,1806902119,180690,1806,기타
농수산식품,가공식품,코코아·초콜릿,016200,1806902191,180690,1806,오트밀의 것
농수산식품,가공식품,코코아·초콜릿,016200,1806902199,180690,1806,기타
농수산식품,가공식품,코코아·초콜릿,016200,1806902210,180690,1806,보릿가루의 것
농수산식품,가공식품,코코아·초콜릿,016200,1806902910,180690,1806,맥아 추출물(extract)의 것
농수산식품,가공식품,코코아·초콜릿,016200,1806902920,180690,1806,제0401호부터 제0404호까지에 해당하는 물품의 조제 식료품
농수산식품,가공식품,코코아·초콜릿,016200,1806902991,180690,1806,오트밀의 것
농수산식품,가공식품,코코아·초콜릿,016200,1806902992,180690,1806,보릿가루의 것
농수산식품,가공식품,코코아·초콜릿,016200,1806903010,180690,1806,곡물이나 곡물 가공품을 팽창시키거나 볶아서 얻은 조제 식료품
농수산식품,가공식품,코코아·초콜릿,016200,1806903091,180690,1806,낱알 모양의 쌀
농수산식품,가공식품,코코아·초콜릿,016200,1806903099,180690,1806,기타
농수산식품,가공식품,면류·곡물가공식품,016200,1901109010,190110,1901,오트밀의 것
농수산식품,가공식품,면류·곡물가공식품,016200,1901109090,190110,1901,기타
농수산식품,가공식품,면류·곡물가공식품,016200,1904101000,190410,1904,콘 플레이크(corn flake)
농수산식품,가공식품,면류·곡물가공식품,016200,1904102000,190410,1904,콘 칩
농수산식품,가공식품,쌀가공식품,016200,1904103000,190410,1904,튀긴 쌀
농수산식품,가공식품,면류·곡물가공식품,016200,1904109000,190410,1904,기타
농수산식품,가공식품,면류·곡물가공식품,016200,1904201000,190420,1904,무슬리(Musli) 형태의 조제 식료품
농수산식품,가공식품,면류·곡물가공식품,016200,1904209000,190420,1904,기타
농수산식품,가공식품,면류·곡물가공식품,016200,1904300000,190430,1904,불거 밀(bulgur wheat)
농수산식품,가공식품,쌀가공식품,016200,1904901010,190490,1904,찌거나 삶은 쌀
농수산식품,가공식품,면류·곡물가공식품,016200,1904901090,190490,1904,기타
농수산식품,가공식품,면류·곡물가공식품,016200,1904909000,190490,1904,기타
농수산식품,가공식품,면류·곡물가공식품,016300,1905100000,190510,1905,귀리빵
농수산식품,가공식품,과자류,016300,1905200000,190520,1905,생강과자(gingerbread)와 그 밖에 이와 유사한 것
농수산식품,가공식품,면류·곡물가공식품,016300,1905320000,190532,1905,와플과 웨이퍼
농수산식품,가공식품,면류·곡물가공식품,016300,1905400000,190540,1905,러스크(rusk)ㆍ토스트 빵과 그 밖에 이와 유사한 토스트 물품
농수산식품,가공식품,면류·곡물가공식품,016300,1905901010,190590,1905,빵
농수산식품,가공식품,면류·곡물가공식품,016300,1905901030,190590,1905,페이스트리와 케이크
농수산식품,가공식품,면류·곡물가공식품,016300,1905901090,190590,1905,기타
농수산식품,가공식품,면류·곡물가공식품,016400,1902111000,190211,1902,스파게티
농수산식품,가공식품,면류·곡물가공식품,016400,1902112000,190211,1902,마카로니
농수산식품,가공식품,면류·곡물가공식품,016400,1902119000,190211,1902,기타
농수산식품,가공식품,면류·곡물가공식품,016400,1902191000,190219,1902,국수
농수산식품,가공식품,면류·곡물가공식품,016400,1902192000,190219,1902,당면
농수산식품,가공식품,면류·곡물가공식품,016400,1902193000,190219,1902,냉면
농수산식품,가공식품,면류·곡물가공식품,016400,1902199000,190219,1902,기타
농수산식품,가공식품,면류·곡물가공식품,016400,1902200000,190220,1902,속을 채운 파스타(조리한 것인지 또는 그 밖의 방법으로 조제한 것인지에 상관없다)
농수산식품,가공식품,라면,016400,1902301010,190230,1902,라면
농수산식품,가공식품,면류·곡물가공식품,016400,1902301090,190230,1902,기타
농수산식품,가공식품,면류·곡물가공식품,016400,1902309000,190230,1902,기타
농수산식품,가공식품,면류·곡물가공식품,016400,1902400000,190240,1902,쿠스쿠스(couscous)
농수산식품,가공식품,아이스크림,016500,2105001010,210500,2105,코코아를 함유하지 않은 것
농수산식품,가공식품,아이스크림,016500,2105001090,210500,2105,기타
농수산식품,가공식품,아이스크림,016500,2105009010,210500,2105,코코아를 함유하지 않은 것
농수산식품,가공식품,아이스크림,016500,2105009090,210500,2105,기타
농수산식품,축산물,유제품,016900,0403201000,040320,0403,액체 상태인 것
농수산식품,축산물,유제품,016900,0403202000,040320,0403,냉동한 것
농수산식품,축산물,유제품,016900,0403209000,040320,0403,기타
농수산식품,농산물,과실류,016900,0813500000,081350,0813,이 류의 견과류나 건조한 과실의 혼합물
농수산식품,가공식품,코코아·초콜릿,016900,1806902999,180690,1806,기타
농수산식품,가공식품,면류·곡물가공식품,016900,1901901000,190190,1901,맥아 추출물(extract)
농수산식품,가공식품,면류·곡물가공식품,016900,1901902010,190190,1901,지방분이 전 중량의 100분의 30 이하인 것
농수산식품,가공식품,면류·곡물가공식품,016900,1901902020,190190,1901,지방분이 전 중량의 100분의 30을 초과하는 것
농수산식품,가공식품,면류·곡물가공식품,016900,1901909010,190190,1901,오트밀
농수산식품,가공식품,쌀가공식품,016900,1901909091,190190,1901,쌀가루의 것
농수산식품,가공식품,면류·곡물가공식품,016900,1901909092,190190,1901,보릿가루의 것
농수산식품,가공식품,면류·곡물가공식품,016900,1901909099,190190,1901,기타
농수산식품,가공식품,면류·곡물가공식품,016900,1905909010,190590,1905,제약용에 적합한 빈 캡슐
농수산식품,가공식품,면류·곡물가공식품,016900,1905909020,190590,1905,라이스 페이퍼
농수산식품,가공식품,면류·곡물가공식품,016900,1905909090,190590,1905,기타
농수산식품,가공식품,과채가공품,016900,2001901000,200190,2001,과실과 견과류
농수산식품,가공식품,김치,016900,2005991000,200599,2005,김치
농수산식품,가공식품,과채가공품,016900,2007100000,200710,2007,균질화한 조제품
농수산식품,가공식품,과채가공품,016900,2007911000,200791,2007,잼ㆍ과실젤리와 마멀레이드(marmalade)
농수산식품,가공식품,과채가공품,016900,2007919000,200791,2007,기타
농수산식품,가공식품,과채가공품,016900,2007991000,200799,2007,잼ㆍ과실젤리와 마멀레이드(marmalade)
농수산식품,가공식품,과채가공품,016900,2007999000,200799,2007,기타
농수산식품,가공식품,과채가공품,016900,2008192000,200819,2008,코코넛
농수산식품,가공식품,과채가공품,016900,2008193000,200819,2008,볶은 참깨가루
농수산식품,가공식품,과채가공품,016900,2008199000,200819,2008,기타
농수산식품,가공식품,과채가공품,016900,2008200000,200820,2008,파인애플
농수산식품,가공식품,과채가공품,016900,2008301000,200830,2008,유자
농수산식품,가공식품,과채가공품,016900,2008309000,200830,2008,기타
농수산식품,가공식품,과채가공품,016900,2008400000,200840,2008,배
농수산식품,가공식품,과채가공품,016900,2008500000,200850,2008,살구
농수산식품,가공식품,과채가공품,016900,2008600000,200860,2008,체리
농수산식품,가공식품,과채가공품,016900,2008701000,200870,2008,설탕을 첨가하여 밀폐용기에 넣은 것
농수산식품,가공식품,과채가공품,016900,2008709000,200870,2008,기타
농수산식품,가공식품,과채가공품,016900,2008800000,200880,2008,초본류 딸기
농수산식품,가공식품,과채가공품,016900,2008910000,200891,2008,팜 하트(palm heart)
농수산식품,가공식품,과채가공품,016900,2008930000,200893,2008,"크랜베리(cranberry)[바치니움 매크로카르폰(Vaccinium macrocarpon)ㆍ바치니움 옥시코코스(Vaccinium oxycoccos), 링곤베리(lingonberry)[바치니움 비티스-이다에아(Vaccinium vitis-idaea)]"
농수산식품,가공식품,과채가공품,016900,2008971010,200897,2008,설탕을 첨가한 밀폐용기에 넣은 것
농수산식품,가공식품,과채가공품,016900,2008971090,200897,2008,기타
농수산식품,가공식품,과채가공품,016900,2008972000,200897,2008,과실 샐러드
농수산식품,가공식품,과채가공품,016900,2008979000,200897,2008,기타
농수산식품,가공식품,과채가공품,016900,2008991000,200899,2008,포도
농수산식품,가공식품,과채가공품,016900,2008992000,200899,2008,사과
농수산식품,가공식품,과채가공품,016900,2008993000,200899,2008,팝콘
농수산식품,가공식품,과채가공품,016900,2008994000,200899,2008,소금에 절인 초피
농수산식품,가공식품,과채가공품,016900,2008999000,200899,2008,기타
농수산식품,가공식품,기타 조제식품,016900,2101201000,210120,2101,설탕ㆍ레몬이나 이들의 대용물을 함유한 것
농수산식품,가공식품,기타 조제식품,016900,2101209011,210120,2101,티백 포장의 것
농수산식품,가공식품,기타 조제식품,016900,2101209019,210120,2101,기타
농수산식품,가공식품,기타 조제식품,016900,2101209090,210120,2101,기타
농수산식품,가공식품,기타 조제식품,016900,2101301000,210130,2101,보리의 것
농수산식품,가공식품,기타 조제식품,016900,2101309000,210130,2101,기타
농수산식품,가공식품,기타 조제식품,016900,2104109000,210410,2104,기타
농수산식품,가공식품,기타 조제식품,016900,2104200000,210420,2104,균질화한 혼합 조제 식료품
농수산식품,가공식품,기타 조제식품,016900,2106101000,210610,2106,두부
농수산식품,가공식품,기타 조제식품,016900,2106109020,210610,2106,단백질 농축물
농수산식품,가공식품,기타 조제식품,016900,2106109030,210610,2106,텍스처화한(textured) 단백질계 물질
농수산식품,가공식품,기타 조제식품,016900,2106909050,210690,2106,향미(香味)용 조제품
농수산식품,가공식품,기타 조제식품,016900,2106909070,210690,2106,알로에를 기본 재료로 한 조제품
농수산식품,가공식품,음료,016900,2106909080,210690,2106,"음료 제조용 조제품[방향성(芳香性) 물질을 기본 재료로 한 것은 제외하며, 알코올 용량이 전 용량의 100분의 0.5를 초과하는 것으로 한정한다]"
농수산식품,가공식품,주류,016900,2209001000,220900,2209,양조식초
농수산식품,가공식품,주류,016900,2209009000,220900,2209,기타
농수산식품,농산물,종자·약용작물,017000,1209100000,120910,1209,사탕무 종자
농수산식품,농산물,종자·약용작물,017000,1209210000,120921,1209,루우산(lucerne)(알팔파) 종자
농수산식품,농산물,종자·약용작물,017000,1209220000,120922,1209,클로버(clover)[트리폴리엄(Trifolium)속] 종자
농수산식품,농산물,종자·약용작물,017000,1209230000,120923,1209,페스큐(fescue) 종자
농수산식품,농산물,종자·약용작물,017000,1209240000,120924,1209,켄터키블루그래스(kentucky blue grass)[포아프래텐시스 엘(Poa pratensis L.)] 종자
농수산식품,농산물,종자·약용작물,017000,1209250000,120925,1209,라이그래스(rye grass) 종자[로리엄 멀티플로럼 램(Lolium multiflorum Lam)ㆍ로리엄 페레네 엘(Lolium perenne L.)]
농수산식품,농산물,종자·약용작물,017000,1209291000,120929,1209,루핀(lupine) 종자
농수산식품,농산물,종자·약용작물,017000,1209292000,120929,1209,수단그래스(Sudan grass) 종자
농수산식품,농산물,종자·약용작물,017000,1209293000,120929,1209,오차드그래스(orchard grass) 종자
농수산식품,농산물,종자·약용작물,017000,1209299000,120929,1209,기타
농수산식품,농산물,종자·약용작물,017000,1209300000,120930,1209,화초용 초본(草本)식물의 종자
농수산식품,농산물,종자·약용작물,017000,1209911010,120991,1209,양파 종자
농수산식품,농산물,종자·약용작물,017000,1209911090,120991,1209,기타
농수산식품,농산물,종자·약용작물,017000,1209912000,120991,1209,무 종자
농수산식품,농산물,종자·약용작물,017000,1209913000,120991,1209,고추ㆍ단고추류(Capsicum annuum)의 종자
농수산식품,농산물,종자·약용작물,017000,1209914000,120991,1209,양배추 종자
농수산식품,농산물,종자·약용작물,017000,1209915000,120991,1209,토마토 종자
농수산식품,농산물,종자·약용작물,017000,1209919000,120991,1209,기타
농수산식품,농산물,종자·약용작물,017000,1211203200,121120,1211,종자
농수산식품,축산물,기타 축산물,019000,0511999010,051199,0511,잠종(蠶種)
농수산식품,축산물,기타 축산물,019000,0511999020,051199,0511,누에번데기
농수산식품,농림수산 연관제품,기타 농림수산 연관제품,019000,5001000000,500100,5001,누에고치(생사를 뽑는 데에 적합한 것으로 한정한다)
농수산식품,농림수산 연관제품,기타 농림수산 연관제품,019000,5003001000,500300,5003,카드(card)하지도 코움(comb)하지도 않은 것
농수산식품,농림수산 연관제품,기타 농림수산 연관제품,019000,5003009000,500300,5003,기타
농수산식품,축산물,가축,021110,0102211000,010221,0102,젖소
농수산식품,축산물,가축,021110,0102212000,010221,0102,육우(肉牛)
농수산식품,축산물,가축,021110,0102219000,010221,0102,기타
농수산식품,축산물,가축,021110,0102291000,010229,0102,젖소
농수산식품,축산물,가축,021110,0102292000,010229,0102,육우(肉牛)
농수산식품,축산물,가축,021110,0102299000,010229,0102,기타
농수산식품,축산물,가축,021110,0102310000,010231,0102,번식용
농수산식품,축산물,가축,021110,0102391000,010239,0102,젖소
농수산식품,축산물,가축,021110,0102392000,010239,0102,육우(肉牛)
농수산식품,축산물,가축,021110,0102399000,010239,0102,기타
농수산식품,축산물,가축,021110,0102901000,010290,0102,번식용
농수산식품,축산물,가축,021110,0102909010,010290,0102,젖소
농수산식품,축산물,가축,021110,0102909020,010290,0102,육우(肉牛)
농수산식품,축산물,가축,021110,0102909090,010290,0102,기타
농수산식품,축산물,가축,021120,0103100000,010310,0103,번식용
농수산식품,축산물,가축,021120,0103910000,010391,0103,중량이 50킬로그램 미만인 것
농수산식품,축산물,가축,021120,0103920000,010392,0103,중량이 50킬로그램 이상인 것
농수산식품,축산물,가축,021130,0101211000,010121,0101,농가 사육용
농수산식품,축산물,가축,021130,0101291000,010129,0101,경주말
농수산식품,축산물,가축,021130,0101299000,010129,0101,기타
농수산식품,축산물,가축,021190,0101219000,010121,0101,기타
농수산식품,축산물,가축,021190,0101300000,010130,0101,당나귀
농수산식품,축산물,가축,021190,0101900000,010190,0101,기타
농수산식품,축산물,가축,021190,0104101000,010410,0104,번식용
농수산식품,축산물,가축,021190,0104109000,010410,0104,기타
농수산식품,축산물,가축,021190,0104201000,010420,0104,젖염소
농수산식품,축산물,가축,021190,0104209000,010420,0104,기타
농수산식품,축산물,가축,021190,0106141000,010614,0106,번식용
농수산식품,축산물,가축,021190,0106149000,010614,0106,기타
농수산식품,축산물,가축,021190,0106191000,010619,0106,개
농수산식품,축산물,가축,021190,0106193000,010619,0106,사슴
농수산식품,축산물,가축,021210,0105111000,010511,0105,번식용
농수산식품,축산물,가축,021210,0105119000,010511,0105,기타
농수산식품,축산물,가축,021210,0105941000,010594,0105,번식용
농수산식품,축산물,가축,021210,0105949000,010594,0105,기타
농수산식품,축산물,가축,021220,0105131000,010513,0105,번식용
농수산식품,축산물,가축,021220,0105139000,010513,0105,기타
농수산식품,축산물,가축,021220,0105991010,010599,0105,번식용
농수산식품,축산물,가축,021220,0105991090,010599,0105,기타
농수산식품,축산물,가축,021230,0105120000,010512,0105,칠면조
농수산식품,축산물,가축,021230,0105992000,010599,0105,칠면조
농수산식품,축산물,가축,021290,0105140000,010514,0105,거위
농수산식품,축산물,가축,021290,0105150000,010515,0105,기니아새
농수산식품,축산물,가축,021290,0105999000,010599,0105,기타
농수산식품,축산물,가축,021900,0106110000,010611,0106,영장류
농수산식품,축산물,가축,021900,0106121000,010612,0106,"고래ㆍ돌고래ㆍ쇠돌고래(고래목의 포유동물), 매너티ㆍ듀공(바다소목의 포유동물)"
농수산식품,축산물,가축,021900,0106122000,010612,0106,"물개, 바다사자와 바다코끼리(기각아목의 포유동물)"
농수산식품,축산물,가축,021900,0106130000,010613,0106,낙타와 그 밖의 낙타과의 동물[카멜리대(Camelidae)과]
농수산식품,축산물,가축,021900,0106194000,010619,0106,곰
농수산식품,축산물,가축,021900,0106195010,010619,0106,번식용
농수산식품,축산물,가축,021900,0106195090,010619,0106,기타
농수산식품,축산물,가축,021900,0106196010,010619,0106,번식용
농수산식품,축산물,가축,021900,0106196090,010619,0106,기타
농수산식품,축산물,가축,021900,0106199000,010619,0106,기타
농수산식품,축산물,가축,021900,0106201000,010620,0106,뱀
농수산식품,축산물,가축,021900,0106202000,010620,0106,자라
농수산식품,축산물,가축,021900,0106203000,010620,0106,거북
농수산식품,축산물,가축,021900,0106209000,010620,0106,기타
농수산식품,축산물,가축,021900,0106310000,010631,0106,맹금류
농수산식품,축산물,가축,021900,0106320000,010632,0106,앵무류[패럿류(parrots)ㆍ패러키트류(parakeets)ㆍ금강앵무류ㆍ유황앵무류를 포함한다]
농수산식품,축산물,가축,021900,0106330000,010633,0106,타조와 에뮤(emus)[드로마이어스 노배홀란디애(Dromaius novaehollandiae)]
농수산식품,축산물,가축,021900,0106390000,010639,0106,기타
농수산식품,축산물,가축,021900,0106410000,010641,0106,벌
농수산식품,축산물,가축,021900,0106490000,010649,0106,기타
농수산식품,축산물,가축,021900,0106901000,010690,0106,양서류
농수산식품,축산물,가축,021900,0106903090,010690,0106,기타
농수산식품,축산물,가축,021900,0106909000,010690,0106,기타
농수산식품,축산물,육류,022110,0201100000,020110,0201,도체(屠體)와 이분도체(二分屠體)
농수산식품,축산물,육류,022110,0201201000,020120,0201,갈비
농수산식품,축산물,육류,022110,0201209000,020120,0201,기타
농수산식품,축산물,육류,022110,0201300000,020130,0201,뼈 없는 것
농수산식품,축산물,육류,022110,0202100000,020210,0202,도체(屠體)와 이분도체(二分屠體)
농수산식품,축산물,육류,022110,0202201000,020220,0202,갈비
농수산식품,축산물,육류,022110,0202209000,020220,0202,기타
농수산식품,축산물,육류,022110,0202300000,020230,0202,뼈 없는 것
농수산식품,축산물,육류,022110,0206100000,020610,0206,소의 것(신선한 것이나 냉장한 것으로 한정한다)
농수산식품,축산물,육류,022110,0206210000,020621,0206,혀
농수산식품,축산물,육류,022110,0206220000,020622,0206,간
농수산식품,축산물,육류,022110,0206291000,020629,0206,꼬리
농수산식품,축산물,육류,022110,0206292000,020629,0206,족
농수산식품,축산물,육류,022110,0206299000,020629,0206,기타
농수산식품,축산물,육류,022110,0210201000,021020,0210,건조하거나 훈제한 것
농수산식품,축산물,육류,022110,0210209000,021020,0210,기타
농수산식품,축산물,육류,022110,0210991010,021099,0210,소의 것
농수산식품,축산가공품,육가공품,022110,1602501000,160250,1602,밀폐용기에 넣은 것
농수산식품,축산가공품,육가공품,022110,1602509000,160250,1602,기타
농수산식품,축산물,육류,022120,0203110000,020311,0203,도체(屠體)와 이분도체(二分屠體)
농수산식품,축산물,육류,022120,0203120000,020312,0203,넓적다리살ㆍ어깨살과 이를 절단한 것(뼈가 있는 것으로 한정한다)
농수산식품,축산물,육류,022120,0203191000,020319,0203,삼겹살
농수산식품,축산물,육류,022120,0203199000,020319,0203,기타
농수산식품,축산물,육류,022120,0203210000,020321,0203,도체(屠體)와 이분도체(二分屠體)
농수산식품,축산물,육류,022120,0203220000,020322,0203,넓적다리살ㆍ어깨살과 이를 절단한 것(뼈가 있는 것으로 한정한다)
농수산식품,축산물,육류,022120,0203291000,020329,0203,삼겹살
농수산식품,축산물,육류,022120,0203299000,020329,0203,기타
농수산식품,축산물,육류,022120,0206300000,020630,0206,돼지의 것(신선한 것이나 냉장한 것으로 한정한다)
농수산식품,축산물,육류,022120,0206410000,020641,0206,간
농수산식품,축산물,육류,022120,0206491000,020649,0206,족
농수산식품,축산물,육류,022120,0206499000,020649,0206,기타
농수산식품,축산물,육류,022120,0209100000,020910,0209,돼지의 것
농수산식품,축산물,육류,022120,0210110000,021011,0210,넓적다리살ㆍ어깨살과 이를 절단한 것(뼈가 있는 것으로 한정한다)
농수산식품,축산물,육류,022120,0210120000,021012,0210,복부살(삼겹살)과 이를 절단한 것
농수산식품,축산물,육류,022120,0210190000,021019,0210,기타
농수산식품,축산가공품,육가공품,022120,1602411000,160241,1602,밀폐용기에 넣은 것
농수산식품,축산가공품,육가공품,022120,1602419000,160241,1602,기타
농수산식품,축산가공품,육가공품,022120,1602421000,160242,1602,밀폐용기에 넣은 것
농수산식품,축산가공품,육가공품,022120,1602429000,160242,1602,기타
농수산식품,축산가공품,육가공품,022120,1602491000,160249,1602,밀폐용기에 넣은 것
농수산식품,축산가공품,육가공품,022120,1602499000,160249,1602,기타
농수산식품,축산물,육류,022130,0204100000,020410,0204,어린 면양의 도체(屠體)와 이분도체(二分屠體)(신선한 것이나 냉장한 것으로 한정한다)
농수산식품,축산물,육류,022130,0204210000,020421,0204,도체(屠體)와 이분도체(二分屠體)
농수산식품,축산물,육류,022130,0204220000,020422,0204,그 밖의 것으로서 뼈째로 절단한 것
농수산식품,축산물,육류,022130,0204230000,020423,0204,뼈 없는 것
농수산식품,축산물,육류,022130,0204300000,020430,0204,어린 면양의 도체(屠體)와 이분도체(二分屠體)(냉동한 것으로 한정한다)
농수산식품,축산물,육류,022130,0204410000,020441,0204,도체(屠體)와 이분도체(二分屠體)
농수산식품,축산물,육류,022130,0204420000,020442,0204,그 밖의 것으로서 뼈째로 절단한 것
농수산식품,축산물,육류,022130,0204430000,020443,0204,뼈 없는 것
농수산식품,축산물,육류,022130,0204500000,020450,0204,염소의 고기
농수산식품,축산물,육류,022190,0205000000,020500,0205,"말ㆍ당나귀ㆍ노새ㆍ버새의 고기(신선한 것, 냉장하거나 냉동한 것으로 한정한다)"
농수산식품,축산물,육류,022190,0206800000,020680,0206,기타(신선한 것이나 냉장한 것으로 한정한다)
농수산식품,축산물,육류,022190,0206900000,020690,0206,기타(냉동한 것으로 한정한다)
농수산식품,축산물,육류,022190,0208100000,020810,0208,토끼의 것
농수산식품,축산물,육류,022190,0208600000,020860,0208,낙타와 그 밖의 낙타과[카멜리대(Camelidae)과]의 것
농수산식품,축산물,육류,022190,0208901000,020890,0208,사슴의 것
농수산식품,축산물,육류,022210,0207110000,020711,0207,절단하지 않은 육(신선한 것이나 냉장한 것으로 한정한다)
농수산식품,축산물,육류,022210,0207120000,020712,0207,절단하지 않은 육(냉동한 것으로 한정한다)
농수산식품,축산물,육류,022210,0207131000,020713,0207,절단육
농수산식품,축산물,육류,022210,0207132010,020713,0207,간
농수산식품,축산물,육류,022210,0207132090,020713,0207,기타
농수산식품,축산물,육류,022210,0207141010,020714,0207,다리
농수산식품,축산물,육류,022210,0207141020,020714,0207,가슴
농수산식품,축산물,육류,022210,0207141030,020714,0207,날개
농수산식품,축산물,육류,022210,0207141090,020714,0207,기타
농수산식품,축산물,육류,022210,0207142010,020714,0207,간
농수산식품,축산물,육류,022210,0207142090,020714,0207,기타
농수산식품,축산가공품,육가공품,022210,1602321010,160232,1602,삼계탕
농수산식품,축산가공품,육가공품,022210,1602321090,160232,1602,기타
농수산식품,축산가공품,육가공품,022210,1602329000,160232,1602,기타
농수산식품,축산물,육류,022220,0207410000,020741,0207,절단하지 않은 육(신선한 것이나 냉장한 것으로 한정한다)
농수산식품,축산물,육류,022220,0207420000,020742,0207,절단하지 않은 육(냉동한 것으로 한정한다)
농수산식품,축산물,육류,022220,0207430000,020743,0207,지방간(신선한 것이나 냉장한 것으로 한정한다)
농수산식품,축산물,육류,022220,0207441000,020744,0207,절단육
농수산식품,축산물,육류,022220,0207442010,020744,0207,간
농수산식품,축산물,육류,022220,0207442090,020744,0207,기타
농수산식품,축산물,육류,022220,0207451000,020745,0207,절단육
농수산식품,축산물,육류,022220,0207452010,020745,0207,간
농수산식품,축산물,육류,022220,0207452090,020745,0207,기타
농수산식품,축산물,육류,022220,0207510000,020751,0207,절단하지 않은 육(신선한 것이나 냉장한 것으로 한정한다)
농수산식품,축산물,육류,022220,0207520000,020752,0207,절단하지 않은 육(냉동한 것으로 한정한다)
농수산식품,축산물,육류,022220,0207530000,020753,0207,지방간(신선한 것이나 냉장한 것으로 한정한다)
농수산식품,축산물,육류,022220,0207541000,020754,0207,절단육
농수산식품,축산물,육류,022220,0207542010,020754,0207,간
농수산식품,축산물,육류,022220,0207542090,020754,0207,기타
농수산식품,축산물,육류,022220,0207551000,020755,0207,절단육
농수산식품,축산물,육류,022220,0207552010,020755,0207,간
농수산식품,축산물,육류,022220,0207552090,020755,0207,기타
농수산식품,축산물,육류,022220,0207601000,020760,0207,절단하지 않은 육(신선한 것이나 냉장한 것으로 한정한다)
농수산식품,축산물,육류,022220,0207602000,020760,0207,절단하지 않은 육(냉동한 것으로 한정한다)
농수산식품,축산물,육류,022220,0207603100,020760,0207,절단육
농수산식품,축산물,육류,022220,0207603210,020760,0207,간
농수산식품,축산물,육류,022220,0207603290,020760,0207,기타
농수산식품,축산물,육류,022220,0207604100,020760,0207,절단육
농수산식품,축산물,육류,022220,0207604210,020760,0207,간
농수산식품,축산물,육류,022220,0207604290,020760,0207,기타
농수산식품,축산물,육류,022230,0207240000,020724,0207,절단하지 않은 육(신선한 것이나 냉장한 것으로 한정한다)
농수산식품,축산물,육류,022230,0207250000,020725,0207,절단하지 않은 육(냉동한 것으로 한정한다)
농수산식품,축산물,육류,022230,0207261000,020726,0207,절단육
농수산식품,축산물,육류,022230,0207262010,020726,0207,간
농수산식품,축산물,육류,022230,0207262090,020726,0207,기타
농수산식품,축산물,육류,022230,0207271000,020727,0207,절단육
농수산식품,축산물,육류,022230,0207272010,020727,0207,간
농수산식품,축산물,육류,022230,0207272090,020727,0207,기타
농수산식품,축산가공품,육가공품,022230,1602311000,160231,1602,밀폐용기에 넣은 것
농수산식품,축산가공품,육가공품,022230,1602319000,160231,1602,기타
농수산식품,축산물,육류,022290,0209900000,020990,0209,기타
농수산식품,축산물,육류,022290,0210999020,021099,0210,가금(家禽)류의 것
농수산식품,축산가공품,육가공품,022290,1602391000,160239,1602,밀폐용기에 넣은 것
농수산식품,축산가공품,육가공품,022290,1602399000,160239,1602,기타
농수산식품,축산물,유제품,022910,0410100000,041010,0410,곤충
농수산식품,축산물,육류,022990,0208300000,020830,0208,영장류의 것
농수산식품,축산물,육류,022990,0208500000,020850,0208,파충류의 것(뱀과 거북을 포함한다)
농수산식품,축산물,육류,022990,0208909090,020890,0208,기타
농수산식품,축산물,육류,022990,0210910000,021091,0210,영장류의 것
농수산식품,축산물,육류,022990,0210921000,021092,0210,"고래  돌고래ㆍ쇠돌고래(고래목의 포유동물), 매너티ㆍ듀공(바다소목의 포유동물)의 것"
농수산식품,축산물,육류,022990,0210922000,021092,0210,물개ㆍ바다사자ㆍ바다코끼리(기각아목의 포유동물)의 것
농수산식품,축산물,육류,022990,0210930000,021093,0210,파충류의 것(뱀과 거북을 포함한다)
농수산식품,축산물,육류,022990,0210991090,021099,0210,기타
농수산식품,축산물,육류,022990,0210999090,021099,0210,기타
농수산식품,축산물,기타 축산물,022990,0504001010,050400,0504,소의 것
농수산식품,축산물,기타 축산물,022990,0504001021,050400,0504,소시지 케이싱용
농수산식품,축산물,기타 축산물,022990,0504001029,050400,0504,기타
농수산식품,축산물,기타 축산물,022990,0504001031,050400,0504,소시지 케이싱용
농수산식품,축산물,기타 축산물,022990,0504001039,050400,0504,기타
농수산식품,축산물,기타 축산물,022990,0504001090,050400,0504,기타
농수산식품,축산물,기타 축산물,022990,0504002000,050400,0504,방광
농수산식품,축산물,기타 축산물,022990,0504003000,050400,0504,위
농수산식품,가공식품,식용유지,023110,1502101010,150210,1502,산가(酸價)가 2 이하인 것
농수산식품,가공식품,식용유지,023110,1502101090,150210,1502,기타
농수산식품,가공식품,식용유지,023110,1502109000,150210,1502,기타
농수산식품,가공식품,식용유지,023110,1502901000,150290,1502,소의 것
농수산식품,가공식품,식용유지,023110,1516101000,151610,1516,우지(牛脂)와 그 분획물
농수산식품,가공식품,식용유지,023120,1501101000,150110,1501,산가(酸價)가 1 이하인 것
농수산식품,가공식품,식용유지,023120,1501109000,150110,1501,기타
농수산식품,가공식품,식용유지,023120,1501200000,150120,1501,그 밖의 돼지의 지방
농수산식품,가공식품,식용유지,023190,1501900000,150190,1501,기타
농수산식품,가공식품,식용유지,023190,1502909000,150290,1502,기타
농수산식품,가공식품,식용유지,023190,1503002000,150300,1503,라드유(lard oil)
농수산식품,가공식품,식용유지,023190,1503009000,150300,1503,기타
농수산식품,가공식품,식용유지,023190,1506001000,150600,1506,우각유(neat's foot oil)와 그 분획물
농수산식품,가공식품,식용유지,023190,1516109000,151610,1516,기타
농수산식품,축산물,기타 축산물,023210,0507101000,050710,0507,상아
농수산식품,축산물,기타 축산물,023210,0507109000,050710,0507,기타
농수산식품,축산물,기타 축산물,023290,0506100000,050610,0506,골소(骨素)와 뼈[산(酸)처리한 것으로 한정한다]
농수산식품,축산물,기타 축산물,023290,0506901020,050690,0506,소의 것
농수산식품,축산물,기타 축산물,023290,0506901090,050690,0506,기타
농수산식품,축산물,기타 축산물,023290,0506902000,050690,0506,뼛가루
농수산식품,축산물,기타 축산물,023290,0506909000,050690,0506,기타
농수산식품,축산물,기타 축산물,023310,0507901110,050790,0507,전지(全枝)
농수산식품,축산물,기타 축산물,023310,0507901190,050790,0507,기타
농수산식품,축산물,기타 축산물,023310,0507901200,050790,0507,녹각
농수산식품,농림수산 연관제품,기타 농림수산 연관제품,023320,3001902010,300190,3001,웅담
농수산식품,축산물,기타 축산물,023390,0510003000,051000,0510,사향
농수산식품,축산물,기타 축산물,023390,0510004000,051000,0510,우황
농수산식품,축산물,유제품,023900,0410901000,041090,0410,칼새둥지
농수산식품,축산물,유제품,023900,0410909000,041090,0410,기타
농수산식품,축산물,기타 축산물,023900,0507902010,050790,0507,귀갑(龜甲)과 귀판(龜板)
농수산식품,축산물,기타 축산물,023900,0507902020,050790,0507,고래수염과 그 털
농수산식품,축산물,기타 축산물,023900,0507902090,050790,0507,기타
농수산식품,축산물,기타 축산물,023900,0510009000,051000,0510,기타
농수산식품,축산물,기타 축산물,023900,0511100000,051110,0511,소의 정액
농수산식품,축산물,기타 축산물,023900,0511991000,051199,0511,동물의 피
농수산식품,축산물,기타 축산물,023900,0511992010,051199,0511,돼지의 정액
농수산식품,축산물,기타 축산물,023900,0511992090,051199,0511,기타
농수산식품,축산물,기타 축산물,023900,0511993010,051199,0511,소의 것
농수산식품,축산물,기타 축산물,023900,0511993020,051199,0511,돼지의 것
농수산식품,축산물,기타 축산물,023900,0511993090,051199,0511,기타
농수산식품,축산물,기타 축산물,023900,0511994000,051199,0511,동물의 건(腱)과 근(筋)
농수산식품,축산물,기타 축산물,023900,0511999030,051199,0511,동물의 사체(제3류 물품의 사체는 제외한다)
농수산식품,축산물,기타 축산물,023900,0511999040,051199,0511,원피의 페어링(paring)과 이와 유사한 웨이스트(waste)
농수산식품,축산물,기타 축산물,023900,0511999090,051199,0511,기타
농수산식품,사료,사료·농식품 부산물,023900,2301101000,230110,2301,육이나 설육(屑肉)의 고운 가루ㆍ거친 가루ㆍ펠릿(pellet)
농수산식품,사료,사료·농식품 부산물,023900,2301102000,230110,2301,수지박(greaves)
농수산식품,축산가공품,육가공품,024110,1601001000,160100,1601,소시지
농수산식품,축산가공품,육가공품,024110,1601009000,160100,1601,기타
농수산식품,축산가공품,육가공품,024190,1602100000,160210,1602,균질화한 조제품
농수산식품,축산가공품,육가공품,024190,1602201000,160220,1602,밀폐용기에 넣은 것
농수산식품,축산가공품,육가공품,024190,1602209000,160220,1602,기타
농수산식품,축산가공품,육가공품,024190,1602901000,160290,1602,밀폐용기에 넣은 것
농수산식품,축산가공품,육가공품,024190,1602909000,160290,1602,기타
농수산식품,축산가공품,육가공품,024190,1603001000,160300,1603,육 추출물(extract)
농수산식품,축산가공품,육가공품,024190,1603002000,160300,1603,육즙
농수산식품,가공식품,기타 조제식품,024190,2104101000,210410,2104,육류로 만든 것
농수산식품,축산물,유제품,024210,0409000000,040900,0409,천연꿀
농수산식품,가공식품,당류,024210,1702901000,170290,1702,인조꿀
농수산식품,축산물,유제품,024220,0410902000,041090,0410,로열젤리
농수산식품,가공식품,기타 조제식품,024220,2106909091,210690,2106,"로열젤리, 벌꿀조제품의 것"
농수산식품,가공식품,기타 조제식품,024220,2106909099,210690,2106,기타
농수산식품,축산물,유제품,024310,0401100000,040110,0401,지방분이 전 중량의 100분의 1 이하인 것
농수산식품,축산물,유제품,024310,0401200000,040120,0401,지방분이 전 중량의 100분의 1 초과 100분의 6 이하인 것
농수산식품,축산물,유제품,024310,0401401000,040140,0401,냉동크림
농수산식품,축산물,유제품,024310,0401409000,040140,0401,기타
농수산식품,축산물,유제품,024310,0401501000,040150,0401,냉동크림
농수산식품,축산물,유제품,024310,0401509000,040150,0401,기타
농수산식품,축산물,유제품,024320,0402101010,040210,0402,탈지(脫脂)분유
농수산식품,축산물,유제품,024320,0402101090,040210,0402,기타
농수산식품,축산물,유제품,024320,0402109000,040210,0402,기타
농수산식품,축산물,유제품,024320,0402211000,040221,0402,전지분유
농수산식품,축산물,유제품,024320,0402219000,040221,0402,기타
농수산식품,축산물,유제품,024320,0402290000,040229,0402,기타
농수산식품,가공식품,면류·곡물가공식품,024320,1901101010,190110,1901,조제 분유
농수산식품,축산물,유제품,024330,0405100000,040510,0405,버터
농수산식품,축산물,유제품,024330,0405200000,040520,0405,데어리 스프레드(dairy spread)
농수산식품,축산물,유제품,024330,0405900000,040590,0405,기타
농수산식품,축산물,유제품,024340,0406101010,040610,0406,모차렐라 치즈(Mozzarella cheese)
농수산식품,축산물,유제품,024340,0406101020,040610,0406,크림 치즈
농수산식품,축산물,유제품,024340,0406101090,040610,0406,기타
농수산식품,축산물,유제품,024340,0406102000,040610,0406,커드(curd)
농수산식품,축산물,유제품,024340,0406200000,040620,0406,갈았거나 가루 모양으로 한 모든 종류의 치즈
농수산식품,축산물,유제품,024340,0406300000,040630,0406,가공치즈(갈았거나 가루 모양의 것은 제외한다)
농수산식품,축산물,유제품,024340,0406400000,040640,0406,블루바인 치즈(blue-veined cheese)와 페니실리움 로우크포티(Penicillium roqueforti)로 생산된 바인(vein)을 함유한 그 밖의 치즈
농수산식품,축산물,유제품,024340,0406901000,040690,0406,체더 치즈(Cheddar cheese)
농수산식품,축산물,유제품,024340,0406902000,040690,0406,하우다 치즈(Gouda cheese)
농수산식품,축산물,유제품,024340,0406903000,040690,0406,카망베르 치즈(Camembert cheese)
농수산식품,축산물,유제품,024340,0406904000,040690,0406,에멘탈 치즈(Emmental cheese)
농수산식품,축산물,유제품,024340,0406909000,040690,0406,기타
농수산식품,축산물,유제품,024350,0403909000,040390,0403,기타
농수산식품,축산물,유제품,024390,0402911000,040291,0402,무가당연유(無加糖煉乳)
농수산식품,축산물,유제품,024390,0402919000,040291,0402,기타
농수산식품,축산물,유제품,024390,0402991000,040299,0402,가당연유(加糖煉乳)
농수산식품,축산물,유제품,024390,0402999000,040299,0402,기타
농수산식품,축산물,유제품,024390,0403901000,040390,0403,버터밀크
농수산식품,축산물,유제품,024390,0404101011,040410,0404,사료용
농수산식품,축산물,유제품,024390,0404101019,040410,0404,기타
농수산식품,축산물,유제품,024390,0404101091,040410,0404,사료용
농수산식품,축산물,유제품,024390,0404101099,040410,0404,기타
농수산식품,축산물,유제품,024390,0404102111,040410,0404,사료용
농수산식품,축산물,유제품,024390,0404102119,040410,0404,기타
농수산식품,축산물,유제품,024390,0404102121,040410,0404,사료용
농수산식품,축산물,유제품,024390,0404102129,040410,0404,기타
농수산식품,축산물,유제품,024390,0404102131,040410,0404,사료용
농수산식품,축산물,유제품,024390,0404102139,040410,0404,기타
농수산식품,축산물,유제품,024390,0404102191,040410,0404,사료용
농수산식품,축산물,유제품,024390,0404102199,040410,0404,기타
농수산식품,축산물,유제품,024390,0404102910,040410,0404,사료용
농수산식품,축산물,유제품,024390,0404102990,040410,0404,기타
농수산식품,축산물,유제품,024390,0404901000,040490,0404,지방분이 전 중량의 100분의 1.5 이하인 것
농수산식품,축산물,유제품,024390,0404902000,040490,0404,지방분이 전 중량의 100분의 1.5를 초과하는 것
농수산식품,가공식품,면류·곡물가공식품,024390,1901101090,190110,1901,기타
농수산식품,가공식품,기타 조제식품,024390,2106909021,210690,2106,버터 함량이 전 중량의 100분의 30 이하인 것
농수산식품,가공식품,기타 조제식품,024390,2106909022,210690,2106,버터 함량이 전 중량의 100분의 30 초과 100분의 70 이하인 것
농수산식품,가공식품,기타 조제식품,024390,2106909023,210690,2106,버터 함량이 전 중량의 100분의 70을 초과하는 것
농수산식품,가공식품,아이스크림,024390,2106909030,210690,2106,아이스크림 제조용 조제품
농수산식품,축산물,유제품,024400,0407110000,040711,0407,닭[갈루스 도메스티쿠스(Gallus domesticus)종으로 한정한다]의 것
농수산식품,축산물,유제품,024400,0407190000,040719,0407,기타
농수산식품,축산물,유제품,024400,0407210000,040721,0407,닭[갈루스 도메스티쿠스(Gallus domesticus)종으로 한정한다]의 것
농수산식품,축산물,유제품,024400,0407290000,040729,0407,기타
농수산식품,축산물,유제품,024400,0407900000,040790,0407,기타
농수산식품,축산물,유제품,024400,0408110000,040811,0408,건조한 것
농수산식품,축산물,유제품,024400,0408190000,040819,0408,기타
농수산식품,축산물,유제품,024400,0408910000,040891,0408,건조한 것
농수산식품,축산물,유제품,024400,0408991000,040899,0408,닭[갈루스 도메스티쿠스(Gallus domesticus)종으로 한정한다]의 것
농수산식품,축산물,유제품,024400,0408999000,040899,0408,기타
농수산식품,농림수산 연관제품,기타 농림수산 연관제품,024500,3501101000,350110,3501,커피 크리머 제조용
농수산식품,농림수산 연관제품,기타 농림수산 연관제품,024500,3501109000,350110,3501,기타
농수산식품,농림수산 연관제품,기타 농림수산 연관제품,024500,3501901110,350190,3501,커피 크리머 제조용
농수산식품,농림수산 연관제품,기타 농림수산 연관제품,024500,3501901190,350190,3501,기타
농수산식품,농림수산 연관제품,기타 농림수산 연관제품,024500,3501901200,350190,3501,그 밖의 카세인(casein) 유도체
농수산식품,농림수산 연관제품,기타 농림수산 연관제품,024500,3501902000,350190,3501,카세인 글루(casein glue)
농수산식품,농림수산 연관제품,기타 농림수산 연관제품,024500,3502110000,350211,3502,건조한 것
농수산식품,농림수산 연관제품,기타 농림수산 연관제품,024500,3502190000,350219,3502,기타
농수산식품,농림수산 연관제품,기타 농림수산 연관제품,024500,3502200000,350220,3502,밀크알부민(둘 이상의 유장단백질의 농축물을 포함한다)
농수산식품,농림수산 연관제품,기타 농림수산 연관제품,024500,3502901000,350290,3502,알부민산염과 그 밖의 알부민 유도체
농수산식품,농림수산 연관제품,기타 농림수산 연관제품,024500,3502909000,350290,3502,기타
농수산식품,농림수산 연관제품,기타 농림수산 연관제품,024500,3503001020,350300,3503,젤라틴 유도체
농수산식품,농림수산 연관제품,기타 농림수산 연관제품,024500,3503002000,350300,3503,아이징글라스(isinglass)
농수산식품,농림수산 연관제품,기타 농림수산 연관제품,024500,3503003000,350300,3503,그 밖의 동물성 글루(glue)
농수산식품,농림수산 연관제품,기타 농림수산 연관제품,024500,3504001010,350400,3504,펩톤(peptone)
농수산식품,농림수산 연관제품,기타 농림수산 연관제품,024500,3504001020,350400,3504,펩톤(peptone) 유도체
농수산식품,농림수산 연관제품,기타 농림수산 연관제품,024500,3504002020,350400,3504,핵산단백질
농수산식품,농림수산 연관제품,기타 농림수산 연관제품,024500,3504002030,350400,3504,분리단백질
농수산식품,농림수산 연관제품,기타 농림수산 연관제품,024500,3504002090,350400,3504,기타
농수산식품,농림수산 연관제품,기타 농림수산 연관제품,024500,3504003000,350400,3504,하이드 파우더(hide powder)
농수산식품,축산물,기타 축산물,025000,0502100000,050210,0502,돼지털ㆍ멧돼지털과 이들의 웨이스트(waste)
농수산식품,축산물,기타 축산물,025000,0502900000,050290,0502,기타
농수산식품,축산물,기타 축산물,025000,0505100000,050510,0505,솜털과 충전재용 깃털
농수산식품,축산물,기타 축산물,025000,0505901000,050590,0505,깃털 가루
농수산식품,축산물,기타 축산물,025000,0505909000,050590,0505,기타
농수산식품,축산물,기타 축산물,025000,0511995030,051199,0511,정돈한 말의 털
농수산식품,축산물,기타 축산물,025000,0511995090,051199,0511,기타
농수산식품,농림수산 연관제품,기타 농림수산 연관제품,025000,5101110000,510111,5101,깎은 양모
농수산식품,농림수산 연관제품,기타 농림수산 연관제품,025000,5101190000,510119,5101,기타
농수산식품,농림수산 연관제품,기타 농림수산 연관제품,025000,5101210000,510121,5101,깎은 양모
농수산식품,농림수산 연관제품,기타 농림수산 연관제품,025000,5101290000,510129,5101,기타
농수산식품,농림수산 연관제품,기타 농림수산 연관제품,025000,5101300000,510130,5101,탄화처리한 것
농수산식품,농림수산 연관제품,기타 농림수산 연관제품,025000,5102110000,510211,5102,캐시미어 염소의 것
농수산식품,농림수산 연관제품,기타 농림수산 연관제품,025000,5102190000,510219,5102,기타
농수산식품,농림수산 연관제품,기타 농림수산 연관제품,025000,5102200000,510220,5102,동물의 거친 털
농수산식품,농림수산 연관제품,기타 농림수산 연관제품,025000,5103100000,510310,5103,양모나 동물의 부드러운 털의 노일(noil)
농수산식품,농림수산 연관제품,기타 농림수산 연관제품,025000,5103200000,510320,5103,양모나 동물의 부드러운 털의 그 밖의 웨이스트(waste)
농수산식품,농림수산 연관제품,기타 농림수산 연관제품,025000,5103300000,510330,5103,동물의 거친 털의 웨이스트(waste)
농수산식품,임산물,원목,031100,4403110000,440311,4403,침엽수류
농수산식품,임산물,원목,031100,4403121000,440312,4403,열대산 목재
농수산식품,임산물,원목,031100,4403129000,440312,4403,기타
농수산식품,임산물,원목,031100,4403211000,440321,4403,적송
농수산식품,임산물,원목,031100,4403212000,440321,4403,라디에타소나무(radiata pine)
농수산식품,임산물,원목,031100,4403219000,440321,4403,기타
농수산식품,임산물,원목,031100,4403221000,440322,4403,적송
농수산식품,임산물,원목,031100,4403222000,440322,4403,라디에타소나무(radiata pine)
농수산식품,임산물,원목,031100,4403229000,440322,4403,기타
농수산식품,임산물,원목,031100,4403231000,440323,4403,전나무[아비에스(Abies)속]
농수산식품,임산물,원목,031100,4403232000,440323,4403,가문비나무[피세아(Picea)속]
농수산식품,임산물,원목,031100,4403241000,440324,4403,전나무[아비에스(Abies)속]
농수산식품,임산물,원목,031100,4403242000,440324,4403,가문비나무[피세아(Picea)속]
농수산식품,임산물,원목,031100,4403251000,440325,4403,삼나무
농수산식품,임산물,원목,031100,4403252010,440325,4403,더글러스퍼(Douglas fir)
농수산식품,임산물,원목,031100,4403252020,440325,4403,헴록(hemlock)
농수산식품,임산물,원목,031100,4403252090,440325,4403,기타
농수산식품,임산물,원목,031100,4403254000,440325,4403,전나무류[아비에스(Abies)속을 제외한다]
농수산식품,임산물,원목,031100,4403255000,440325,4403,편백나무
농수산식품,임산물,원목,031100,4403259000,440325,4403,기타
농수산식품,임산물,원목,031100,4403261000,440326,4403,삼나무
농수산식품,임산물,원목,031100,4403262010,440326,4403,더글러스퍼(Douglas fir)
농수산식품,임산물,원목,031100,4403262020,440326,4403,헴록(hemlock)
농수산식품,임산물,원목,031100,4403262090,440326,4403,기타
농수산식품,임산물,원목,031100,4403264000,440326,4403,전나무류[아비에스(Abies)속을 제외한다]
농수산식품,임산물,원목,031100,4403265000,440326,4403,편백나무
농수산식품,임산물,원목,031100,4403269000,440326,4403,기타
농수산식품,임산물,원목,031100,4403410000,440341,4403,다크레드메란티(Dark Red Meranti)ㆍ라이트레드메란티(Light Red Meranti)ㆍ메란티바카우(Meranti Bakau)
농수산식품,임산물,원목,031100,4403420000,440342,4403,티크(Teak)
농수산식품,임산물,원목,031100,4403491000,440349,4403,화이트라왕(White Lauan)ㆍ화이트메란티(White Meranti)ㆍ화이트세라야(White Seraya)ㆍ옐로메란티(Yellow Meranti)ㆍ아란(Alan)
농수산식품,임산물,원목,031100,4403492000,440349,4403,케루잉(Keruing)ㆍ라민(Ramin)ㆍ카풀(Kapur)ㆍ종콩(Jongkong)ㆍ멜바우(Merbau)ㆍ제루통(Jelutong)ㆍ켐파스(Kempas)
농수산식품,임산물,원목,031100,4403493000,440349,4403,오꾸메(Okoume)ㆍ오베체(Obeche)ㆍ사팰리(Sapelli)ㆍ시포(Sipo)ㆍ아까주다푸리케(Acajou d'Afrique)ㆍ마코레(Makore)ㆍ이로코(Iroko)
농수산식품,임산물,원목,031100,4403494000,440349,4403,티아마(Tiama)ㆍ만소니아(Mansonia)ㆍ이롬바(Ilomba)ㆍ디베토우(Dibetou)ㆍ림바(Limba)ㆍ아조베(Azobe)
농수산식품,임산물,원목,031100,4403495000,440349,4403,마호가니(Mahogany)와 발사(Balsa)
농수산식품,임산물,원목,031100,4403499000,440349,4403,기타
농수산식품,임산물,원목,031100,4403910000,440391,4403,참나무[코커스(Quercus)속]
농수산식품,임산물,원목,031100,4403930000,440393,4403,너도밤나무[파구스(Fagus)속]의 것(횡단면의 최소치수가 15 센티미터 이상인 것으로 한정한다)
농수산식품,임산물,원목,031100,4403940000,440394,4403,너도밤나무[파구스(Fagus)속]의 것(그 밖의 것으로 한정한다)
농수산식품,임산물,원목,031100,4403950000,440395,4403,자작나무[베툴라(Betula)속]의 것(횡단면의 최소치수가 15 센티미터 이상인 것으로 한정한다)
농수산식품,임산물,원목,031100,4403960000,440396,4403,자작나무[베툴라(Betula)속]의 것(그 밖의 것으로 한정한다)
농수산식품,임산물,원목,031100,4403971000,440397,4403,포플러
농수산식품,임산물,원목,031100,4403972000,440397,4403,사시나무
농수산식품,임산물,원목,031100,4403980000,440398,4403,유칼립투스[유칼립투스(Eucalyptus)속]의 것
농수산식품,임산물,원목,031100,4403991010,440399,4403,자단(rosewood)
농수산식품,임산물,원목,031100,4403991020,440399,4403,흑단(ebony wood)
농수산식품,임산물,원목,031100,4403991040,440399,4403,물푸레나무
농수산식품,임산물,원목,031100,4403991050,440399,4403,호두나무
농수산식품,임산물,원목,031100,4403991090,440399,4403,기타
농수산식품,임산물,원목,031100,4403992000,440399,4403,리그넘 바이티(Lignum vitae)
농수산식품,임산물,원목,031100,4403993030,440399,4403,단풍나무
농수산식품,임산물,원목,031100,4403993040,440399,4403,느릅나무
농수산식품,임산물,원목,031100,4403993060,440399,4403,피나무
농수산식품,임산물,원목,031100,4403994000,440399,4403,오동나무
농수산식품,임산물,원목,031100,4403999000,440399,4403,기타
농수산식품,임산물,제재목,031200,4407111010,440711,4407,방부처리한 것
농수산식품,임산물,제재목,031200,4407111020,440711,4407,난연처리한 것
농수산식품,임산물,제재목,031200,4407111090,440711,4407,기타
농수산식품,임산물,제재목,031200,4407112000,440711,4407,라디에타소나무(radiata pine)
농수산식품,임산물,제재목,031200,4407119000,440711,4407,기타
농수산식품,임산물,제재목,031200,4407121000,440712,4407,전나무[아비에스(Abies)속]
농수산식품,임산물,제재목,031200,4407122010,440712,4407,방부처리한 것
농수산식품,임산물,제재목,031200,4407122020,440712,4407,난연처리한 것
농수산식품,임산물,제재목,031200,4407122090,440712,4407,기타
농수산식품,임산물,제재목,031200,4407131000,440713,4407,방부처리한 것
농수산식품,임산물,제재목,031200,4407132000,440713,4407,난연처리한 것
농수산식품,임산물,제재목,031200,4407139000,440713,4407,기타
농수산식품,임산물,제재목,031200,4407140000,440714,4407,헴퍼(Hem-fir)[웨스턴 헴록(Western hemlock)(트수가 헤테로필라(Tsuga heterophylla))과 전나무(아비에스(Abies)속)]의 것
농수산식품,임산물,제재목,031200,4407191000,440719,4407,삼나무
농수산식품,임산물,제재목,031200,4407192010,440719,4407,더글러스퍼(Douglas fir)
농수산식품,임산물,제재목,031200,4407192020,440719,4407,헴록(hemlock)
농수산식품,임산물,제재목,031200,4407192090,440719,4407,기타
농수산식품,임산물,제재목,031200,4407193000,440719,4407,전나무류[아비에스(Abies)속을 제외한다]
농수산식품,임산물,제재목,031200,4407194000,440719,4407,낙엽송
농수산식품,임산물,제재목,031200,4407195000,440719,4407,편백나무
농수산식품,임산물,제재목,031200,4407199000,440719,4407,기타
농수산식품,임산물,제재목,031200,4407210000,440721,4407,마호가니(Mahogany)[스웨테니아(Swietenia)속]
농수산식품,임산물,제재목,031200,4407220000,440722,4407,비롤라(Virola)ㆍ임부아(Imbua)ㆍ발사(Balsa)
농수산식품,임산물,제재목,031200,4407230000,440723,4407,티크(Teak)
농수산식품,임산물,제재목,031200,4407250000,440725,4407,다크레드메란티(Dark Red Meranti)ㆍ라이트레드메란티(Light Red Meranti)ㆍ메란티바카우(Meranti Bakau)
농수산식품,임산물,제재목,031200,4407260000,440726,4407,화이트라왕(White Lauan)ㆍ화이트메란티(White Meranti)ㆍ화이트세라야(White Seraya)ㆍ옐로메란티(Yellow Meranti)ㆍ아란(Alan)
농수산식품,임산물,제재목,031200,4407270000,440727,4407,사팰리(Sapelli)
농수산식품,임산물,제재목,031200,4407280000,440728,4407,이로코(Iroko)
농수산식품,임산물,제재목,031200,4407291000,440729,4407,케루잉(Keruing)ㆍ라민(Ramin)ㆍ카풀(Kapur)ㆍ종콩(Jongkong)ㆍ멜바우(Merbau)ㆍ제루통(Jelutong)ㆍ켐파스(Kempas)
농수산식품,임산물,제재목,031200,4407293000,440729,4407,오꾸메(Okoume)ㆍ오베체(Obeche)ㆍ시포(Sipo)ㆍ아까주다푸리케(Acajou d'Afrique)ㆍ마꼬레(Makore)ㆍ티아마(Tiama)ㆍ만소니아(Mansonia)ㆍ이롬바(Ilomba)ㆍ디베토우(Dibetou)ㆍ림바(Limba)ㆍ아조베(Azobe)
농수산식품,임산물,제재목,031200,4407299000,440729,4407,기타
농수산식품,임산물,제재목,031200,4407910000,440791,4407,참나무[코커스(Quercus)속]
농수산식품,임산물,제재목,031200,4407920000,440792,4407,너도밤나무[파구스(Fagus)속]
농수산식품,임산물,제재목,031200,4407930000,440793,4407,단풍나무[아세르(Acer)속]
농수산식품,임산물,제재목,031200,4407940000,440794,4407,체리나무[프루누스(Prunus)속]
농수산식품,임산물,제재목,031200,4407950000,440795,4407,물푸레나무[프라시너스(Fraxinus)속]
농수산식품,임산물,제재목,031200,4407960000,440796,4407,자작나무[베툴라(Betula)속]의 것
농수산식품,임산물,제재목,031200,4407971000,440797,4407,포플러
농수산식품,임산물,제재목,031200,4407972000,440797,4407,사시나무
농수산식품,임산물,제재목,031200,4407991010,440799,4407,자단(rosewood)
농수산식품,임산물,제재목,031200,4407991020,440799,4407,흑단(ebony wood)
농수산식품,임산물,제재목,031200,4407991040,440799,4407,호두나무
농수산식품,임산물,제재목,031200,4407991090,440799,4407,기타
농수산식품,임산물,제재목,031200,4407992000,440799,4407,리그넘 바이티(Lignum vitae)
농수산식품,임산물,제재목,031200,4407993040,440799,4407,느릅나무
농수산식품,임산물,제재목,031200,4407993060,440799,4407,피나무
농수산식품,임산물,제재목,031200,4407994000,440799,4407,오동나무
농수산식품,임산물,제재목,031200,4407999000,440799,4407,기타
농수산식품,임산물,합판,031310,4412101010,441210,4412,두께가 6밀리미터 미만인 것
농수산식품,임산물,합판,031310,4412101020,441210,4412,두께가 6밀리미터 이상인 것
농수산식품,임산물,합판,031310,4412102000,441210,4412,마루판
농수산식품,임산물,합판,031310,4412109010,441210,4412,각 플라이가 6밀리미터 이하인 시트(sheet)만으로 구성된 것으로서 전체 두께가 6밀리미터 이상인 것
농수산식품,임산물,합판,031310,4412109090,441210,4412,기타
농수산식품,임산물,합판,031310,4412311000,441231,4412,두께가 3.2밀리미터 미만인 것
농수산식품,임산물,합판,031310,4412312010,441231,4412,적어도 한쪽 외면의 플라이(ply)가 이류의 국내주 제1호의 열대산 목재인 것
농수산식품,임산물,합판,031310,4412312090,441231,4412,기타
농수산식품,임산물,합판,031310,4412313000,441231,4412,두께가 4밀리미터 이상 6밀리미터 미만인 것
농수산식품,임산물,합판,031310,4412314011,441231,4412,적어도 한쪽 외면의 플라이(ply)가 이류의 국내주 제1호의 열대산 목재인 것
농수산식품,임산물,합판,031310,4412314019,441231,4412,기타
농수산식품,임산물,합판,031310,4412314021,441231,4412,적어도 한쪽 외면의 플라이(ply)가 이류의 국내주 제1호의 열대산 목재인 것
농수산식품,임산물,합판,031310,4412314029,441231,4412,기타
농수산식품,임산물,합판,031310,4412315010,441231,4412,적어도 한쪽 외면의 플라이(ply)가 이류의 국내주 제1호의 열대산 목재인 것
농수산식품,임산물,합판,031310,4412315090,441231,4412,기타
농수산식품,임산물,합판,031310,4412316010,441231,4412,적어도 한쪽 외면의 플라이(ply)가 이류의 국내주 제1호의 열대산 목재인 것
농수산식품,임산물,합판,031310,4412316090,441231,4412,기타
농수산식품,임산물,합판,031310,4412317010,441231,4412,적어도 한쪽 외면의 플라이(ply)가 이류의 국내주 제1호의 열대산 목재인 것
농수산식품,임산물,합판,031310,4412317090,441231,4412,기타
농수산식품,임산물,합판,031310,4412331000,441233,4412,두께가 3.2밀리미터 미만인 것
농수산식품,임산물,합판,031310,4412332000,441233,4412,두께가 3.2밀리미터 이상 4밀리미터 미만인 것
농수산식품,임산물,합판,031310,4412333000,441233,4412,두께가 4밀리미터 이상 6밀리미터 미만인 것
농수산식품,임산물,합판,031310,4412334010,441233,4412,두께가 6밀리미터 이상 8밀리미터 미만인 것
농수산식품,임산물,합판,031310,4412334020,441233,4412,두께가 8밀리미터 이상 10밀리미터 미만인 것
농수산식품,임산물,합판,031310,4412335000,441233,4412,두께가 10밀리미터 이상 12밀리미터 미만인 것
농수산식품,임산물,합판,031310,4412336000,441233,4412,두께가 12밀리미터 이상 15밀리미터 미만인 것
농수산식품,임산물,합판,031310,4412337000,441233,4412,두께가 15밀리미터 이상인 것
농수산식품,임산물,합판,031310,4412341000,441234,4412,두께가 3.2밀리미터 미만인 것
농수산식품,임산물,합판,031310,4412342000,441234,4412,두께가 3.2밀리미터 이상 4밀리미터 미만인 것
농수산식품,임산물,합판,031310,4412343000,441234,4412,두께가 4밀리미터 이상 6밀리미터 미만인 것
농수산식품,임산물,합판,031310,4412344010,441234,4412,두께가 6밀리미터 이상 8밀리미터 미만인 것
농수산식품,임산물,합판,031310,4412344020,441234,4412,두께가 8밀리미터 이상 10밀리미터 미만인 것
농수산식품,임산물,합판,031310,4412345000,441234,4412,두께가 10밀리미터 이상 12밀리미터 미만인 것
농수산식품,임산물,합판,031310,4412346000,441234,4412,두께가 12밀리미터 이상 15밀리미터 미만인 것
농수산식품,임산물,합판,031310,4412347000,441234,4412,두께가 15밀리미터 이상인 것
농수산식품,임산물,합판,031310,4412391000,441239,4412,두께가 6밀리미터 미만인 것
농수산식품,임산물,합판,031310,4412399000,441239,4412,기타
농수산식품,임산물,합판,031310,4412911000,441291,4412,합판
농수산식품,임산물,합판,031310,4412919110,441291,4412,각 플라이가 6밀리미터 이하인 시트(sheet)만으로 구성된 것으로서 전체 두께가 6밀리미터 이상인 것
농수산식품,임산물,합판,031310,4412919190,441291,4412,기타
농수산식품,임산물,합판,031310,4412919910,441291,4412,각 플라이가 6밀리미터 이하인 시트(sheet)만으로 구성된 것으로서 전체 두께가 6밀리미터 이상인 것
농수산식품,임산물,합판,031310,4412919990,441291,4412,기타
농수산식품,임산물,합판,031310,4412921000,441292,4412,합판
농수산식품,임산물,합판,031310,4412929110,441292,4412,각 플라이가 6밀리미터 이하인 시트(sheet)만으로 구성된 것으로서 전체 두께가 6밀리미터 이상인 것
농수산식품,임산물,합판,031310,4412929190,441292,4412,기타
농수산식품,임산물,합판,031310,4412929910,441292,4412,각 플라이가 6밀리미터 이하인 시트(sheet)만으로 구성된 것으로서 전체 두께가 6밀리미터 이상인 것
농수산식품,임산물,합판,031310,4412929990,441292,4412,기타
농수산식품,임산물,합판,031310,4412991000,441299,4412,합판
농수산식품,임산물,합판,031310,4412999110,441299,4412,각 플라이가 6밀리미터 이하인 시트(sheet)만으로 구성된 것으로서 전체 두께가 6밀리미터 이상인 것
농수산식품,임산물,합판,031310,4412999190,441299,4412,기타
농수산식품,임산물,합판,031310,4412999910,441299,4412,각 플라이가 6밀리미터 이하인 시트(sheet)만으로 구성된 것으로서 전체 두께가 6밀리미터 이상인 것
농수산식품,임산물,합판,031310,4412999990,441299,4412,기타
농수산식품,임산물,합판,031320,4412411000,441241,4412,각 플라이가 6밀리미터 이하인 시트(sheet)만으로 구성된 것으로서 전체 두께가 6밀리미터 이상인 것
농수산식품,임산물,합판,031320,4412419000,441241,4412,기타
농수산식품,임산물,합판,031320,4412421000,441242,4412,각 플라이가 6밀리미터 이하인 시트(sheet)만으로 구성된 것으로서 전체 두께가 6밀리미터 이상인 것
농수산식품,임산물,합판,031320,4412429000,441242,4412,기타
농수산식품,임산물,합판,031320,4412491000,441249,4412,각 플라이가 6밀리미터 이하인 시트(sheet)만으로 구성된 것으로서 전체 두께가 6밀리미터 이상인 것
농수산식품,임산물,합판,031320,4412499000,441249,4412,기타
농수산식품,임산물,합판,031320,4412510000,441251,4412,적어도 한쪽 외면의 플라이(ply)가 열대산 목재인 것
농수산식품,임산물,합판,031320,4412520000,441252,4412,기타[적어도 한쪽 외면의 플라이(ply)가 활엽수 목재인 것으로 한정한다]
농수산식품,임산물,합판,031320,4412590000,441259,4412,기타[양쪽 외면의 플라이(ply)가 침엽수 목재인 것으로 한정한다]
농수산식품,임산물,단판,031400,4408106000,440810,4408,적층 목재를 평삭(平削)한 베니어용이나 그 밖에 이와 유사한 적층 목재용
농수산식품,임산물,단판,031400,4408109100,440810,4408,합판 제조용
농수산식품,임산물,단판,031400,4408109200,440810,4408,무늬목
농수산식품,임산물,단판,031400,4408109910,440810,4408,삼나무
농수산식품,임산물,단판,031400,4408109920,440810,4408,미송
농수산식품,임산물,단판,031400,4408109950,440810,4408,낙엽송
농수산식품,임산물,단판,031400,4408109960,440810,4408,가문비나무
농수산식품,임산물,단판,031400,4408109990,440810,4408,기타
농수산식품,임산물,단판,031400,4408313000,440831,4408,적층 목재를 평삭(平削)한 베니어용이나 그 밖에 이와 유사한 적층 목재용
농수산식품,임산물,단판,031400,4408319011,440831,4408,합판 제조용
농수산식품,임산물,단판,031400,4408319012,440831,4408,무늬목
농수산식품,임산물,단판,031400,4408319019,440831,4408,기타
농수산식품,임산물,단판,031400,4408319021,440831,4408,합판 제조용
농수산식품,임산물,단판,031400,4408319022,440831,4408,무늬목
농수산식품,임산물,단판,031400,4408319029,440831,4408,기타
농수산식품,임산물,단판,031400,4408396000,440839,4408,적층 목재를 평삭(平削)한 베니어용이나 그 밖에 이와 유사한 적층 목재용
농수산식품,임산물,단판,031400,4408399011,440839,4408,합판 제조용
농수산식품,임산물,단판,031400,4408399012,440839,4408,무늬목
농수산식품,임산물,단판,031400,4408399019,440839,4408,기타
농수산식품,임산물,단판,031400,4408399021,440839,4408,합판 제조용
농수산식품,임산물,단판,031400,4408399022,440839,4408,무늬목
농수산식품,임산물,단판,031400,4408399029,440839,4408,기타
농수산식품,임산물,단판,031400,4408399031,440839,4408,합판 제조용
농수산식품,임산물,단판,031400,4408399032,440839,4408,무늬목
농수산식품,임산물,단판,031400,4408399039,440839,4408,기타
농수산식품,임산물,단판,031400,4408399041,440839,4408,합판 제조용
농수산식품,임산물,단판,031400,4408399042,440839,4408,무늬목
농수산식품,임산물,단판,031400,4408399049,440839,4408,기타
농수산식품,임산물,단판,031400,4408399051,440839,4408,합판 제조용
농수산식품,임산물,단판,031400,4408399052,440839,4408,무늬목
농수산식품,임산물,단판,031400,4408399059,440839,4408,기타
농수산식품,임산물,단판,031400,4408399091,440839,4408,합판 제조용
농수산식품,임산물,단판,031400,4408399092,440839,4408,무늬목
농수산식품,임산물,단판,031400,4408399099,440839,4408,기타
농수산식품,임산물,단판,031400,4408901000,440890,4408,적층 목재를 평삭(平削)한 베니어용이나 그 밖에 이와 유사한 적층 목재용
농수산식품,임산물,단판,031400,4408909150,440890,4408,합판 제조용
농수산식품,임산물,단판,031400,4408909160,440890,4408,무늬목
농수산식품,임산물,단판,031400,4408909191,440890,4408,자단(Rosewood)
농수산식품,임산물,단판,031400,4408909192,440890,4408,흑단(Ebony wood)
농수산식품,임산물,단판,031400,4408909193,440890,4408,물푸레나무
농수산식품,임산물,단판,031400,4408909194,440890,4408,호두나무
농수산식품,임산물,단판,031400,4408909195,440890,4408,참나무
농수산식품,임산물,단판,031400,4408909199,440890,4408,기타
농수산식품,임산물,단판,031400,4408909210,440890,4408,합판 제조용
농수산식품,임산물,단판,031400,4408909220,440890,4408,무늬목
농수산식품,임산물,단판,031400,4408909290,440890,4408,기타
농수산식품,임산물,단판,031400,4408909370,440890,4408,합판 제조용
농수산식품,임산물,단판,031400,4408909380,440890,4408,무늬목
농수산식품,임산물,단판,031400,4408909391,440890,4408,사시나무
농수산식품,임산물,단판,031400,4408909392,440890,4408,포플러
농수산식품,임산물,단판,031400,4408909393,440890,4408,단풍나무
농수산식품,임산물,단판,031400,4408909394,440890,4408,느릅나무
농수산식품,임산물,단판,031400,4408909395,440890,4408,자작나무
농수산식품,임산물,단판,031400,4408909396,440890,4408,피나무
농수산식품,임산물,단판,031400,4408909410,440890,4408,합판 제조용
농수산식품,임산물,단판,031400,4408909420,440890,4408,무늬목
농수산식품,임산물,단판,031400,4408909490,440890,4408,기타
농수산식품,임산물,단판,031400,4408909910,440890,4408,합판 제조용
농수산식품,임산물,단판,031400,4408909920,440890,4408,무늬목
농수산식품,임산물,단판,031400,4408909990,440890,4408,기타
농수산식품,임산물,섬유판(MDF 등),031500,4411121000,441112,4411,기계적 가공과 표면 피복을 모두 하지 않은 것
농수산식품,임산물,섬유판(MDF 등),031500,4411129000,441112,4411,기타
농수산식품,임산물,섬유판(MDF 등),031500,4411131000,441113,4411,기계적 가공과 표면 피복을 모두 하지 않은 것
농수산식품,임산물,섬유판(MDF 등),031500,4411139000,441113,4411,기타
농수산식품,임산물,섬유판(MDF 등),031500,4411141000,441114,4411,기계적 가공과 표면 피복을 모두 하지 않은 것
농수산식품,임산물,섬유판(MDF 등),031500,4411149010,441114,4411,마루판
농수산식품,임산물,섬유판(MDF 등),031500,4411149090,441114,4411,기타
농수산식품,임산물,섬유판(MDF 등),031500,4411921000,441192,4411,기계적 가공과 표면 피복을 모두 하지 않은 것
농수산식품,임산물,섬유판(MDF 등),031500,4411929010,441192,4411,마루판
농수산식품,임산물,섬유판(MDF 등),031500,4411929090,441192,4411,기타
농수산식품,임산물,섬유판(MDF 등),031500,4411931000,441193,4411,기계적 가공과 표면 피복을 모두 하지 않은 것
농수산식품,임산물,섬유판(MDF 등),031500,4411939010,441193,4411,마루판
농수산식품,임산물,섬유판(MDF 등),031500,4411939090,441193,4411,기타
농수산식품,임산물,섬유판(MDF 등),031500,4411941000,441194,4411,기계적 가공과 표면 피복을 모두 하지 않은 것
농수산식품,임산물,섬유판(MDF 등),031500,4411949000,441194,4411,기타
농수산식품,임산물,파티클보드,031600,4410111000,441011,4410,가공하지 않은 것이나 연마가공 이상으로 가공하지 않은 것
농수산식품,임산물,파티클보드,031600,4410112000,441011,4410,멜라민을 침투한 종이로 표면을 피복한 것
농수산식품,임산물,파티클보드,031600,4410119000,441011,4410,기타
농수산식품,임산물,파티클보드,031600,4410121000,441012,4410,가공하지 않은 것이나 연마가공 이상으로 가공하지 않은 것
농수산식품,임산물,파티클보드,031600,4410129000,441012,4410,기타
농수산식품,임산물,파티클보드,031600,4410191000,441019,4410,웨이퍼보드
농수산식품,임산물,파티클보드,031600,4410199000,441019,4410,기타
농수산식품,임산물,파티클보드,031600,4410900000,441090,4410,기타
농수산식품,임산물,건축용 목제품,031710,4418810000,441881,4418,집성재[글루램(glulam)]
농수산식품,임산물,건축용 목제품,031710,4418820000,441882,4418,직교집성판[씨엘티(CLT)나 엑스-램(X-lam)]
농수산식품,임산물,건축용 목제품,031710,4418830000,441883,4418,아이빔(I beam)
농수산식품,임산물,건축용 목제품,031710,4418890000,441889,4418,기타
농수산식품,임산물,건축용 목제품,031790,4418110000,441811,4418,열대산 목재로 만든 것
농수산식품,임산물,건축용 목제품,031790,4418190000,441819,4418,기타
농수산식품,임산물,건축용 목제품,031790,4418210000,441821,4418,열대산 목재로 만든 것
농수산식품,임산물,건축용 목제품,031790,4418290000,441829,4418,기타
농수산식품,임산물,건축용 목제품,031790,4418300000,441830,4418,기둥과 들보(소호 제4418.81호부터 제4418.89호까지의 물품을 제외한다)
농수산식품,임산물,건축용 목제품,031790,4418400000,441840,4418,콘크리트 구조물 작업용 거푸집널
농수산식품,임산물,건축용 목제품,031790,4418500000,441850,4418,지붕을 이는 판자
농수산식품,임산물,건축용 목제품,031790,4418731000,441873,4418,파케이패널(parquet panel)
농수산식품,임산물,건축용 목제품,031790,4418739000,441873,4418,기타
농수산식품,임산물,건축용 목제품,031790,4418741000,441874,4418,파케이패널(parquet panel)
농수산식품,임산물,건축용 목제품,031790,4418749000,441874,4418,기타
농수산식품,임산물,건축용 목제품,031790,4418751000,441875,4418,파케이패널(parquet panel)
농수산식품,임산물,건축용 목제품,031790,4418759000,441875,4418,기타
농수산식품,임산물,건축용 목제품,031790,4418791000,441879,4418,파케이패널(parquet panel)
농수산식품,임산물,건축용 목제품,031790,4418799000,441879,4418,기타
농수산식품,임산물,건축용 목제품,031790,4418910000,441891,4418,대나무로 만든 것
농수산식품,임산물,건축용 목제품,031790,4418920000,441892,4418,셀룰러우드패널
농수산식품,임산물,건축용 목제품,031790,4418999000,441899,4418,기타
농수산식품,농림수산 연관제품,기타 농림수산 연관제품,031790,9406100000,940610,9406,나무로 만든 것
농수산식품,임산물,기타 목재·임산물,031810,4414100000,441410,4414,열대산 목재로 만든 것
농수산식품,임산물,기타 목재·임산물,031810,4414900000,441490,4414,기타
농수산식품,임산물,목재 식탁·주방용품,031820,4419120000,441912,4419,젓가락
농수산식품,임산물,목재 식탁·주방용품,031820,4419203000,441920,4419,젓가락
농수산식품,임산물,목재 식탁·주방용품,031820,4419903000,441990,4419,젓가락
농수산식품,임산물,목재 식탁·주방용품,031830,4419110000,441911,4419,"빵도마, 도마 및 이와 유사한 판"
농수산식품,임산물,목재 식탁·주방용품,031830,4419190000,441919,4419,기타
농수산식품,임산물,목재 식탁·주방용품,031830,4419201000,441920,4419,"빵도마, 도마 및 이와 유사한 판"
농수산식품,임산물,목재 식탁·주방용품,031830,4419202000,441920,4419,대접(공기)
농수산식품,임산물,목재 식탁·주방용품,031830,4419209000,441920,4419,기타
농수산식품,임산물,목재 식탁·주방용품,031830,4419901000,441990,4419,"빵도마, 도마 및 이와 유사한 판"
농수산식품,임산물,목재 식탁·주방용품,031830,4419902000,441990,4419,대접(공기)
농수산식품,임산물,목재 식탁·주방용품,031830,4419909000,441990,4419,기타
농수산식품,임산물,기타 목재·임산물,031830,4602199000,460219,4602,기타
농수산식품,임산물,기타 목재·임산물,031840,4420110000,442011,4420,열대산 목재로 만든 것
농수산식품,임산물,기타 목재·임산물,031840,4420190000,442019,4420,기타
농수산식품,임산물,기타 목재·임산물,031840,4420902000,442090,4420,칠기제품(나전칠기 제품을 포함한다)
농수산식품,임산물,기타 목재·임산물,031840,4420909010,442090,4420,담배용 상자와 신변장식용품용 상자
농수산식품,임산물,기타 목재·임산물,031840,4420909020,442090,4420,제94류에 해당하지 않는 그 밖의 가구
농수산식품,임산물,기타 목재·임산물,031840,4420909090,442090,4420,기타
농수산식품,임산물,기타 목재·임산물,031890,4421100000,442110,4421,옷걸이
농수산식품,임산물,기타 목재·임산물,031890,4421913000,442191,4421,이쑤시개
농수산식품,임산물,기타 목재·임산물,031890,4421915000,442191,4421,부채ㆍ핸드스크린(기계식이 아닌 것으로 한정한다)ㆍ이들의 살과 자루(살ㆍ자루의 부분품을 포함한다)
농수산식품,임산물,기타 목재·임산물,031890,4421993000,442199,4421,이쑤시개
농수산식품,임산물,기타 목재·임산물,031890,4421995000,442199,4421,부채ㆍ핸드스크린(기계식이 아닌 것으로 한정한다)ㆍ이들의 살과 자루(살ㆍ자루의 부분품을 포함한다)
농수산식품,임산물,기타 목재·임산물,031890,4503100000,450310,4503,마개
농수산식품,임산물,기타 목재·임산물,031890,4602111000,460211,4602,바구니
농수산식품,임산물,기타 목재·임산물,031890,4602119000,460211,4602,기타
농수산식품,임산물,기타 목재·임산물,031890,4602120000,460212,4602,등나무로 만든 것
농수산식품,임산물,목재연료·칩,031900,4401110000,440111,4401,침엽수류
농수산식품,임산물,목재연료·칩,031900,4401120000,440112,4401,활엽수류
농수산식품,임산물,목재연료·칩,031900,4401210000,440121,4401,침엽수류
농수산식품,임산물,목재연료·칩,031900,4401221000,440122,4401,펄프 제조용
농수산식품,임산물,목재연료·칩,031900,4401229000,440122,4401,기타
농수산식품,임산물,목재연료·칩,031900,4401310000,440131,4401,목재 펠릿(pellet)
농수산식품,임산물,목재연료·칩,031900,4401320000,440132,4401,목재 브리켓(briquette)
농수산식품,임산물,목재연료·칩,031900,4401390000,440139,4401,기타
농수산식품,임산물,목재연료·칩,031900,4401410000,440141,4401,톱밥
농수산식품,임산물,목재연료·칩,031900,4401490000,440149,4401,기타
농수산식품,임산물,기타 목재·임산물,031900,4402101010,440210,4402,착화제가 포함된 것
농수산식품,임산물,기타 목재·임산물,031900,4402101090,440210,4402,기타
농수산식품,임산물,기타 목재·임산물,031900,4402109000,440210,4402,기타
농수산식품,임산물,기타 목재·임산물,031900,4402201010,440220,4402,착화제가 포함된 것
농수산식품,임산물,기타 목재·임산물,031900,4402201090,440220,4402,기타
농수산식품,임산물,기타 목재·임산물,031900,4402209000,440220,4402,기타
농수산식품,임산물,기타 목재·임산물,031900,4402901011,440290,4402,착화제가 포함된 것
농수산식품,임산물,기타 목재·임산물,031900,4402901019,440290,4402,기타
농수산식품,임산물,기타 목재·임산물,031900,4402901090,440290,4402,기타
농수산식품,임산물,기타 목재·임산물,031900,4402909010,440290,4402,백탄
농수산식품,임산물,기타 목재·임산물,031900,4402909020,440290,4402,흑탄
농수산식품,임산물,기타 목재·임산물,031900,4402909090,440290,4402,기타
농수산식품,임산물,기타 목재·임산물,031900,4404100000,440410,4404,침엽수류
농수산식품,임산물,기타 목재·임산물,031900,4404200000,440420,4404,활엽수류
농수산식품,임산물,기타 목재·임산물,031900,4405000000,440500,4405,목모(wood wool)와 목분(wood flour)
농수산식품,임산물,기타 목재·임산물,031900,4406110000,440611,4406,침엽수류
농수산식품,임산물,기타 목재·임산물,031900,4406120000,440612,4406,활엽수류
농수산식품,임산물,기타 목재·임산물,031900,4406910000,440691,4406,침엽수류
농수산식품,임산물,기타 목재·임산물,031900,4406920000,440692,4406,활엽수류
농수산식품,임산물,기타 목재·임산물,031900,4409101000,440910,4409,벽판재
농수산식품,임산물,기타 목재·임산물,031900,4409102000,440910,4409,바닥재
농수산식품,임산물,기타 목재·임산물,031900,4409109000,440910,4409,기타
농수산식품,임산물,기타 목재·임산물,031900,4409210000,440921,4409,대나무로 만든 것
농수산식품,임산물,기타 목재·임산물,031900,4409221000,440922,4409,벽판재
농수산식품,임산물,기타 목재·임산물,031900,4409222000,440922,4409,바닥재
농수산식품,임산물,기타 목재·임산물,031900,4409229000,440922,4409,기타
농수산식품,임산물,기타 목재·임산물,031900,4409291000,440929,4409,벽판재
농수산식품,임산물,기타 목재·임산물,031900,4409292000,440929,4409,바닥재
농수산식품,임산물,기타 목재·임산물,031900,4409299000,440929,4409,기타
농수산식품,임산물,기타 목재·임산물,031900,4413000000,441300,4413,고밀도화 목재[블록 모양ㆍ플레이트(plate) 모양ㆍ스트립(strip) 모양ㆍ프로파일(profile) 모양인 것으로 한정한다]
농수산식품,임산물,기타 목재·임산물,031900,4415100000,441510,4415,"케이스ㆍ상자ㆍ크레이트(crate)ㆍ드럼과 이와 유사한 포장용기, 케이블드럼"
농수산식품,임산물,기타 목재·임산물,031900,4415200000,441520,4415,"팰릿(pallet)ㆍ박스팰릿(box pallet)ㆍ그 밖의 깔판류, 목재로 만든 팰릿칼러(pallet collar)"
농수산식품,임산물,기타 목재·임산물,031900,4416000000,441600,4416,목재로 만든 통ㆍ배럴(barrel)ㆍ배트(vat)ㆍ텁(tub)ㆍ그 밖의 용기와 이들의 부분품(통재와 준재를 포함한다)
농수산식품,임산물,기타 목재·임산물,031900,4417000000,441700,4417,목재로 만든 공구ㆍ공구의 몸체ㆍ공구의 손잡이ㆍ비나 브러시의 몸체와 손잡이ㆍ목재로 만든 신발의 골
농수산식품,임산물,기타 목재·임산물,031900,4421200000,442120,4421,관(棺)
농수산식품,임산물,기타 목재·임산물,031900,4421919000,442191,4421,기타
농수산식품,임산물,기타 목재·임산물,031900,4421991000,442199,4421,스풀ㆍ콥ㆍ보빈ㆍ재봉사 릴과 이와 유사한 것(선반가공한 목재의 것으로 한정한다)
농수산식품,임산물,기타 목재·임산물,031900,4421994000,442199,4421,포장용의 목재블록
농수산식품,임산물,기타 목재·임산물,031900,4421999010,442199,4421,집성판(건축자재를 제외한다)
농수산식품,임산물,기타 목재·임산물,031900,4421999090,442199,4421,기타
농수산식품,농산물,화훼류,032100,0602100000,060210,0602,뿌리가 없는 꺾꽂이용 가지와 접붙임용 가지
농수산식품,농산물,화훼류,032100,0602902010,060290,0602,분재용
농수산식품,농산물,화훼류,032100,0602902021,060290,0602,단풍나무
농수산식품,농산물,화훼류,032100,0602902029,060290,0602,기타
농수산식품,농산물,화훼류,032100,0602902090,060290,0602,기타
농수산식품,농산물,종자·약용작물,032200,1209991010,120999,1209,참나무
농수산식품,농산물,종자·약용작물,032200,1209991090,120999,1209,기타
농수산식품,농산물,종자·약용작물,032200,1209994000,120999,1209,잔디 종자
농수산식품,임산물,기타 목재·임산물,033100,4501100000,450110,4501,천연 코르크(cork)(가공하지 않은 것이나 단순히 가공한 것으로 한정한다)
농수산식품,임산물,기타 목재·임산물,033100,4501900000,450190,4501,기타
농수산식품,임산물,기타 목재·임산물,033100,4502000000,450200,4502,"천연 코르크(cork)[외피를 제거한 것, 거칠게 각을 만든 것, 직사각형(정사각형을 포함한다)의 블록 모양ㆍ판 모양ㆍ시트(sheet) 모양ㆍ스트립(strip) 모양인 것으로 한정하고, 각이 예리한 마개용 블랭크(blank)를 포함한다]"
농수산식품,임산물,기타 목재·임산물,033100,4503900000,450390,4503,기타
농수산식품,임산물,기타 목재·임산물,033100,4504100000,450410,4504,블록ㆍ판ㆍ시트(sheet)ㆍ스트립(strip)ㆍ타일(어떤 모양이라도 상관없다)ㆍ솔리드실린더(solid cylinder)(디스크를 포함한다)
농수산식품,임산물,기타 목재·임산물,033100,4504900000,450490,4504,기타
농수산식품,농림수산 연관제품,기타 농림수산 연관제품,033200,4001100000,400110,4001,천연고무의 라텍스[프리-벌커나이즈된(pre-vulcanised) 것인지에 상관없다]
농수산식품,농림수산 연관제품,기타 농림수산 연관제품,033200,4001210000,400121,4001,스모크드 시트(smoked sheet)
농수산식품,농림수산 연관제품,기타 농림수산 연관제품,033200,4001220000,400122,4001,공업 규격화된 천연고무(TSNR)
농수산식품,농림수산 연관제품,기타 농림수산 연관제품,033200,4001290000,400129,4001,기타
농수산식품,농림수산 연관제품,기타 농림수산 연관제품,033200,4001300000,400130,4001,발라타(balata)ㆍ구타페르카(gutta-percha)ㆍ구아율(guayule)ㆍ치클(chicle)과 이와 유사한 천연 검(gum)
농수산식품,농산물,화훼류,033900,0604201000,060420,0604,이끼와 지의(地衣)
농수산식품,농산물,화훼류,033900,0604202000,060420,0604,식물의 잎
농수산식품,농산물,채소류,033900,0714901010,071490,0714,냉동한 것
농수산식품,농산물,채소류,033900,0714901090,071490,0714,기타
농수산식품,농산물,곡물가공 원료,033900,1106201000,110620,1106,칡뿌리의 것
농수산식품,농산물,종자·약용작물,033900,1211901950,121190,1211,초피(椒皮)
농수산식품,농산물,식물성 추출·원료,033900,1301901000,130190,1301,올레오레진(oleoresin)
농수산식품,농산물,식물성 추출·원료,033900,1302193000,130219,1302,생칠(生漆)
농수산식품,농산물,식물성 추출·원료,033900,1401102000,140110,1401,청환죽(靑丸竹)
농수산식품,농산물,식물성 추출·원료,033900,1401109000,140110,1401,기타
농수산식품,농산물,식물성 추출·원료,033900,1401200000,140120,1401,등나무
농수산식품,농산물,식물성 추출·원료,033900,1401900000,140190,1401,기타
농수산식품,농산물,식물성 추출·원료,033900,1404902010,140490,1404,닥나무나 꾸지나무(paper mulberry) 껍질
농수산식품,농산물,식물성 추출·원료,033900,1404902090,140490,1404,기타
농수산식품,농산물,식물성 추출·원료,033900,1404903010,140490,1404,떡갈잎
농수산식품,농산물,식물성 추출·원료,033900,1404903020,140490,1404,청미래덩굴잎
농수산식품,농산물,식물성 추출·원료,033900,1404903090,140490,1404,기타
농수산식품,농산물,식물성 추출·원료,033900,1404906010,140490,1404,오배자(五倍子)
농수산식품,농산물,식물성 추출·원료,033900,1404906020,140490,1404,아몬드 껍질(almond hull)
농수산식품,농산물,식물성 추출·원료,033900,1404906090,140490,1404,기타
농수산식품,농림수산 연관제품,기타 농림수산 연관제품,033900,4814901010,481490,4814,갈포섬유로 만든 것
농수산식품,농림수산 연관제품,기타 농림수산 연관제품,033900,4814901090,481490,4814,기타
농수산식품,수산물,어류,041100,0301940000,030194,0301,대서양 참다랑어와 태평양 참다랑어[터너스 티너스 (Thunnus thynnus)ㆍ터너스 오리엔탈리스(Thunnus orientalis)]
농수산식품,수산물,어류,041100,0301950000,030195,0301,남방 참다랑어[터너스 맥코이(Thunnus maccoyii)]
농수산식품,수산물,어류,041100,0302310000,030231,0302,날개다랑어나 긴지느러미 다랑어[터너스 알라룽가(Thunnus alalunga)]
농수산식품,수산물,어류,041100,0302320000,030232,0302,황다랑어[터너스 알바카레스(Thunnus albacares)]
농수산식품,수산물,어류,041100,0302330000,030233,0302,가다랑어(줄무늬 버니토)[카추워누스 펠라미스(Katsuwonus pelamis)]
농수산식품,수산물,어류,041100,0302340000,030234,0302,눈다랑어[터너스 오베서스(Thunnus obesus)]
농수산식품,수산물,어류,041100,0302351000,030235,0302,대서양 참다랑어[터너스 티너스 (Thunnus thynnus)]
농수산식품,수산물,어류,041100,0302352000,030235,0302,태평양 참다랑어[터너스 오리엔탈리스(Thunnus orientalis)]
농수산식품,수산물,어류,041100,0302360000,030236,0302,남방 참다랑어[터너스 맥코이(Thunnus maccoyii)]
농수산식품,수산물,어류,041100,0302390000,030239,0302,기타
농수산식품,수산물,어류,041100,0303410000,030341,0303,날개다랑어나 긴지느러미 다랑어[터너스 알라룽가(Thunnus alalunga)]
농수산식품,수산물,어류,041100,0303420000,030342,0303,황다랑어[터너스 알바카레스(Thunnus albacares)]
농수산식품,수산물,어류,041100,0303430000,030343,0303,가다랑어(줄무늬 버니토)[카추워누스 펠라미스(Katsuwonus pelamis)]
농수산식품,수산물,어류,041100,0303440000,030344,0303,눈다랑어[터너스 오베서스(Thunnus obesus)]
농수산식품,수산물,어류,041100,0303451000,030345,0303,대서양 참다랑어[터너스 티너스(Thunnus thynnus)]
농수산식품,수산물,어류,041100,0303452000,030345,0303,태평양 참다랑어[터너스 오리엔탈리스(Thunnus orientalis)]
농수산식품,수산물,어류,041100,0303460000,030346,0303,남방 참다랑어[터너스 맥코이(Thunnus maccoyii)]
농수산식품,수산물,어류,041100,0303490000,030349,0303,기타
농수산식품,수산물,어류,041200,0303895010,030389,0303,참조기[라리미크티스 폴리악티스(Larimichthys polyactis)]
농수산식품,수산물,어류,041200,0303895020,030389,0303,부세[라리미크티스 크로세아(Larimichthys crocea)]
농수산식품,수산물,어류,041200,0303895090,030389,0303,기타
농수산식품,수산물,어류,041300,0302892000,030289,0302,갈치
농수산식품,수산물,어류,041300,0303892000,030389,0303,갈치
농수산식품,수산물,어류,041400,0302550000,030255,0302,명태[테라그라 찰코그라마(Theragra chalcogramma)]
농수산식품,수산물,어류,041400,0303670000,030367,0303,명태[테라그라 찰코그라마(Theragra chalcogramma)]
농수산식품,수산물,어류,041500,0301998000,030199,0301,넙치류[플루로넥티대(Pleuronectidae)과ㆍ바디대(Bothidae)과ㆍ사이노글로시대(Cynoglossidae)과ㆍ솔레이대(Soleidae)과ㆍ스코프탈미대(Scophthalmidae)과ㆍ시타리대(Citharidae)과]
농수산식품,수산물,어류,041500,0302210000,030221,0302,넙치[레인하드티우스 히포글러소이데스(Reinhardtius hippoglossoides)ㆍ히포글러서스 히포글러서스(Hippoglossus hippoglossus)ㆍ히포글러서스 스테노레피스(Hippoglossus stenolepis)]
농수산식품,수산물,어류,041500,0302240000,030224,0302,터벗(turbots)[프세타 맥시마(Psetta maxima)]
농수산식품,수산물,어류,041500,0303310000,030331,0303,넙치[레인하드티우스 히포글러소이데스(Reinhardtius hippoglossoides)ㆍ히포글러서스 히포글러서스(Hippoglossus hippoglossus)ㆍ히포글러서스 스테노레피스(Hippoglossus stenolepis)]
농수산식품,수산물,어류,041500,0303340000,030334,0303,터벗(turbots)[프세타 맥시마(Psetta maxima)]
농수산식품,수산물,어류,041600,0302220000,030222,0302,가자미[플루로넥테스 플라테사(Pleuronectes platessa)]
농수산식품,수산물,어류,041600,0303320000,030332,0303,가자미[플루로넥테스 플라테사(Pleuronectes platessa)]
농수산식품,수산물,어류,041700,0302510000,030251,0302,대구[가두스 모르화(Gadus morhua)ㆍ가두스 오각(Gadus ogac)ㆍ가두스 마크로세팔루스(Gadus macrocephalus)]
농수산식품,수산물,어류,041700,0302530000,030253,0302,검정대구[폴라치우스 비렌스(Pollachius virens)]
농수산식품,수산물,어류,041700,0302540000,030254,0302,민대구[메루키우스(Merluccius)속ㆍ유르피키스(Urophycis)속]
농수산식품,수산물,어류,041700,0303630000,030363,0303,대구[가두스 모르화(Gadus morhua)ㆍ가두스 오각(Gadus ogac)ㆍ가두스 마크로세팔루스(Gadus macrocephalus)]
농수산식품,수산물,어류,041700,0303650000,030365,0303,검정대구[폴라치우스 비렌스(Pollachius virens)]
농수산식품,수산물,어류,041700,0303660000,030366,0303,민대구[메루키우스(Merluccius)속ㆍ유르피키스(Urophycis)속]
농수산식품,수산물,어류,041700,0303891000,030389,0303,은대구
농수산식품,수산물,어류,041800,0301921000,030192,0301,실뱀장어(한 마리당 0.3그램 이하인 것으로서 양식용으로 한정한다)
농수산식품,수산물,어류,041800,0301922000,030192,0301,새끼뱀장어(한 마리당 0.3그램 초과 50그램 이하인 것으로서 양식용으로 한정한다)
농수산식품,수산물,어류,041800,0301929010,030192,0301,실뱀장어(양식용은 제외한다)
농수산식품,수산물,어류,041800,0301929090,030192,0301,기타
농수산식품,수산물,어류,041800,0302740000,030274,0302,뱀장어[앙귈라(Anguilla)속]
농수산식품,수산물,어류,041800,0303260000,030326,0303,뱀장어[앙귈라(Anguilla)속]
농수산식품,수산물,어류,041900,0301111000,030111,0301,비단잉어
농수산식품,수산물,어류,041900,0301119000,030111,0301,기타
농수산식품,수산물,어류,041900,0301190000,030119,0301,기타
농수산식품,수산물,어류,041900,0301910000,030191,0301,송어[살모 트루타(Salmo trutta)ㆍ옹코링쿠스 미키스(Oncorhynchus mykiss)ㆍ옹코링쿠스 클라키(Oncorhynchus clarki)ㆍ옹코링쿠스 아구아보니타(Oncorhynchus aguabonita)ㆍ옹코링쿠스 길래(Oncorhynchus gilae)ㆍ옹코링쿠스 아파케(Oncorhynchus apache)ㆍ옹코링쿠스 크리소가스터(Oncorhynchus chrysogaster)]
농수산식품,수산물,어류,041900,0301931000,030193,0301,붕어[카라시우스(Carassius)속]
농수산식품,수산물,어류,041900,0301939000,030193,0301,기타
농수산식품,수산물,어류,041900,0301992000,030199,0301,방어
농수산식품,수산물,어류,041900,0301994010,030199,0301,치어(稚魚)(양식용으로 한정한다)
농수산식품,수산물,어류,041900,0301994091,030199,0301,참돔[파그루스 마조르(Pagrus major)]
농수산식품,수산물,어류,041900,0301994099,030199,0301,기타
농수산식품,수산물,어류,041900,0301995000,030199,0301,붕장어
농수산식품,수산물,어류,041900,0301996000,030199,0301,갯장어
농수산식품,수산물,어류,041900,0301997000,030199,0301,먹장어
농수산식품,수산물,어류,041900,0301999010,030199,0301,능성어
농수산식품,수산물,어류,041900,0301999020,030199,0301,복어
농수산식품,수산물,어류,041900,0301999040,030199,0301,볼락(적어를 포함한다)
농수산식품,수산물,어류,041900,0301999051,030199,0301,치어(稚魚)(양식용으로 한정한다)
농수산식품,수산물,어류,041900,0301999059,030199,0301,기타
농수산식품,수산물,어류,041900,0301999060,030199,0301,숭어
농수산식품,수산물,어류,041900,0301999070,030199,0301,미꾸라지
농수산식품,수산물,어류,041900,0301999080,030199,0301,메기
농수산식품,수산물,어류,041900,0301999091,030199,0301,노래미[헥사그라모스(Hexagrammos)속ㆍ아그라무스(Agrammus)속]
농수산식품,수산물,어류,041900,0301999092,030199,0301,붕어[카라시우스(Carassius)속은 제외한다]
농수산식품,수산물,어류,041900,0301999095,030199,0301,민어(Argyrosomus japonicus와 Sciaenops ocellatus은 제외한다)
농수산식품,수산물,어류,041900,0301999096,030199,0301,남방먹조기
농수산식품,수산물,어류,041900,0301999097,030199,0301,점성어
농수산식품,수산물,어류,041900,0301999099,030199,0301,기타
농수산식품,수산물,어류,041900,0302110000,030211,0302,송어[살모 트루타(Salmo trutta)ㆍ옹코링쿠스 미키스(Oncorhynchus mykiss)ㆍ옹코링쿠스 클라키(Oncorhynchus clarki)ㆍ옹코링쿠스 아구아보니타(Oncorhynchus aguabonita)ㆍ옹코링쿠스 길래(Oncorhynchus gilae)ㆍ옹코링쿠스 아파케(Oncorhynchus apache)ㆍ옹코링쿠스 크리소가스터(Oncorhynchus chrysogaster)]
농수산식품,수산물,어류,041900,0302130000,030213,0302,태평양 연어[옹코링쿠스 넬카(Oncorhynchus nerka)ㆍ옹코링쿠스 고르부스카(Oncorhynchus gorbuscha)ㆍ옹코링쿠스 케타(Oncorhynchus keta)ㆍ옹코링쿠스 차비차(Oncorhynchus tschawytscha)ㆍ옹코링쿠스 키수츠(Oncorhynchus kisutch)ㆍ옹코링쿠스 마소(Oncorhynchus masou)ㆍ옹코링쿠스 로두루스(Oncorhynchus rhodurus)]
농수산식품,수산물,어류,041900,0302140000,030214,0302,대서양 연어[살모 살라(Salmo salar)]와 다뉴브 연어[후코 후코(Hucho hucho)]
농수산식품,수산물,어류,041900,0302190000,030219,0302,기타
농수산식품,수산물,어류,041900,0302230000,030223,0302,서대[솔레아(Solea)속]
농수산식품,수산물,어류,041900,0302290000,030229,0302,기타
농수산식품,수산물,어류,041900,0302410000,030241,0302,청어[클루페아 하렌구스(Clupea harengus)ㆍ클루페아 팔라시(Clupea pallasii)]
농수산식품,수산물,어류,041900,0302420000,030242,0302,멸치[엔그라울리스(Engraulis)속]
농수산식품,수산물,어류,041900,0302430000,030243,0302,"정어리[사르디나 필차르두스(Sardina pilchardus)ㆍ사르디노프스(Sardinops)속], 사르디넬라[사르디넬라(Sardinella)속], 브리스링(brisling)이나 스프랫(sprats)[스프라투스 스프라투스(Sprattus sprattus)]"
농수산식품,수산물,어류,041900,0302440000,030244,0302,고등어[스콤버 스콤브루스(Scomber scombrus)ㆍ스콤버 오스트랄라시쿠스(Scomber australasicus)ㆍ스콤버 자포니쿠스(Scomber japonicus)]
농수산식품,수산물,어류,041900,0302450000,030245,0302,전갱이[트라커러스(Trachurus)속]
농수산식품,수산물,어류,041900,0302460000,030246,0302,날쌔기[라키센트론 카나둠(Rachycentron canadum)]
농수산식품,수산물,어류,041900,0302470000,030247,0302,황새치[자이피어스 글래디어스(Xiphias gladius)]
농수산식품,수산물,어류,041900,0302491000,030249,0302,삼치[스콤버로모러스(Scomberomorus)속]
농수산식품,수산물,어류,041900,0302492000,030249,0302,병어[팜푸스(Pampus)속]
농수산식품,수산물,어류,041900,0302493000,030249,0302,꽁치[콜로라비스 사이라(Cololabis saira)]
농수산식품,수산물,어류,041900,0302499000,030249,0302,기타
농수산식품,수산물,어류,041900,0302520000,030252,0302,해덕[멜라노그라무스 애그레피누스(Melanogrammus aeglefinus)]
농수산식품,수산물,어류,041900,0302560000,030256,0302,블루 화이팅스(blue whitings)[마이크로메시스티우스 포우타소우(Micromesistius poutassou)ㆍ마이크로메시스티우스 오스트랄리스(Micromesistius australis)]
농수산식품,수산물,어류,041900,0302590000,030259,0302,기타
농수산식품,수산물,어류,041900,0302710000,030271,0302,틸라피아[오레오크로미스(Oreochromis)속]
농수산식품,수산물,어류,041900,0302720000,030272,0302,메기[판가시우스(Pangasius)속ㆍ실루러스(Silurus)속ㆍ클라리아스(Clarias)속ㆍ익타루러스(Ictalurus)속]
농수산식품,수산물,어류,041900,0302730000,030273,0302,잉어[사이프리너스(Cyprinus)속ㆍ카라시우스(Carassius)속ㆍ크테노파린고돈 이델루스(Ctenopharyngodon idellus)ㆍ하이포프탈미크티스(Hypophthalmichthys)속ㆍ시리누스(Cirrhinus)속ㆍ마일로파린고돈 피세우스(Mylopharyngodon piceus)ㆍ카틀라 카틀라(Catla catla)ㆍ라베오(Labeo)속ㆍ오스테오킬루스 하셀티(Osteochilus hasselti)ㆍ렙토바르부스 호에베니(Leptobarbus hoeveni)ㆍ메갈로브라마(Megalobrama)속]
농수산식품,수산물,어류,041900,0302790000,030279,0302,기타
농수산식품,수산물,어류,041900,0302810000,030281,0302,곱상어와 그 밖의 상어
농수산식품,수산물,어류,041900,0302820000,030282,0302,가오리와 홍어[라지대(Rajidae)과]
농수산식품,수산물,어류,041900,0302830000,030283,0302,이빨고기[디소스티쿠스(Dissostichus)속]
농수산식품,수산물,어류,041900,0302840000,030284,0302,농어[디센트라르쿠스(Dicentrarchus)속]
농수산식품,수산물,어류,041900,0302850000,030285,0302,돔[스파리대(Sparidae)과]
농수산식품,수산물,어류,041900,0302891000,030289,0302,방어
농수산식품,수산물,어류,041900,0302893000,030289,0302,붕장어
농수산식품,수산물,어류,041900,0302894000,030289,0302,갯장어
농수산식품,수산물,어류,041900,0302895000,030289,0302,학꽁치(Hyporhampus sajori)
농수산식품,수산물,어류,041900,0302896000,030289,0302,돔[스파리대(Sparidae)과는 제외한다]
농수산식품,수산물,어류,041900,0302899020,030289,0302,복어
농수산식품,수산물,어류,041900,0302899040,030289,0302,아귀
농수산식품,수산물,어류,041900,0302899090,030289,0302,기타
농수산식품,수산물,어류,041900,0303110000,030311,0303,소크아이 연어[홍연어(red salmon)][옹코링쿠스 넬카(Oncorhynchus nerka)]
농수산식품,수산물,어류,041900,0303120000,030312,0303,그 밖의 태평양 연어[옹코링쿠스 고르부스카(Oncorhynchus gorbuscha)ㆍ옹코링쿠스 케타(Oncorhynchus keta)ㆍ옹코링쿠스 차비차(Oncorhynchus tschawytscha)ㆍ옹코링쿠스 키수츠(Oncorhynchus kisutch)ㆍ옹코링쿠스 마소(Oncorhynchus masou)ㆍ옹코링쿠스 로두루스(Oncorhynchus rhodurus)]
농수산식품,수산물,어류,041900,0303130000,030313,0303,대서양 연어[살모 살라(Salmo salar)]와 다뉴브 연어[후코 후코(Hucho hucho)]
농수산식품,수산물,어류,041900,0303140000,030314,0303,송어[살모 트루타(Salmo trutta)ㆍ옹코링쿠스 미키스(Oncorhynchus mykiss)ㆍ옹코링쿠스 클라키(Oncorhynchus clarki)ㆍ옹코링쿠스 아구아보니타(Oncorhynchus aguabonita)ㆍ옹코링쿠스 길래(Oncorhynchus gilae)ㆍ옹코링쿠스 아파케(Oncorhynchus apache)ㆍ옹코링쿠스 크리소가스터(Oncorhynchus chrysogaster)]
농수산식품,수산물,어류,041900,0303190000,030319,0303,기타
농수산식품,수산물,어류,041900,0303230000,030323,0303,틸라피아[오레오크로미스(Oreochromis)속]
농수산식품,수산물,어류,041900,0303240000,030324,0303,메기[판가시우스(Pangasius)속ㆍ실루러스(Silurus)속ㆍ클라리아스(Clarias)속ㆍ익타루러스(Ictalurus)속]
농수산식품,수산물,어류,041900,0303250000,030325,0303,잉어[사이프리너스(Cyprinus)속ㆍ카라시우스(Carassius)속ㆍ크테노파린고돈 이델루스(Ctenopharyngodon idellus)ㆍ하이포프탈미크티스(Hypophthalmichthys)속ㆍ시리누스(Cirrhinus)속ㆍ마일로파린고돈 피세우스(Mylopharyngodon piceus)ㆍ카틀라 카틀라(Catla catla)ㆍ라베오(Labeo)속ㆍ오스테오킬루스 하셀티(Osteochilus hasselti)ㆍ렙토바르부스 호에베니(Leptobarbus hoeveni)ㆍ메갈로브라마(Megalobrama)속]
농수산식품,수산물,어류,041900,0303290000,030329,0303,기타
농수산식품,수산물,어류,041900,0303330000,030333,0303,서대[솔레아(Solea)속]
농수산식품,수산물,어류,041900,0303391000,030339,0303,가자미[플루로넥테스 플라테사(Pleuronectes platessa)를 제외한다]
농수산식품,수산물,어류,041900,0303399000,030339,0303,기타
농수산식품,수산물,어류,041900,0303510000,030351,0303,청어[클루페아 하렌구스(Clupea harengus)ㆍ클루페아 팔라시(Clupea pallasii)]
농수산식품,수산물,어류,041900,0303530000,030353,0303,"정어리[사르디나 필차르두스(Sardina pilchardus)ㆍ사르디노프스(Sardinops)속], 사르디넬라[사르디넬라(Sardinella)속], 브리스링(brisling)이나 스프랫(sprats)[스프라투스 스프라투스(Sprattus sprattus)]"
농수산식품,수산물,어류,041900,0303540000,030354,0303,고등어[스콤버 스콤브루스(Scomber scombrus)ㆍ스콤버 오스트랄라시쿠스(Scomber australasicus)ㆍ스콤버 자포니쿠스(Scomber japonicus)]
농수산식품,수산물,어류,041900,0303550000,030355,0303,전갱이[트라커러스(Trachurus)속]
농수산식품,수산물,어류,041900,0303560000,030356,0303,날쌔기[라키센트론 카나둠(Rachycentron canadum)]
농수산식품,수산물,어류,041900,0303570000,030357,0303,황새치[자이피어스 글래디어스(Xiphias gladius)]
농수산식품,수산물,어류,041900,0303591000,030359,0303,삼치[스콤버로모러스(Scomberomorus)속]
농수산식품,수산물,어류,041900,0303592000,030359,0303,꽁치[콜로라비스 사이라(Cololabis saira)]
농수산식품,수산물,어류,041900,0303599000,030359,0303,기타
농수산식품,수산물,어류,041900,0303640000,030364,0303,해덕[멜라노그라무스 애그레피누스(Melanogrammus aeglefinus)]
농수산식품,수산물,어류,041900,0303680000,030368,0303,블루 화이팅스(blue whitings)[마이크로메시스티우스 포우타소우(Micromesistius poutassou)ㆍ마이크로메시스티우스 오스트랄리스(Micromesistius australis)]
농수산식품,수산물,어류,041900,0303691000,030369,0303,새꼬리민태
농수산식품,수산물,어류,041900,0303699000,030369,0303,기타
농수산식품,수산물,어류,041900,0303810000,030381,0303,곱상어와 그 밖의 상어
농수산식품,수산물,어류,041900,0303821000,030382,0303,가오리
농수산식품,수산물,어류,041900,0303822000,030382,0303,홍어
농수산식품,수산물,어류,041900,0303830000,030383,0303,이빨고기[디소스티쿠스(Dissostichus)속]
농수산식품,수산물,어류,041900,0303840000,030384,0303,농어[디센트라르쿠스(Dicentrarchus)속]
농수산식품,수산물,어류,041900,0303893010,030389,0303,옥돔[브랜치오스테거스 자포니커스(Branchiostegus japonicus)]
농수산식품,수산물,어류,041900,0303893020,030389,0303,옥두어[브랜치오스테거스 알부스(Branchiostegus albus)]
농수산식품,수산물,어류,041900,0303893090,030389,0303,기타
농수산식품,수산물,어류,041900,0303894000,030389,0303,붕장어
농수산식품,수산물,어류,041900,0303896000,030389,0303,학꽁치(Hyporhampus sajori)
농수산식품,수산물,어류,041900,0303898000,030389,0303,복어
농수산식품,수산물,어류,041900,0303899010,030389,0303,보리멸
농수산식품,수산물,어류,041900,0303899020,030389,0303,홍살치
농수산식품,수산물,어류,041900,0303899030,030389,0303,달고기
농수산식품,수산물,어류,041900,0303899040,030389,0303,임연수어
농수산식품,수산물,어류,041900,0303899050,030389,0303,볼락(적어를 포함한다)
농수산식품,수산물,어류,041900,0303899060,030389,0303,아귀
농수산식품,수산물,어류,041900,0303899070,030389,0303,먹장어(대서양 또는 태평양)
농수산식품,수산물,어류,041900,0303899080,030389,0303,밀크피쉬
농수산식품,수산물,어류,041900,0303899091,030389,0303,민어
농수산식품,수산물,어류,041900,0303899092,030389,0303,까나리
농수산식품,수산물,어류,041900,0303899093,030389,0303,이빨고기[디소스티쿠스(Dissostichus)속은 제외한다]
농수산식품,수산물,어류,041900,0303899099,030389,0303,기타
농수산식품,수산물,어류,041900,0305410000,030541,0305,"태평양 연어[옹코링쿠스 넬카(Oncorhynchus nerka)ㆍ옹코링쿠스 고르부스카(Oncorhynchus gorbuscha)ㆍ옹코링쿠스 케타(Oncorhynchus keta)ㆍ옹코링쿠스 차비차(Oncorhynchus tschawytscha)ㆍ옹코링쿠스 키수츠(Oncorhynchus kisutch)ㆍ옹코링쿠스 마소(Oncorhynchus masou)ㆍ옹코링쿠스 로두루스(Oncorhynchus rhodurus)], 대서양 연어[살모 살라(Salmo salar)], 다뉴브 연어[후코 후코(Hucho hucho)]"
농수산식품,수산물,갑각류,042100,0306111000,030611,0306,훈제한 것
농수산식품,수산물,갑각류,042100,0306119000,030611,0306,기타
농수산식품,수산물,갑각류,042100,0306161010,030616,0306,훈제한 것
농수산식품,수산물,갑각류,042100,0306161090,030616,0306,기타
농수산식품,수산물,갑각류,042100,0306169010,030616,0306,훈제한 것
농수산식품,수산물,갑각류,042100,0306169090,030616,0306,기타
농수산식품,수산물,갑각류,042100,0306171010,030617,0306,훈제한 것
농수산식품,수산물,갑각류,042100,0306171090,030617,0306,기타
농수산식품,수산물,갑각류,042100,0306179010,030617,0306,훈제한 것
농수산식품,수산물,갑각류,042100,0306179091,030617,0306,흰다리새우[리토페나에우스 바나메이(Litopenaeus vannamei)]
농수산식품,수산물,갑각류,042100,0306179099,030617,0306,기타
농수산식품,수산물,갑각류,042100,0306310000,030631,0306,닭새우류[팔리누루스(Palinurus)속ㆍ파누리루스(Panulirus)속ㆍ자수스(Jasus)속]
농수산식품,수산물,갑각류,042100,0306350000,030635,0306,냉수성(冷水性) 새우류[판달러스(Pandalus)속ㆍ크란곤 크란곤(Crangon crangon)]
농수산식품,수산물,갑각류,042100,0306360000,030636,0306,그 밖의 새우류
농수산식품,수산물,갑각류,042100,0306910000,030691,0306,닭새우류[팔리누루스(Palinurus)속ㆍ파누리루스(Panulirus)속ㆍ자수스(Jasus)속]
농수산식품,수산물,갑각류,042100,0306951020,030695,0306,건조한 것
농수산식품,수산물,갑각류,042100,0306951040,030695,0306,훈제한 것
농수산식품,수산물,갑각류,042100,0306959020,030695,0306,건조한 것
농수산식품,수산물,갑각류,042100,0306959040,030695,0306,훈제한 것
농수산식품,수산물,갑각류,042210,0306143010,030614,0306,훈제한 것
농수산식품,수산물,갑각류,042210,0306143090,030614,0306,기타
농수산식품,수산물,갑각류,042210,0306331000,030633,0306,꽃게[포르투누스 트리투버큘라투스(Portunus trituberculatus)]
농수산식품,수산물,갑각류,042290,0306141010,030614,0306,훈제한 것
농수산식품,수산물,갑각류,042290,0306141090,030614,0306,기타
농수산식품,수산물,갑각류,042290,0306142000,030614,0306,왕게
농수산식품,수산물,갑각류,042290,0306149010,030614,0306,훈제한 것
농수산식품,수산물,갑각류,042290,0306149090,030614,0306,기타
농수산식품,수산물,갑각류,042290,0306332000,030633,0306,대게
농수산식품,수산물,갑각류,042290,0306339000,030633,0306,기타
농수산식품,수산물,갑각류,042290,0306930000,030693,0306,게
농수산식품,수산물,갑각류,042300,0306121000,030612,0306,훈제한 것
농수산식품,수산물,갑각류,042300,0306129000,030612,0306,기타
농수산식품,수산물,갑각류,042300,0306151000,030615,0306,훈제한 것
농수산식품,수산물,갑각류,042300,0306159000,030615,0306,기타
농수산식품,수산물,갑각류,042300,0306320000,030632,0306,바닷가재[호마루스(Homarus)속]
농수산식품,수산물,갑각류,042300,0306340000,030634,0306,노르웨이 바닷가재[네프로프스 노르베지쿠스(Nephrops norvegicus)]
농수산식품,수산물,갑각류,042300,0306920000,030692,0306,바닷가재[호마루스(Homarus)속]
농수산식품,수산물,갑각류,042300,0306940000,030694,0306,노르웨이 바닷가재[네프로프스 노르베지쿠스(Nephrops norvegicus)]
농수산식품,수산물,갑각류,042900,0306191000,030619,0306,훈제한 것
농수산식품,수산물,갑각류,042900,0306199000,030619,0306,기타
농수산식품,수산물,갑각류,042900,0306390000,030639,0306,기타
농수산식품,수산물,갑각류,042900,0306993000,030699,0306,염장이나 염수장한 것
농수산식품,수산물,갑각류,042900,0306994000,030699,0306,훈제한 것
농수산식품,수산물,연체류,043100,0307421010,030742,0307,세피아 오피시날리스(Sepia officinalis)ㆍ로시아 마크로소마(Rossia macrosoma)ㆍ세피올라(Sepiola)속
농수산식품,수산물,연체류,043100,0307421090,030742,0307,기타
농수산식품,수산물,연체류,043100,0307422010,030742,0307,옴마스트레페스(Ommastrephes)속ㆍ로리고(Loligo)속ㆍ노토토다루스(Nototodarus)속ㆍ세피오투디스(Sepioteuthis)속
농수산식품,수산물,연체류,043100,0307422090,030742,0307,기타
농수산식품,수산물,연체류,043100,0307431010,030743,0307,세피아 오피시날리스(Sepia officinalis)ㆍ로시아 마크로소마(Rossia macrosoma)ㆍ세피올라(Sepiola)속
농수산식품,수산물,연체류,043100,0307431090,030743,0307,기타
농수산식품,수산물,연체류,043100,0307432010,030743,0307,옴마스트레페스(Ommastrephes)속ㆍ로리고(Loligo)속ㆍ노토토다루스(Nototodarus)속ㆍ세피오투디스(Sepioteuthis)속
농수산식품,수산물,연체류,043100,0307432090,030743,0307,기타
농수산식품,수산물,연체류,043100,0307493010,030749,0307,갑오징어[세피아 오피시날리스(Sepia officinalis)ㆍ로시아 마크로소마(Rossia macrosoma)ㆍ세피올라(Sepiola)속]와 오징어[옴마스트레페스(Ommastrephes)속ㆍ로리고(Loligo)속ㆍ노토토다루스(Nototodarus)속ㆍ세피오투디스(Sepioteuthis)속]
농수산식품,수산물,연체류,043100,0307493090,030749,0307,기타
농수산식품,수산물,연체류,043100,0307494010,030749,0307,갑오징어[세피아 오피시날리스(Sepia officinalis)ㆍ로시아 마크로소마(Rossia macrosoma)ㆍ세피올라(Sepiola)속]와 오징어[옴마스트레페스(Ommastrephes)속ㆍ로리고(Loligo)속ㆍ노토토다루스(Nototodarus)속ㆍ세피오투디스(Sepioteuthis)속]
농수산식품,수산물,연체류,043100,0307494090,030749,0307,기타
농수산식품,수산물,연체류,043200,0307511000,030751,0307,낙지
농수산식품,수산물,연체류,043200,0307512000,030751,0307,주꾸미
농수산식품,수산물,연체류,043200,0307519000,030751,0307,기타
농수산식품,수산물,연체류,043200,0307521000,030752,0307,문어
농수산식품,수산물,연체류,043200,0307523000,030752,0307,주꾸미
농수산식품,수산물,연체류,043300,0307522000,030752,0307,낙지
농수산식품,수산물,연체류,043400,0307111010,030711,0307,종패용
농수산식품,수산물,연체류,043400,0307111090,030711,0307,기타
농수산식품,수산물,연체류,043400,0307119000,030711,0307,기타
농수산식품,수산물,연체류,043400,0307120000,030712,0307,냉동한 것
농수산식품,수산물,연체류,043400,0307192000,030719,0307,건조한 것
농수산식품,수산물,연체류,043400,0307193000,030719,0307,염장이나 염수장한 것
농수산식품,수산물,연체류,043400,0307194000,030719,0307,훈제한 것
농수산식품,수산물,연체류,043510,0307712010,030771,0307,종패용
농수산식품,수산물,연체류,043510,0307712090,030771,0307,기타
농수산식품,수산물,연체류,043510,0307724000,030772,0307,피조개
농수산식품,수산물,연체류,043590,0307211000,030721,0307,펙텐(Pecten)ㆍ클라미스(Chlamys)ㆍ플라코펙텐(Placopecten)속의 것
농수산식품,수산물,연체류,043590,0307219000,030721,0307,기타
농수산식품,수산물,연체류,043590,0307221000,030722,0307,펙텐(Pecten)ㆍ클라미스(Chlamys)ㆍ플라코펙텐(Placopecten)속의 것
농수산식품,수산물,연체류,043590,0307291000,030729,0307,펙텐(Pecten)ㆍ클라미스(Chlamys)ㆍ플라코펙텐(Placopecten)속의 것
농수산식품,수산물,연체류,043590,0307299000,030729,0307,기타
농수산식품,수산물,연체류,043590,0307310000,030731,0307,"살아 있는 것, 신선한 것, 냉장한 것"
농수산식품,수산물,연체류,043590,0307320000,030732,0307,냉동한 것
농수산식품,수산물,연체류,043590,0307711000,030771,0307,백합
농수산식품,수산물,연체류,043590,0307713000,030771,0307,새조개
농수산식품,수산물,연체류,043590,0307714000,030771,0307,바지락
농수산식품,수산물,연체류,043590,0307715000,030771,0307,개조개
농수산식품,수산물,연체류,043590,0307719000,030771,0307,기타
농수산식품,수산물,연체류,043590,0307721000,030772,0307,새조개
농수산식품,수산물,연체류,043590,0307722000,030772,0307,개량조개
농수산식품,수산물,연체류,043590,0307723000,030772,0307,바지락
농수산식품,수산물,연체류,043590,0307725000,030772,0307,개조개
농수산식품,수산물,연체류,043590,0307729000,030772,0307,기타
농수산식품,수산물,연체류,043590,0307794010,030779,0307,새조개
농수산식품,수산물,연체류,043590,0307794090,030779,0307,기타
농수산식품,수산물,연체류,043590,0307810000,030781,0307,"살아있거나, 신선하거나 냉장한 전복[할리오티스(Haliotis)속]"
농수산식품,수산물,연체류,043590,0307820000,030782,0307,"살아있거나, 신선하거나 냉장한 수정고둥류[스트롬버스(Strombus)속]"
농수산식품,수산물,연체류,043590,0307830000,030783,0307,냉동한 전복[할리오티스(Haliotis)속]
농수산식품,수산물,연체류,043590,0307840000,030784,0307,냉동한 수정고둥류[스트롬버스(Strombus)속]
농수산식품,수산물,연체류,043590,0307873000,030787,0307,훈제한 것
농수산식품,수산물,연체류,043590,0307883000,030788,0307,훈제한 것
농수산식품,수산물,연체류,043590,0307912010,030791,0307,종패용
농수산식품,수산물,연체류,043590,0307912090,030791,0307,기타
농수산식품,수산물,연체류,043590,0307914000,030791,0307,재첩
농수산식품,수산물,연체류,043900,0307229000,030722,0307,기타
농수산식품,수산물,연체류,043900,0307529000,030752,0307,기타
농수산식품,수산물,연체류,043900,0307600000,030760,0307,달팽이(바다달팽이는 제외한다)
농수산식품,수산물,연체류,043900,0307911000,030791,0307,소라
농수산식품,수산물,연체류,043900,0307913000,030791,0307,조개관자
농수산식품,수산물,연체류,043900,0307919000,030791,0307,기타
농수산식품,수산물,연체류,043900,0307921000,030792,0307,조개관자
농수산식품,수산물,연체류,043900,0307922000,030792,0307,소라
농수산식품,수산물,연체류,043900,0307929000,030792,0307,기타
농수산식품,농산물,종자·약용작물,044100,1212211010,121221,1212,건조한 것
농수산식품,농산물,종자·약용작물,044100,1212211020,121221,1212,냉장한 것
농수산식품,농산물,종자·약용작물,044100,1212211030,121221,1212,냉동한 것
농수산식품,농산물,종자·약용작물,044100,1212211090,121221,1212,기타
농수산식품,농산물,종자·약용작물,044100,1212291010,121229,1212,냉동한 것
농수산식품,농산물,종자·약용작물,044100,1212291090,121229,1212,기타
농수산식품,농산물,종자·약용작물,044200,1212213010,121221,1212,건조한 것
농수산식품,농산물,종자·약용작물,044200,1212213020,121221,1212,냉장한 것
농수산식품,농산물,종자·약용작물,044200,1212213030,121221,1212,냉동한 것
농수산식품,농산물,종자·약용작물,044200,1212213090,121221,1212,기타
농수산식품,농산물,종자·약용작물,044200,1212293010,121229,1212,냉동한 것
농수산식품,농산물,종자·약용작물,044200,1212293090,121229,1212,기타
농수산식품,농산물,종자·약용작물,044300,1212212010,121221,1212,건조한 것
농수산식품,농산물,종자·약용작물,044300,1212212020,121221,1212,염장한 것
농수산식품,농산물,종자·약용작물,044300,1212212030,121221,1212,냉장한 것
농수산식품,농산물,종자·약용작물,044300,1212212040,121221,1212,냉동한 것
농수산식품,농산물,종자·약용작물,044300,1212212090,121221,1212,기타
농수산식품,농산물,종자·약용작물,044300,1212292010,121229,1212,냉동한 것
농수산식품,농산물,종자·약용작물,044300,1212292090,121229,1212,기타
농수산식품,농산물,식물성 추출·원료,044400,1302311000,130231,1302,실 한천
농수산식품,농산물,식물성 추출·원료,044400,1302312000,130231,1302,가루 한천
농수산식품,농산물,식물성 추출·원료,044400,1302319000,130231,1302,기타
농수산식품,농산물,종자·약용작물,044900,1212214010,121221,1212,신선한 것
농수산식품,농산물,종자·약용작물,044900,1212214020,121221,1212,냉장한 것
농수산식품,농산물,종자·약용작물,044900,1212214030,121221,1212,냉동한 것
농수산식품,농산물,종자·약용작물,044900,1212214090,121221,1212,기타
농수산식품,농산물,종자·약용작물,044900,1212215010,121221,1212,염장한 것
농수산식품,농산물,종자·약용작물,044900,1212215020,121221,1212,냉장한 것
농수산식품,농산물,종자·약용작물,044900,1212215030,121221,1212,냉동한 것
농수산식품,농산물,종자·약용작물,044900,1212215090,121221,1212,기타
농수산식품,농산물,종자·약용작물,044900,1212216010,121221,1212,냉동한 것
농수산식품,농산물,종자·약용작물,044900,1212216090,121221,1212,기타
농수산식품,농산물,종자·약용작물,044900,1212217011,121221,1212,냉동한 것
농수산식품,농산물,종자·약용작물,044900,1212217019,121221,1212,기타
농수산식품,농산물,종자·약용작물,044900,1212217021,121221,1212,냉동한 것
농수산식품,농산물,종자·약용작물,044900,1212217029,121221,1212,기타
농수산식품,농산물,종자·약용작물,044900,1212217031,121221,1212,냉동한 것
농수산식품,농산물,종자·약용작물,044900,1212217039,121221,1212,기타
농수산식품,농산물,종자·약용작물,044900,1212218011,121221,1212,냉동한 것
농수산식품,농산물,종자·약용작물,044900,1212218019,121221,1212,기타
농수산식품,농산물,종자·약용작물,044900,1212218021,121221,1212,냉동한 것
농수산식품,농산물,종자·약용작물,044900,1212218029,121221,1212,기타
농수산식품,농산물,종자·약용작물,044900,1212218031,121221,1212,냉동한 것
농수산식품,농산물,종자·약용작물,044900,1212218039,121221,1212,기타
농수산식품,농산물,종자·약용작물,044900,1212219011,121221,1212,냉동한 것
농수산식품,농산물,종자·약용작물,044900,1212219019,121221,1212,기타
농수산식품,농산물,종자·약용작물,044900,1212219091,121221,1212,냉동한 것
농수산식품,농산물,종자·약용작물,044900,1212219099,121221,1212,기타
농수산식품,농산물,종자·약용작물,044900,1212294010,121229,1212,냉동한 것
농수산식품,농산물,종자·약용작물,044900,1212294090,121229,1212,기타
농수산식품,농산물,종자·약용작물,044900,1212295010,121229,1212,냉동한 것
농수산식품,농산물,종자·약용작물,044900,1212295090,121229,1212,기타
농수산식품,농산물,종자·약용작물,044900,1212296010,121229,1212,냉동한 것
농수산식품,농산물,종자·약용작물,044900,1212296090,121229,1212,기타
농수산식품,농산물,종자·약용작물,044900,1212297011,121229,1212,냉동한 것
농수산식품,농산물,종자·약용작물,044900,1212297019,121229,1212,기타
농수산식품,농산물,종자·약용작물,044900,1212297021,121229,1212,냉동한 것
농수산식품,농산물,종자·약용작물,044900,1212297029,121229,1212,기타
농수산식품,농산물,종자·약용작물,044900,1212297031,121229,1212,냉동한 것
농수산식품,농산물,종자·약용작물,044900,1212297039,121229,1212,기타
농수산식품,농산물,종자·약용작물,044900,1212298011,121229,1212,냉동한 것
농수산식품,농산물,종자·약용작물,044900,1212298019,121229,1212,기타
농수산식품,농산물,종자·약용작물,044900,1212298021,121229,1212,냉동한 것
농수산식품,농산물,종자·약용작물,044900,1212298029,121229,1212,기타
농수산식품,농산물,종자·약용작물,044900,1212298031,121229,1212,냉동한 것
농수산식품,농산물,종자·약용작물,044900,1212298039,121229,1212,기타
농수산식품,농산물,종자·약용작물,044900,1212299011,121229,1212,냉동한 것
농수산식품,농산물,종자·약용작물,044900,1212299019,121229,1212,기타
농수산식품,농산물,종자·약용작물,044900,1212299091,121229,1212,냉동한 것
농수산식품,농산물,종자·약용작물,044900,1212299099,121229,1212,기타
농수산식품,축산물,육류,045100,0208401000,020840,0208,"고래  돌고래ㆍ쇠돌고래(고래목의 포유동물), 매너티·듀공(바다소목의 포유동물)의 것"
농수산식품,축산물,육류,045100,0208402000,020840,0208,물개ㆍ바다사자ㆍ바다코끼리(기각아목의 포유동물)의 것
농수산식품,축산물,육류,045100,0208909010,020890,0208,해양동물의 것
농수산식품,수산물,어류,045100,0304310000,030431,0304,틸라피아[오레오크로미스(Oreochromis)속]
농수산식품,수산물,어류,045100,0304320000,030432,0304,메기[판가시우스(Pangasius)속ㆍ실루러스(Silurus)속ㆍ클라리아스(Clarias)속ㆍ익타루러스(Ictalurus)속]
농수산식품,수산물,어류,045100,0304330000,030433,0304,나일 퍼치[라테스 니로티쿠스(Lates niloticus)]
농수산식품,수산물,어류,045100,0304390000,030439,0304,기타
농수산식품,수산물,어류,045100,0304410000,030441,0304,"태평양 연어[옹코링쿠스 넬카(Oncorhynchus nerka)ㆍ옹코링쿠스 고르부스카(Oncorhynchus gorbuscha)ㆍ옹코링쿠스 케타(Oncorhynchus keta)ㆍ옹코링쿠스 차비차(Oncorhynchus tschawytscha)ㆍ옹코링쿠스 키수츠(Oncorhynchus kisutch)ㆍ옹코링쿠스 마소(Oncorhynchus masou)ㆍ옹코링쿠스 로두루스(Oncorhynchus rhodurus)], 대서양 연어[살모 살라(Salmo salar)], 다뉴브 연어[후코 후코(Hucho hucho)]"
농수산식품,수산물,어류,045100,0304420000,030442,0304,송어[살모 트루타(Salmo trutta)ㆍ옹코링쿠스 미키스(Oncorhynchus mykiss)ㆍ옹코링쿠스 클라키(Oncorhynchus clarki)ㆍ옹코링쿠스 아구아보니타(Oncorhynchus aguabonita)ㆍ옹코링쿠스 길래(Oncorhynchus gilae)ㆍ옹코링쿠스 아파케(Oncorhynchus apache)ㆍ옹코링쿠스 크리소가스터(Oncorhynchus chrysogaster)]
농수산식품,수산물,어류,045100,0304431000,030443,0304,가자미
농수산식품,수산물,어류,045100,0304439000,030443,0304,기타
농수산식품,수산물,어류,045100,0304440000,030444,0304,브레그마세로티대(Bregmacerotidae)과ㆍ유클리티대(Euclichthyidae)과ㆍ가디대(Gadidae)과ㆍ마크로우리대(Macrouridae)과ㆍ멜라노니대(Melanonidae)과ㆍ메르루치대(Merlucciidae)과ㆍ모리대(Moridae)과ㆍ무라에놀레피디대(Muraenolepididae)과의 어류
농수산식품,수산물,어류,045100,0304450000,030445,0304,황새치[자이피어스 글래디어스(Xiphias gladius)]
농수산식품,수산물,어류,045100,0304460000,030446,0304,이빨고기[디소스티쿠스(Dissostichus)속]
농수산식품,수산물,어류,045100,0304470000,030447,0304,곱상어와 그 밖의 상어
농수산식품,수산물,어류,045100,0304480000,030448,0304,가오리와 홍어[라지대(Rajidae)과]
농수산식품,수산물,어류,045100,0304491000,030449,0304,붕장어
농수산식품,수산물,어류,045100,0304492000,030449,0304,참다랑어
농수산식품,수산물,어류,045100,0304499000,030449,0304,기타
농수산식품,수산물,어류,045100,0304511000,030451,0304,연육
농수산식품,수산물,어류,045100,0304519000,030451,0304,기타
농수산식품,수산물,어류,045100,0304520000,030452,0304,연어과
농수산식품,수산물,어류,045100,0304530000,030453,0304,브레그마세로티대(Bregmacerotidae)과ㆍ유클리티대(Euclichthyidae)과ㆍ가디대(Gadidae)과ㆍ마크로우리대(Macrouridae)과ㆍ멜라노니대(Melanonidae)과ㆍ메르루치대(Merlucciidae)과ㆍ모리대(Moridae)과ㆍ무라에놀레피디대(Muraenolepididae)과의 어류
농수산식품,수산물,어류,045100,0304540000,030454,0304,황새치[자이피어스 글래디어스(Xiphias gladius)]
농수산식품,수산물,어류,045100,0304550000,030455,0304,이빨고기[디소스티쿠스(Dissostichus)속]
농수산식품,수산물,어류,045100,0304560000,030456,0304,곱상어와 그 밖의 상어
농수산식품,수산물,어류,045100,0304573000,030457,0304,연육
농수산식품,수산물,어류,045100,0304579000,030457,0304,기타
농수산식품,수산물,어류,045100,0304591000,030459,0304,붕장어
농수산식품,수산물,어류,045100,0304592000,030459,0304,가자미
농수산식품,수산물,어류,045100,0304593010,030459,0304,연육
농수산식품,수산물,어류,045100,0304593090,030459,0304,기타
농수산식품,수산물,어류,045100,0304599010,030459,0304,연육
농수산식품,수산물,어류,045100,0304599090,030459,0304,기타
농수산식품,수산물,어류,045100,0304610000,030461,0304,틸라피아[오레오크로미스(Oreochromis)속]
농수산식품,수산물,어류,045100,0304620000,030462,0304,메기[판가시우스(Pangasius)속ㆍ실루러스(Silurus)속ㆍ클라리아스(Clarias)속ㆍ익타루러스(Ictalurus)속]
농수산식품,수산물,어류,045100,0304630000,030463,0304,나일 퍼치[라테스 니로티쿠스(Lates niloticus)]
농수산식품,수산물,어류,045100,0304690000,030469,0304,기타
농수산식품,수산물,어류,045100,0304710000,030471,0304,대구[가두스 모르화(Gadus morhua)ㆍ가두스 오각(Gadus ogac)ㆍ가두스 마크로세팔루스(Gadus macrocephalus)]
농수산식품,수산물,어류,045100,0304720000,030472,0304,해덕[멜라노그라무스 애그레피누스(Melanogrammus aeglefinus)]
농수산식품,수산물,어류,045100,0304730000,030473,0304,검정대구[폴라치우스 비렌스(Pollachius virens)]
농수산식품,수산물,어류,045100,0304740000,030474,0304,민대구[메루키우스(Merluccius)속ㆍ유르피키스(Urophycis)속]
농수산식품,수산물,어류,045100,0304750000,030475,0304,명태[테라그라 찰코그라마(Theragra chalcogramma)]
농수산식품,수산물,어류,045100,0304790000,030479,0304,기타
농수산식품,수산물,어류,045100,0304810000,030481,0304,"태평양 연어[옹코링쿠스 넬카(Oncorhynchus nerka)ㆍ옹코링쿠스 고르부스카(Oncorhynchus gorbuscha)ㆍ옹코링쿠스 케타(Oncorhynchus keta)ㆍ옹코링쿠스 차비차(Oncorhynchus tschawytscha)ㆍ옹코링쿠스 키수츠(Oncorhynchus kisutch)ㆍ옹코링쿠스 마소(Oncorhynchus masou)ㆍ옹코링쿠스 로두루스(Oncorhynchus rhodurus)], 대서양 연어[살모 살라(Salmo salar)], 다뉴브 연어[후코 후코(Hucho hucho)]"
농수산식품,수산물,어류,045100,0304820000,030482,0304,송어[살모 트루타(Salmo trutta)ㆍ옹코링쿠스 미키스(Oncorhynchus mykiss)ㆍ옹코링쿠스 클라키(Oncorhynchus clarki)ㆍ옹코링쿠스 아구아보니타(Oncorhynchus aguabonita)ㆍ옹코링쿠스 길래(Oncorhynchus gilae)ㆍ옹코링쿠스 아파케(Oncorhynchus apache)ㆍ옹코링쿠스 크리소가스터(Oncorhynchus chrysogaster)]
농수산식품,수산물,어류,045100,0304831000,030483,0304,가자미
농수산식품,수산물,어류,045100,0304839000,030483,0304,기타
농수산식품,수산물,어류,045100,0304840000,030484,0304,황새치[자이피어스 글래디어스(Xiphias gladius)]
농수산식품,수산물,어류,045100,0304850000,030485,0304,이빨고기[디소스티쿠스(Dissostichus)속]
농수산식품,수산물,어류,045100,0304860000,030486,0304,청어[클루페아 하렌구스(Clupea harengus)ㆍ클루페아 팔라시(Clupea pallasii)]
농수산식품,수산물,어류,045100,0304871000,030487,0304,참다랑어
농수산식품,수산물,어류,045100,0304879000,030487,0304,기타
농수산식품,수산물,어류,045100,0304881000,030488,0304,"곱상어, 그 밖의 상어"
농수산식품,수산물,어류,045100,0304889000,030488,0304,기타
농수산식품,수산물,어류,045100,0304891000,030489,0304,붕장어의 것
농수산식품,수산물,어류,045100,0304892000,030489,0304,이빨고기[디소스티쿠스(Dissostichus)속은 제외한다]의 것
농수산식품,수산물,어류,045100,0304893000,030489,0304,틸라피아[오레오크로미스(Oreochromis)속은 제외한다]의 것
농수산식품,수산물,어류,045100,0304894000,030489,0304,쥐치의 것
농수산식품,수산물,어류,045100,0304895000,030489,0304,고등어의 것
농수산식품,수산물,어류,045100,0304899000,030489,0304,기타
농수산식품,수산물,어류,045100,0304911000,030491,0304,냉동 연육
농수산식품,수산물,어류,045100,0304919000,030491,0304,기타
농수산식품,수산물,어류,045100,0304921000,030492,0304,냉동 연육
농수산식품,수산물,어류,045100,0304929000,030492,0304,기타
농수산식품,수산물,어류,045100,0304931000,030493,0304,냉동 연육
농수산식품,수산물,어류,045100,0304939000,030493,0304,기타
농수산식품,수산물,어류,045100,0304941000,030494,0304,냉동 연육
농수산식품,수산물,어류,045100,0304949000,030494,0304,기타
농수산식품,수산물,어류,045100,0304951000,030495,0304,냉동 연육
농수산식품,수산물,어류,045100,0304959000,030495,0304,기타
농수산식품,수산물,어류,045100,0304960000,030496,0304,곱상어와 그 밖의 상어
농수산식품,수산물,어류,045100,0304970000,030497,0304,가오리와 홍어[라지대(Rajidae)과]
농수산식품,수산물,어류,045100,0304991000,030499,0304,냉동 연육
농수산식품,수산물,어류,045100,0304999000,030499,0304,기타
농수산식품,수산물,어류,045210,0303912010,030391,0303,명란
농수산식품,수산물,어류,045290,0302912000,030291,0302,어란(魚卵)ㆍ어백(魚白)
농수산식품,수산물,어류,045290,0303912090,030391,0303,기타
농수산식품,수산가공품,수산가공품,046110,1604111000,160411,1604,밀폐용기에 넣은 것
농수산식품,수산가공품,수산가공품,046110,1604121000,160412,1604,밀폐용기에 넣은 것
농수산식품,수산가공품,수산가공품,046110,1604131000,160413,1604,밀폐용기에 넣은 것
농수산식품,수산가공품,수산가공품,046110,1604141011,160414,1604,기름에 담근 것
농수산식품,수산가공품,수산가공품,046110,1604141012,160414,1604,삶은 것
농수산식품,수산가공품,수산가공품,046110,1604141019,160414,1604,기타
농수산식품,수산가공품,수산가공품,046110,1604141021,160414,1604,기름에 담근 것
농수산식품,수산가공품,수산가공품,046110,1604141029,160414,1604,기타
농수산식품,수산가공품,수산가공품,046110,1604141031,160414,1604,기름에 담근 것
농수산식품,수산가공품,수산가공품,046110,1604141039,160414,1604,기타
농수산식품,수산가공품,수산가공품,046110,1604151000,160415,1604,밀폐용기에 넣은 것
농수산식품,수산가공품,수산가공품,046110,1604161000,160416,1604,밀폐용기에 넣은 것
농수산식품,수산가공품,수산가공품,046110,1604171000,160417,1604,밀폐용기에 넣은 것
농수산식품,수산가공품,수산가공품,046110,1604179000,160417,1604,기타
농수산식품,수산가공품,수산가공품,046110,1604191010,160419,1604,꽁치
농수산식품,수산가공품,수산가공품,046110,1604191020,160419,1604,전갱이
농수산식품,수산가공품,수산가공품,046110,1604191090,160419,1604,기타
농수산식품,수산가공품,수산가공품,046190,1605101010,160510,1605,밀폐용기에 넣은 것
농수산식품,수산가공품,수산가공품,046190,1605109000,160510,1605,기타
농수산식품,수산가공품,수산가공품,046190,1605301000,160530,1605,밀폐용기에 넣은 것
농수산식품,수산가공품,수산가공품,046190,1605401000,160540,1605,밀폐용기에 넣은 것
농수산식품,수산가공품,수산가공품,046190,1605511000,160551,1605,밀폐용기에 넣은 것
농수산식품,수산가공품,수산가공품,046190,1605531000,160553,1605,밀폐용기에 넣은 것
농수산식품,수산가공품,수산가공품,046190,1605542010,160554,1605,밀폐용기에 넣은 것
농수산식품,수산가공품,수산가공품,046190,1605561010,160556,1605,밀폐용기에 넣은 것
농수산식품,수산가공품,수산가공품,046190,1605562010,160556,1605,밀폐용기에 넣은 것
농수산식품,수산가공품,수산가공품,046190,1605569010,160556,1605,밀폐용기에 넣은 것
농수산식품,수산가공품,수산가공품,046190,1605571000,160557,1605,밀폐용기에 넣은 것
농수산식품,수산가공품,수산가공품,046190,1605581000,160558,1605,밀폐용기에 넣은 것
농수산식품,수산가공품,수산가공품,046190,1605591010,160559,1605,밀폐용기에 넣은 것
농수산식품,수산가공품,수산가공품,046190,1605592010,160559,1605,밀폐용기에 넣은 것
농수산식품,수산가공품,수산가공품,046190,1605599010,160559,1605,밀폐용기에 넣은 것
농수산식품,수산가공품,수산가공품,046190,1605611000,160561,1605,밀폐용기에 넣은 것
농수산식품,수산가공품,수산가공품,046190,1605621000,160562,1605,밀폐용기에 넣은 것
농수산식품,수산가공품,수산가공품,046190,1605631000,160563,1605,밀폐용기에 넣은 것
농수산식품,수산물,갑각류,046210,0306951030,030695,0306,염장이나 염수장한 것
농수산식품,수산물,갑각류,046210,0306959030,030695,0306,염장이나 염수장한 것
농수산식품,수산물,어류,046220,0305204010,030520,0305,명태의 것
농수산식품,수산물,어류,046220,0305204020,030520,0305,조기의 것
농수산식품,수산물,어류,046220,0305204030,030520,0305,청어의 것
농수산식품,수산물,어류,046220,0305204090,030520,0305,기타
농수산식품,수산물,어류,046290,0305312000,030531,0305,염장이나 염수장한 것
농수산식품,수산물,어류,046290,0305322000,030532,0305,염장이나 염수장한 것
농수산식품,수산물,어류,046290,0305392000,030539,0305,염장이나 염수장한 것
농수산식품,수산물,어류,046290,0305610000,030561,0305,청어[클루페아 하렌구스(Clupea harengus)ㆍ클루페아 팔라시(Clupea pallasii)]
농수산식품,수산물,어류,046290,0305620000,030562,0305,대구[가두스 모르화(Gadus morhua)ㆍ가두스 오각(Gadus ogac)ㆍ가두스 마크로세팔루스(Gadus macrocephalus)]
농수산식품,수산물,어류,046290,0305631000,030563,0305,멸치젓
농수산식품,수산물,어류,046290,0305639000,030563,0305,기타
농수산식품,수산물,어류,046290,0305640000,030564,0305,"틸라피아[오레오크로미스(Oreochromis)속], 메기[판가시우스(Pangasius)속ㆍ실루러스(Silurus)속ㆍ클라리아스(Clarias)속ㆍ익타루러스(Ictalurus)속], 잉어[사이프리너스(Cyprinus)속ㆍ카라시우스(Carassius)속ㆍ크테노파린고돈 이델루스(Ctenopharyngodon idellus)ㆍ하이포프탈미크티스(Hypophthalmichthys)속ㆍ시리누스(Cirrhinus)속ㆍ마일로파린고돈 피세우스(Mylopharyngodon piceus)ㆍ카틀라 카틀라(Catla catla)ㆍ라베오(Labeo)속ㆍ오스테오킬루스 하셀티(Osteochilus hasselti)ㆍ렙토바르부스 호에베니(Leptobarbus hoeveni)ㆍ메갈로브라마(Megalobrama)속], 뱀장어[앙귈라(Anguilla)속], 나일 퍼치[라테스 니로티쿠스(Lates niloticus)], 가물치[카나(Channa)속]"
농수산식품,수산물,연체류,046290,0307399000,030739,0307,기타
농수산식품,수산물,연체류,046290,0307492010,030749,0307,갑오징어[세피아 오피시날리스(Sepia officinalis)ㆍ로시아 마크로소마(Rossia macrosoma)ㆍ세피올라(Sepiola)속]와 오징어[옴마스트레페스(Ommastrephes)속ㆍ로리고(Loligo)속ㆍ노토토다루스(Nototodarus)속ㆍ세피오투디스(Sepioteuthis)속]
농수산식품,수산물,연체류,046290,0307492090,030749,0307,기타
농수산식품,수산물,연체류,046290,0307599000,030759,0307,기타
농수산식품,수산물,연체류,046290,0307793010,030779,0307,개량조개
농수산식품,수산물,연체류,046290,0307793020,030779,0307,바지락
농수산식품,수산물,연체류,046290,0307793090,030779,0307,기타
농수산식품,수산물,연체류,046290,0307872000,030787,0307,염장이나 염수장한 것
농수산식품,수산물,연체류,046290,0307882000,030788,0307,염장이나 염수장한 것
농수산식품,수산물,어류,046300,0305202000,030520,0305,건조한 어란(魚卵)과 어백(魚白)
농수산식품,수산물,어류,046300,0305203000,030520,0305,훈제한 어란(魚卵)과 어백(魚白)
농수산식품,수산물,어류,046300,0305311000,030531,0305,건조한 것
농수산식품,수산물,어류,046300,0305321000,030532,0305,건조한 것
농수산식품,수산물,어류,046300,0305391000,030539,0305,건조한 것
농수산식품,수산물,어류,046300,0305420000,030542,0305,청어[클루페아 하렌구스(Clupea harengus)ㆍ클루페아 팔라시(Clupea pallasii)]
농수산식품,수산물,어류,046300,0305430000,030543,0305,송어[살모 트루타(Salmo trutta)ㆍ옹코링쿠스 미키스(Oncorhynchus mykiss)ㆍ옹코링쿠스 클라키(Oncorhynchus clarki)ㆍ옹코링쿠스 아구아보니타(Oncorhynchus aguabonita)ㆍ옹코링쿠스 길래(Oncorhynchus gilae)ㆍ옹코링쿠스 아파케(Oncorhynchus apache)ㆍ옹코링쿠스 크리소가스터(Oncorhynchus chrysogaster)]
농수산식품,수산물,어류,046300,0305440000,030544,0305,"틸라피아[오레오크로미스(Oreochromis)속], 메기[판가시우스(Pangasius)속ㆍ실루러스(Silurus)속ㆍ클라리아스(Clarias)속ㆍ익타루러스(Ictalurus)속], 잉어[사이프리너스(Cyprinus)속ㆍ카라시우스(Carassius)속ㆍ크테노파린고돈 이델루스(Ctenopharyngodon idellus)ㆍ하이포프탈미크티스(Hypophthalmichthys)속ㆍ시리누스(Cirrhinus)속ㆍ마일로파린고돈 피세우스(Mylopharyngodon piceus)ㆍ카틀라 카틀라(Catla catla)ㆍ라베오(Labeo)속ㆍ오스테오킬루스 하셀티(Osteochilus hasselti)ㆍ렙토바르부스 호에베니(Leptobarbus hoeveni)ㆍ메갈로브라마(Megalobrama)속], 뱀장어[앙귈라(Anguilla)속], 나일 퍼치[라테스 니로티쿠스(Lates niloticus)], 가물치[카나(Channa)속]"
농수산식품,수산물,어류,046300,0305491000,030549,0305,멸치
농수산식품,수산물,어류,046300,0305492000,030549,0305,명태
농수산식품,수산물,어류,046300,0305499000,030549,0305,기타
농수산식품,수산물,어류,046300,0305510000,030551,0305,대구[가두스 모르화(Gadus morhua)ㆍ가두스 오각(Gadus ogac)ㆍ가두스 마크로세팔루스(Gadus macrocephalus)]
농수산식품,수산물,어류,046300,0305520000,030552,0305,"틸라피아[오레오크로미스(Oreochromis)속], 메기[판가시우스(Pangasius)속ㆍ실루러스(Silurus)속ㆍ클라리아스(Clarias)속ㆍ익타루러스(Ictalurus)속], 잉어[사이프리너스(Cyprinus)속ㆍ카라시우스(Carassius)속ㆍ크테노파린고돈 이델루스(Ctenopharyngodon idellus)ㆍ하이포프탈미크티스(Hypophthalmichthys)속ㆍ시리누스(Cirrhinus)속ㆍ마일로파린고돈 피세우스(Mylopharyngodon piceus)ㆍ카틀라 카틀라(Catla catla)ㆍ라베오(Labeo)속ㆍ오스테오킬루스 하셀티(Osteochilus hasselti)ㆍ렙토바르부스 호에베니(Leptobarbus hoeveni)ㆍ메갈로브라마(Megalobrama)속], 뱀장어[앙귈라(Anguilla)속], 나일 퍼치[라테스 니로티쿠스(Lates niloticus)], 가물치[카나(Channa)속]"
농수산식품,수산물,어류,046300,0305531000,030553,0305,명태(북어)
농수산식품,수산물,어류,046300,0305539000,030553,0305,기타
농수산식품,수산물,어류,046300,0305549000,030554,0305,기타
농수산식품,수산물,어류,046300,0305594000,030559,0305,조기(굴비)
농수산식품,수산물,어류,046300,0305595000,030559,0305,복어
농수산식품,수산물,어류,046300,0305596000,030559,0305,갯장어
농수산식품,수산물,어류,046300,0305597000,030559,0305,까나리
농수산식품,수산물,어류,046300,0305598000,030559,0305,베도라치(실치)
농수산식품,수산물,어류,046300,0305599000,030559,0305,기타
농수산식품,수산물,어류,046300,0305712000,030571,0305,건조한 것
농수산식품,수산물,갑각류,046300,0306992000,030699,0306,건조한 것
농수산식품,수산물,연체류,046300,0307392000,030739,0307,건조한 것
농수산식품,수산물,연체류,046300,0307592000,030759,0307,건조한 것
농수산식품,수산물,연체류,046300,0307792010,030779,0307,개량조개
농수산식품,수산물,연체류,046300,0307792020,030779,0307,바지락
농수산식품,수산물,연체류,046300,0307792090,030779,0307,기타
농수산식품,수산물,연체류,046300,0307871000,030787,0307,건조한 것
농수산식품,수산물,연체류,046300,0307881000,030788,0307,건조한 것
농수산식품,수산물,연체류,046300,0307992100,030799,0307,조개관자
농수산식품,수산물,기타 수산물,046300,0308303000,030830,0308,건조한 것
농수산식품,수산물,어류,046900,0302911000,030291,0302,간
농수산식품,수산물,어류,046900,0302920000,030292,0302,상어 지느러미
농수산식품,수산물,어류,046900,0302990000,030299,0302,기타
농수산식품,수산물,어류,046900,0303920000,030392,0303,상어 지느러미
농수산식품,수산물,어류,046900,0303990000,030399,0303,기타
농수산식품,수산물,어류,046900,0305201000,030520,0305,간
농수산식품,수산물,어류,046900,0305541000,030554,0305,멸치[엔그라울리스(Engraulis)속]
농수산식품,수산물,어류,046900,0305691000,030569,0305,연어
농수산식품,수산물,어류,046900,0305692000,030569,0305,송어
농수산식품,수산물,어류,046900,0305693000,030569,0305,갈치
농수산식품,수산물,어류,046900,0305694000,030569,0305,정어리
농수산식품,수산물,어류,046900,0305695000,030569,0305,고등어
농수산식품,수산물,어류,046900,0305696000,030569,0305,조기
농수산식품,수산물,어류,046900,0305698000,030569,0305,꽁치(학꽁치를 포함한다)
농수산식품,수산물,어류,046900,0305699000,030569,0305,기타
농수산식품,수산물,어류,046900,0305711000,030571,0305,훈제한 것
농수산식품,수산물,어류,046900,0305713000,030571,0305,염장이나 염수장한 것
농수산식품,수산물,어류,046900,0305720000,030572,0305,어류의 머리ㆍ꼬리ㆍ부레
농수산식품,수산물,어류,046900,0305790000,030579,0305,기타
농수산식품,수산가공품,수산가공품,046900,1604119000,160411,1604,기타
농수산식품,수산가공품,수산가공품,046900,1604129000,160412,1604,기타
농수산식품,수산가공품,수산가공품,046900,1604139000,160413,1604,기타
농수산식품,수산가공품,수산가공품,046900,1604149000,160414,1604,기타
농수산식품,수산가공품,수산가공품,046900,1604159000,160415,1604,기타
농수산식품,수산가공품,수산가공품,046900,1604169000,160416,1604,기타
농수산식품,수산가공품,수산가공품,046900,1604180000,160418,1604,상어 지느러미
농수산식품,수산가공품,수산가공품,046900,1604199010,160419,1604,쥐치포
농수산식품,수산가공품,수산가공품,046900,1604199090,160419,1604,기타
농수산식품,수산가공품,수산가공품,046900,1604201000,160420,1604,생선 페이스트(paste)
농수산식품,수산가공품,수산가공품,046900,1604202000,160420,1604,생선 마리네이드(marinade)
농수산식품,수산가공품,수산가공품,046900,1604203000,160420,1604,생선소시지
농수산식품,수산가공품,수산가공품,046900,1604204010,160420,1604,게맛의 것
농수산식품,수산가공품,수산가공품,046900,1604204090,160420,1604,기타
농수산식품,수산가공품,수산가공품,046900,1604209000,160420,1604,기타
농수산식품,수산가공품,수산가공품,046900,1604310000,160431,1604,캐비어
농수산식품,수산가공품,수산가공품,046900,1604320000,160432,1604,캐비어 대용물
농수산식품,수산가공품,수산가공품,046900,1605101091,160510,1605,붉은대게살
농수산식품,수산가공품,수산가공품,046900,1605101099,160510,1605,기타
농수산식품,수산가공품,수산가공품,046900,1605211000,160521,1605,빵가루나 반죽을 입힌 것
농수산식품,수산가공품,수산가공품,046900,1605219000,160521,1605,기타
농수산식품,수산가공품,수산가공품,046900,1605290000,160529,1605,기타
농수산식품,수산가공품,수산가공품,046900,1605309000,160530,1605,기타
농수산식품,수산가공품,수산가공품,046900,1605409000,160540,1605,기타
농수산식품,수산가공품,수산가공품,046900,1605519000,160551,1605,기타
농수산식품,수산가공품,수산가공품,046900,1605520000,160552,1605,가리비과의 조개(여왕 가리비과 조개를 포함한다)
농수산식품,수산가공품,수산가공품,046900,1605539000,160553,1605,기타
농수산식품,수산가공품,오징어 가공품,046900,1605541000,160554,1605,갑오징어
농수산식품,수산가공품,오징어 가공품,046900,1605542091,160554,1605,조미오징어
농수산식품,수산가공품,수산가공품,046900,1605542099,160554,1605,기타
농수산식품,수산가공품,수산가공품,046900,1605550000,160555,1605,문어
농수산식품,수산가공품,수산가공품,046900,1605561090,160556,1605,기타
농수산식품,수산가공품,수산가공품,046900,1605562090,160556,1605,기타
농수산식품,수산가공품,수산가공품,046900,1605569090,160556,1605,기타
농수산식품,수산가공품,수산가공품,046900,1605579000,160557,1605,기타
농수산식품,수산가공품,수산가공품,046900,1605589000,160558,1605,기타
농수산식품,수산가공품,수산가공품,046900,1605591090,160559,1605,기타
농수산식품,수산가공품,수산가공품,046900,1605592090,160559,1605,기타
농수산식품,수산가공품,수산가공품,046900,1605599090,160559,1605,기타
농수산식품,수산가공품,수산가공품,046900,1605619000,160561,1605,기타
농수산식품,수산가공품,수산가공품,046900,1605629000,160562,1605,기타
농수산식품,수산가공품,수산가공품,046900,1605639000,160563,1605,기타
농수산식품,수산가공품,수산가공품,046900,1605690000,160569,1605,기타
농수산식품,수산가공품,김,046900,2008995010,200899,2008,김
농수산식품,가공식품,과채가공품,046900,2008995090,200899,2008,기타
농수산식품,가공식품,기타 조제식품,046900,2104102000,210410,2104,어류로 만든 것
농수산식품,사료,사료·농식품 부산물,046900,2301201000,230120,2301,어류의 고운 가루ㆍ거친 가루ㆍ펠릿(pellet)
농수산식품,사료,사료·농식품 부산물,046900,2301209000,230120,2301,기타
농수산식품,수산물,어류,047000,0303911000,030391,0303,간
농수산식품,축산물,기타 축산물,047000,0511911010,051191,0511,브라인 슈림프(brine shrimp) 알
농수산식품,축산물,기타 축산물,047000,0511911090,051191,0511,기타
농수산식품,축산물,기타 축산물,047000,0511912000,051191,0511,어류의 웨이스트(waste)
농수산식품,축산물,기타 축산물,047000,0511919000,051191,0511,기타
농수산식품,축산물,기타 축산물,047000,0511996000,051199,0511,동물성의 해면
농수산식품,가공식품,식용유지,047000,1504101000,150410,1504,상어의 간유(肝油)와 그 분획물
농수산식품,가공식품,식용유지,047000,1504109000,150410,1504,기타
농수산식품,가공식품,식용유지,047000,1504301000,150430,1504,고래기름과 그 분획물
농수산식품,가공식품,식용유지,047000,1504309000,150430,1504,기타
농수산식품,가공식품,식용유지,047000,1516102000,151610,1516,고래기름과 그 분획물
농수산식품,가공식품,식용유지,047000,1521901000,152190,1521,고래 왁스
농수산식품,축산가공품,육가공품,047000,1603003000,160300,1603,어류의 추출물(extract)
농수산식품,축산가공품,육가공품,047000,1603004000,160300,1603,어류의 즙
농수산식품,축산가공품,육가공품,047000,1603009000,160300,1603,기타
농수산식품,수산물,기타 수산물,049010,0309100000,030910,0309,어류의 것
농수산식품,수산물,기타 수산물,049010,0309901000,030990,0309,갑각류의 것
농수산식품,수산물,기타 수산물,049010,0309902000,030990,0309,연체동물의 것
농수산식품,수산물,기타 수산물,049010,0309909000,030990,0309,기타
농수산식품,축산물,가축,049090,0106903010,010690,0106,갯지렁이
농수산식품,축산물,가축,049090,0106903020,010690,0106,실지렁이
농수산식품,수산물,연체류,049090,0307992900,030799,0307,기타
농수산식품,수산물,연체류,049090,0307993000,030799,0307,염장이나 염수장한 것
농수산식품,수산물,연체류,049090,0307994110,030799,0307,밀폐용기에 넣은 것
농수산식품,수산물,연체류,049090,0307994120,030799,0307,밀폐용기에 넣지 않은 것
농수산식품,수산물,연체류,049090,0307994900,030799,0307,기타
농수산식품,수산물,기타 수산물,049090,0308110000,030811,0308,"살아 있는 것, 신선한 것, 냉장한 것"
농수산식품,수산물,기타 수산물,049090,0308120000,030812,0308,냉동한 것
농수산식품,수산물,기타 수산물,049090,0308192000,030819,0308,건조한 것
농수산식품,수산물,기타 수산물,049090,0308193000,030819,0308,염장이나 염수장한 것
농수산식품,수산물,기타 수산물,049090,0308194000,030819,0308,훈제한 것
농수산식품,수산물,기타 수산물,049090,0308210000,030821,0308,"살아 있는 것, 신선한 것, 냉장한 것"
농수산식품,수산물,기타 수산물,049090,0308220000,030822,0308,냉동한 것
농수산식품,수산물,기타 수산물,049090,0308292000,030829,0308,건조한 것
농수산식품,수산물,기타 수산물,049090,0308293000,030829,0308,염장이나 염수장한 것
농수산식품,수산물,기타 수산물,049090,0308294000,030829,0308,훈제한 것
농수산식품,수산물,기타 수산물,049090,0308301000,030830,0308,"살아 있는 것, 신선한 것, 냉장한 것"
농수산식품,수산물,기타 수산물,049090,0308302000,030830,0308,냉동한 것
농수산식품,수산물,기타 수산물,049090,0308304000,030830,0308,염장이나 염수장한 것
농수산식품,수산물,기타 수산물,049090,0308305000,030830,0308,훈제한 것
농수산식품,수산물,기타 수산물,049090,0308901011,030890,0308,종묘(種苗)
농수산식품,수산물,기타 수산물,049090,0308901019,030890,0308,기타
농수산식품,수산물,기타 수산물,049090,0308901090,030890,0308,기타
농수산식품,수산물,기타 수산물,049090,0308902010,030890,0308,우렁쉥이(멍게)
농수산식품,수산물,기타 수산물,049090,0308902090,030890,0308,기타
농수산식품,수산물,기타 수산물,049090,0308903000,030890,0308,건조한 것
농수산식품,수산물,기타 수산물,049090,0308904000,030890,0308,염장이나 염수장한 것
농수산식품,수산물,기타 수산물,049090,0308905000,030890,0308,훈제한 것
화장품,향수,향수·화장수,227310,3303001000,330300,3303,향수
화장품,향수,향수·화장수,227310,3303002000,330300,3303,화장수
화장품,색조,색조화장품,227320,3304101000,330410,3304,립 메이크업
화장품,색조,색조화장품,227320,3304109000,330410,3304,립 메이크업
화장품,색조,색조화장품,227320,3304201000,330420,3304,아이 메이크업
화장품,색조,색조화장품,227320,3304209000,330420,3304,아이 메이크업
화장품,색조,색조화장품,227320,3304301000,330430,3304,네일
화장품,색조,색조화장품,227320,3304309000,330430,3304,네일
화장품,색조,색조화장품,227320,3304911000,330491,3304,페이스파우더
화장품,기타,기타 화장품,227320,3304912000,330491,3304,베이비파우다(탈쿰파우다를 포함한다)
화장품,기타,기타 화장품,227320,3304919000,330491,3304,기타
화장품,스킨케어,기초화장품,227320,3304991000,330499,3304,기초화장품
화장품,색조,색조화장품,227320,3304992000,330499,3304,기타 메이크업
화장품,기타,기타 화장품,227320,3304993000,330499,3304,어린이용 제품류
화장품,기타,기타 화장품,227320,3304999000,330499,3304,기타
화장품,헤어케어,헤어케어,227330,3305100000,330510,3305,샴푸
화장품,헤어케어,헤어케어,227330,3305200000,330520,3305,펌·스트레이트 제품
화장품,헤어케어,헤어케어,227330,3305300000,330530,3305,헤어스프레이
화장품,헤어케어,헤어케어,227330,3305901000,330590,3305,린스
화장품,헤어케어,헤어케어,227330,3305902000,330590,3305,헤어크림
화장품,헤어케어,헤어케어,227330,3305909000,330590,3305,기타
화장품,퍼스널케어,제모제,227330,3307901000,330790,3307,제모제
화장품,퍼스널케어,쉐이빙,227340,3307101000,330710,3307,애프터 셰이빙로션
화장품,퍼스널케어,쉐이빙,227340,3307109000,330710,3307,기타
화장품,퍼스널케어,데오도란트,227350,3307200000,330720,3307,인체용 탈취제와 땀 억제제
화장품,퍼스널케어,목욕용품,227360,3307301000,330730,3307,가향한 목욕용 염
화장품,퍼스널케어,목욕용품,227360,3307302000,330730,3307,그 밖의 목욕용 제품류
화장품,클렌징,클렌징·세안,227370,3401111000,340111,3401,약용비누
화장품,클렌징,클렌징·세안,227370,3401119000,340111,3401,기타
화장품,클렌징,클렌징·세안,227370,3401300000,340130,3401,"피부세척용 유기계면활성제품과 조제품(액체나 크림 형태의 소매용으로 한정하며, 비누를 함유한 것인지에 상관없다)"
화장품,스킨케어,마스크팩,227390,3307904000,330790,3307,마스크팩
화장품,기타,기타 화장품,227390,3307909000,330790,3307,기타
화장품,기타,기타 화장품,227390,3401191090,340119,3401,기타
화장품,기타,기타 화장품,227390,3401200000,340120,3401,그 밖의 모양의 비누
생활용품,생활화학,세제·계면활성제,511010,3402310000,340231,3402,선형 알킬벤젠 술폰산과 그 염
생활용품,생활화학,세제·계면활성제,511010,3402390000,340239,3402,기타
생활용품,생활화학,세제·계면활성제,511010,3402410000,340241,3402,양이온성
생활용품,생활화학,세제·계면활성제,511010,3402421000,340242,3402,농약원제(農藥原劑)(농약관리법에 따라 등록된 것으로 한정한다)
생활용품,생활화학,세제·계면활성제,511010,3402429000,340242,3402,기타
생활용품,생활화학,세제·계면활성제,511010,3402490000,340249,3402,기타
생활용품,생활화학,세제·계면활성제,511010,3402501000,340250,3402,조제 세제
생활용품,생활화학,세제·계면활성제,511010,3402502000,340250,3402,조제 청정제
생활용품,생활화학,세제·계면활성제,511010,3402509000,340250,3402,기타
생활용품,생활화학,세제·계면활성제,511010,3402901000,340290,3402,조제 계면활성제
생활용품,생활화학,세제·계면활성제,511010,3402902000,340290,3402,조제 세제
생활용품,생활화학,세제·계면활성제,511010,3402903000,340290,3402,조제 청정제
생활용품,생활화학,세제·계면활성제,511020,3404200000,340420,3404,폴리(옥시에틸렌)(폴리에틸렌글리콜)의 것
생활용품,생활화학,세제·계면활성제,511020,3404901010,340490,3404,클로로 파라핀왁스
생활용품,생활화학,세제·계면활성제,511020,3404901030,340490,3404,폴리알킬렌왁스
생활용품,생활화학,세제·계면활성제,511020,3404901040,340490,3404,화학적으로 변성한 갈탄왁스
생활용품,생활화학,세제·계면활성제,511020,3404901090,340490,3404,기타
생활용품,생활화학,세제·계면활성제,511020,3404902000,340490,3404,조제 왁스
생활용품,생활화학,세제·계면활성제,511030,3405100000,340510,3405,신발용이나 가죽용 광택제ㆍ크림과 이와 유사한 조제품
생활용품,생활화학,세제·계면활성제,511030,3405200000,340520,3405,목제가구ㆍ마루나 그 밖의 목제품의 유지용 광택제ㆍ크림과 이와 유사한 조제품
생활용품,생활화학,세제·계면활성제,511030,3405300000,340530,3405,차체(coachwork)용 광택제와 이와 유사한 조제품(금속용 광택제는 제외한다)
생활용품,생활화학,세제·계면활성제,511030,3405400000,340540,3405,조제 연마페이스트(paste)ㆍ조제 연마가루와 그 밖의 연마용 조제품
생활용품,생활화학,세제·계면활성제,511030,3405901030,340590,3405,다이아몬드 가루나 더스트를 기본 재료로 한 것
생활용품,생활화학,세제·계면활성제,511030,3405901090,340590,3405,기타
생활용품,생활화학,세제·계면활성제,511030,3405909000,340590,3405,기타
생활용품,생활화학,세제·계면활성제,511040,3306100000,330610,3306,치약
생활용품,생활화학,세제·계면활성제,511040,3306201011,330620,3306,70데시텍스를 초과하지 않는 것
생활용품,생활화학,세제·계면활성제,511040,3306201019,330620,3306,기타
생활용품,생활화학,세제·계면활성제,511040,3306201020,330620,3306,구성하는 단사가 50텍스를 초과하는 것
생활용품,생활화학,세제·계면활성제,511040,3306209000,330620,3306,기타
생활용품,생활화학,세제·계면활성제,511040,9603210000,960321,9603,칫솔[덴탈플레이트(dental-plate) 브러시를 포함한다]
생활용품,생활화학,세제·계면활성제,511040,9603290000,960329,9603,기타
생활용품,생활화학,세제·계면활성제,511050,4818200000,481820,4818,손수건ㆍ클렌징티슈ㆍ안면용 화장지ㆍ타월
생활용품,생활화학,세제·계면활성제,511050,4818900000,481890,4818,기타
생활용품,생활화학,세제·계면활성제,511060,4818100000,481810,4818,화장지
생활용품,생활화학,세제·계면활성제,511060,8212100000,821210,8212,면도기
생활용품,생활화학,세제·계면활성제,511060,8212200000,821220,8212,안전면도날[면도날의 블랭크(blank)로서 스트립 모양인 것을 포함한다]
생활용품,생활화학,세제·계면활성제,511060,8212900000,821290,8212,그 밖의 부분품
생활용품,생활화학,세제·계면활성제,511070,9603100000,960310,9603,"비와 브러시(작은 가지나 그 밖의 식물성 재료를 단순히 묶은 것으로 한정하며, 자루를 갖춘 것인지에 상관없다)"
생활용품,가구,의자,512110,9401100000,940110,9401,항공기용 의자
생활용품,가구,의자,512120,9401200000,940120,9401,차량용 의자
생활용품,가구,의자,512130,9401311000,940131,9401,가죽으로 덮어씌운 것
생활용품,가구,의자,512130,9401319000,940131,9401,기타
생활용품,가구,의자,512130,9401391000,940139,9401,가죽으로 덮어씌운 것
생활용품,가구,의자,512130,9401399000,940139,9401,기타
생활용품,가구,의자,512140,9401410000,940141,9401,목재로 만든 것
생활용품,가구,의자,512140,9401490000,940149,9401,기타
생활용품,가구,의자,512150,9401520000,940152,9401,대나무로 만든 것
생활용품,가구,의자,512150,9401530000,940153,9401,등나무로 만든 것
생활용품,가구,의자,512150,9401590000,940159,9401,기타
생활용품,가구,의자,512150,9401611000,940161,9401,가죽으로 덮어씌운 것
생활용품,가구,의자,512150,9401619000,940161,9401,기타
생활용품,가구,의자,512150,9401691000,940169,9401,가죽으로 덮어씌운 것
생활용품,가구,의자,512150,9401699000,940169,9401,기타
생활용품,가구,의자,512150,9401711000,940171,9401,가죽으로 덮어씌운 것
생활용품,가구,의자,512150,9401719000,940171,9401,기타
생활용품,가구,의자,512150,9401791000,940179,9401,가죽으로 덮어씌운 것
생활용품,가구,의자,512150,9401799000,940179,9401,기타
생활용품,가구,의자,512150,9401800000,940180,9401,그 밖의 의자
생활용품,가구,의자,512160,9401910000,940191,9401,목재로 만든 것
생활용품,가구,의자,512160,9401991000,940199,9401,금속으로 만든 것
생활용품,가구,의자,512160,9401999000,940199,9401,기타
생활용품,가구,의자,512190,9402109010,940210,9402,이발용ㆍ미용실용 의자
생활용품,가구,의자,512190,9402109090,940210,9402,기타
생활용품,가구,의자,512190,9403820000,940382,9403,대나무로 만든 것
생활용품,가구,의자,512190,9403830000,940383,9403,등나무로 만든 것
생활용품,가구,침대,512210,9403201000,940320,9403,침대
생활용품,가구,침대,512210,9403501000,940350,9403,침대
생활용품,가구,식탁,512300,9403401000,940340,9403,식탁
생활용품,가구,책상,512400,9403301000,940330,9403,책상
생활용품,가구,수납·침실가구,512510,9403609010,940360,9403,문갑
생활용품,가구,수납·침실가구,512520,9403609020,940360,9403,화장대
생활용품,가구,수납·침실가구,512530,9403609030,940360,9403,장롱
생활용품,가구,기타 가구,512900,9403100000,940310,9403,금속으로 만든 사무실용 가구
생활용품,가구,기타 가구,512900,9403209000,940320,9403,기타
생활용품,가구,기타 가구,512900,9403309000,940330,9403,기타
생활용품,가구,기타 가구,512900,9403409000,940340,9403,기타
생활용품,가구,기타 가구,512900,9403509000,940350,9403,기타
생활용품,가구,기타 가구,512900,9403601000,940360,9403,나전칠기로 만든 것
생활용품,가구,기타 가구,512900,9403609090,940360,9403,기타
생활용품,가구,기타 가구,512900,9403700000,940370,9403,플라스틱으로 만든 가구
생활용품,가구,기타 가구,512900,9403890000,940389,9403,기타
생활용품,가구,기타 가구,512900,9403910000,940391,9403,목재로 만든 것
생활용품,가구,기타 가구,512900,9403990000,940399,9403,기타
생활용품,악기,피아노,513100,9201100000,920110,9201,업라이트(upright) 피아노
생활용품,악기,피아노,513100,9201200000,920120,9201,그랜드 피아노
생활용품,악기,피아노,513100,9207103000,920710,9207,피아노
생활용품,악기,현악기,513210,9202101000,920210,9202,바이올린
생활용품,악기,현악기,513220,9202102000,920210,9202,첼로
생활용품,악기,현악기,513290,9202109000,920210,9202,기타
생활용품,악기,현악기,513290,9202901000,920290,9202,기타(guitar)
생활용품,악기,현악기,513290,9202902000,920290,9202,하프
생활용품,악기,관악기,513310,9205101000,920510,9205,트럼펫
생활용품,악기,관악기,513390,9205109000,920510,9205,기타
생활용품,악기,관악기,513390,9205901010,920590,9205,플루트
생활용품,악기,관악기,513391,9205901020,920590,9205,클라리넷
생활용품,악기,관악기,513392,9205901030,920590,9205,색소폰
생활용품,악기,관악기,513393,9205901040,920590,9205,리코더(recorder)
생활용품,악기,관악기,513394,9205901090,920590,9205,기타
생활용품,악기,관악기,513395,9205909000,920590,9205,기타
생활용품,악기,타악기,513400,9206001000,920600,9206,북
생활용품,악기,타악기,513400,9206003000,920600,9206,심벌
생활용품,악기,타악기,513400,9206009000,920600,9206,기타
생활용품,악기,악기 부품,513500,9209301000,920930,9209,금속선으로 만든 것
생활용품,악기,악기 부품,513500,9209309000,920930,9209,기타
생활용품,악기,악기 부품,513500,9209910000,920991,9209,피아노의 부분품과 부속품
생활용품,악기,악기 부품,513500,9209920000,920992,9209,제9202호 악기의 부분품과 부속품
생활용품,악기,악기 부품,513500,9209940000,920994,9209,제9207호 악기의 부분품과 부속품
생활용품,악기,악기 부품,513500,9209990000,920999,9209,기타
생활용품,악기,기타 악기,513900,9201900000,920190,9201,기타
생활용품,악기,기타 악기,513900,9202909000,920290,9202,기타
생활용품,악기,기타 악기,513900,9205902000,920590,9205,"건반이 있는 파이프오르간, 하모늄과 이와 유사한 프리메탈 리드식 건반악기"
생활용품,악기,기타 악기,513900,9205903000,920590,9205,아코디언과 이와 유사한 악기
생활용품,악기,기타 악기,513900,9205904000,920590,9205,하모니카
생활용품,악기,기타 악기,513900,9207101000,920710,9207,오르간(신디사이저를 포함한다)
생활용품,악기,기타 악기,513900,9207109000,920710,9207,기타
생활용품,악기,기타 악기,513900,9207901000,920790,9207,기타(guitars)
생활용품,악기,기타 악기,513900,9207902000,920790,9207,아코디언
생활용품,악기,기타 악기,513900,9207909000,920790,9207,기타
생활용품,악기,기타 악기,513900,9208100000,920810,9208,뮤지컬박스
생활용품,악기,기타 악기,513900,9208900000,920890,9208,기타
생활용품,스포츠·레저,스포츠·레저용품,514110,9504201000,950420,9504,당구용품
생활용품,스포츠·레저,스포츠·레저용품,514110,9504202000,950420,9504,당구용품
생활용품,스포츠·레저,스포츠·레저용품,514110,9504209000,950420,9504,기타
생활용품,스포츠·레저,스포츠·레저용품,514120,9504901020,950490,9504,핀 세터
생활용품,스포츠·레저,스포츠·레저용품,514120,9504901030,950490,9504,볼링용품
생활용품,스포츠·레저,스포츠·레저용품,514120,9504901040,950490,9504,레인
생활용품,스포츠·레저,스포츠·레저용품,514120,9504901050,950490,9504,볼링용품
생활용품,스포츠·레저,스포츠·레저용품,514120,9504901090,950490,9504,기타
생활용품,스포츠·레저,스포츠·레저용품,514130,9506110000,950611,9506,스키용품
생활용품,스포츠·레저,스포츠·레저용품,514130,9506120000,950612,9506,스키용품
생활용품,스포츠·레저,스포츠·레저용품,514130,9506190000,950619,9506,기타
생활용품,스포츠·레저,스포츠·레저용품,514130,9506210000,950621,9506,세일보드(sailboard)
생활용품,스포츠·레저,스포츠·레저용품,514130,9506290000,950629,9506,기타
생활용품,스포츠·레저,스포츠·레저용품,514140,9506310000,950631,9506,골프채(완제품으로 한정한다)
생활용품,스포츠·레저,스포츠·레저용품,514140,9506320000,950632,9506,골프공
생활용품,스포츠·레저,스포츠·레저용품,514140,9506391000,950639,9506,골프채의 부분품
생활용품,스포츠·레저,스포츠·레저용품,514140,9506399000,950639,9506,기타
생활용품,스포츠·레저,스포츠·레저용품,514150,9506401000,950640,9506,탁구대
생활용품,스포츠·레저,스포츠·레저용품,514150,9506402000,950640,9506,탁구라켓
생활용품,스포츠·레저,스포츠·레저용품,514150,9506403000,950640,9506,탁구공
생활용품,스포츠·레저,스포츠·레저용품,514150,9506409000,950640,9506,기타
생활용품,스포츠·레저,스포츠·레저용품,514160,9506510000,950651,9506,론테니스(lawn-tennis) 라켓(줄을 맨 것인지에 상관없다)
생활용품,스포츠·레저,스포츠·레저용품,514160,9506591000,950659,9506,배드민턴 라켓
생활용품,스포츠·레저,스포츠·레저용품,514160,9506599000,950659,9506,기타
생활용품,스포츠·레저,스포츠·레저용품,514160,9506610000,950661,9506,론테니스(lawn-tennis) 공
생활용품,스포츠·레저,스포츠·레저용품,514160,9506691000,950669,9506,배드민턴 셔틀콕
생활용품,스포츠·레저,스포츠·레저용품,514170,9506621000,950662,9506,축구공
생활용품,스포츠·레저,스포츠·레저용품,514170,9506622000,950662,9506,농구공
생활용품,스포츠·레저,스포츠·레저용품,514170,9506623000,950662,9506,배구공
생활용품,스포츠·레저,스포츠·레저용품,514170,9506629000,950662,9506,기타
생활용품,스포츠·레저,스포츠·레저용품,514170,9506692000,950669,9506,야구공
생활용품,스포츠·레저,스포츠·레저용품,514170,9506699000,950669,9506,기타
생활용품,스포츠·레저,스포츠·레저용품,514190,9506700000,950670,9506,아이스 스케이트와 롤러스케이트(스케이트가 부착된 스케이팅부츠를 포함한다)
생활용품,스포츠·레저,스포츠·레저용품,514190,9506910000,950691,9506,일반적으로 육체적 운동ㆍ체조ㆍ육상 경기에 사용하는 물품
생활용품,스포츠·레저,스포츠·레저용품,514190,9506990000,950699,9506,기타
생활용품,스포츠·레저,캠핑·낚시용품,514210,6306120000,630612,6306,캠핑용품
생활용품,스포츠·레저,캠핑·낚시용품,514210,6306190000,630619,6306,캠핑용품
생활용품,스포츠·레저,캠핑·낚시용품,514210,6306220000,630622,6306,캠핑용품
생활용품,스포츠·레저,캠핑·낚시용품,514210,6306290000,630629,6306,캠핑용품
생활용품,스포츠·레저,캠핑·낚시용품,514210,6306400000,630640,6306,캠핑용품
생활용품,스포츠·레저,캠핑·낚시용품,514210,6306901000,630690,6306,캠핑용품
생활용품,스포츠·레저,캠핑·낚시용품,514210,6306902000,630690,6306,캠핑용품
생활용품,스포츠·레저,캠핑·낚시용품,514210,6306909000,630690,6306,캠핑용품
생활용품,스포츠·레저,캠핑·낚시용품,514220,9507101000,950710,9507,유리섬유로 만든 것
생활용품,스포츠·레저,캠핑·낚시용품,514220,9507102000,950710,9507,카본으로 만든 것
생활용품,스포츠·레저,캠핑·낚시용품,514220,9507109000,950710,9507,기타
생활용품,스포츠·레저,캠핑·낚시용품,514220,9507200000,950720,9507,낚시용품
생활용품,스포츠·레저,캠핑·낚시용품,514220,9507300000,950730,9507,낚시용품
생활용품,스포츠·레저,캠핑·낚시용품,514220,9507901000,950790,9507,낚시용품
생활용품,스포츠·레저,캠핑·낚시용품,514220,9507909000,950790,9507,기타
생활용품,스포츠·레저,캠핑·낚시용품,514290,9508100000,950810,9508,순회서커스와 순회동물원 용품
생활용품,스포츠·레저,캠핑·낚시용품,514290,9508210000,950821,9508,롤러코스터
생활용품,스포츠·레저,캠핑·낚시용품,514290,9508220000,950822,9508,회전놀이기구ㆍ그네ㆍ회전목마
생활용품,스포츠·레저,캠핑·낚시용품,514290,9508230000,950823,9508,범퍼카(Dodge’em car)
생활용품,스포츠·레저,캠핑·낚시용품,514290,9508240000,950824,9508,동작 시뮬레이션 기기 및 무빙 씨어터(moving theatre)
생활용품,스포츠·레저,캠핑·낚시용품,514290,9508250000,950825,9508,물놀이용 탈것
생활용품,스포츠·레저,캠핑·낚시용품,514290,9508260000,950826,9508,워터파크 놀이기구
생활용품,스포츠·레저,캠핑·낚시용품,514290,9508290000,950829,9508,기타
생활용품,스포츠·레저,캠핑·낚시용품,514290,9508300000,950830,9508,유원지용 오락물
생활용품,스포츠·레저,캠핑·낚시용품,514290,9508400000,950840,9508,순회극장용품
생활용품,문구,문구·필기용품,515110,3215110000,321511,3215,흑색
생활용품,문구,문구·필기용품,515110,3215190000,321519,3215,기타
생활용품,문구,문구·필기용품,515110,3215901000,321590,3215,필기·인쇄용 잉크
생활용품,문구,문구·필기용품,515110,3215902000,321590,3215,필기·인쇄용 잉크
생활용품,문구,문구·필기용품,515110,3215903000,321590,3215,필기·인쇄용 잉크
생활용품,문구,문구·필기용품,515110,3215904010,321590,3215,유성
생활용품,문구,문구·필기용품,515110,3215904020,321590,3215,수성
생활용품,문구,문구·필기용품,515110,3215904030,321590,3215,유성ㆍ수성 겸용
생활용품,문구,문구·필기용품,515110,3215905000,321590,3215,필기·인쇄용 잉크
생활용품,문구,문구·필기용품,515110,3215906010,321590,3215,유성
생활용품,문구,문구·필기용품,515110,3215906020,321590,3215,수성
생활용품,문구,문구·필기용품,515110,3215906030,321590,3215,유성ㆍ수성 겸용
생활용품,문구,문구·필기용품,515110,3215909000,321590,3215,기타
생활용품,문구,문구·필기용품,515110,9608100000,960810,9608,볼펜
생활용품,문구,문구·필기용품,515110,9608200000,960820,9608,팁(tip)이 펠트로 된 것과 그 밖의 포러스팁(porous-tip)으로 된 펜과 마커
생활용품,문구,문구·필기용품,515110,9608301000,960830,9608,만년필
생활용품,문구,문구·필기용품,515110,9608309000,960830,9608,기타
생활용품,문구,문구·필기용품,515110,9608400000,960840,9608,프로펠링펜슬(propelling pencil)이나 슬라이딩펜슬(sliding pencil)
생활용품,문구,문구·필기용품,515110,9608500000,960850,9608,위 소호들의 물품이 두 개 이상으로 세트를 이루는 것
생활용품,문구,문구·필기용품,515110,9608600000,960860,9608,필기·인쇄용 잉크
생활용품,문구,문구·필기용품,515110,9608911000,960891,9608,펜촉
생활용품,문구,문구·필기용품,515110,9608912000,960891,9608,닙 포인트(nib point)
생활용품,문구,문구·필기용품,515110,9608991000,960899,9608,부분품
생활용품,문구,문구·필기용품,515110,9608999000,960899,9608,기타
생활용품,문구,문구·필기용품,515110,9609101000,960910,9609,연필
생활용품,문구,문구·필기용품,515110,9609102000,960910,9609,색연필
생활용품,문구,문구·필기용품,515110,9609200000,960920,9609,연필심(검은색이나 색깔이 있는 것으로 한정한다)
생활용품,문구,문구·필기용품,515110,9609903000,960990,9609,초크
생활용품,문구,문구·필기용품,515120,3213101000,321310,3213,유성 물감
생활용품,문구,문구·필기용품,515120,3213102000,321310,3213,수성 물감
생활용품,문구,문구·필기용품,515120,3213109000,321310,3213,기타
생활용품,문구,문구·필기용품,515120,3213901000,321390,3213,유성 물감
생활용품,문구,문구·필기용품,515120,3213902000,321390,3213,수성 물감
생활용품,문구,문구·필기용품,515120,3213909000,321390,3213,기타
생활용품,문구,문구·필기용품,515120,5901902000,590190,5901,회화용 캔버스
생활용품,문구,문구·필기용품,515120,9603300000,960330,9603,회화용 붓ㆍ필기용 붓과 이와 유사한 화장용 붓
생활용품,문구,문구·필기용품,515120,9609103000,960910,9609,크레용
생활용품,문구,문구·필기용품,515120,9609901000,960990,9609,크레용ㆍ오일파스텔
생활용품,문구,문구·필기용품,515120,9609902000,960990,9609,파스텔
생활용품,문구,문구·필기용품,515120,9609909000,960990,9609,기타
생활용품,문구,문구·필기용품,515130,3506101000,350610,3506,고무를 기본 재료로 한 것
생활용품,문구,문구·필기용품,515130,3506102000,350610,3506,플라스틱(인조수지를 포함한다)을 기본 재료로 한 것
생활용품,문구,문구·필기용품,515130,3506109000,350610,3506,기타
생활용품,문구,문구·필기용품,515130,4811901000,481190,4811,그 밖의 종이와 판지
생활용품,문구,문구·필기용품,515130,4811902010,481190,4811,셀룰로오스워딩
생활용품,문구,문구·필기용품,515130,4811902090,481190,4811,기타
생활용품,문구,문구·필기용품,515130,4816200000,481620,4816,셀프복사지
생활용품,문구,문구·필기용품,515130,4816901000,481690,4816,전사지
생활용품,문구,문구·필기용품,515130,4816902010,481690,4816,제곱미터당 중량이 65그램 이상인 것
생활용품,문구,문구·필기용품,515130,4816902090,481690,4816,기타
생활용품,문구,문구·필기용품,515130,4816903000,481690,4816,인쇄용 제판용지
생활용품,문구,문구·필기용품,515130,4816904000,481690,4816,카본지나 이와 유사한 복사지
생활용품,문구,문구·필기용품,515130,4816905000,481690,4816,등사원지
생활용품,문구,문구·필기용품,515130,4816909000,481690,4816,기타
생활용품,문구,문구·필기용품,515130,4820100000,482010,4820,장부ㆍ회계부ㆍ노트북ㆍ주문장ㆍ영수장ㆍ편지지철ㆍ메모철ㆍ일기장과 이와 유사한 물품
생활용품,문구,문구·필기용품,515130,4820200000,482020,4820,연습장
생활용품,문구,문구·필기용품,515130,8214101000,821410,8214,연필깎이
생활용품,문구,문구·필기용품,515130,8214109000,821410,8214,기타
생활용품,문구,문구·필기용품,515130,8472904000,847290,8472,연필절삭기
생활용품,문구,문구·필기용품,515130,9610000000,961000,9610,"석판과 보드(필기용이나 도화용 면을 갖춘 것으로 한정하며, 틀이 있는지에 상관없다)"
생활용품,문구,문구·필기용품,515190,3926101000,392610,3926,필통과 지우개
생활용품,문구,문구·필기용품,515190,3926102000,392610,3926,바인더
생활용품,문구,문구·필기용품,515190,3926109000,392610,3926,기타
생활용품,문구,문구·필기용품,515190,3926901000,392690,3926,기계용의 부분품
생활용품,문구,문구·필기용품,515190,3926902000,392690,3926,부채ㆍ핸드스크린(기계식이 아닌 것으로 한정한다)과 이들의 살ㆍ자루(살ㆍ자루의 부분품을 포함한다)
생활용품,문구,문구·필기용품,515190,3926903000,392690,3926,레이블과 태그
생활용품,문구,문구·필기용품,515190,3926904000,392690,3926,케이스를 갖춘 접착테이프
생활용품,문구,문구·필기용품,515190,3926905000,392690,3926,그림틀ㆍ사진틀ㆍ거울틀과 이와 유사한 틀
생활용품,문구,문구·필기용품,515190,3926906000,392690,3926,앨범
생활용품,문구,문구·필기용품,515190,3926909000,392690,3926,기타
생활용품,문구,문구·필기용품,515190,4016920000,401692,4016,지우개
생활용품,문구,문구·필기용품,515190,4817100000,481710,4817,봉투
생활용품,문구,문구·필기용품,515190,4817200000,481720,4817,봉함엽서ㆍ우편엽서ㆍ통신용카드
생활용품,문구,문구·필기용품,515190,4817300000,481730,4817,종이나 판지로 만든 상자ㆍ파우치ㆍ지갑ㆍ필기첩(안에 종이로 만든 문구류가 있는 것으로 한정한다)
생활용품,문구,문구·필기용품,515190,4819600000,481960,4819,서류상자ㆍ서류받침ㆍ보관함과 이와 유사한 물품(사무실ㆍ상점이나 이와 유사한 곳에서 사용하는 것으로 한정한다)
생활용품,문구,문구·필기용품,515190,4820300000,482030,4820,바인더(책표지는 제외한다)ㆍ폴더ㆍ서류철 표지
생활용품,문구,문구·필기용품,515190,4820400000,482040,4820,각종 사무용 양식과 삽입식 카본세트
생활용품,문구,문구·필기용품,515190,4820500000,482050,4820,견본용이나 수집용 앨범
생활용품,문구,문구·필기용품,515190,4820900000,482090,4820,기타
생활용품,문구,문구·필기용품,515190,4823400000,482340,4823,자동기록장치용으로 인쇄된 롤ㆍ시트(sheet)ㆍ다이얼
생활용품,문구,문구·필기용품,515190,4905201000,490520,4905,지도와 해도
생활용품,문구,문구·필기용품,515190,4905209000,490520,4905,기타
생활용품,문구,문구·필기용품,515190,4905900000,490590,4905,기타
생활용품,문구,문구·필기용품,515190,4909000000,490900,4909,"인쇄된 엽서와 그림엽서, 인쇄카드(인사용ㆍ전언용ㆍ안내용으로서 그림ㆍ봉투ㆍ장식이 있는지에 상관없다)"
생활용품,문구,문구·필기용품,515190,4910001000,491000,4910,종이나 판지로 만든 것
생활용품,문구,문구·필기용품,515190,4910009000,491000,4910,기타
생활용품,문구,문구·필기용품,515190,7317002000,731700,7317,압정
생활용품,문구,문구·필기용품,515190,7317003000,731700,7317,제도용과 사무용 핀
생활용품,문구,문구·필기용품,515190,8304000000,830400,8304,비금속(卑金屬)으로 만든 서류정리함ㆍ카드인덱스함ㆍ페이퍼 트레이(paper tray)ㆍ페이퍼 레스트(paper rest)ㆍ펜 트레이(pen tray)ㆍ사무실용 스탬프스탠드(stamp stand)와 이와 유사한 사무실용이나 책상용 비품(제9403호에 해당하는 사무실용 가구는 제외한다)
생활용품,문구,문구·필기용품,515190,8305100000,830510,8305,루스-리프(loose-leaf)식 바인더용이나 서류철용 피팅(fitting)
생활용품,문구,문구·필기용품,515190,8305200000,830520,8305,스트립 모양인 스테이플(staple)
생활용품,문구,문구·필기용품,515190,8305900000,830590,8305,기타(부분품을 포함한다)
생활용품,문구,문구·필기용품,515190,9017101000,901710,9017,플로터
생활용품,문구,문구·필기용품,515190,9017109000,901710,9017,기타
생활용품,문구,문구·필기용품,515190,9017201010,901720,9017,플로터
생활용품,문구,문구·필기용품,515190,9017201090,901720,9017,기타
생활용품,문구,문구·필기용품,515190,9017202010,901720,9017,플로터
생활용품,문구,문구·필기용품,515190,9017202090,901720,9017,기타
생활용품,문구,문구·필기용품,515190,9017801000,901780,9017,눈금이 든 곧은 자와 줄자
생활용품,문구,문구·필기용품,515190,9611001000,961100,9611,스탬프
생활용품,문구,문구·필기용품,515190,9611009000,961100,9611,기타
생활용품,문구,문구·필기용품,515190,9612102000,961210,9612,자동자료처리기계용
생활용품,문구,문구·필기용품,515190,9612109000,961210,9612,기타
생활용품,문구,문구·필기용품,515190,9612200000,961220,9612,필기·인쇄용 잉크
생활용품,완구,완구,515210,9503002110,950300,9503,방직용 섬유재료로 만든 것
생활용품,완구,완구,515210,9503002120,950300,9503,고무로 만든 것
생활용품,완구,완구,515210,9503002130,950300,9503,플라스틱으로 만든 것
생활용품,완구,완구,515210,9503002140,950300,9503,도자제의 것
생활용품,완구,완구,515210,9503002150,950300,9503,유리로 만든 것
생활용품,완구,완구,515210,9503002160,950300,9503,나무로 만든 것
생활용품,완구,완구,515210,9503002190,950300,9503,기타
생활용품,완구,완구,515210,9503002910,950300,9503,"인형용 의류와 부속품, 신발과 모자"
생활용품,완구,완구,515210,9503002990,950300,9503,기타
생활용품,완구,완구,515210,9503003411,950300,9503,방직용 섬유재료로 만든 것
생활용품,완구,완구,515210,9503003419,950300,9503,기타
생활용품,완구,완구,515210,9503003491,950300,9503,방직용 섬유재료로 만든 것
생활용품,완구,완구,515210,9503003492,950300,9503,고무로 만든 것
생활용품,완구,완구,515210,9503003493,950300,9503,플라스틱으로 만든 것
생활용품,완구,완구,515210,9503003495,950300,9503,도자제의 것
생활용품,완구,완구,515210,9503003496,950300,9503,유리로 만든 것
생활용품,완구,완구,515210,9503003497,950300,9503,나무로 만든 것
생활용품,완구,완구,515210,9503003499,950300,9503,기타
생활용품,완구,완구,515220,9503001100,950300,9503,어린이용 세발자전거
생활용품,완구,완구,515220,9503001200,950300,9503,스쿠터
생활용품,완구,완구,515220,9503001300,950300,9503,페달차
생활용품,완구,완구,515220,9503001800,950300,9503,기타
생활용품,완구,완구,515220,9503001900,950300,9503,부분품과 부속품
생활용품,완구,완구,515230,9503003200,950300,9503,"축소모형의 조립용 키트(작동하는 것인지는 상관없으며, 제9503.00-31호의 것은 제외한다)"
생활용품,완구,완구,515230,9503003300,950300,9503,그 밖의 조립세트와 조립식 완구
생활용품,완구,완구,515240,9504501000,950450,9504,비디오 게임용구(텔레비전 수상기와 함께 사용하는 것으로 한정한다)
생활용품,완구,완구,515240,9504509000,950450,9504,기타
생활용품,완구,완구,515240,9504902000,950490,9504,전자식 게임기
생활용품,완구,완구,515240,9504909020,950490,9504,전자식 게임기의 것
생활용품,완구,완구,515250,9504301000,950430,9504,금전적 보상을 즉시 지급하는 사행성 게임용구
생활용품,완구,완구,515250,9504309000,950430,9504,기타
생활용품,완구,완구,515250,9504400000,950440,9504,오락용 카드
생활용품,완구,완구,515250,9504903000,950490,9504,그 밖의 용구
생활용품,완구,완구,515250,9504909090,950490,9504,기타
생활용품,완구,완구,515290,9503003110,950300,9503,전기식 기차
생활용품,완구,완구,515290,9503003190,950300,9503,부속품
생활용품,완구,완구,515290,9503003500,950300,9503,완구용 악기류
생활용품,완구,완구,515290,9503003600,950300,9503,퍼즐
생활용품,완구,완구,515290,9503003700,950300,9503,그 밖의 완구(세트ㆍ아웃피트로 되어 있는 경우로 한정한다)
생활용품,완구,완구,515290,9503003800,950300,9503,그 밖의 완구와 모형(모터가 결합되어 있는 것으로 한정한다)
생활용품,완구,완구,515290,9503003911,950300,9503,풍선ㆍ완구용 공ㆍ연과 이와 유사한 것
생활용품,완구,완구,515290,9503003919,950300,9503,기타
생활용품,완구,완구,515290,9503003990,950300,9503,부분품과 부속품(제9503.00-3190호의 것은 제외한다)
생활용품,완구,완구,515290,9505100000,950510,9505,크리스마스 축제용품
생활용품,완구,완구,515290,9505900000,950590,9505,기타
생활용품,주방·식탁,식기·주방용품,516110,3924100000,392410,3924,식탁용품과 주방용품
생활용품,주방·식탁,식기·주방용품,516110,6911101000,691110,6911,커피 세트ㆍ티세트
생활용품,주방·식탁,식기·주방용품,516110,6911102000,691110,6911,"공기, 대접과 접시"
생활용품,주방·식탁,식기·주방용품,516110,6911109000,691110,6911,기타
생활용품,주방·식탁,식기·주방용품,516120,6912001010,691200,6912,커피 세트ㆍ티세트
생활용품,주방·식탁,식기·주방용품,516120,6912001020,691200,6912,"공기, 대접과 접시"
생활용품,주방·식탁,식기·주방용품,516120,6912001090,691200,6912,기타
생활용품,주방·식탁,식기·주방용품,516120,6912002000,691200,6912,가정용품
생활용품,주방·식탁,식기·주방용품,516120,6912003000,691200,6912,화장용품
생활용품,주방·식탁,식기·주방용품,516120,6912009000,691200,6912,기타
생활용품,주방·식탁,식기·주방용품,516130,7013410000,701341,7013,납 크리스탈로 만든 것
생활용품,주방·식탁,식기·주방용품,516130,7013420000,701342,7013,선팽창계수가 섭씨 0도에서 300도의 범위 내에서 1켈빈온도당 백만분의 5 이하인 유리로 만든 것
생활용품,주방·식탁,식기·주방용품,516130,7013490000,701349,7013,기타
생활용품,주방·식탁,식기·주방용품,516140,7323100000,732310,7323,"철강의 울, 철강으로 만든 용기세정용구와 세정용이나 폴리싱(polishing)용 패드ㆍ글러브(glove)와 이와 유사한 것"
생활용품,주방·식탁,식기·주방용품,516140,7323910000,732391,7323,주철로 만든 것으로 법랑제가 아닌 것
생활용품,주방·식탁,식기·주방용품,516140,7323920000,732392,7323,주철로 만든 것으로 법랑제의 것
생활용품,주방·식탁,식기·주방용품,516140,7323930000,732393,7323,스테인리스강으로 만든 것
생활용품,주방·식탁,식기·주방용품,516140,7323940000,732394,7323,철강(주철은 제외한다)으로 만든 것으로 법랑제의 것
생활용품,주방·식탁,식기·주방용품,516140,7323990000,732399,7323,기타
생활용품,주방·식탁,식기·주방용품,516150,7418101000,741810,7418,용기 세정용구와 세정용이나 폴리싱용 패드ㆍ글러브(glove)와 이와 유사한 것
생활용품,주방·식탁,식기·주방용품,516150,7418109010,741810,7418,식탁용품  주방용품
생활용품,주방·식탁,식기·주방용품,516150,7418109020,741810,7418,태양열 집열기(가정용에 사용되는 비전기식으로 한정한다)
생활용품,주방·식탁,식기·주방용품,516150,7418109030,741810,7418,기타 가정용 물품
생활용품,주방·식탁,식기·주방용품,516150,7418109091,741810,7418,태양열 집열기(가정용에 사용되는 비전기식으로 한정한다)용
생활용품,주방·식탁,식기·주방용품,516150,7418109099,741810,7418,기타
생활용품,주방·식탁,식기·주방용품,516150,7418201000,741820,7418,위생용품
생활용품,주방·식탁,식기·주방용품,516150,7418202000,741820,7418,부분품
생활용품,주방·식탁,식기·주방용품,516160,7615101000,761510,7615,용기 세정용구와 세정용이나 폴리싱용(polishing) 패드ㆍ글러브(glove)와 이와 유사한 것
생활용품,주방·식탁,식기·주방용품,516160,7615109010,761510,7615,태양열 집열기와 그 부분품
생활용품,주방·식탁,식기·주방용품,516160,7615109020,761510,7615,식탁용품  주방용품
생활용품,주방·식탁,식기·주방용품,516160,7615109030,761510,7615,그 밖의 가정용 물품
생활용품,주방·식탁,식기·주방용품,516160,7615109090,761510,7615,부분품
생활용품,주방·식탁,식기·주방용품,516160,7615201000,761520,7615,위생용품
생활용품,주방·식탁,식기·주방용품,516160,7615202000,761520,7615,부분품
생활용품,주방·식탁,수저·커틀러리,516210,8215991000,821599,8215,스푼
생활용품,주방·식탁,수저·커틀러리,516220,8215992000,821599,8215,포크
생활용품,주방·식탁,수저·커틀러리,516290,8211910000,821191,8211,칼날이 고정된 식탁용 칼
생활용품,주방·식탁,수저·커틀러리,516290,8215100000,821510,8215,위 물품이 조합된 세트(최소한 한 가지는 귀금속으로 도금된 것으로 한정한다)
생활용품,주방·식탁,수저·커틀러리,516290,8215200000,821520,8215,위 물품이 조합된 그 밖의 세트
생활용품,주방·식탁,수저·커틀러리,516290,8215910000,821591,8215,귀금속으로 도금된 것
생활용품,주방·식탁,수저·커틀러리,516290,8215993000,821599,8215,국자와 스키머(skimmer)
생활용품,주방·식탁,수저·커틀러리,516290,8215995000,821599,8215,각종 집게
생활용품,주방·식탁,수저·커틀러리,516290,8215999000,821599,8215,기타
생활용품,주방·식탁,가정용 식기세척기,516300,8422110000,842211,8422,가정형
생활용품,주방·식탁,보온용기,516400,9617001000,961700,9617,진공 플라스크
생활용품,주방·식탁,보온용기,516400,9617002000,961700,9617,보온 도시락
생활용품,주방·식탁,보온용기,516400,9617008000,961700,9617,기타
생활용품,주방·식탁,보온용기,516400,9617009000,961700,9617,부분품
생활용품,유아용품,유모차,517100,8715000000,871500,8715,유모차와 그 부분품
생활용품,위생용품,위생용품,517210,9619001010,961900,9619,냅킨(기저귀)과 냅킨라이너(napkin liner)
생활용품,위생용품,위생용품,517290,9619001090,961900,9619,기타
생활용품,패션잡화,안경·선글라스,518110,9001509000,900150,9001,기타
생활용품,패션잡화,안경·선글라스,518120,9003110000,900311,9003,플라스틱으로 만든 것
생활용품,패션잡화,안경·선글라스,518120,9003191000,900319,9003,귀금속을 사용한 것
생활용품,패션잡화,안경·선글라스,518120,9003199000,900319,9003,기타
생활용품,패션잡화,안경·선글라스,518120,9003900000,900390,9003,부분품
생활용품,패션잡화,안경·선글라스,518130,9004101000,900410,9004,귀금속을 사용한 것
생활용품,패션잡화,안경·선글라스,518130,9004109000,900410,9004,기타
생활용품,패션잡화,안경·선글라스,518130,9004902000,900490,9004,3D 입체영상용 안경(능동방식인지 수동방식인지에 상관없다)
생활용품,패션잡화,시계,518210,9101110000,910111,9101,기계식 표시부만을 갖춘 것
생활용품,패션잡화,시계,518210,9101190000,910119,9101,기타
생활용품,패션잡화,시계,518210,9101210000,910121,9101,자동권(自動捲)식
생활용품,패션잡화,시계,518210,9101290000,910129,9101,기타
생활용품,패션잡화,시계,518210,9102111000,910211,9102,시각장애인용
생활용품,패션잡화,시계,518210,9102112000,910211,9102,문자판ㆍ밴드 등을 귀금속으로 만든 것이나 귀금속을 입힌 금속으로 만든 것
생활용품,패션잡화,시계,518210,9102119010,910211,9102,배터리ㆍ축전지 구동식
생활용품,패션잡화,시계,518210,9102119090,910211,9102,기타
생활용품,패션잡화,시계,518210,9102191000,910219,9102,배터리ㆍ축전지 구동식
생활용품,패션잡화,시계,518210,9102199010,910219,9102,시각장애인용
생활용품,패션잡화,시계,518210,9102199020,910219,9102,문자판ㆍ밴드 등을 귀금속으로 만든 것이나 귀금속을 입힌 금속으로 만든 것
생활용품,패션잡화,시계,518210,9102199090,910219,9102,기타
생활용품,패션잡화,시계,518210,9102211000,910221,9102,시각장애인용
생활용품,패션잡화,시계,518210,9102212000,910221,9102,문자판ㆍ밴드 등을 귀금속으로 만든 것이나 귀금속을 입힌 금속으로 만든 것
생활용품,패션잡화,시계,518210,9102219000,910221,9102,기타
생활용품,패션잡화,시계,518210,9102291000,910229,9102,시각장애인용
생활용품,패션잡화,시계,518210,9102292000,910229,9102,문자판ㆍ밴드 등을 귀금속으로 만든 것이나 귀금속을 입힌 금속으로 만든 것
생활용품,패션잡화,시계,518210,9102299000,910229,9102,기타
생활용품,패션잡화,시계,518220,9105110000,910511,9105,전기구동식
생활용품,패션잡화,시계,518220,9105190000,910519,9105,기타
생활용품,패션잡화,시계,518230,9105210000,910521,9105,전기구동식
생활용품,패션잡화,시계,518230,9105290000,910529,9105,기타
생활용품,패션잡화,시계,518240,9102121000,910212,9102,배터리ㆍ축전지 구동식
생활용품,패션잡화,시계,518240,9102129010,910212,9102,시각장애인용
생활용품,패션잡화,시계,518240,9102129020,910212,9102,문자판ㆍ밴드 등을 귀금속으로 만든 것이나 귀금속을 입힌 금속으로 만든 것
생활용품,패션잡화,시계,518240,9102129090,910212,9102,기타
생활용품,패션잡화,시계,518250,9113200000,911320,9113,비금속(卑金屬)으로 만든 것(금이나 은을 도금하였는지에 상관없다)
생활용품,패션잡화,시계,518250,9113901000,911390,9113,플라스틱으로 만든 것
생활용품,패션잡화,시계,518250,9113902000,911390,9113,가죽이나 콤퍼지션 레더로 만든 것
생활용품,패션잡화,시계,518250,9113909000,911390,9113,기타
생활용품,패션잡화,시계,518260,9104000000,910400,9104,차량용ㆍ항공기용ㆍ우주선용ㆍ선박용 계기반 클록(clock)과 이와 유사한 클록(clock)
생활용품,패션잡화,시계,518270,9101910000,910191,9101,전기구동식
생활용품,패션잡화,시계,518270,9101990000,910199,9101,기타
생활용품,패션잡화,시계,518270,9102911000,910291,9102,스톱워치
생활용품,패션잡화,시계,518270,9102912000,910291,9102,시각장애인용
생활용품,패션잡화,시계,518270,9102919010,910291,9102,배터리ㆍ축전지 구동식
생활용품,패션잡화,시계,518270,9102919090,910291,9102,기타
생활용품,패션잡화,시계,518270,9102991000,910299,9102,스톱워치
생활용품,패션잡화,시계,518270,9102992000,910299,9102,시각장애인용
생활용품,패션잡화,시계,518270,9102999000,910299,9102,기타
생활용품,패션잡화,시계,518270,9103100000,910310,9103,전기구동식
생활용품,패션잡화,시계,518270,9103900000,910390,9103,기타
생활용품,패션잡화,시계,518270,9105910000,910591,9105,전기구동식
생활용품,패션잡화,시계,518270,9105990000,910599,9105,기타
생활용품,패션잡화,시계,518270,9106100000,910610,9106,타임레지스터(time-register)와 타임레코더(time-recorder)
생활용품,패션잡화,시계,518270,9106902000,910690,9106,타이머
생활용품,패션잡화,시계,518270,9106909000,910690,9106,기타
생활용품,패션잡화,시계,518290,9107000000,910700,9107,타임스위치[시계의 무브먼트(movement)나 동기(同期) 전동기를 갖춘 것으로 한정한다]
생활용품,패션잡화,시계,518290,9108110000,910811,9108,기계식 표시부만을 갖춘 것이나 기계식 표시부를 내장할 수 있는 장치를 갖춘 것
생활용품,패션잡화,시계,518290,9108120000,910812,9108,광전자식 표시부만을 갖춘 것
생활용품,패션잡화,시계,518290,9108190000,910819,9108,기타
생활용품,패션잡화,시계,518290,9108200000,910820,9108,자동권(自動捲)식
생활용품,패션잡화,시계,518290,9108900000,910890,9108,기타
생활용품,패션잡화,시계,518290,9109100000,910910,9109,전기구동식
생활용품,패션잡화,시계,518290,9109900000,910990,9109,기타
생활용품,패션잡화,시계,518290,9110110000,911011,9110,완전한 무브먼트(movement)(미조립이나 부분적으로 조립한 것으로 한정한다)(무브먼트세트)
생활용품,패션잡화,시계,518290,9110120000,911012,9110,불완전한 무브먼트(movement)(조립된 것으로 한정한다)
생활용품,패션잡화,시계,518290,9110190000,911019,9110,러프 무브먼트(rough movement)
생활용품,패션잡화,시계,518290,9110900000,911090,9110,기타
생활용품,패션잡화,시계,518290,9111100000,911110,9111,귀금속으로 만든 것이나 귀금속을 입힌 금속으로 만든 케이스
생활용품,패션잡화,시계,518290,9111200000,911120,9111,비금속(卑金屬)으로 만든 케이스(금이나 은을 도금하였는지에 상관없다)
생활용품,패션잡화,시계,518290,9111800000,911180,9111,그 밖의 케이스
생활용품,패션잡화,시계,518290,9111901000,911190,9111,귀금속으로 만든 것이나 귀금속을 입힌 금속으로 만든 것
생활용품,패션잡화,시계,518290,9111909000,911190,9111,기타
생활용품,패션잡화,시계,518290,9112200000,911220,9112,케이스
생활용품,패션잡화,시계,518290,9112900000,911290,9112,부분품
생활용품,패션잡화,시계,518290,9113100000,911310,9113,귀금속으로 만든 것이나 귀금속을 입힌 금속으로 만든 것
생활용품,패션잡화,시계,518290,9114300000,911430,9114,문자판
생활용품,패션잡화,시계,518290,9114400000,911440,9114,지판과 브리지(bridge)
생활용품,패션잡화,시계,518290,9114900000,911490,9114,기타
생활용품,패션잡화,귀금속·주얼리,518310,7113110000,711311,7113,금 주얼리
생활용품,패션잡화,귀금속·주얼리,518310,7113191000,711319,7113,금 주얼리
생활용품,패션잡화,귀금속·주얼리,518310,7113192000,711319,7113,금 주얼리
생활용품,패션잡화,귀금속·주얼리,518310,7113199000,711319,7113,기타
생활용품,패션잡화,귀금속·주얼리,518310,7113201000,711320,7113,금 주얼리
생활용품,패션잡화,귀금속·주얼리,518310,7113202000,711320,7113,금 주얼리
생활용품,패션잡화,귀금속·주얼리,518310,7113203000,711320,7113,은 주얼리
생활용품,패션잡화,귀금속·주얼리,518310,7113209000,711320,7113,기타
생활용품,패션잡화,귀금속·주얼리,518320,7114110000,711411,7114,금 주얼리
생활용품,패션잡화,귀금속·주얼리,518320,7114191000,711419,7114,식탁용
생활용품,패션잡화,귀금속·주얼리,518320,7114199000,711419,7114,기타
생활용품,패션잡화,귀금속·주얼리,518320,7114200000,711420,7114,금 주얼리
생활용품,패션잡화,귀금속·주얼리,518330,7116101000,711610,7116,천연진주로 만든 것
생활용품,패션잡화,귀금속·주얼리,518330,7116102000,711610,7116,양식진주로 만든 것
생활용품,패션잡화,귀금속·주얼리,518330,7116201000,711620,7116,공업용
생활용품,패션잡화,귀금속·주얼리,518330,7116209010,711620,7116,신변장식용
생활용품,패션잡화,귀금속·주얼리,518330,7116209090,711620,7116,기타
생활용품,패션잡화,귀금속·주얼리,518340,7117110000,711711,7117,커프링크(cuff-link)와 장식용 단추
생활용품,패션잡화,귀금속·주얼리,518340,7117191000,711719,7117,목걸이
생활용품,패션잡화,귀금속·주얼리,518340,7117192000,711719,7117,팔찌
생활용품,패션잡화,귀금속·주얼리,518340,7117193000,711719,7117,귀걸이
생활용품,패션잡화,귀금속·주얼리,518340,7117194000,711719,7117,브로치
생활용품,패션잡화,귀금속·주얼리,518340,7117195000,711719,7117,반지
생활용품,패션잡화,귀금속·주얼리,518340,7117196000,711719,7117,신변장식용 체인
생활용품,패션잡화,귀금속·주얼리,518340,7117199000,711719,7117,기타
생활용품,패션잡화,귀금속·주얼리,518340,7117900000,711790,7117,기타
생활용품,미용잡화,가발·속눈썹,518410,6704110000,670411,6704,전체가발
생활용품,미용잡화,가발·속눈썹,518410,6704191000,670419,6704,부분가발
생활용품,미용잡화,가발·속눈썹,518410,6704201000,670420,6704,전체가발
생활용품,미용잡화,가발·속눈썹,518410,6704202000,670420,6704,부분가발
생활용품,미용잡화,가발·속눈썹,518440,6704194000,670419,6704,가속눈썹
생활용품,미용잡화,가발·속눈썹,518440,6704205000,670420,6704,가속눈썹
생활용품,미용잡화,가발·속눈썹,518490,6704199000,670419,6704,기타
생활용품,미용잡화,가발·속눈썹,518490,6704209000,670420,6704,기타
생활용품,미용잡화,가발·속눈썹,518490,6704900000,670490,6704,그 밖의 재료로 만든 것
생활용품,패션잡화,우산·양산,521110,6601100000,660110,6601,정원용 산류(傘類)나 이와 유사한 산류(傘類)
생활용품,패션잡화,우산·양산,521110,6601910000,660191,6601,대가 절첩식(折疊式)인 것
생활용품,패션잡화,우산·양산,521110,6601999000,660199,6601,기타
생활용품,패션잡화,우산·양산,521120,6601992000,660199,6601,양산
생활용품,미용잡화,헤어·네일용품,521210,9615119000,961511,9615,기타
생활용품,미용잡화,헤어·네일용품,521210,9615199000,961519,9615,기타
생활용품,미용잡화,헤어·네일용품,521210,9615901000,961590,9615,머리핀
생활용품,미용잡화,헤어·네일용품,521210,9615909000,961590,9615,기타
생활용품,미용잡화,헤어·네일용품,521220,8213003000,821300,8213,매니큐어용 가위
생활용품,미용잡화,헤어·네일용품,521220,8214200000,821420,8214,매니큐어나 페디큐어(pedicure) 세트와 용구(손톱줄을 포함한다)
생활용품,미용잡화,헤어·네일용품,521220,9605000000,960500,9605,개인용 여행세트(화장용ㆍ바느질용ㆍ신발이나 의류 청소용으로 한정한다)
생활용품,미용잡화,헤어·네일용품,521220,9615111000,961511,9615,빗
생활용품,미용잡화,헤어·네일용품,521220,9615191000,961519,9615,빗
생활용품,미용잡화,헤어·네일용품,521220,9616100000,961610,9616,"향수용 분무기와 이와 유사한 화장용 분무기, 이들의 마운트(mount)와 두부(頭部)"
생활용품,미용잡화,헤어·네일용품,521220,9616200000,961620,9616,화장용 분첩과 패드
생활용품,미용잡화,헤어·네일용품,521230,9613100000,961310,9613,포켓형 라이터(가스 주입식으로 다시 채울 수 없는 것으로 한정한다)
생활용품,미용잡화,헤어·네일용품,521230,9613200000,961320,9613,포켓형 라이터(가스 주입식으로 다시 채울 수 있는 것으로 한정한다)
생활용품,미용잡화,헤어·네일용품,521230,9613800000,961380,9613,그 밖의 라이터
생활용품,미용잡화,헤어·네일용품,521230,9613900000,961390,9613,부분품
생활용품,미용잡화,헤어·네일용품,521290,3605000000,360500,3605,성냥(제3604호의 화공품은 제외한다)
생활용품,미용잡화,헤어·네일용품,521290,6602001000,660200,6602,지팡이
생활용품,미용잡화,헤어·네일용품,521290,6602009000,660200,6602,기타
생활용품,미용잡화,헤어·네일용품,521290,6603200000,660320,6603,산류(傘類)의 틀(대에 부착된 틀을 포함한다)
생활용품,미용잡화,헤어·네일용품,521290,6603900000,660390,6603,기타
생활용품,미용잡화,헤어·네일용품,521290,9614000000,961400,9614,"흡연용 파이프[파이프 볼(pipe bowl)을 포함한다]ㆍ시가홀더ㆍ시가렛홀더, 이들의 부분품"
생활용품,스포츠·레저,스포츠장갑,524100,4203211000,420321,4203,야구장갑
생활용품,스포츠·레저,스포츠장갑,524100,4203212000,420321,4203,골프장갑
생활용품,스포츠·레저,스포츠장갑,524100,4203213000,420321,4203,스키장갑
생활용품,스포츠·레저,스포츠장갑,524100,4203214000,420321,4203,모터싸이클장갑
생활용품,스포츠·레저,스포츠장갑,524100,4203215000,420321,4203,배팅장갑
생활용품,스포츠·레저,스포츠장갑,524100,4203219000,420321,4203,기타
생활용품,동물용품,동물용 끈·마구,524200,4201002000,420100,4201,끈
생활용품,동물용품,동물용 끈·마구,524200,4201009000,420100,4201,기타
생활용품,스포츠·레저,사격스포츠용품,524300,9303201011,930320,9303,펌프작동
생활용품,스포츠·레저,사격스포츠용품,524300,9303201012,930320,9303,반자동
생활용품,스포츠·레저,사격스포츠용품,524300,9303201019,930320,9303,기타
생활용품,스포츠·레저,사격스포츠용품,524300,9303201020,930320,9303,산탄총(다열총열)(산탄총과 라이플(rifle) 기능이 결합된 것은 포함한다)
생활용품,스포츠·레저,사격스포츠용품,524300,9303201090,930320,9303,기타
생활용품,스포츠·레저,사격스포츠용품,524300,9303209011,930320,9303,펌프작동
생활용품,스포츠·레저,사격스포츠용품,524300,9303209012,930320,9303,반자동
생활용품,스포츠·레저,사격스포츠용품,524300,9303209019,930320,9303,기타
생활용품,스포츠·레저,사격스포츠용품,524300,9303209020,930320,9303,산탄총(다열총열)(산탄총과 라이플(rifle) 기능이 결합된 것을 포함한다)
생활용품,스포츠·레저,사격스포츠용품,524300,9303209090,930320,9303,기타
생활용품,스포츠·레저,사격스포츠용품,524300,9303301010,930330,9303,단발
생활용품,스포츠·레저,사격스포츠용품,524300,9303301020,930330,9303,반자동
생활용품,스포츠·레저,사격스포츠용품,524300,9303301090,930330,9303,기타
생활용품,스포츠·레저,사격스포츠용품,524300,9303309010,930330,9303,단발
생활용품,스포츠·레저,사격스포츠용품,524300,9303309020,930330,9303,반자동
생활용품,스포츠·레저,사격스포츠용품,524300,9303309090,930330,9303,기타
생활용품,장식용품,조화,525100,6702100000,670210,6702,플라스틱으로 만든 것
생활용품,장식용품,조화,525100,6702901000,670290,6702,직물로 만든 것
생활용품,장식용품,조화,525100,6702909000,670290,6702,기타
생활용품,장식용품,패각·진주핵,525200,0508002010,050800,0508,진주패각
생활용품,장식용품,패각·진주핵,525200,0508002020,050800,0508,청패각(전복)
생활용품,장식용품,패각·진주핵,525200,0508002030,050800,0508,첩패각과 지첩패각
생활용품,장식용품,패각·진주핵,525200,0508002040,050800,0508,야광패각(소라)
생활용품,장식용품,패각·진주핵,525200,0508002050,050800,0508,트로커스(Trocus) 패각
생활용품,장식용품,패각·진주핵,525200,0508002060,050800,0508,아고야(Agoya) 패각
생활용품,장식용품,패각·진주핵,525200,0508002070,050800,0508,"민물패각[메가로나이아스네보사(Megalonaiasnervosa), 앰브레마프리카타(Amblemaplicata), 콰드루라 콰드루라(Quadrula quadrula)속]"
생활용품,장식용품,패각·진주핵,525200,0508002090,050800,0508,기타
생활용품,장식용품,패각·진주핵,525200,9601901010,960190,9601,진주 양식용 핵
생활용품,장식용품,패각·진주핵,525200,9601901090,960190,9601,기타
생활용품,장식용품,모조보석·유리장식,525300,7016100000,701610,7016,유리로 만든 입방체와 그 밖의 유리 세공품(뒷면을 보강한지에 상관없으며 모자이크용이나 이와 유사한 장식용으로 한정한다)
생활용품,장식용품,모조보석·유리장식,525300,7018101000,701810,7018,비드(bead)
생활용품,장식용품,모조보석·유리장식,525300,7018102000,701810,7018,모조 진주
생활용품,장식용품,모조보석·유리장식,525300,7018103000,701810,7018,모조 귀석과 반귀석
생활용품,장식용품,모조보석·유리장식,525300,7018104000,701810,7018,모조 산호
생활용품,장식용품,모조보석·유리장식,525300,7018109000,701810,7018,기타
생활용품,장식용품,모조보석·유리장식,525300,7018200000,701820,7018,1밀리미터 이하인 유리로 만든 마이크로스피어(microsphere)
생활용품,장식용품,모조보석·유리장식,525300,7018901000,701890,7018,유리안구(인체용은 제외한다)
생활용품,장식용품,모조보석·유리장식,525300,7018909000,701890,7018,기타
생활용품,장식용품,기타 장식용품,525900,0508001000,050800,0508,산호
생활용품,장식용품,기타 장식용품,525900,0508009000,050800,0508,기타
생활용품,장식용품,기타 장식용품,525900,3926400000,392640,3926,작은 조각상과 그 밖의 장식용품
생활용품,장식용품,기타 장식용품,525900,4601211000,460121,4601,매트류
생활용품,장식용품,기타 장식용품,525900,4601212000,460121,4601,발
생활용품,장식용품,기타 장식용품,525900,4601220000,460122,4601,등나무로 만든 것
생활용품,장식용품,기타 장식용품,525900,4601290000,460129,4601,기타
생활용품,장식용품,기타 장식용품,525900,4601920000,460192,4601,대나무로 만든 것
생활용품,장식용품,기타 장식용품,525900,4601930000,460193,4601,등나무로 만든 것
생활용품,장식용품,기타 장식용품,525900,4601940000,460194,4601,그 밖의 식물성 재료로 만든 것
생활용품,장식용품,기타 장식용품,525900,4601990000,460199,4601,기타
생활용품,장식용품,기타 장식용품,525900,4602191000,460219,4602,골풀제품
생활용품,장식용품,기타 장식용품,525900,4602900000,460290,4602,기타
생활용품,장식용품,기타 장식용품,525900,8306210000,830621,8306,귀금속으로 도금된 것
생활용품,장식용품,기타 장식용품,525900,8306290000,830629,8306,기타
생활용품,장식용품,기타 장식용품,525900,8306301000,830630,8306,사진틀ㆍ그림틀이나 이와 유사한 틀
생활용품,장식용품,기타 장식용품,525900,9601100000,960110,9601,가공한 아이보리(ivory)와 그 제품
생활용품,장식용품,기타 장식용품,525900,9601909010,960190,9601,진주양식용 핵
생활용품,장식용품,기타 장식용품,525900,9601909090,960190,9601,기타
생활용품,장식용품,기타 장식용품,525900,9602009010,960200,9602,가공한 식물성 조각용 재료(예: 상아야자)와 식물성 조각용 재료의 제품
생활용품,장식용품,기타 장식용품,525900,9602009090,960200,9602,기타
생활용품,생활잡화,기타 생활잡화,529000,8302491000,830249,8302,트렁크ㆍ슈트케이스나 이와 유사한 여행용구에 적합한 것
생활용품,생활잡화,기타 생활잡화,529000,8302499000,830249,8302,기타
생활용품,생활잡화,기타 생활잡화,529000,8302500000,830250,8302,모자걸이ㆍ브래킷(bracket)과 이와 유사한 부착구
생활용품,생활잡화,기타 생활잡화,529000,8306100000,830610,8306,벨ㆍ징과 이와 유사한 것
생활용품,생활잡화,기타 생활잡화,529000,8306302000,830630,8306,비금속(卑金屬)으로 만든 거울
생활용품,생활잡화,기타 생활잡화,529000,9603400000,960340,9603,"페인트용ㆍ디스템퍼(distemper)용ㆍ바니시(varnish)용이나 이와 유사한 용도의 브러시(소호 제9603.30호의 브러시는 제외한다), 페인트용 패드와 롤러"
생활용품,생활잡화,기타 생활잡화,529000,9603500000,960350,9603,그 밖의 브러시(기계ㆍ기구ㆍ차량 등의 부분품을 구성하는 것으로 한정한다)
생활용품,생활잡화,기타 생활잡화,529000,9603900000,960390,9603,기타
생활용품,생활잡화,기타 생활잡화,529000,9604000000,960400,9604,수동식 체와 어레미
생활용품,생활잡화,기타 생활잡화,529000,9606100000,960610,9606,프레스파스너(press-fastener)ㆍ스냅파스너(snap-fastener)ㆍ프레스스터드(press-stud)와 이들의 부분품
생활용품,생활잡화,기타 생활잡화,529000,9606210000,960621,9606,플라스틱으로 만든 것으로서 방직용 섬유재료로 피복되어 있지 않은 것
생활용품,생활잡화,기타 생활잡화,529000,9606220000,960622,9606,비금속(卑金屬)으로 만든 것으로서 방직용 섬유재료로 피복되어 있지 않은 것
생활용품,생활잡화,기타 생활잡화,529000,9606291000,960629,9606,조개껍질로 만든 것
생활용품,생활잡화,기타 생활잡화,529000,9606299000,960629,9606,기타
생활용품,생활잡화,기타 생활잡화,529000,9606300000,960630,9606,"단추의 몰드(mould)와 단추의 부분품, 단추 블랭크(blank)"
생활용품,생활잡화,기타 생활잡화,529000,9607110000,960711,9607,체인스쿠프(chain scoop)를 비금속(卑金屬)으로 만든 것
생활용품,생활잡화,기타 생활잡화,529000,9607191000,960719,9607,플라스틱으로 만든 것
생활용품,생활잡화,기타 생활잡화,529000,9607199000,960719,9607,기타
생활용품,생활잡화,기타 생활잡화,529000,9607201000,960720,9607,비금속(卑金屬)으로 만든 것
생활용품,생활잡화,기타 생활잡화,529000,9607202000,960720,9607,플라스틱으로 만든 것
생활용품,생활잡화,기타 생활잡화,529000,9607209000,960720,9607,기타
생활용품,생활잡화,기타 생활잡화,529000,9618001000,961800,9618,마네킹 인형
생활용품,생활잡화,기타 생활잡화,529000,9618009000,961800,9618,기타
